filename,flip,rotation_radians,scale
ancient_boomerang_0_v0.png,0,-1.3485971412863542,1.1869746940876915
ancient_boomerang_0_v1.png,0,0.21642495543244936,1.10505991586904
ancient_boomerang_0_v2.png,0,-2.8539351049376007,1.3383356868352383
ancient_boomerang_0_v3.png,0,-1.0128687553091038,1.224957895259172
ancient_boomerang_0_v4.png,0,-0.39456902044240477,1.2133823044496015
ancient_boomerang_0_v5.png,0,-1.9543644530645503,1.297062618544449
ancient_boomerang_0_v6.png,0,0.5885068386267021,1.1781238781240762
ancient_boomerang_0_v7.png,0,1.245122139932593,1.4442951257264163
ancient_boomerang_0_v8.png,0,-0.3167101041613289,1.438469001073085
ancient_boomerang_0_v9.png,0,0.12518088744160183,1.5674214881809343
ancient_boomerang_1_v0.png,0,1.5785498813147032,1.3193717004738927
ancient_boomerang_1_v1.png,0,0.9439250317342223,1.5250878725937451
ancient_boomerang_1_v2.png,0,-1.1458425446801466,1.7831852433957496
ancient_boomerang_1_v3.png,0,-1.516856379420654,1.4336233520194275
ancient_boomerang_1_v4.png,0,1.700657519225734,1.7490253635179054
ancient_boomerang_1_v5.png,0,1.8143621850527225,1.4312072153162374
ancient_boomerang_1_v6.png,0,-2.112358332116603,1.6553650585902673
ancient_boomerang_1_v7.png,0,-1.181768196384224,1.4463729997960706
ancient_boomerang_1_v8.png,0,0.6692203760663552,1.4892399947610295
ancient_boomerang_1_v9.png,0,0.905286911306315,1.3361604172041592
atlantean_trident_0_v0.png,0,0.5330027910555628,1.9796220046323192
atlantean_trident_0_v1.png,0,-0.6188837614571914,1.4668763517317485
atlantean_trident_0_v2.png,0,-2.8781430227196974,1.7247139818593198
atlantean_trident_0_v3.png,0,2.4809395111716013,1.9325574082046826
atlantean_trident_0_v4.png,0,0.7080186201648055,1.6140394142543775
atlantean_trident_0_v5.png,0,1.6965853915083464,1.954055942912464
atlantean_trident_0_v6.png,0,2.923278900053925,1.732394534437618
atlantean_trident_0_v7.png,0,-2.474690649589031,1.8650785002443244
atlantean_trident_0_v8.png,0,1.1132597826347483,1.5014401684914467
atlantean_trident_0_v9.png,0,-2.330166914164374,1.9023818793429852
atlantean_trident_1_v0.png,0,-1.3759861401380036,1.619302295341367
atlantean_trident_1_v1.png,0,2.3298753805626573,1.775892186550751
atlantean_trident_1_v2.png,0,-1.5897582999936457,1.3087485253768543
atlantean_trident_1_v3.png,0,0.34959613437077497,1.3576791086887439
atlantean_trident_1_v4.png,0,1.1129870736991891,1.4313411012872883
atlantean_trident_1_v5.png,0,-2.952981899773552,1.3355562638823075
atlantean_trident_1_v6.png,0,1.0357233073565228,1.2721285094396866
atlantean_trident_1_v7.png,0,2.2979503833427133,1.4766344214315912
atlantean_trident_1_v8.png,0,2.4030316766197144,1.5015537753398476
atlantean_trident_1_v9.png,0,-2.643106372184107,1.3550098165115898
atlantean_trident_2_v0.png,0,1.142025421160349,1.378445226275366
atlantean_trident_2_v1.png,0,-1.37792337571409,1.9230153589022927
atlantean_trident_2_v2.png,0,-1.9508744123025625,1.42197615415381
atlantean_trident_2_v3.png,0,0.9548480538078647,1.8513118142216407
atlantean_trident_2_v4.png,0,1.7828526208546789,1.461285234488792
atlantean_trident_2_v5.png,0,0.8464584245858005,1.4044995016020798
atlantean_trident_2_v6.png,0,-2.824026724065175,1.4406397564118771
atlantean_trident_2_v7.png,0,1.4466692816515854,1.4049887373994012
atlantean_trident_2_v8.png,0,2.4508354776454184,1.7341219042991052
atlantean_trident_2_v9.png,0,0.5380761406085379,1.692468658433441
atlantean_trident_3_v0.png,0,0.42984420769464493,1.7420035898638622
atlantean_trident_3_v1.png,0,2.0280961653467218,1.9909700205796808
atlantean_trident_3_v2.png,0,-2.74501224044426,1.9593671508655335
atlantean_trident_3_v3.png,0,-2.5026340768607094,1.80295894422277
atlantean_trident_3_v4.png,0,-0.056752010587354906,1.9849768567715798
atlantean_trident_3_v5.png,0,0.9513251792449273,1.4332651812336705
atlantean_trident_3_v6.png,0,-0.11016632410344096,1.6673472016734014
atlantean_trident_3_v7.png,0,1.324870411262431,1.6160321915315208
atlantean_trident_3_v8.png,0,2.899854604691739,1.6753455269023358
atlantean_trident_3_v9.png,0,-2.58398852353943,1.498071345175455
atlantean_trident_4_v0.png,0,-2.114667644874184,1.7446664625941528
atlantean_trident_4_v1.png,0,2.495614470133187,1.467950050499822
atlantean_trident_4_v2.png,0,1.0328018305264173,1.3154320960186836
atlantean_trident_4_v3.png,0,0.4400111520163339,1.3986024543824558
atlantean_trident_4_v4.png,0,-0.21332304815664216,1.3166822688781825
atlantean_trident_4_v5.png,0,2.021021363418149,1.367857722996391
atlantean_trident_4_v6.png,0,0.5418569763355376,1.4635086021102564
atlantean_trident_4_v7.png,0,-0.6074395935135506,1.6152710067258242
atlantean_trident_4_v8.png,0,2.6372087563533597,1.3481466913904432
atlantean_trident_4_v9.png,0,-2.7931363904999174,1.7826292080125812
bamboo_spear_0_v0.png,0,-0.7581938327861502,1.4237853048280895
bamboo_spear_0_v1.png,0,1.9417606293490761,1.4073151113739832
bamboo_spear_0_v2.png,0,-0.861336875689009,1.5695033448581763
bamboo_spear_0_v3.png,0,1.7447885450919016,1.5663501669061413
bamboo_spear_0_v4.png,0,-1.4103454686004255,1.4729010284505188
bamboo_spear_0_v5.png,0,1.6978095489247667,1.8153711738455152
bamboo_spear_0_v6.png,0,-1.7355965097250996,1.7213107206967402
bamboo_spear_0_v7.png,0,-2.0145781731916372,1.5040833584894966
bamboo_spear_0_v8.png,0,-2.507722331587381,1.6353137866496672
bamboo_spear_0_v9.png,0,0.8475677067269087,1.4479249930616496
bamboo_spear_1_v0.png,0,-0.45529245298153165,1.747277632199699
bamboo_spear_1_v1.png,0,2.239933720408345,1.4057864152882642
bamboo_spear_1_v2.png,0,0.2980998947637957,1.7819636326883637
bamboo_spear_1_v3.png,0,-1.1497585897322526,1.809443067204782
bamboo_spear_1_v4.png,0,-2.472307977850328,1.704257330198108
bamboo_spear_1_v5.png,0,0.1332284128195731,1.4329311752314777
bamboo_spear_1_v6.png,0,1.4187505947118875,1.7963435659076263
bamboo_spear_1_v7.png,0,-1.6921328805198663,1.422335367107814
bamboo_spear_1_v8.png,0,2.655630288336217,1.7205921854862816
bamboo_spear_1_v9.png,0,0.9464635653305798,1.4071277510407083
bamboo_spear_2_v0.png,0,1.518820609447506,1.6356613935843207
bamboo_spear_2_v1.png,0,-2.978586607464573,1.5894558752657935
bamboo_spear_2_v2.png,0,-1.2598640623716069,1.9282049856333046
bamboo_spear_2_v3.png,0,-0.06779739632615112,1.96506945863293
bamboo_spear_2_v4.png,0,-1.9626078194892846,1.8104283073084235
bamboo_spear_2_v5.png,0,-2.5427058163734113,1.9382016192808311
bamboo_spear_2_v6.png,0,-2.7405467020435594,1.5482720282555744
bamboo_spear_2_v7.png,0,3.0455598683683114,1.8467063621427797
bamboo_spear_2_v8.png,0,0.7757808722937736,1.8350367804577703
bamboo_spear_2_v9.png,0,-0.19765945030484833,2.1281834023089816
bamboo_spear_3_v0.png,0,-0.06797020802913467,1.2031417947320486
bamboo_spear_3_v1.png,0,2.5746607160618047,1.5311537497850134
bamboo_spear_3_v2.png,0,0.7346440482427976,1.4649500608170325
bamboo_spear_3_v3.png,0,-0.04136905092177967,1.2708700426143236
bamboo_spear_3_v4.png,0,0.7691609853037125,1.2194031596105805
bamboo_spear_3_v5.png,0,-1.065039491893831,1.4366788539436952
bamboo_spear_3_v6.png,0,1.9721651716421662,1.4998292494197396
bamboo_spear_3_v7.png,0,-1.0369282406362492,1.2170813827243634
bamboo_spear_3_v8.png,0,-1.9056786186348411,1.209800421910357
bamboo_spear_3_v9.png,0,-2.010174901370112,1.5198213396418716
bamboo_spear_4_v0.png,0,1.3129526071697102,1.5629186134540474
bamboo_spear_4_v1.png,0,1.3155707717431524,1.6855743365528513
bamboo_spear_4_v2.png,0,0.05610176135487954,1.557752121424364
bamboo_spear_4_v3.png,0,2.048670414156964,1.455076066323811
bamboo_spear_4_v4.png,0,-2.9668697227939083,1.3796671273422823
bamboo_spear_4_v5.png,0,1.4832836906553637,1.3604452512127951
bamboo_spear_4_v6.png,0,2.7985115143998627,1.3383945726354922
bamboo_spear_4_v7.png,0,-2.6663212310060214,1.5387303026119996
bamboo_spear_4_v8.png,0,2.6524607110960186,1.3190267790660466
bamboo_spear_4_v9.png,0,1.5124734421995525,1.566276994615364
battleaxe_1_v0.png,0,-2.7400507239374923,1.2262467323043789
battleaxe_1_v1.png,0,-0.10840130415241667,1.5159659405873693
battleaxe_1_v2.png,0,1.9213977445808406,1.1389368439587713
battleaxe_1_v3.png,0,2.894504633426397,1.4422890159275015
battleaxe_1_v4.png,0,1.7034841149484101,1.509846572363483
battleaxe_1_v5.png,0,-3.1088803390548057,1.3968500884829447
battleaxe_1_v6.png,0,2.360354975222247,1.3135986135047342
battleaxe_1_v7.png,0,1.6877579932004243,1.1672818990758105
battleaxe_1_v8.png,0,-0.18605824877519672,1.1438596834560464
battleaxe_1_v9.png,0,1.203455597989038,1.3362193818601351
battleaxe_3_v0.png,0,2.5699691944940772,1.2422449889415543
battleaxe_3_v1.png,0,-1.9281898235696668,1.1356310076737535
battleaxe_3_v2.png,0,-0.19051996996866483,1.23130250698607
battleaxe_3_v3.png,0,1.8976983099454612,1.1129634380407656
battleaxe_3_v4.png,0,-2.660290055754342,1.0685868981615472
battleaxe_3_v5.png,0,-2.337099524763315,1.289270499226548
battleaxe_3_v6.png,0,2.6127749591978766,1.152117587554396
battleaxe_3_v7.png,0,-1.4955811816663158,1.194837543282226
battleaxe_3_v8.png,0,2.603494668758847,1.340547118959175
battleaxe_3_v9.png,0,2.0820376841356163,1.2774024880541863
battleaxe_4_v0.png,0,-1.0575756825076528,1.542481962361011
battleaxe_4_v1.png,0,2.6069333053766712,1.5551655931086963
battleaxe_4_v2.png,0,0.2719196706279068,1.2929616344375021
battleaxe_4_v3.png,0,-3.048878331503378,1.2363796453332054
battleaxe_4_v4.png,0,-2.6714250715068784,1.712678001010942
battleaxe_4_v5.png,0,0.9610092699155566,1.3041759547825156
battleaxe_4_v6.png,0,2.591690115758759,1.4090771728037914
battleaxe_4_v7.png,0,-1.058318873961049,1.6817029609003302
battleaxe_4_v8.png,0,-2.7967058312165083,1.4800628712038857
battleaxe_4_v9.png,0,-2.3832926248584307,1.6568080354980874
blacksmith_hammer_1_v0.png,0,1.8918154559508737,1.1978284879679195
blacksmith_hammer_1_v1.png,0,2.3849224425328432,1.4967531010984583
blacksmith_hammer_1_v2.png,0,-3.090270616288258,1.1411592609198564
blacksmith_hammer_1_v3.png,0,1.9841181851086205,1.555515070982236
blacksmith_hammer_1_v4.png,0,-0.3901889893082502,1.1364620893259636
blacksmith_hammer_1_v5.png,0,1.5624586757098742,1.2755182685102007
blacksmith_hammer_1_v6.png,0,-2.669514885090301,1.5133961551288349
blacksmith_hammer_1_v7.png,0,2.9424361024978847,1.3946493218860154
blacksmith_hammer_1_v8.png,0,2.477105585768857,1.5598509365969642
blacksmith_hammer_1_v9.png,0,2.6269496854682894,1.1965227480434342
blacksmith_hammer_2_v0.png,0,0.7320702085702722,1.6450172224939807
blacksmith_hammer_2_v1.png,0,-1.712001041487271,1.8309845160642766
blacksmith_hammer_2_v2.png,0,-1.5906653100658983,1.644064249924487
blacksmith_hammer_2_v3.png,0,1.5639940506625412,1.9049479413374042
blacksmith_hammer_2_v4.png,0,-2.1035344237293643,2.2817923331778447
blacksmith_hammer_2_v5.png,0,0.10596264088765284,1.9777825972828753
blacksmith_hammer_2_v6.png,0,-2.852424789595979,1.7006535527843527
blacksmith_hammer_2_v7.png,0,-1.8229454888496883,2.1221725962952287
blacksmith_hammer_2_v8.png,0,1.1047611280208518,2.1180307309852604
blacksmith_hammer_2_v9.png,0,-1.1843425950824664,2.0804036672422885
blacksmith_hammer_3_v0.png,0,0.0800857305036683,1.296247720372687
blacksmith_hammer_3_v1.png,0,0.829176305768287,1.2183837004972293
blacksmith_hammer_3_v2.png,0,-1.8427662222360446,1.6416721734571766
blacksmith_hammer_3_v3.png,0,-0.7272394333010628,1.2020005827546074
blacksmith_hammer_3_v4.png,0,-1.533383428024464,1.6195932579783916
blacksmith_hammer_3_v5.png,0,-3.0382912867149416,1.3691696227692756
blacksmith_hammer_3_v6.png,0,2.9293314600929614,1.5893679665016263
blacksmith_hammer_3_v7.png,0,0.042669519374765374,1.2527945589152094
blacksmith_hammer_3_v8.png,0,-1.641738590180513,1.1642660741742021
blacksmith_hammer_3_v9.png,0,0.6712744319120298,1.489867329661233
blades_of_chaos_0_v0.png,0,2.9372613090731883,1.2420108192120034
blades_of_chaos_0_v1.png,0,0.6906186509227165,1.382780553247102
blades_of_chaos_0_v2.png,0,-0.255510126268501,1.4004731171678673
blades_of_chaos_0_v3.png,0,-2.939906655958263,1.4395574915683693
blades_of_chaos_0_v4.png,0,2.0625721000637287,1.150904544568945
blades_of_chaos_0_v5.png,0,2.645325468497113,1.53563692165566
blades_of_chaos_0_v6.png,0,-1.019266387717064,1.1926934531575393
blades_of_chaos_0_v7.png,0,1.053721247075723,1.3777670659654804
blades_of_chaos_0_v8.png,0,1.802134529417172,1.4609648942121236
blades_of_chaos_0_v9.png,0,-0.20117524147544286,1.452570446662781
blades_of_chaos_1_v0.png,0,-2.2278293862543825,1.4099165180813873
blades_of_chaos_1_v1.png,0,2.1764413805742953,1.4741389679637837
blades_of_chaos_1_v2.png,0,-0.1374888672134844,1.7840757563185834
blades_of_chaos_1_v3.png,0,1.5767992251558305,1.7222470137971482
blades_of_chaos_1_v4.png,0,-0.9713080475358881,1.4773273105698008
blades_of_chaos_1_v5.png,0,-0.12478426125692454,1.453747730846276
blades_of_chaos_1_v6.png,0,2.4502877650335453,1.4377582542509388
blades_of_chaos_1_v7.png,0,2.3613300471988934,1.4750151792681543
blades_of_chaos_1_v8.png,0,2.2268393689017447,1.7179706754630006
blades_of_chaos_1_v9.png,0,-1.029803013067323,1.6363714549473747
blades_of_chaos_2_v0.png,0,-2.888075900804365,1.449470239260149
blades_of_chaos_2_v1.png,0,0.5724252575024252,1.3130696808326212
blades_of_chaos_2_v2.png,0,-2.838451249736053,1.230094417362416
blades_of_chaos_2_v3.png,0,0.535052382709127,1.2925505461126932
blades_of_chaos_2_v4.png,0,-1.6677703253517797,1.2076121113464142
blades_of_chaos_2_v5.png,0,0.8344013574929855,1.3048958448330863
blades_of_chaos_2_v6.png,0,-1.8594048028660586,1.700085926996319
blades_of_chaos_2_v7.png,0,3.041159786199148,1.4795940141841437
blades_of_chaos_2_v8.png,0,-2.555032305753776,1.2871612183007177
blades_of_chaos_2_v9.png,0,-2.073405974174074,1.2874151691261637
blades_of_chaos_4_v0.png,0,-0.30398772877134883,1.6143342673313306
blades_of_chaos_4_v1.png,0,-1.2540497763351555,1.6042561050187674
blades_of_chaos_4_v2.png,0,-0.2244969384166775,1.3937860082217894
blades_of_chaos_4_v3.png,0,2.111004455210784,1.2333768873300888
blades_of_chaos_4_v4.png,0,1.7065915134100846,1.3335586913606507
blades_of_chaos_4_v5.png,0,-1.7969923461480999,1.334633074555161
blades_of_chaos_4_v6.png,0,2.217784296829983,1.5737999310048492
blades_of_chaos_4_v7.png,0,-2.9470158355972504,1.396143127489826
blades_of_chaos_4_v8.png,0,-3.1070143056224806,1.6518983748784308
blades_of_chaos_4_v9.png,0,-1.3447578358136667,1.3039463973938183
blade_of_olympus_0_v0.png,0,2.6621985567330646,1.3377814056755901
blade_of_olympus_0_v1.png,0,-2.837212614854913,1.2548683921062103
blade_of_olympus_0_v2.png,0,-0.392245088585617,1.333184880249553
blade_of_olympus_0_v3.png,0,0.3514342325124096,1.2695210654813787
blade_of_olympus_0_v4.png,0,-2.2176958688579127,1.399397065288076
blade_of_olympus_0_v5.png,0,-2.381452625824454,1.3047609517106102
blade_of_olympus_0_v6.png,0,-3.0523433705422875,1.4559620985137303
blade_of_olympus_0_v7.png,0,1.7855330505376537,1.3602009470934442
blade_of_olympus_0_v8.png,0,2.937584318961239,1.4502664877125495
blade_of_olympus_0_v9.png,0,-2.5350351876227117,1.2912944915432922
blade_of_olympus_1_v0.png,0,-1.9450888046685941,1.321177264389864
blade_of_olympus_1_v1.png,0,2.210595564543339,1.4139685089388627
blade_of_olympus_1_v2.png,0,1.6185483707565431,1.2356153591970414
blade_of_olympus_1_v3.png,0,1.15994264579149,1.2242404781871512
blade_of_olympus_1_v4.png,0,-0.6669389738859635,1.2437620046135573
blade_of_olympus_1_v5.png,0,-3.0359946200482857,1.5185973056131772
blade_of_olympus_1_v6.png,0,-0.2726052973079276,1.6120076486138504
blade_of_olympus_1_v7.png,0,1.1268347733850737,1.2592631819889648
blade_of_olympus_1_v8.png,0,-1.0268250307392979,1.4018165589305391
blade_of_olympus_1_v9.png,0,2.23602050543058,1.574483443141205
blade_of_olympus_2_v0.png,0,-1.973555420791202,1.4387561132276472
blade_of_olympus_2_v1.png,0,1.4995847703250713,1.5876218711885641
blade_of_olympus_2_v2.png,0,0.04250342674207008,1.778073462495476
blade_of_olympus_2_v3.png,0,1.7184939312026297,1.2864038236632822
blade_of_olympus_2_v4.png,0,2.6878947486081772,1.3513479389108904
blade_of_olympus_2_v5.png,0,-2.7887523690477964,1.3415771127281075
blade_of_olympus_2_v6.png,0,2.1061439283442303,1.5338240726599075
blade_of_olympus_2_v7.png,0,3.0505586174382247,1.254865525852131
blade_of_olympus_2_v8.png,0,-0.1351733530124477,1.7824580438939517
blade_of_olympus_2_v9.png,0,-2.232295310408742,1.6331679910653307
blade_of_olympus_3_v0.png,0,3.1163988008528896,1.4528981435035881
blade_of_olympus_3_v1.png,0,1.2244436741777855,1.3481073504730876
blade_of_olympus_3_v2.png,0,2.7774782960813154,1.2172795315282827
blade_of_olympus_3_v3.png,0,1.3519059055099385,1.3132734071901337
blade_of_olympus_3_v4.png,0,-0.8305752549985428,1.2610023883770392
blade_of_olympus_3_v5.png,0,-1.3223849210340202,1.4750428843995493
blade_of_olympus_3_v6.png,0,0.19663229753424583,1.4178382109305185
blade_of_olympus_3_v7.png,0,-2.8160205635783586,1.215916404111385
blade_of_olympus_3_v8.png,0,2.3339156924644717,1.3504534033877145
blade_of_olympus_3_v9.png,0,1.2613138136165347,1.4723127649176504
blade_of_olympus_4_v0.png,0,-0.9194104355857284,1.8829152236880073
blade_of_olympus_4_v1.png,0,-1.7452860883256553,1.7778225747794223
blade_of_olympus_4_v2.png,0,-1.6251282245890453,1.4391504710333336
blade_of_olympus_4_v3.png,0,-1.0521950830873195,1.7951369293443842
blade_of_olympus_4_v4.png,0,-3.0268258089919313,1.9073437401948925
blade_of_olympus_4_v5.png,0,1.7978028353509965,1.3571706936768027
blade_of_olympus_4_v6.png,0,1.206220826486578,1.8836884974457793
blade_of_olympus_4_v7.png,0,1.627396086408111,1.4295748045720578
blade_of_olympus_4_v8.png,0,-0.3785204668900777,1.4842137980886998
blade_of_olympus_4_v9.png,0,-0.1807676272700549,1.5004266386645246
bloodied_cleaver_0_v0.png,0,-2.191483113873579,1.5774019543258981
bloodied_cleaver_0_v1.png,0,0.5375192912322604,1.2366720064037013
bloodied_cleaver_0_v2.png,0,-3.0261693212932403,1.2294394092024767
bloodied_cleaver_0_v3.png,0,-2.990412996608361,1.6297957731838146
bloodied_cleaver_0_v4.png,0,0.5571779391347811,1.5076808149053444
bloodied_cleaver_0_v5.png,0,-1.9081615463984178,1.5556481256667833
bloodied_cleaver_0_v6.png,0,2.3577787466249918,1.2055626543762108
bloodied_cleaver_0_v7.png,0,-1.2323269509698527,1.265713733456877
bloodied_cleaver_0_v8.png,0,2.522382433532541,1.383356250797042
bloodied_cleaver_0_v9.png,0,1.3377990954176535,1.2004860192566429
bloodied_cleaver_4_v0.png,0,-2.4659221650093115,1.3916435658865256
bloodied_cleaver_4_v1.png,0,-1.7080113448970025,1.5328507236014544
bloodied_cleaver_4_v2.png,0,1.434040279837997,1.6311111422456348
bloodied_cleaver_4_v3.png,0,-2.959191365669931,1.58380804537492
bloodied_cleaver_4_v4.png,0,-2.8882511766989847,1.8374096421812407
bloodied_cleaver_4_v5.png,0,2.50217112294956,1.389229840546958
bloodied_cleaver_4_v6.png,0,1.576536500597038,1.849291263336809
bloodied_cleaver_4_v7.png,0,1.4732380886828296,1.4654660693134434
bloodied_cleaver_4_v8.png,0,-2.788459682661986,1.603267528745197
bloodied_cleaver_4_v9.png,0,2.5113467678393158,1.3942965003571166
bo_staff_0_v0.png,0,-0.6014063638253214,1.4303941845944936
bo_staff_0_v1.png,0,-0.4073496865173017,1.739275123048411
bo_staff_0_v2.png,0,-2.2346955218231623,1.318513877496365
bo_staff_0_v3.png,0,-0.10089418910942283,1.6629194172964954
bo_staff_0_v4.png,0,1.0846704992853402,1.6482070308692547
bo_staff_0_v5.png,0,2.6189607626224785,1.8096629948172345
bo_staff_0_v6.png,0,1.3100367998269138,1.4306482791967043
bo_staff_0_v7.png,0,0.7255217146579523,1.4085798876806919
bo_staff_0_v8.png,0,1.2453191330908813,1.6029257893555202
bo_staff_0_v9.png,0,-2.34078977971339,1.49922444827516
bo_staff_1_v0.png,0,-2.0628505976614453,1.325581959705063
bo_staff_1_v1.png,0,1.7466334102529055,1.5930376095018846
bo_staff_1_v2.png,0,-2.5258131429551463,1.3481902231710916
bo_staff_1_v3.png,0,2.5886898923080532,1.8021532256104962
bo_staff_1_v4.png,0,2.3542788252309284,1.3723685490292505
bo_staff_1_v5.png,0,-1.2823351163920247,1.588027093196182
bo_staff_1_v6.png,0,-1.620585239512135,1.3522636328680335
bo_staff_1_v7.png,0,1.3994120392697433,1.811830299256647
bo_staff_1_v8.png,0,-1.2580202293565932,1.3122599261459575
bo_staff_1_v9.png,0,-1.0953182941724031,1.701005371674083
bo_staff_2_v0.png,0,2.4730686719625847,1.4153296571755036
bo_staff_2_v1.png,0,2.1398835260918974,1.8034208488226473
bo_staff_2_v2.png,0,2.360452442974397,1.6509548069209383
bo_staff_2_v3.png,0,0.6269719277265402,1.645471744823115
bo_staff_2_v4.png,0,-1.4940771121590704,1.616529061277179
bo_staff_2_v5.png,0,-0.9361465458801134,1.4168320246742023
bo_staff_2_v6.png,0,1.8419615959029099,1.5254090689643123
bo_staff_2_v7.png,0,0.12096628541788212,1.444108225367678
bo_staff_2_v8.png,0,-2.209243670458795,1.5675618082777931
bo_staff_2_v9.png,0,-1.89069280351045,1.5049051482280973
bo_staff_3_v0.png,0,3.0435214269789173,1.7160033547819173
bo_staff_3_v1.png,0,-0.18403942151290853,1.7642391006227738
bo_staff_3_v2.png,0,0.720874386069976,1.408424624912214
bo_staff_3_v3.png,0,-2.096833037080409,1.9195969182321964
bo_staff_3_v4.png,0,0.8293400317660284,1.5843145624835584
bo_staff_3_v5.png,0,-2.5002304234072774,1.5074685585000098
bo_staff_3_v6.png,0,0.5087115840896432,1.5947309074305234
bo_staff_3_v7.png,0,1.948530764241372,1.8965761072410825
bo_staff_3_v8.png,0,-1.7155438061366861,1.568925071113695
bo_staff_3_v9.png,0,-2.98651811863863,1.4167035492017004
bo_staff_4_v0.png,0,0.697181810208265,1.743489932459197
bo_staff_4_v1.png,0,2.4773342455048715,1.3659479091517583
bo_staff_4_v2.png,0,-2.210952348146445,1.5516428747723598
bo_staff_4_v3.png,0,1.170781543495106,1.822773761750928
bo_staff_4_v4.png,0,2.0917359763840064,1.7679866722054625
bo_staff_4_v5.png,0,1.6983434106942135,1.3963621281404583
bo_staff_4_v6.png,0,2.928616042373961,1.673191576161386
bo_staff_4_v7.png,0,2.1538369741170538,1.6869909537023138
bo_staff_4_v8.png,0,-0.2649071790396964,1.337515402436304
bo_staff_4_v9.png,0,2.176749092555128,1.4461744215360703
celestial_staff_0_v0.png,0,0.4613206258254875,1.6938270154380448
celestial_staff_0_v1.png,0,2.6283930804334843,1.5639550348492517
celestial_staff_0_v2.png,0,2.203667491472417,1.2802725915059707
celestial_staff_0_v3.png,0,-2.771332076279039,1.7703624515961789
celestial_staff_0_v4.png,0,2.849316903047386,1.3617831046796958
celestial_staff_0_v5.png,0,2.2007620046126797,1.5717566056200796
celestial_staff_0_v6.png,0,1.188778570827532,1.3672811454140839
celestial_staff_0_v7.png,0,0.19821659066278607,1.6875147692464585
celestial_staff_0_v8.png,0,-2.1990093208609798,1.501975648056895
celestial_staff_0_v9.png,0,-0.8961665553640256,1.3151804449963465
celestial_staff_1_v0.png,0,0.7488634095617892,1.769991168467489
celestial_staff_1_v1.png,0,0.02216645884550783,1.266805434433549
celestial_staff_1_v2.png,0,-1.3528371548498708,1.431562362521481
celestial_staff_1_v3.png,0,-1.686934349660281,1.4093161426850032
celestial_staff_1_v4.png,0,-1.1068550981239331,1.6466181727512408
celestial_staff_1_v5.png,0,2.0485594925942623,1.2878394918388671
celestial_staff_1_v6.png,0,-1.5814020524652477,1.2639643059702568
celestial_staff_1_v7.png,0,-1.3067470273959347,1.2656366593618797
celestial_staff_1_v8.png,0,-1.3137206757667759,1.4894447214837356
celestial_staff_1_v9.png,0,-2.073407791580932,1.311075996578376
celestial_staff_2_v0.png,0,0.5225128374892876,1.705309943250305
celestial_staff_2_v1.png,0,2.339398301031083,1.3282866384554626
celestial_staff_2_v2.png,0,-2.791497565470989,1.5682180689733882
celestial_staff_2_v3.png,0,-1.1912629134946515,1.530901739022519
celestial_staff_2_v4.png,0,-0.26065847189363367,1.2706294250359975
celestial_staff_2_v5.png,0,0.5733368543179154,1.4244570415625013
celestial_staff_2_v6.png,0,1.3552800547914925,1.2831594230526238
celestial_staff_2_v7.png,0,-1.7678718422988613,1.2621919236772345
celestial_staff_2_v8.png,0,1.8750880826107303,1.4516492767315807
celestial_staff_2_v9.png,0,1.1738286158042608,1.4108956845919665
celestial_staff_3_v0.png,0,2.7700570332371086,1.5587655554469058
celestial_staff_3_v1.png,0,2.731150371366483,1.424092140577596
celestial_staff_3_v2.png,0,-0.3118419222626651,1.6039191142154117
celestial_staff_3_v3.png,0,-2.463924945790185,1.4068597599934205
celestial_staff_3_v4.png,0,-3.117326828804879,1.4513098478520614
celestial_staff_3_v5.png,0,-2.4284677662148484,1.6969412673873945
celestial_staff_3_v6.png,0,-2.810678496027653,1.5889222579791196
celestial_staff_3_v7.png,0,2.450102435142825,1.4378374052781804
celestial_staff_3_v8.png,0,0.8673161793037258,1.4709322138857803
celestial_staff_3_v9.png,0,-0.38192888201498576,1.5124828520498532
celestial_staff_4_v0.png,0,-2.865904977315485,1.7373455479972937
celestial_staff_4_v1.png,0,0.06009675387346802,1.8080691848004438
celestial_staff_4_v2.png,0,-0.9969917615906739,1.6422460067980058
celestial_staff_4_v3.png,0,2.903723035637472,1.5764772443222235
celestial_staff_4_v4.png,0,-0.7642689896686288,1.5820393772926455
celestial_staff_4_v5.png,0,-2.359264838465003,1.759183930347773
celestial_staff_4_v6.png,0,3.1323975191561457,1.635138217379927
celestial_staff_4_v7.png,0,2.4483691038336595,1.5037596935030224
celestial_staff_4_v8.png,0,-3.0515099734761346,1.456967944766265
celestial_staff_4_v9.png,0,2.0737017176725816,1.3619570460984174
chaos_blade_0_v0.png,0,2.386316876600344,1.9088316499911084
chaos_blade_0_v1.png,0,1.5588202546906516,1.4625285080985195
chaos_blade_0_v2.png,0,0.021691341148572185,1.7217832201465495
chaos_blade_0_v3.png,0,0.08839379704631867,1.4655270404129037
chaos_blade_0_v4.png,0,-2.821125617797324,1.5856551926688183
chaos_blade_0_v5.png,0,0.586312698541426,1.830792208786246
chaos_blade_0_v6.png,0,-0.5901267405634885,1.6727551665462426
chaos_blade_0_v7.png,0,-1.2450410781382173,1.6099408420446881
chaos_blade_0_v8.png,0,-0.9742555247830045,1.4623107888857063
chaos_blade_0_v9.png,0,-3.033637308113216,1.4437993230042083
chaos_blade_1_v0.png,0,-1.9841890293157176,1.6244873645201012
chaos_blade_1_v1.png,0,-1.6239290875755987,1.6916701434083596
chaos_blade_1_v2.png,0,-1.5500150691413594,1.6244461684065548
chaos_blade_1_v3.png,0,-2.015939224644402,1.8154499346171438
chaos_blade_1_v4.png,0,-0.7772930407610019,1.6317907943963743
chaos_blade_1_v5.png,0,-0.48483001787539326,1.705092349947311
chaos_blade_1_v6.png,0,-1.6075913396620383,1.5723246203803527
chaos_blade_1_v7.png,0,2.828085211335098,1.587821369458137
chaos_blade_1_v8.png,0,0.17359546206601273,1.811941930101522
chaos_blade_1_v9.png,0,1.1707090885846163,1.9133674306635946
chaos_blade_2_v0.png,0,-0.1273948748981728,1.4129950454573
chaos_blade_2_v1.png,0,2.794498990486118,1.4436564347957397
chaos_blade_2_v2.png,0,1.447953160687242,1.7978360071764847
chaos_blade_2_v3.png,0,-3.0867777204717646,1.6597283071385835
chaos_blade_2_v4.png,0,-0.503247703740632,1.7650428285602922
chaos_blade_2_v5.png,0,2.24254061058655,1.7845702194161337
chaos_blade_2_v6.png,0,-1.483477326379269,1.4403758878154451
chaos_blade_2_v7.png,0,-1.8197321943310882,1.688417488327152
chaos_blade_2_v8.png,0,-1.7285670066911178,1.6518558952192144
chaos_blade_2_v9.png,0,0.16881874423279752,1.8172392406936777
chaos_blade_3_v0.png,0,2.475484997276289,1.401912410886333
chaos_blade_3_v1.png,0,-1.3837333649608627,1.7760469837620614
chaos_blade_3_v2.png,0,2.7241533537855194,1.5106116353647585
chaos_blade_3_v3.png,0,2.639818823959294,1.458859620124485
chaos_blade_3_v4.png,0,-2.29821745014341,1.690121182741833
chaos_blade_3_v5.png,0,0.17448734688400114,1.6940518750917684
chaos_blade_3_v6.png,0,-2.5642886904367033,1.6394785964911784
chaos_blade_3_v7.png,0,2.9683206783092193,1.5629109678613786
chaos_blade_3_v8.png,0,0.5676563150115288,1.3772162520219062
chaos_blade_3_v9.png,0,0.45879062431513185,1.5133057498864952
chaos_blade_4_v0.png,0,0.8543968995393807,1.5978828606250446
chaos_blade_4_v1.png,0,1.7212318000297806,1.4064310979458898
chaos_blade_4_v2.png,0,-3.05224282866598,1.4994915575100436
chaos_blade_4_v3.png,0,-1.5101735051651008,1.649962923192266
chaos_blade_4_v4.png,0,2.6003395878569977,1.4033234722268475
chaos_blade_4_v5.png,0,0.3937821140938047,1.568891483885976
chaos_blade_4_v6.png,0,0.5657651380990691,1.5443053652445076
chaos_blade_4_v7.png,0,2.9228473443010246,1.5518646592251524
chaos_blade_4_v8.png,0,2.6192831874840556,1.8190066952140953
chaos_blade_4_v9.png,0,3.092875543562066,1.757932491920262
charge_blade_0_v0.png,0,-2.372161044216649,1.1381891208422084
charge_blade_0_v1.png,0,-2.5174674341961967,1.388776263513979
charge_blade_0_v2.png,0,-3.0055638978335715,1.426947176560684
charge_blade_0_v3.png,0,-1.8595736862314458,1.2480912917018328
charge_blade_0_v4.png,0,0.839208645294474,1.3467480338984328
charge_blade_0_v5.png,0,-2.5816161907034676,1.092497308098112
charge_blade_0_v6.png,0,-1.6896074123434683,1.1234790265233108
charge_blade_0_v7.png,0,0.43598838229105247,1.290063291249074
charge_blade_0_v8.png,0,2.7721883861556593,1.1022275821456686
charge_blade_0_v9.png,0,-1.3187709483069048,1.370552467552628
charge_blade_1_v0.png,0,1.8825193442477999,1.7187226086459966
charge_blade_1_v1.png,0,-1.4604738897331355,1.5569845163887581
charge_blade_1_v2.png,0,-2.766469167592689,1.4273774741941578
charge_blade_1_v3.png,0,2.8724738385391784,1.8472033092926328
charge_blade_1_v4.png,0,1.7906617910356988,1.7049272114153742
charge_blade_1_v5.png,0,1.7105328882439568,1.6770270287540838
charge_blade_1_v6.png,0,0.9659455455813313,1.485758359228997
charge_blade_1_v7.png,0,-2.660248702485017,1.7904629707521549
charge_blade_1_v8.png,0,2.7631109473043174,1.3639249878927704
charge_blade_1_v9.png,0,-0.5673769098047221,1.6340569656036708
charge_blade_3_v0.png,0,-0.9902849630257053,1.454178177876491
charge_blade_3_v1.png,0,-0.6770355532584587,1.4569686978111926
charge_blade_3_v2.png,0,-0.6922585537191694,1.9167303717384923
charge_blade_3_v3.png,0,2.486050764741269,1.8475772664984347
charge_blade_3_v4.png,0,2.131270414523685,1.7708520723838046
charge_blade_3_v5.png,0,-2.8661434871215805,1.7464036774826281
charge_blade_3_v6.png,0,2.1603777402262883,1.5220385966656715
charge_blade_3_v7.png,0,1.3254875150196386,1.429133702071694
charge_blade_3_v8.png,0,2.83218359603235,1.6778843343920524
charge_blade_3_v9.png,0,1.9337387235287866,1.425079302637503
charge_blade_4_v0.png,0,2.3056324202028096,1.3891174371384087
charge_blade_4_v1.png,0,-1.7194179286908824,1.1869518588402987
charge_blade_4_v2.png,0,-0.49068176018636267,1.1902338661492984
charge_blade_4_v3.png,0,-0.10187801798898555,1.3513626627037887
charge_blade_4_v4.png,0,-2.485093742551273,1.2391368440528971
charge_blade_4_v5.png,0,0.6380728719648954,1.3473384516923272
charge_blade_4_v6.png,0,0.058539929189191486,1.15784294525909
charge_blade_4_v7.png,0,-2.47583382887962,1.3156747708998164
charge_blade_4_v8.png,0,-1.7584517463027396,1.4137191643446765
charge_blade_4_v9.png,0,-2.1065162653741965,1.2697238430605853
chisel_0_v0.png,0,0.47719265595193017,1.4010892661328629
chisel_0_v1.png,0,1.6214643399210402,1.6572296306890684
chisel_0_v2.png,0,0.33650692538492777,1.9927160996914397
chisel_0_v3.png,0,-0.19183452863763195,1.5839710827034417
chisel_0_v4.png,0,-0.23942116352052656,1.7021365105509358
chisel_0_v5.png,0,1.5204855480800243,1.9903530820249828
chisel_0_v6.png,0,0.41441877010917083,1.5008692080302606
chisel_0_v7.png,0,0.603639192271999,1.578920749946437
chisel_0_v8.png,0,1.7101912371754038,1.701284109145939
chisel_0_v9.png,0,0.2632730957654972,1.4844639211943707
chisel_1_v0.png,0,0.713736532014849,1.4874771748121933
chisel_1_v1.png,0,-0.7599648467753504,1.6592291610562437
chisel_1_v2.png,0,1.0629176002882597,1.4718227707655542
chisel_1_v3.png,0,1.25795388572441,1.8681369927977907
chisel_1_v4.png,0,0.30825269692982804,1.8440028132898896
chisel_1_v5.png,0,-1.9129313192952457,1.8587695355858727
chisel_1_v6.png,0,-0.4513232620058609,1.4716398787448026
chisel_1_v7.png,0,2.0794438833545525,1.7691886384991675
chisel_1_v8.png,0,-2.059438439861574,1.8583968801178843
chisel_1_v9.png,0,-0.43418511579608854,1.476346964206163
chisel_2_v0.png,0,-0.31178651128252355,1.5047064051878545
chisel_2_v1.png,0,-1.8001873639515473,1.9016407735255885
chisel_2_v2.png,0,-2.897348543781038,1.4616720008127413
chisel_2_v3.png,0,2.868012255175866,1.7573614272790106
chisel_2_v4.png,0,-2.649102968016326,1.7074154935840866
chisel_2_v5.png,0,-1.587014911043486,1.8429154443116993
chisel_2_v6.png,0,1.003823424451177,1.6116621491158376
chisel_2_v7.png,0,1.0510188242212546,1.485199544447204
chisel_2_v8.png,0,1.2573030623759338,1.498395999824012
chisel_2_v9.png,0,1.6153505387438227,1.7088075814683916
chisel_3_v0.png,0,1.7392569074963693,1.6003174200822057
chisel_3_v1.png,0,-2.8797244174261722,1.5731159915147517
chisel_3_v2.png,0,-2.3525073112514816,1.6923017328562706
chisel_3_v3.png,0,2.057338388542245,1.4778906273028356
chisel_3_v4.png,0,2.381377319464735,1.8129816538316301
chisel_3_v5.png,0,-0.07139962471784456,1.399094114977295
chisel_3_v6.png,0,0.1823612291355694,1.874577020056553
chisel_3_v7.png,0,1.9607294859190825,1.3559430914576036
chisel_3_v8.png,0,0.13826627778273748,1.5062491027111036
chisel_3_v9.png,0,-1.082800913862271,1.658339146400755
chisel_4_v0.png,0,3.1166718714316675,1.3798139199142498
chisel_4_v1.png,0,-2.3344690262352055,1.5510832204816074
chisel_4_v2.png,0,2.8827754365202978,1.6777468280943604
chisel_4_v3.png,0,1.2066614624972485,1.6531754292631513
chisel_4_v4.png,0,0.8530301899049315,1.7025318129476694
chisel_4_v5.png,0,2.0036315535013425,1.4007639253093258
chisel_4_v6.png,0,-0.6959642177183203,1.371853048978165
chisel_4_v7.png,0,0.901862787537415,1.6503096501728718
chisel_4_v8.png,0,2.2140484778304166,1.7273651409032524
chisel_4_v9.png,0,1.6574872887895475,1.3991212298853828
claymore_0_v0.png,0,1.388764700796195,1.499977777808664
claymore_0_v1.png,0,-2.4555045672576234,1.5240995594829012
claymore_0_v2.png,0,-0.4949620029200559,1.6609981637797078
claymore_0_v3.png,0,-2.293334711556975,1.8821904033259196
claymore_0_v4.png,0,2.583547963985898,1.6323679742581632
claymore_0_v5.png,0,1.6393099975305243,1.834658142320725
claymore_0_v6.png,0,-2.2726307421595147,1.8288885949566398
claymore_0_v7.png,0,-2.4231371118915117,1.7521443433205486
claymore_0_v8.png,0,-1.4793916257420259,1.4585047821806374
claymore_0_v9.png,0,-0.46299657098587144,1.9905376564845885
claymore_1_v0.png,0,0.26867696945494135,1.784084702564248
claymore_1_v1.png,0,-2.573195960995926,1.5082233169686032
claymore_1_v2.png,0,-1.8181323615237561,1.8291892763393838
claymore_1_v3.png,0,1.7555175444092066,1.6386177976334353
claymore_1_v4.png,0,2.0851528554420353,1.8160055760673737
claymore_1_v5.png,0,0.8724151249822223,1.70984527792956
claymore_1_v6.png,0,-0.1891429263584148,1.5036422375711764
claymore_1_v7.png,0,-1.2974861892713747,1.5472704273862568
claymore_1_v8.png,0,2.37203519836592,1.7576438541992525
claymore_1_v9.png,0,-0.14361924451179942,1.5146671295748775
claymore_2_v0.png,0,-0.6051621681928916,1.6869336669730985
claymore_2_v1.png,0,-2.7922546992515604,1.4466775849302673
claymore_2_v2.png,0,1.6990487121247129,1.416401599903693
claymore_2_v3.png,0,2.3297191839549725,1.654961150385906
claymore_2_v4.png,0,-2.9085683355974994,1.5417204522637102
claymore_2_v5.png,0,1.2928216021141619,1.6729575594198254
claymore_2_v6.png,0,2.7468761314640355,1.7258740303074989
claymore_2_v7.png,0,-3.1348782601668983,1.4575024719549063
claymore_2_v8.png,0,-2.111686480155302,1.400617961267484
claymore_2_v9.png,0,-0.8397511510642364,1.4996597527922575
claymore_3_v0.png,0,-2.242576384603522,1.4625322275225605
claymore_3_v1.png,0,-0.23329686579024722,1.5125873142254562
claymore_3_v2.png,0,0.05174781782528237,1.6890094194386676
claymore_3_v3.png,0,0.52344021421173,1.497530787766755
claymore_3_v4.png,0,2.15766217716962,1.6014048625374129
claymore_3_v5.png,0,-1.2170125498261761,1.4155462521396704
claymore_3_v6.png,0,-0.27095056544989715,1.4814166654939802
claymore_3_v7.png,0,2.7726195109090264,1.62951203850339
claymore_3_v8.png,0,0.4884450369617641,1.8887054860986097
claymore_3_v9.png,0,-1.906150406234584,1.8666676571763046
claymore_4_v0.png,0,-2.083079691148691,1.6410026476058543
claymore_4_v1.png,0,-1.431431862643489,1.456566499055966
claymore_4_v2.png,0,1.1426986901976277,1.9417566445944878
claymore_4_v3.png,0,0.7417584272734581,1.4347603554066404
claymore_4_v4.png,0,1.7752016286420587,1.517010053864232
claymore_4_v5.png,0,-0.6749792188146868,1.8114998666262017
claymore_4_v6.png,0,0.12006394530624176,1.9344232514245203
claymore_4_v7.png,0,-2.8541982216823936,1.7763616363444645
claymore_4_v8.png,0,2.051459034885024,1.596053678189831
claymore_4_v9.png,0,0.7837429903455262,1.5681687210170583
crowbar_0_v0.png,0,-1.6796905639797663,1.413261272613614
crowbar_0_v1.png,0,2.6185525358885346,1.1857085784269015
crowbar_0_v2.png,0,-0.4204019878346994,1.103538983120935
crowbar_0_v3.png,0,0.09829551950076643,1.2502612693354238
crowbar_0_v4.png,0,-1.7037675812624602,1.3175343923393499
crowbar_0_v5.png,0,2.909650789585764,1.4040288644452639
crowbar_0_v6.png,0,-2.299320981223472,1.0838578254034539
crowbar_0_v7.png,0,1.9162324019393209,1.3511869840751167
crowbar_0_v8.png,0,-2.2798355309250233,1.3150802252971059
crowbar_0_v9.png,0,2.8119793464970924,1.3038111192508504
crowbar_1_v0.png,0,-1.6568098548463817,1.6488373298668844
crowbar_1_v1.png,0,2.091140181805928,1.3735241065924513
crowbar_1_v2.png,0,1.522959592514966,1.41545858494149
crowbar_1_v3.png,0,1.81607215201869,1.8149801442971998
crowbar_1_v4.png,0,0.5148614551341031,1.7575673298597194
crowbar_1_v5.png,0,-1.7748139224391124,1.414712840594029
crowbar_1_v6.png,0,0.42598241687051885,1.5148933713570394
crowbar_1_v7.png,0,1.0396915296831277,1.595896887118041
crowbar_1_v8.png,0,-2.460132299589812,1.460360072821027
crowbar_1_v9.png,0,0.028960741720769345,1.7383835580667473
crowbar_2_v0.png,0,-2.087412191240469,2.0024518959300495
crowbar_2_v1.png,0,-1.5644866860396702,1.6776996406727642
crowbar_2_v2.png,0,0.5424689408211031,1.6750850104552841
crowbar_2_v3.png,0,1.6618555338969512,1.6338129850422265
crowbar_2_v4.png,0,2.0516236250796673,1.5400483572761994
crowbar_2_v5.png,0,-2.8978712745041113,2.1260437942262502
crowbar_2_v6.png,0,-0.47413592748211175,1.8955780924919416
crowbar_2_v7.png,0,3.1186232852515516,2.121912239604746
crowbar_2_v8.png,0,-2.2249611057289114,1.6287502682249022
crowbar_2_v9.png,0,2.981152720483893,1.8658608682467994
crowbar_4_v0.png,0,0.15189912173773168,1.7718167042314148
crowbar_4_v1.png,0,-2.6553632484002314,1.4823502013036038
crowbar_4_v2.png,0,0.48440443186133497,1.497479396355633
crowbar_4_v3.png,0,-1.9752467978541617,1.527785800826278
crowbar_4_v4.png,0,-2.3025833049945295,1.5325266833806568
crowbar_4_v5.png,0,1.6528506015488373,1.5519709780288249
crowbar_4_v6.png,0,1.1765959188846862,1.4164988255465898
crowbar_4_v7.png,0,-2.2448807803652224,1.3940900380941843
crowbar_4_v8.png,0,2.992114405734196,1.534311268293552
crowbar_4_v9.png,0,2.5471590746636767,1.5067091894807256
crystal_wand_0_v0.png,0,-1.9826951461107987,1.730902820605059
crystal_wand_0_v1.png,0,-1.4729539251579409,1.6579396995111786
crystal_wand_0_v2.png,0,2.8891752847826915,1.9291340077588892
crystal_wand_0_v3.png,0,-2.105696508133465,1.7609116775192637
crystal_wand_0_v4.png,0,2.9197007234661934,1.8869234984713554
crystal_wand_0_v5.png,0,1.8443060068153236,1.8882929579183982
crystal_wand_0_v6.png,0,0.620296909177388,1.627410189175896
crystal_wand_0_v7.png,0,0.5312934247704906,1.577668503844738
crystal_wand_0_v8.png,0,-1.8710592551296175,1.5284521570958383
crystal_wand_0_v9.png,0,2.2301231571043214,2.0181685374867326
crystal_wand_1_v0.png,0,-2.817296767428287,1.4684305483827702
crystal_wand_1_v1.png,0,-1.5281839181325276,1.4375722463544705
crystal_wand_1_v2.png,0,1.2958986496462763,1.7138314324740838
crystal_wand_1_v3.png,0,0.12090072873156343,1.5582485575079286
crystal_wand_1_v4.png,0,1.0275639990023406,1.7251011084907926
crystal_wand_1_v5.png,0,-2.226720006133826,1.4619940551475032
crystal_wand_1_v6.png,0,-2.5789872466866233,1.3480668684596073
crystal_wand_1_v7.png,0,0.2666727555164736,1.4047592036950762
crystal_wand_1_v8.png,0,2.9159199388054766,1.6381443783027174
crystal_wand_1_v9.png,0,-1.909791622810849,1.7109879965166914
crystal_wand_2_v0.png,0,-1.7879809164404146,1.6908032008385356
crystal_wand_2_v1.png,0,1.6366116114480087,1.8578830695638586
crystal_wand_2_v2.png,0,-2.425327916290989,1.5194526337642138
crystal_wand_2_v3.png,0,1.4152564644149475,1.6125904716732247
crystal_wand_2_v4.png,0,-0.8100431849994042,1.714549136213626
crystal_wand_2_v5.png,0,-2.613125971895988,1.9781916211807884
crystal_wand_2_v6.png,0,0.7993831722166436,1.6206037421889001
crystal_wand_2_v7.png,0,1.5554211103118776,2.046446489779611
crystal_wand_2_v8.png,0,2.0657451483418052,2.001182308237371
crystal_wand_2_v9.png,0,0.2972298880254225,1.7300394564284212
crystal_wand_3_v0.png,0,-0.7239731019387944,1.7014833076984435
crystal_wand_3_v1.png,0,1.5257421113399061,1.7308570367484784
crystal_wand_3_v2.png,0,1.0559677026587104,1.7864382632116107
crystal_wand_3_v3.png,0,-1.0750690768995452,1.506383683780643
crystal_wand_3_v4.png,0,1.9973005591172803,1.7506630388410436
crystal_wand_3_v5.png,0,0.27323545433706986,1.9012270137550682
crystal_wand_3_v6.png,0,0.9863990955524611,1.5578056455614944
crystal_wand_3_v7.png,0,0.5148528026825345,1.4957789702167752
crystal_wand_3_v8.png,0,-3.1273838998533225,1.6598374190102394
crystal_wand_3_v9.png,0,-2.6343457195321136,1.5952352076001937
crystal_wand_4_v0.png,0,-0.3860725524496479,1.4586563228422396
crystal_wand_4_v1.png,0,0.03820762344582329,1.7105229012551586
crystal_wand_4_v2.png,0,1.8373337868383417,1.512344199508508
crystal_wand_4_v3.png,0,-1.018539763993596,1.6981326372533296
crystal_wand_4_v4.png,0,-1.5613934500196347,1.6806401597619063
crystal_wand_4_v5.png,0,1.4335541955115323,1.735677673953618
crystal_wand_4_v6.png,0,-0.94160770620267,1.712809483986747
crystal_wand_4_v7.png,0,-0.42195375746314867,1.4966973606781528
crystal_wand_4_v8.png,0,-3.105126414040528,1.3341020634106502
crystal_wand_4_v9.png,0,-2.243034916073262,1.4800507216920324
dagger_0_v0.png,0,-0.9333111557099332,1.609085408932669
dagger_0_v1.png,0,-0.9010806025747322,1.4857928312106279
dagger_0_v2.png,0,2.661212097762084,1.4157489920101651
dagger_0_v3.png,0,-1.7596881956855563,1.423981975652496
dagger_0_v4.png,0,-1.6271726446866999,1.541673094833703
dagger_0_v5.png,0,2.4138543855584733,1.7451297239783425
dagger_0_v6.png,0,-2.0669313052809244,1.5718332537451745
dagger_0_v7.png,0,-2.4038789303014343,1.3261478400046003
dagger_0_v8.png,0,1.8798119525530437,1.3741787410214834
dagger_0_v9.png,0,2.5796792392734753,1.6070554823163163
dagger_1_v0.png,0,-2.2717061283104165,1.5782505394683188
dagger_1_v1.png,0,-2.079149689444269,1.5866026720890813
dagger_1_v2.png,0,0.5753514695100641,1.6600149154517685
dagger_1_v3.png,0,-1.6514697853299833,1.5555644540989342
dagger_1_v4.png,0,-2.598643839097406,1.3344677116486012
dagger_1_v5.png,0,2.439450758979005,1.3394182012893976
dagger_1_v6.png,0,-2.204442201008292,1.5290684570671245
dagger_1_v7.png,0,-0.010707196163554755,1.463681871071306
dagger_1_v8.png,0,2.4275772935088633,1.5227887747682958
dagger_1_v9.png,0,0.6326194460652754,1.7813398594578738
dagger_2_v0.png,0,-1.412487273204147,1.4669296878902183
dagger_2_v1.png,0,1.206325835595248,1.5027125785128774
dagger_2_v2.png,0,1.3879591913405838,1.849428795289857
dagger_2_v3.png,0,0.18447273733321667,1.8122421830158935
dagger_2_v4.png,0,-1.2314645814903482,1.9616873899785665
dagger_2_v5.png,0,3.0151758845280767,1.497170935359439
dagger_2_v6.png,0,-1.2445297399683817,1.5147168702606664
dagger_2_v7.png,0,0.003156056773355953,1.8243276717284638
dagger_2_v8.png,0,0.5572366539926354,1.7777847536696836
dagger_2_v9.png,0,2.9122947029929893,1.5825397571694193
dagger_3_v0.png,0,-2.4011893927207377,1.6905346426390375
dagger_3_v1.png,0,0.8943688197241728,1.5053648921683034
dagger_3_v2.png,0,-2.383666174162988,1.6236219948730686
dagger_3_v3.png,0,1.5353298870808607,1.799177160019452
dagger_3_v4.png,0,-2.9046889980086092,1.5037167956285997
dagger_3_v5.png,0,-2.8651070990522562,1.6491070295710069
dagger_3_v6.png,0,-1.5049478338462379,1.9550492739088032
dagger_3_v7.png,0,-0.6144372871880432,1.4971489703272345
dagger_3_v8.png,0,2.144711587232277,1.836792080935875
dagger_3_v9.png,0,2.377216804749113,1.7464441791636198
dagger_4_v0.png,0,0.25561640218381765,1.438714080333213
dagger_4_v1.png,0,-2.842370390535767,1.9462628705633536
dagger_4_v2.png,0,-3.1327403699759735,1.4199429724211716
dagger_4_v3.png,0,0.7451857182417685,1.8502034564837244
dagger_4_v4.png,0,0.8413889086340847,1.7971018917097035
dagger_4_v5.png,0,0.16915130043099502,1.9698115502998315
dagger_4_v6.png,0,-0.3749339341529163,1.4898734832881577
dagger_4_v7.png,0,-0.10928318631383815,1.8515065271572853
dagger_4_v8.png,0,2.2384570947890814,1.9319998571217292
dagger_4_v9.png,0,2.601719333467685,1.6857658159895552
demon_scythe_0_v0.png,0,-1.1828785094380354,1.185633947148866
demon_scythe_0_v1.png,0,0.6022551896342359,1.58368751188663
demon_scythe_0_v2.png,0,-0.2528566996547559,1.357284306373712
demon_scythe_0_v3.png,0,-1.2026195113032667,1.36419031692256
demon_scythe_0_v4.png,0,2.5484039367366984,1.3363643145520008
demon_scythe_0_v5.png,0,-1.8720050835015698,1.3104949957559164
demon_scythe_0_v6.png,0,0.23907097887791107,1.395123386062664
demon_scythe_0_v7.png,0,3.1158032444396544,1.3362897782506387
demon_scythe_0_v8.png,0,2.8904784355325104,1.6191297617298281
demon_scythe_0_v9.png,0,-1.7217975310806928,1.3949327368068223
demon_scythe_2_v0.png,0,-2.672853650346835,1.7107430782833948
demon_scythe_2_v1.png,0,0.8343694683052701,1.459821198190582
demon_scythe_2_v2.png,0,0.9693617766640644,1.569012773754965
demon_scythe_2_v3.png,0,2.610358191165287,1.49320214840218
demon_scythe_2_v4.png,0,-2.8397074181910873,1.3130584973652262
demon_scythe_2_v5.png,0,3.1052802391444114,1.5296032419008474
demon_scythe_2_v6.png,0,-0.13612160517884658,1.6670119800096581
demon_scythe_2_v7.png,0,1.0521236832643055,1.3012460050000352
demon_scythe_2_v8.png,0,2.113103466676016,1.510908652647833
demon_scythe_2_v9.png,0,0.43184460848664175,1.4359639883528021
diamond_sword_0_v0.png,0,2.910477292487875,1.4852702981695467
diamond_sword_0_v1.png,0,2.858370125790815,1.5219886178494018
diamond_sword_0_v2.png,0,0.3151120855364731,1.6518100118679822
diamond_sword_0_v3.png,0,-2.8439243166782524,1.7684630486440376
diamond_sword_0_v4.png,0,-2.3725444281254386,1.9676821230029429
diamond_sword_0_v5.png,0,0.25130536131143577,1.4550936580520402
diamond_sword_0_v6.png,0,-2.215545155640254,1.5006730813852418
diamond_sword_0_v7.png,0,0.3244387275233249,1.5951144676621807
diamond_sword_0_v8.png,0,-0.16894903334349864,1.4337633845998794
diamond_sword_0_v9.png,0,-0.2750051665764448,1.7427844620900437
diamond_sword_1_v0.png,0,-2.4729166680787724,1.598846260791344
diamond_sword_1_v1.png,0,1.1409563980684125,1.8038916437853119
diamond_sword_1_v2.png,0,-3.05624728675144,1.5733375516006016
diamond_sword_1_v3.png,0,-2.0163206133440035,1.7703919939628925
diamond_sword_1_v4.png,0,-0.8561614690005168,1.5453857248021634
diamond_sword_1_v5.png,0,1.885909957270168,1.5811164229744297
diamond_sword_1_v6.png,0,0.5215894614899712,1.6719745001305168
diamond_sword_1_v7.png,0,2.47758151698943,2.0170236874876473
diamond_sword_1_v8.png,0,-1.3945605863153823,1.9458901909454973
diamond_sword_1_v9.png,0,-1.0639981323316903,2.0445594813734354
diamond_sword_2_v0.png,0,-0.438127365131888,1.8529922692921932
diamond_sword_2_v1.png,0,2.8967585056000535,1.7094255671633745
diamond_sword_2_v2.png,0,2.564287464475118,1.6222288312035427
diamond_sword_2_v3.png,0,2.0839346107543166,1.5092601271538364
diamond_sword_2_v4.png,0,1.241908068926328,1.9473436996102091
diamond_sword_2_v5.png,0,-0.9762177640380223,1.8865857547037184
diamond_sword_2_v6.png,0,1.900578494987727,1.7736321406284838
diamond_sword_2_v7.png,0,-1.492959021116965,2.0094965908587765
diamond_sword_2_v8.png,0,-3.0928869079142425,1.4970512906192182
diamond_sword_2_v9.png,0,0.8710912161137221,1.8174904642208198
diamond_sword_3_v0.png,0,0.8506165249671096,1.7619334252673025
diamond_sword_3_v1.png,0,1.092668857319057,1.8647659046260865
diamond_sword_3_v2.png,0,1.34517622944651,1.6623327880405259
diamond_sword_3_v3.png,0,0.19913723820474027,1.501165949309565
diamond_sword_3_v4.png,0,2.8007665406709985,1.6068909500094413
diamond_sword_3_v5.png,0,-0.7017828538566366,1.706706779263675
diamond_sword_3_v6.png,0,0.35158230645872823,1.892820532008305
diamond_sword_3_v7.png,0,1.5565888435728457,1.8741010402555152
diamond_sword_3_v8.png,0,0.40154768262344986,1.8048725029662094
diamond_sword_3_v9.png,0,-1.3372856688163548,1.6462950612650116
diamond_sword_4_v0.png,0,-0.41611818509364307,1.4962894121815407
diamond_sword_4_v1.png,0,-2.4746971703546494,1.7443167666979909
diamond_sword_4_v2.png,0,-0.489784665867933,1.4688216918898305
diamond_sword_4_v3.png,0,-0.0966273762137475,1.4590889468974093
diamond_sword_4_v4.png,0,0.17060750556368331,1.9651216416417034
diamond_sword_4_v5.png,0,1.295923851492759,1.6321369180306344
diamond_sword_4_v6.png,0,1.8327416317855532,1.4179969131799135
diamond_sword_4_v7.png,0,1.161883481021722,1.7800806681292254
diamond_sword_4_v8.png,0,-3.015626028602911,1.449553782792342
diamond_sword_4_v9.png,0,-3.064791551287877,1.5714016647860636
dirk_0_v0.png,0,-3.107171869878602,1.6556291483842869
dirk_0_v1.png,0,-3.0031592672457483,1.7718379993297924
dirk_0_v2.png,0,-0.34707858352680665,1.5455710123170248
dirk_0_v3.png,0,-1.4850853546466976,1.9797753066692343
dirk_0_v4.png,0,0.876303617628823,1.4160989865071127
dirk_0_v5.png,0,1.8780074893275112,1.615785161306693
dirk_0_v6.png,0,1.6998438895363472,1.462487322636224
dirk_0_v7.png,0,1.0367703128207422,1.5928038073388864
dirk_0_v8.png,0,1.3342248344504655,1.6973506739177584
dirk_0_v9.png,0,1.7245082093568742,1.5841307648177338
dirk_1_v0.png,0,1.638468594890102,1.7945884694136731
dirk_1_v1.png,0,-1.1754263543634398,1.5315986935903507
dirk_1_v2.png,0,-2.763029089496478,1.4592271444250469
dirk_1_v3.png,0,-2.364371111380927,1.8104285926867165
dirk_1_v4.png,0,-0.19394426142903853,1.46125689087266
dirk_1_v5.png,0,-0.7046981776802306,1.4604623658893332
dirk_1_v6.png,0,0.23392918056980117,1.6420847578428766
dirk_1_v7.png,0,-1.0812974602946968,1.7740752353652844
dirk_1_v8.png,0,-3.002691732995649,1.8371584734227553
dirk_1_v9.png,0,-0.43900810172577875,1.5760624277930857
dirk_2_v0.png,0,-0.7143199344401663,1.4651326402120664
dirk_2_v1.png,0,-2.418505893049866,1.9210281935048763
dirk_2_v2.png,0,0.40362193517777145,1.5930527200433289
dirk_2_v3.png,0,-0.4813642179383768,1.650006986513366
dirk_2_v4.png,0,0.06453297526095791,1.7904033480529704
dirk_2_v5.png,0,1.4659068950195009,1.9271306529380334
dirk_2_v6.png,0,2.439004470151632,1.6634404438825157
dirk_2_v7.png,0,2.3740029707593484,1.4635830464450486
dirk_2_v8.png,0,0.13679655849741412,1.621280678479053
dirk_2_v9.png,0,1.5370785584777191,1.4340602172643633
dirk_3_v0.png,0,2.6738362990444493,1.6358863758801905
dirk_3_v1.png,0,2.5150514787548763,1.8308314509642027
dirk_3_v2.png,0,3.0159333637218704,1.6521805570942973
dirk_3_v3.png,0,-1.8628361643211342,1.8058123626285945
dirk_3_v4.png,0,-2.097513655206317,1.457050343347794
dirk_3_v5.png,0,0.41711010078734656,1.7943289963076428
dirk_3_v6.png,0,2.7390857457984716,1.4535785534219774
dirk_3_v7.png,0,-2.079940828623089,1.8077867970344532
dirk_3_v8.png,0,0.9214805501114036,1.6881737413198816
dirk_3_v9.png,0,0.48062657891834504,1.5655938140866963
dirk_4_v0.png,0,1.2292802323242198,1.767789571223701
dirk_4_v1.png,0,-1.5733619272192296,1.7015185159798794
dirk_4_v2.png,0,-1.7195468178196265,1.913091269140157
dirk_4_v3.png,0,2.26897138550343,1.7555201929260968
dirk_4_v4.png,0,1.8716982161275786,1.4814057128851617
dirk_4_v5.png,0,2.128338333723596,1.6212188285082796
dirk_4_v6.png,0,-0.004895094723779803,1.4099966524960492
dirk_4_v7.png,0,2.6002201339038264,1.7540222600742224
dirk_4_v8.png,0,2.970804548588641,1.6268588354583629
dirk_4_v9.png,0,-1.7198296842813434,1.5168474531889051
dragonbone_spear_0_v0.png,0,-1.1204380860270966,1.4507203941486497
dragonbone_spear_0_v1.png,0,-1.5791110132907225,1.4513425059984097
dragonbone_spear_0_v2.png,0,-1.5169192097482025,1.8717034378361197
dragonbone_spear_0_v3.png,0,-0.3802243273490342,1.4852163168798125
dragonbone_spear_0_v4.png,0,-1.1019612630531501,1.4534007488715053
dragonbone_spear_0_v5.png,0,-1.6043049312569622,1.6444158287489767
dragonbone_spear_0_v6.png,0,2.1565813553533633,1.7961482576911234
dragonbone_spear_0_v7.png,0,-2.1104697777311525,1.3954661215862239
dragonbone_spear_0_v8.png,0,-1.1694863191443723,1.6161685780677895
dragonbone_spear_0_v9.png,0,-2.2869296832562824,1.6294974071666455
dragonbone_spear_1_v0.png,0,0.3793629561238294,1.5175388131354839
dragonbone_spear_1_v1.png,0,1.9687717875426922,1.8793805180740573
dragonbone_spear_1_v2.png,0,-0.809749261793919,1.6005918876518277
dragonbone_spear_1_v3.png,0,-2.2662962692801765,1.5679285781783348
dragonbone_spear_1_v4.png,0,-2.250789428434212,1.45591901946125
dragonbone_spear_1_v5.png,0,-1.7749992355682878,1.5044140819917646
dragonbone_spear_1_v6.png,0,-2.9332093863936386,1.608115478133168
dragonbone_spear_1_v7.png,0,-2.381168000385654,1.5707940582896136
dragonbone_spear_1_v8.png,0,0.26016043934715904,1.4810371124825061
dragonbone_spear_1_v9.png,0,-0.2869517939193482,1.483161759709694
dragonbone_spear_2_v0.png,0,2.8059729600097674,1.8449432790665536
dragonbone_spear_2_v1.png,0,-1.57903088636598,1.4669961208561022
dragonbone_spear_2_v2.png,0,-2.8265352973332316,1.5556036420406039
dragonbone_spear_2_v3.png,0,-0.9181287160688099,1.694939477353808
dragonbone_spear_2_v4.png,0,1.097120622770331,1.691741895325907
dragonbone_spear_2_v5.png,0,1.7293653937197733,1.7254257109585363
dragonbone_spear_2_v6.png,0,2.0662380009769823,1.5555006679252923
dragonbone_spear_2_v7.png,0,-3.0516643986324707,1.548244332599736
dragonbone_spear_2_v8.png,0,0.015573112818551227,1.5261956048970693
dragonbone_spear_2_v9.png,0,2.2409205775235783,1.6050453797922444
dragonbone_spear_3_v0.png,0,1.9759975721334193,1.9395666050940255
dragonbone_spear_3_v1.png,0,3.0317650529768643,1.7711558628764346
dragonbone_spear_3_v2.png,0,0.8518740733803729,1.4999625791766815
dragonbone_spear_3_v3.png,0,-2.6598490409114195,1.5144150158699259
dragonbone_spear_3_v4.png,0,-1.0514627237554155,1.5136506390615125
dragonbone_spear_3_v5.png,0,-2.424079335350135,1.4063265945435137
dragonbone_spear_3_v6.png,0,-2.71842210301285,1.5756504256117247
dragonbone_spear_3_v7.png,0,1.024866309305602,1.4176270599328196
dragonbone_spear_3_v8.png,0,-1.4867879818743566,1.9458803909516535
dragonbone_spear_3_v9.png,0,2.0029437649644217,1.5239765688122797
dragonbone_spear_4_v0.png,0,2.180454767595681,1.7528698581574629
dragonbone_spear_4_v1.png,0,-2.35917222906885,1.8358863687148361
dragonbone_spear_4_v2.png,0,1.154055564057255,1.7652301579130822
dragonbone_spear_4_v3.png,0,-0.7879227301206804,1.944109767427964
dragonbone_spear_4_v4.png,0,1.9040267390477226,2.0177458179577337
dragonbone_spear_4_v5.png,0,-1.1871886316337106,1.856337196231273
dragonbone_spear_4_v6.png,0,-2.6102095596392734,1.7720110358129062
dragonbone_spear_4_v7.png,0,-2.951746934597049,1.4721073648785263
dragonbone_spear_4_v8.png,0,1.1988307105256073,2.0473408893020943
dragonbone_spear_4_v9.png,0,-2.682602544281363,1.9897424673368964
dragonslayer_0_v0.png,0,3.0520043186108285,1.6624794064847053
dragonslayer_0_v1.png,0,-1.994148082367091,1.8247625084645762
dragonslayer_0_v2.png,0,-2.4301145296301048,2.1427071238076527
dragonslayer_0_v3.png,0,1.3881999018995406,1.8593398227387217
dragonslayer_0_v4.png,0,-1.9766718115238664,1.9550623537568037
dragonslayer_0_v5.png,0,1.28539483173545,1.8529384930933024
dragonslayer_0_v6.png,0,2.7944362292190155,1.8492932195637304
dragonslayer_0_v7.png,0,0.09754455684465402,1.840122550658717
dragonslayer_0_v8.png,0,-0.9308780090694526,1.5626734396745765
dragonslayer_0_v9.png,0,-1.7015850955017484,1.801172624487184
dragonslayer_1_v0.png,0,-1.413052988295041,1.539720800248689
dragonslayer_1_v1.png,0,0.08074485781040197,1.6226288253064618
dragonslayer_1_v2.png,0,-2.127675505080857,1.7991255594137368
dragonslayer_1_v3.png,0,2.0903099548461985,1.8770845024139797
dragonslayer_1_v4.png,0,2.9320129471358776,1.6130648902409634
dragonslayer_1_v5.png,0,2.2069336634344356,1.5122482591134714
dragonslayer_1_v6.png,0,0.9652307789952483,1.8504912131885467
dragonslayer_1_v7.png,0,-0.32233636905635255,1.8851369008983552
dragonslayer_1_v8.png,0,-1.9619580915378192,1.592108303675727
dragonslayer_1_v9.png,0,1.3126680227852237,1.8543374953011336
dragonslayer_2_v0.png,0,-1.1817482482948787,1.4819694360938465
dragonslayer_2_v1.png,0,1.9614315966027,1.3351133402376332
dragonslayer_2_v2.png,0,-1.3466475552679515,1.499107985558411
dragonslayer_2_v3.png,0,0.0022526505126427843,1.4141619254105722
dragonslayer_2_v4.png,0,-2.0613612035972864,1.303537046398629
dragonslayer_2_v5.png,0,1.7333802112689698,1.4192929127452008
dragonslayer_2_v6.png,0,0.3991993349103733,1.2914013077954851
dragonslayer_2_v7.png,0,2.388569474058745,1.4775692928426332
dragonslayer_2_v8.png,0,-1.6557252501322983,1.3903996476030764
dragonslayer_2_v9.png,0,-0.761263227109485,1.3951975959953768
dragonslayer_3_v0.png,0,-1.6906314522398365,1.3932075706874016
dragonslayer_3_v1.png,0,2.149549342995946,1.4141280450593854
dragonslayer_3_v2.png,0,-2.8124767635720302,1.6136861400239428
dragonslayer_3_v3.png,0,-3.047688327999471,1.4714121283005144
dragonslayer_3_v4.png,0,0.7550579476090793,1.712534406997721
dragonslayer_3_v5.png,0,-1.4173173724414934,1.5060728700853463
dragonslayer_3_v6.png,0,-2.9544771894822817,1.6899909653458751
dragonslayer_3_v7.png,0,0.4472500268148101,1.355625892113815
dragonslayer_3_v8.png,0,-0.7310508309405805,1.47192150623868
dragonslayer_3_v9.png,0,-1.4679449402078113,1.4924892403552001
elven_longknife_0_v0.png,0,-3.0130684839808657,1.669853325988286
elven_longknife_0_v1.png,0,-0.7351722000560339,1.823742253307132
elven_longknife_0_v2.png,0,1.7055962050856524,1.756735236702896
elven_longknife_0_v3.png,0,0.7337481491476778,1.3722642152405846
elven_longknife_0_v4.png,0,-0.857691571198794,1.5426004418643489
elven_longknife_0_v5.png,0,0.494933843116083,1.8418793021961166
elven_longknife_0_v6.png,0,-1.2718465783787103,1.5188187819469945
elven_longknife_0_v7.png,0,0.3387549927872482,1.7716682031727626
elven_longknife_0_v8.png,0,-1.561409909758873,1.4033716060590495
elven_longknife_0_v9.png,0,-0.6406525934336145,1.382617858798156
elven_longknife_1_v0.png,0,-0.13679981725705614,1.7629659188796585
elven_longknife_1_v1.png,0,-3.0053195937876636,1.639272044331555
elven_longknife_1_v2.png,0,-0.5163826882655425,1.4942098409090756
elven_longknife_1_v3.png,0,-2.031372509697012,1.470797156489241
elven_longknife_1_v4.png,0,-1.0250006431303191,1.5274721626726184
elven_longknife_1_v5.png,0,2.1679332892236545,1.8613125316565966
elven_longknife_1_v6.png,0,2.941614293580123,1.5044247286028527
elven_longknife_1_v7.png,0,-0.38031675861351255,1.622890006662199
elven_longknife_1_v8.png,0,2.1117724457159053,1.7409452472614033
elven_longknife_1_v9.png,0,-1.182661350948953,1.5057464952938677
elven_longknife_2_v0.png,0,-2.7137245660927736,1.4639079152490384
elven_longknife_2_v1.png,0,-1.0112984148078699,1.7015172766481932
elven_longknife_2_v2.png,0,-2.575695788761754,1.4256199811358625
elven_longknife_2_v3.png,0,3.0763088930550557,1.826805540298707
elven_longknife_2_v4.png,0,2.986022933558405,1.4870711024795873
elven_longknife_2_v5.png,0,2.9453259671048118,1.4546534307520007
elven_longknife_2_v6.png,0,-1.1367684957427313,1.8976272185275942
elven_longknife_2_v7.png,0,-0.8128346510049997,1.4508789390759913
elven_longknife_2_v8.png,0,1.9584034770820042,1.618012591123564
elven_longknife_2_v9.png,0,-0.7748137559363926,1.7830776133403243
elven_longknife_3_v0.png,0,0.4324581329075625,1.534053881038998
elven_longknife_3_v1.png,0,-1.4843049730188094,1.5650355749926275
elven_longknife_3_v2.png,0,-1.1678672995155406,1.549989320414577
elven_longknife_3_v3.png,0,0.8005085374590859,1.5617699784566141
elven_longknife_3_v4.png,0,-1.973233475119084,1.7789823608141915
elven_longknife_3_v5.png,0,-0.06468001889640895,1.7183894949186218
elven_longknife_3_v6.png,0,1.1500004635652985,1.8980253747115121
elven_longknife_3_v7.png,0,1.2601910032597137,1.5999123824037333
elven_longknife_3_v8.png,0,-0.10723401765327667,1.7203859157406152
elven_longknife_3_v9.png,0,1.5915865270044809,1.941518054550111
elven_longknife_4_v0.png,0,-1.381865259772403,1.9443660492484829
elven_longknife_4_v1.png,0,-1.1867635182034117,1.986980362925955
elven_longknife_4_v2.png,0,1.3572834832357072,1.4353895572465305
elven_longknife_4_v3.png,0,0.3702558056531964,1.8798401007947385
elven_longknife_4_v4.png,0,2.2346416701079255,1.7397118935940588
elven_longknife_4_v5.png,0,-1.405537192705454,1.5247449682989649
elven_longknife_4_v6.png,0,-0.5569600761546742,1.9373442397272431
elven_longknife_4_v7.png,0,-2.814711006561502,1.7160536770525636
elven_longknife_4_v8.png,0,2.7538847109645093,1.5631668452755911
elven_longknife_4_v9.png,0,-1.9150776055015832,1.977776324833704
emerald_halberd_0_v0.png,0,-0.18132599771145097,1.7205578429573174
emerald_halberd_0_v1.png,0,2.196681758090442,1.7401986835045729
emerald_halberd_0_v2.png,0,0.9532473374230535,1.6621049123091005
emerald_halberd_0_v3.png,0,1.19034436161761,1.8701638741360764
emerald_halberd_0_v4.png,0,-1.1001906665531545,1.8558051571744711
emerald_halberd_0_v5.png,0,0.4896963658970308,1.5781048429692088
emerald_halberd_0_v6.png,0,1.6230105096416811,1.91036683810629
emerald_halberd_0_v7.png,0,-0.5322627889969871,1.8923701307093015
emerald_halberd_0_v8.png,0,-1.7723144621661415,1.860042627601009
emerald_halberd_0_v9.png,0,0.8731902392797786,1.5609474179184246
emerald_halberd_1_v0.png,0,-2.0610381417673684,1.6933644624684914
emerald_halberd_1_v1.png,0,3.0433861146236296,1.4009670120096123
emerald_halberd_1_v2.png,0,-1.2085068522713005,1.799613083632252
emerald_halberd_1_v3.png,0,-2.4111527420423515,1.6755262816535599
emerald_halberd_1_v4.png,0,-2.530930432460092,1.6080852516209756
emerald_halberd_1_v5.png,0,-1.790780927067642,1.6684508821613935
emerald_halberd_1_v6.png,0,0.6506917122730762,1.7895814470550628
emerald_halberd_1_v7.png,0,2.726804262645686,1.505209952039831
emerald_halberd_1_v8.png,0,-2.2155028470878575,1.548388389893527
emerald_halberd_1_v9.png,0,-2.732506920971468,1.5786521243985863
emerald_halberd_2_v0.png,0,-2.7900069643165852,1.4276344020163325
emerald_halberd_2_v1.png,0,0.9331765714889633,1.518081209489841
emerald_halberd_2_v2.png,0,-1.8937294109430756,1.1019340790069923
emerald_halberd_2_v3.png,0,2.4391928988358598,1.5132418531428473
emerald_halberd_2_v4.png,0,2.2597517159911527,1.4039923471479767
emerald_halberd_2_v5.png,0,0.9312913412182935,1.431776699191965
emerald_halberd_2_v6.png,0,0.5121124347153647,1.1956867236406048
emerald_halberd_2_v7.png,0,-2.7941053488734897,1.142792835210448
emerald_halberd_2_v8.png,0,0.9128630248479919,1.4150922958810277
emerald_halberd_2_v9.png,0,2.270095742436006,1.1238805757069874
emerald_halberd_3_v0.png,0,1.5889900296777735,1.875960375051007
emerald_halberd_3_v1.png,0,-1.0926833400701952,1.9527140922138895
emerald_halberd_3_v2.png,0,-0.8548038871898722,1.978985730826804
emerald_halberd_3_v3.png,0,-2.822683862809064,1.6902306076486238
emerald_halberd_3_v4.png,0,-1.3430046443303194,1.7246062840907734
emerald_halberd_3_v5.png,0,0.4993381338531828,1.998181549861518
emerald_halberd_3_v6.png,0,1.8754396257140065,1.412872023146244
emerald_halberd_3_v7.png,0,-0.7269296939603502,1.5081483865410323
emerald_halberd_3_v8.png,0,1.2299864829091205,1.4565551147414133
emerald_halberd_3_v9.png,0,1.0212014981369224,1.989444117980876
emerald_halberd_4_v0.png,0,1.7463318527781106,1.5992337226591016
emerald_halberd_4_v1.png,0,1.1441916812055055,1.5071394041980934
emerald_halberd_4_v2.png,0,-2.2573337123003494,1.4259451898144946
emerald_halberd_4_v3.png,0,2.008092021495198,1.6374548651459044
emerald_halberd_4_v4.png,0,3.0005858347374073,1.6504319359294894
emerald_halberd_4_v5.png,0,-1.0972638783817779,1.7634728830823594
emerald_halberd_4_v6.png,0,2.22905312175935,1.3856771035445348
emerald_halberd_4_v7.png,0,-0.5250059238721976,1.8117516291852325
emerald_halberd_4_v8.png,0,1.6034896106084355,1.653378904012378
emerald_halberd_4_v9.png,0,0.3707848014736026,1.7897127399669546
energy_lance_0_v0.png,0,-1.7776208041705686,1.4161947994788464
energy_lance_0_v1.png,0,1.7558951281665818,1.6424872184012331
energy_lance_0_v2.png,0,-0.07356029972951617,1.4383137016002108
energy_lance_0_v3.png,0,-2.1376835997520685,1.4588604143660884
energy_lance_0_v4.png,0,1.1157961518027801,1.938944323477347
energy_lance_0_v5.png,0,0.10919788372858252,1.4214577538761606
energy_lance_0_v6.png,0,2.3067649238130112,1.9369721527614623
energy_lance_0_v7.png,0,2.800454888044415,1.718644520381509
energy_lance_0_v8.png,0,1.3127800238236287,1.6563649482699232
energy_lance_0_v9.png,0,-1.3153125500837228,1.7200183749778961
energy_lance_1_v0.png,0,-2.9435756578730334,1.5230294132295343
energy_lance_1_v1.png,0,0.9844742550892431,1.7225899965513256
energy_lance_1_v2.png,0,1.5382744073020855,1.8435088014086962
energy_lance_1_v3.png,0,1.6503356823998259,1.528624780596905
energy_lance_1_v4.png,0,-2.8628776685550896,1.7113271255358946
energy_lance_1_v5.png,0,-1.9173275226393434,1.4711558065317554
energy_lance_1_v6.png,0,-2.154856561896972,1.6092678699931988
energy_lance_1_v7.png,0,-1.9310860073425176,1.585156743974654
energy_lance_1_v8.png,0,2.0185560448031357,1.4091773028732921
energy_lance_1_v9.png,0,0.19302539652071926,1.4524105792281599
energy_lance_2_v0.png,0,-0.9521122859872188,1.4984277697164836
energy_lance_2_v1.png,0,2.805626581428033,2.0557188343373856
energy_lance_2_v2.png,0,-0.6942346212990913,1.756923458251106
energy_lance_2_v3.png,0,-2.8178440627030676,1.6294343887418012
energy_lance_2_v4.png,0,-0.0773088222764089,1.7271259472272504
energy_lance_2_v5.png,0,1.4534688780227587,1.881654036868823
energy_lance_2_v6.png,0,2.083647821468272,1.6787884694233342
energy_lance_2_v7.png,0,1.6107888384586981,1.6993078773222445
energy_lance_2_v8.png,0,2.211423220421005,1.4671294114031788
energy_lance_2_v9.png,0,-0.0808301908263599,1.8735615992742487
energy_lance_3_v0.png,0,0.3556332297702398,1.4615014878738424
energy_lance_3_v1.png,0,-1.309854132909722,1.4715185634877865
energy_lance_3_v2.png,0,-1.1984859820921105,1.638866578284824
energy_lance_3_v3.png,0,-1.4859880798394638,1.5084176976673225
energy_lance_3_v4.png,0,0.058066854147889035,1.6648855184076243
energy_lance_3_v5.png,0,0.4789896376554925,1.5189048835117933
energy_lance_3_v6.png,0,1.9755653189063553,1.50992038737104
energy_lance_3_v7.png,0,-0.5658401225694765,1.3939145043982515
energy_lance_3_v8.png,0,0.8396554144599573,1.5570268555676068
energy_lance_3_v9.png,0,-1.3917357074669203,1.3854204631159013
energy_lance_4_v0.png,0,1.2893833027157044,1.4406337559969593
energy_lance_4_v1.png,0,-2.6967366502299646,1.6409924008134862
energy_lance_4_v2.png,0,2.3542223076284685,1.4041580530472002
energy_lance_4_v3.png,0,-1.3568429101514836,1.7773766922166898
energy_lance_4_v4.png,0,-1.7564476945426537,1.8564829454898186
energy_lance_4_v5.png,0,1.2407337410228383,1.3129633703701153
energy_lance_4_v6.png,0,-2.2102882227591265,1.4253155358931207
energy_lance_4_v7.png,0,2.314329143287997,1.6680857098235897
energy_lance_4_v8.png,0,-2.820550471770479,1.7358150834037518
energy_lance_4_v9.png,0,2.7851608840272197,1.6779187435594443
energy_sword_0_v0.png,0,-0.05097541384565485,1.7635134431934145
energy_sword_0_v1.png,0,-0.25383311485328086,1.4554478181567503
energy_sword_0_v2.png,0,-1.3079832922122088,1.7104841371546837
energy_sword_0_v3.png,0,-0.2255234891496638,1.614436062060036
energy_sword_0_v4.png,0,2.6743020298904647,1.6495229468137638
energy_sword_0_v5.png,0,0.8392307740331972,1.3360696881947163
energy_sword_0_v6.png,0,2.40079084771041,1.4719533631752124
energy_sword_0_v7.png,0,3.0997583097218673,1.6679598679308218
energy_sword_0_v8.png,0,-2.3111036676509853,1.6115848718497068
energy_sword_0_v9.png,0,-1.2562683419535228,1.8123956919455204
energy_sword_1_v0.png,0,2.7164349923571836,1.3110745097403267
energy_sword_1_v1.png,0,2.134100780630109,1.5316633587942268
energy_sword_1_v2.png,0,2.372978040434683,1.735490919015585
energy_sword_1_v3.png,0,-0.42744035008202097,1.4662804680750505
energy_sword_1_v4.png,0,-2.3391460198487413,1.7055450292829937
energy_sword_1_v5.png,0,-2.791919695987856,1.547114532458689
energy_sword_1_v6.png,0,-2.9665903993135254,1.3693483644888669
energy_sword_1_v7.png,0,1.765266309691886,1.422782949431292
energy_sword_1_v8.png,0,-1.1601610216957994,1.3999051955850088
energy_sword_1_v9.png,0,-2.1962238957222056,1.3347373520639547
energy_sword_3_v0.png,0,1.5509811773229196,1.562595761417053
energy_sword_3_v1.png,0,3.0763057211955314,1.7023352673212948
energy_sword_3_v2.png,0,0.7118011797039374,1.7331139666249282
energy_sword_3_v3.png,0,2.0728466658544047,1.4972478077823959
energy_sword_3_v4.png,0,1.4924717614626593,1.4339414085093494
energy_sword_3_v5.png,0,2.6749372668297333,1.9629842916464084
energy_sword_3_v6.png,0,-2.578075331170442,1.562704394789584
energy_sword_3_v7.png,0,-1.4731661823459534,1.7291424751644884
energy_sword_3_v8.png,0,1.8295144030250232,1.4104465118820522
energy_sword_3_v9.png,0,-2.3179336451495494,1.94514825773401
energy_sword_4_v0.png,0,-0.922471967648379,1.3541341482109552
energy_sword_4_v1.png,0,-1.838349586752777,1.928548945929218
energy_sword_4_v2.png,0,-0.2565289004018938,1.7617742854841802
energy_sword_4_v3.png,0,1.426541432257451,1.723638534704697
energy_sword_4_v4.png,0,0.29322333548825874,1.4452999950369252
energy_sword_4_v5.png,0,-1.7713069766895453,1.3502321794767715
energy_sword_4_v6.png,0,-2.312343700098393,1.7530207878285888
energy_sword_4_v7.png,0,2.7482005959821305,1.611117764893993
energy_sword_4_v8.png,0,2.1411783973056067,1.8134633527963744
energy_sword_4_v9.png,0,2.425270644607818,1.6098221471480554
excalibur_0_v0.png,0,0.2084787887932995,1.9820676654411364
excalibur_0_v1.png,0,1.7295391358663394,1.430383200251334
excalibur_0_v2.png,0,1.195026929009664,1.6116129130002037
excalibur_0_v3.png,0,1.658648016552142,1.7413609984661
excalibur_0_v4.png,0,-1.5010689578630387,1.764444880380343
excalibur_0_v5.png,0,-1.3439046165153616,1.40773998193309
excalibur_0_v6.png,0,-1.3315191486659756,1.8565315408864695
excalibur_0_v7.png,0,-1.056862800016436,1.6697873205677245
excalibur_0_v8.png,0,0.049064526765059124,1.8706709593191568
excalibur_0_v9.png,0,2.5695203550940846,1.9898428416001106
excalibur_1_v0.png,0,1.3420933803408341,1.9815741462680498
excalibur_1_v1.png,0,0.547514715652333,1.844909030580027
excalibur_1_v2.png,0,1.360036483707365,1.9063039629200236
excalibur_1_v3.png,0,-2.0463454417823375,1.4803160098443764
excalibur_1_v4.png,0,0.3748940815487587,1.8166678319741316
excalibur_1_v5.png,0,0.4636353095183676,1.7634329441377663
excalibur_1_v6.png,0,0.7785408066089603,1.9811040575559165
excalibur_1_v7.png,0,3.0048335519045883,1.724136850159988
excalibur_1_v8.png,0,1.7061218720257063,1.4827459048940415
excalibur_1_v9.png,0,-2.615464946413794,1.6862069928717134
excalibur_2_v0.png,0,-0.2702708132331515,1.9209148705808579
excalibur_2_v1.png,0,1.581555715402342,1.491087491898487
excalibur_2_v2.png,0,-0.07581492210594121,1.3978823771052657
excalibur_2_v3.png,0,-2.3380902967066732,1.9147101419497368
excalibur_2_v4.png,0,1.6380352443525452,1.901790262966115
excalibur_2_v5.png,0,-2.9766887197919907,1.6826403681619766
excalibur_2_v6.png,0,-2.803145376377758,1.8841680941896164
excalibur_2_v7.png,0,-0.6224336167138191,1.4004539962303473
excalibur_2_v8.png,0,2.7406396101680714,1.3911016664485993
excalibur_2_v9.png,0,1.1090919038051434,1.56469173462466
excalibur_3_v0.png,0,-1.0160934430577626,1.9249418350345884
excalibur_3_v1.png,0,-2.291251792265712,1.566816228837496
excalibur_3_v2.png,0,0.8196662350556028,1.4036168546586938
excalibur_3_v3.png,0,-1.6928549738633478,1.4562612130958659
excalibur_3_v4.png,0,1.3399536446833529,1.4023073099273016
excalibur_3_v5.png,0,1.4171254160631104,1.9668892893832173
excalibur_3_v6.png,0,-0.27935339519722246,1.4867188092263024
excalibur_3_v7.png,0,0.4495230657206193,1.4706795572798625
excalibur_3_v8.png,0,-1.4308564907375763,1.5903509397324007
excalibur_3_v9.png,0,-1.438928836327273,1.8669496059180835
excalibur_4_v0.png,0,1.9225615474135056,1.624913558826924
excalibur_4_v1.png,0,-2.737541745319203,1.7932652609549813
excalibur_4_v2.png,0,-1.9947860308882248,1.8328642774254742
excalibur_4_v3.png,0,3.109741566117533,1.5592911836438617
excalibur_4_v4.png,0,1.1013807772547988,1.5143247089437124
excalibur_4_v5.png,0,-1.4623836762042126,1.6650739533218712
excalibur_4_v6.png,0,1.7707468377019264,1.4760130554706996
excalibur_4_v7.png,0,0.3163987805863826,1.5329897510504238
excalibur_4_v8.png,0,2.777734066068215,2.005636446109011
excalibur_4_v9.png,0,-0.3149566402348727,1.8194434452378356
flail_0_v0.png,0,-2.322427292463605,1.4676070229758758
flail_0_v1.png,0,-2.0612383892006396,1.6438362009753527
flail_0_v2.png,0,-3.1262988359849344,1.4804447441048574
flail_0_v3.png,0,1.9852726259051785,1.698434458391577
flail_0_v4.png,0,2.426697123465246,1.456123748090266
flail_0_v5.png,0,-3.131622294536974,1.948259600499222
flail_0_v6.png,0,0.372218893999121,1.528195906047537
flail_0_v7.png,0,-1.246620299465052,1.738740284620707
flail_0_v8.png,0,-1.8996802105229746,1.719059931380506
flail_0_v9.png,0,-0.191600974119848,1.6751932494899708
flail_1_v0.png,0,-2.0280841387783686,1.5278680492900012
flail_1_v1.png,0,-0.43481984136984386,1.5490365593768523
flail_1_v2.png,0,-2.6579895663780637,1.404731721099251
flail_1_v3.png,0,0.7890188607607076,1.3629782123389214
flail_1_v4.png,0,1.4231336484742527,1.3868955679496549
flail_1_v5.png,0,-1.6582273135699797,1.5836201129388494
flail_1_v6.png,0,-0.25155105445015824,1.5932001724230842
flail_1_v7.png,0,-2.40773071780733,1.5695948037911205
flail_1_v8.png,0,-1.045590698038064,1.28464321698126
flail_1_v9.png,0,-2.867377382585656,1.478427205200176
flail_2_v0.png,0,1.2574199724530697,1.4441264814609125
flail_2_v1.png,0,1.1052539854478451,1.427934786727825
flail_2_v2.png,0,1.6799568194457875,1.5062190380418372
flail_2_v3.png,0,-1.4425303388500765,1.540738051013246
flail_2_v4.png,0,-3.0773468469640144,1.634965717765691
flail_2_v5.png,0,0.8808752786015006,1.4307160924301145
flail_2_v6.png,0,1.609698385367798,1.5163925379188907
flail_2_v7.png,0,0.3083263461205701,1.368676614547059
flail_2_v8.png,0,-3.0020616974873797,1.3827719463225718
flail_2_v9.png,0,-2.7660059619362722,1.4932879270683805
flail_4_v0.png,0,2.0684192551565825,1.6082498159728498
flail_4_v1.png,0,2.2568261925568294,1.4946153171541292
flail_4_v2.png,0,-0.05049504976284225,1.6493330162518636
flail_4_v3.png,0,-2.0705759747241466,1.8991765558839073
flail_4_v4.png,0,3.049774751715213,1.6355528602267289
flail_4_v5.png,0,-2.2916260545779092,1.5135830076123031
flail_4_v6.png,0,-0.33832368252724765,1.4572715811335772
flail_4_v7.png,0,2.2226427461137925,1.6208840798651567
flail_4_v8.png,0,-1.7987779188416422,1.7755518182146666
flail_4_v9.png,0,1.7320540037720706,1.755348036398874
frostmourne_0_v0.png,0,0.9211295455922821,1.7178933932068547
frostmourne_0_v1.png,0,2.1060281445730835,1.699114981689892
frostmourne_0_v2.png,0,2.9939776035177186,1.4356445955716233
frostmourne_0_v3.png,0,1.291921921215537,1.7179096889764998
frostmourne_0_v4.png,0,0.4756611787025822,1.7449201579737563
frostmourne_0_v5.png,0,0.8303291736126361,1.4539408565844683
frostmourne_0_v6.png,0,-2.8055483392026974,1.7112218891068176
frostmourne_0_v7.png,0,-1.436929464952041,1.4321624502078671
frostmourne_0_v8.png,0,0.20582538605632372,1.618478531527437
frostmourne_0_v9.png,0,0.6190877068814764,1.8231975666319984
frostmourne_1_v0.png,0,-1.483902655000247,1.8697624445001981
frostmourne_1_v1.png,0,2.027890233148659,1.7650911137564822
frostmourne_1_v2.png,0,0.9258125102185195,2.030231365278075
frostmourne_1_v3.png,0,2.0764563859803324,1.9445268730481637
frostmourne_1_v4.png,0,2.654504398974708,1.8745462001180773
frostmourne_1_v5.png,0,2.8576127394446633,1.955446087599624
frostmourne_1_v6.png,0,-0.1887361137562067,1.6479632313083756
frostmourne_1_v7.png,0,-1.595372045783344,1.5439421533745705
frostmourne_1_v8.png,0,1.82214335924502,1.993611130537386
frostmourne_1_v9.png,0,2.508668101764775,1.9303751036431425
frostmourne_2_v0.png,0,0.21316685677695624,1.429048042434562
frostmourne_2_v1.png,0,1.5971587100370002,1.857369069274207
frostmourne_2_v2.png,0,2.715999021809144,1.8852878994170505
frostmourne_2_v3.png,0,-1.1065134809472887,1.4612080725406484
frostmourne_2_v4.png,0,0.6061686693350286,1.563288360866307
frostmourne_2_v5.png,0,-0.7837217299234549,1.4897597907718767
frostmourne_2_v6.png,0,-1.921704136061905,1.5069820751423648
frostmourne_2_v7.png,0,1.0034269112645902,1.8037950379768437
frostmourne_2_v8.png,0,0.8385932985545423,1.7723114414049868
frostmourne_2_v9.png,0,-2.2172523445901517,1.7932384494261788
frostmourne_3_v0.png,0,-1.7413114572397705,1.4104593573381061
frostmourne_3_v1.png,0,-0.060900200157052886,1.9846435808784753
frostmourne_3_v2.png,0,-2.067354792107576,1.6668848478716423
frostmourne_3_v3.png,0,1.8018222281092235,1.949982360785486
frostmourne_3_v4.png,0,2.2618005278353843,1.878664834467694
frostmourne_3_v5.png,0,1.8246879927710955,1.6384468903536034
frostmourne_3_v6.png,0,-0.9994033443467267,1.9700146871377473
frostmourne_3_v7.png,0,-2.3844081917845026,1.7355000131077802
frostmourne_3_v8.png,0,2.2415991220337057,1.463561045672353
frostmourne_3_v9.png,0,-1.3064379850953558,1.645407336164338
frostmourne_4_v0.png,0,-2.2102825986786567,2.11371721127091
frostmourne_4_v1.png,0,1.6065068476843765,1.6464357358865644
frostmourne_4_v2.png,0,-1.7588742360477734,1.6561356552077593
frostmourne_4_v3.png,0,0.3430062411750363,1.6589017590526722
frostmourne_4_v4.png,0,2.43931985169105,1.6865812951615007
frostmourne_4_v5.png,0,2.2164731227916024,1.6014967895793002
frostmourne_4_v6.png,0,3.1389570073546555,1.6101719020617664
frostmourne_4_v7.png,0,0.9528694672992488,1.7446919119840405
frostmourne_4_v8.png,0,-0.8577129654894322,1.8587806827642985
frostmourne_4_v9.png,0,-1.0744660782159072,1.6654297718692705
garden_fork_0_v0.png,0,2.0654758796056107,1.2841401825850165
garden_fork_0_v1.png,0,2.7967799148412675,1.6202591399631396
garden_fork_0_v2.png,0,-2.821910067040327,1.289975017607221
garden_fork_0_v3.png,0,1.6514850773569798,1.3917233140742438
garden_fork_0_v4.png,0,-0.2733050224763059,1.6687609755497614
garden_fork_0_v5.png,0,0.10728884199905897,1.6574058696723029
garden_fork_0_v6.png,0,-2.1299267712488033,1.3836731258553683
garden_fork_0_v7.png,0,2.5153351096349112,1.33064155963921
garden_fork_0_v8.png,0,-2.0854873881906952,1.4475782338277456
garden_fork_0_v9.png,0,-2.9779324362653146,1.607179746264174
garden_fork_1_v0.png,0,-0.12183054579936736,1.3315667484118632
garden_fork_1_v1.png,0,1.5627398506145391,1.3380640367834975
garden_fork_1_v2.png,0,-1.7766941837300807,1.4605264842881394
garden_fork_1_v3.png,0,-2.6268884795045695,1.3007757531604562
garden_fork_1_v4.png,0,-1.9785208582418647,1.3234088635733214
garden_fork_1_v5.png,0,1.6833157513625758,1.502395205446354
garden_fork_1_v6.png,0,-0.25455526695619546,1.5619226502405488
garden_fork_1_v7.png,0,0.2963233133125709,1.279764603666486
garden_fork_1_v8.png,0,2.9239105367871385,1.3635792854791784
garden_fork_1_v9.png,0,-0.11054969936766612,1.3972548599982677
garden_fork_2_v0.png,0,-1.801255426728862,1.8736444353732353
garden_fork_2_v1.png,0,0.11960582550574617,1.4002468696217174
garden_fork_2_v2.png,0,-3.1179719988445385,1.7678552649368569
garden_fork_2_v3.png,0,-2.169114112596194,1.4733894226843656
garden_fork_2_v4.png,0,2.7990779496003286,1.4887035986950696
garden_fork_2_v5.png,0,3.0161073501466484,1.5624175389751729
garden_fork_2_v6.png,0,-2.909846537733519,1.8602508037662808
garden_fork_2_v7.png,0,-2.539468761108365,1.4307631021017504
garden_fork_2_v8.png,0,-0.36980767487053245,1.4515804562157726
garden_fork_2_v9.png,0,-2.885004019414125,1.4282885582498668
garden_fork_3_v0.png,0,1.023996822699046,1.8431493168655562
garden_fork_3_v1.png,0,-0.03479288049548013,1.4616890967536988
garden_fork_3_v2.png,0,-0.5222254235571628,1.3618186430688426
garden_fork_3_v3.png,0,-0.6577284459602037,1.339057946046952
garden_fork_3_v4.png,0,-2.3329602857799143,1.5138042833618883
garden_fork_3_v5.png,0,-1.1303395374958136,1.5345332285702096
garden_fork_3_v6.png,0,-1.3167599165824337,1.5890869629490705
garden_fork_3_v7.png,0,0.17234569826132584,1.4509937283195025
garden_fork_3_v8.png,0,1.9485918376181088,1.6402528928087816
garden_fork_3_v9.png,0,-0.4589271716333544,1.6236135753773833
garden_fork_4_v0.png,0,-1.8504896247649434,1.5075511722614656
garden_fork_4_v1.png,0,-1.771926652124105,1.6054664867367059
garden_fork_4_v2.png,0,-2.516359363857081,1.5297059244859927
garden_fork_4_v3.png,0,-1.1082368650817385,1.6083430648984969
garden_fork_4_v4.png,0,3.0893875249118445,1.5680505335415926
garden_fork_4_v5.png,0,-2.2644013177615676,1.663485584276207
garden_fork_4_v6.png,0,-1.6545963461469444,1.6508464230232747
garden_fork_4_v7.png,0,-2.86421220111641,1.5711452643397157
garden_fork_4_v8.png,0,-1.5859315740146203,1.2901947524957884
garden_fork_4_v9.png,0,-2.9881209131162,1.3713495294533349
gauntlet_of_power_0_v0.png,0,-2.337331082276228,1.309760192152572
gauntlet_of_power_0_v1.png,0,3.110767559202827,1.5755608633052578
gauntlet_of_power_0_v2.png,0,2.117562113688951,1.2773084489238344
gauntlet_of_power_0_v3.png,0,-2.875040403495433,1.2178583717157752
gauntlet_of_power_0_v4.png,0,-1.7755577536038223,1.269000484537896
gauntlet_of_power_0_v5.png,0,1.1466630944106264,1.3395786337520101
gauntlet_of_power_0_v6.png,0,0.1035056934089914,1.2927276033913777
gauntlet_of_power_0_v7.png,0,-1.3286039968280714,1.3329953013523246
gauntlet_of_power_0_v8.png,0,1.5913146539672904,1.2028979342096155
gauntlet_of_power_0_v9.png,0,1.769441189121136,1.6706188249292904
gauntlet_of_power_1_v0.png,0,-0.3287821409597033,1.7556841995904617
gauntlet_of_power_1_v1.png,0,-0.2531158582130363,1.671628992601644
gauntlet_of_power_1_v2.png,0,1.859885212879945,1.7123041302072075
gauntlet_of_power_1_v3.png,0,-1.8535642795940657,1.698278278207797
gauntlet_of_power_1_v4.png,0,1.4989951862239486,1.3770451629503893
gauntlet_of_power_1_v5.png,0,2.8847998085719335,1.4513654615815375
gauntlet_of_power_1_v6.png,0,2.3189908475798497,1.5344221295768543
gauntlet_of_power_1_v7.png,0,-2.9440840621993316,1.4765244458525364
gauntlet_of_power_1_v8.png,0,0.28222749072774134,1.4544152666449306
gauntlet_of_power_1_v9.png,0,1.5263212986915118,1.8226290780528087
gauntlet_of_power_2_v0.png,0,-0.9464697993338197,1.076035295457813
gauntlet_of_power_2_v1.png,0,-0.2579926734677519,1.1375411849840353
gauntlet_of_power_2_v2.png,0,2.1285236976064583,1.2122550521707383
gauntlet_of_power_2_v3.png,0,-2.7753166940500824,1.0377348469452112
gauntlet_of_power_2_v4.png,0,-0.8343826820025962,1.0763191837571722
gauntlet_of_power_2_v5.png,0,-1.5424608808058804,1.2312295026566087
gauntlet_of_power_2_v6.png,0,0.4648227442923095,1.1643893508410403
gauntlet_of_power_2_v7.png,0,1.52771630947854,1.102423015912492
gauntlet_of_power_2_v8.png,0,1.2349903419036252,1.1790137075473008
gauntlet_of_power_2_v9.png,0,0.39107627594496785,1.0207700064562388
gauntlet_of_power_3_v0.png,0,-3.0722588088376117,1.516754517949646
gauntlet_of_power_3_v1.png,0,2.6886733257422977,1.2741900961117185
gauntlet_of_power_3_v2.png,0,-1.81058096638656,1.3942959758618405
gauntlet_of_power_3_v3.png,0,0.26394064969091624,1.5588110964815989
gauntlet_of_power_3_v4.png,0,-0.9508643891387794,1.4698775654555236
gauntlet_of_power_3_v5.png,0,2.3573727827051787,1.6205588437802434
gauntlet_of_power_3_v6.png,0,-2.147546462666004,1.48861482862433
gauntlet_of_power_3_v7.png,0,-2.8609807468821398,1.5751120470054791
gauntlet_of_power_3_v8.png,0,1.840905972485346,1.7112841625487893
gauntlet_of_power_3_v9.png,0,0.34908436039540014,1.2858912953414172
gauntlet_of_power_4_v0.png,0,-0.0044615804774995604,1.2462937670003233
gauntlet_of_power_4_v1.png,0,-2.402425800961275,1.1379901358350148
gauntlet_of_power_4_v2.png,0,0.888386587360932,1.1134587888203933
gauntlet_of_power_4_v3.png,0,3.070542462847831,1.1533151084552622
gauntlet_of_power_4_v4.png,0,-3.1317647922146277,1.1350280167819145
gauntlet_of_power_4_v5.png,0,-0.35538314181289393,1.267600450847919
gauntlet_of_power_4_v6.png,0,0.3899261650329182,1.228934720213106
gauntlet_of_power_4_v7.png,0,1.0644966816005332,1.3434099171080356
gauntlet_of_power_4_v8.png,0,1.2721234646921922,1.4622432423386629
gauntlet_of_power_4_v9.png,0,-2.9178898554120414,1.23009764106251
glaive_0_v0.png,0,2.165992855038301,1.541909118127464
glaive_0_v1.png,0,-0.0946806107800855,1.5916850539908216
glaive_0_v2.png,0,0.6917049822800443,1.5763638948886742
glaive_0_v3.png,0,1.2807508807499257,1.4644727865782041
glaive_0_v4.png,0,-1.810636034520945,1.5282734689045763
glaive_0_v5.png,0,1.7559353654632401,1.875358955708203
glaive_0_v6.png,0,-0.9184226969724367,1.4888928495834475
glaive_0_v7.png,0,0.509670409865641,1.503908522663916
glaive_0_v8.png,0,-1.4768735180183175,1.4734807957220744
glaive_0_v9.png,0,-2.0151636476127717,1.483919976588472
glaive_1_v0.png,0,2.9615203041528844,1.5429569090855115
glaive_1_v1.png,0,-1.0975569660545412,1.8039689067014368
glaive_1_v2.png,0,-2.8017136977536223,1.9503076408257412
glaive_1_v3.png,0,1.6637985229585164,1.7629921543012308
glaive_1_v4.png,0,-1.601844178648228,1.4075527428391768
glaive_1_v5.png,0,2.484448675715762,1.739156989452916
glaive_1_v6.png,0,1.9142459858243193,1.7805595547519495
glaive_1_v7.png,0,-0.08264477320904362,1.4229283537826463
glaive_1_v8.png,0,2.598777971612948,1.4867349685178395
glaive_1_v9.png,0,-2.7982658446909685,1.7208639001048915
glaive_2_v0.png,0,1.3904242645137315,1.9332346373302798
glaive_2_v1.png,0,-2.463998991095483,1.736800306524355
glaive_2_v2.png,0,-2.6827305736111917,1.4333806915158764
glaive_2_v3.png,0,0.44635127925097473,1.7287412787329852
glaive_2_v4.png,0,-0.7894937765175,1.8618459181540181
glaive_2_v5.png,0,-0.8065290404033187,1.8562344825430472
glaive_2_v6.png,0,-0.20678296764823878,1.5665339909297267
glaive_2_v7.png,0,0.22428851956005447,1.8495716647446103
glaive_2_v8.png,0,1.838398394056257,1.484927590549964
glaive_2_v9.png,0,-1.8612976747460268,1.584468660328772
glaive_3_v0.png,0,-2.2062914240404496,1.7820850596442463
glaive_3_v1.png,0,2.568950035719322,1.4931942188143736
glaive_3_v2.png,0,2.400993241781899,1.584035419668336
glaive_3_v3.png,0,-1.4184336038781673,1.7393026471500577
glaive_3_v4.png,0,-1.9843600295277233,1.8610775752918465
glaive_3_v5.png,0,-0.4419972422382372,1.9442199114511207
glaive_3_v6.png,0,3.0767367522908007,1.633705052224753
glaive_3_v7.png,0,0.6123221119424231,1.746941736826099
glaive_3_v8.png,0,2.9521536109210724,1.9062570184432979
glaive_3_v9.png,0,1.1386358711292104,1.4976561051428103
glaive_4_v0.png,0,0.8653336385688384,1.6876456925179317
glaive_4_v1.png,0,0.528535290179315,1.5573540110168418
glaive_4_v2.png,0,-0.2658263735859121,1.6368766714719831
glaive_4_v3.png,0,1.4616586094140303,1.3233248560778097
glaive_4_v4.png,0,-1.5942713491854699,1.6637444996316728
glaive_4_v5.png,0,-1.9803557672800252,1.461065954655705
glaive_4_v6.png,0,-0.27718687869223047,1.276345645061116
glaive_4_v7.png,0,-0.562760153137738,1.534836409082396
glaive_4_v8.png,0,-0.645979626496608,1.4617905062672187
glaive_4_v9.png,0,-0.9246315977660577,1.373845406143394
glaive_of_artanis_0_v0.png,0,-1.36241629925965,1.211086036462536
glaive_of_artanis_0_v1.png,0,-2.972191933175932,1.1715984728362403
glaive_of_artanis_0_v2.png,0,1.8157583508563606,1.0831317111875902
glaive_of_artanis_0_v3.png,0,0.27790258988615335,1.3834005618042633
glaive_of_artanis_0_v4.png,0,-2.9665434961734656,1.013060853583082
glaive_of_artanis_0_v5.png,0,1.2073235450462159,1.16702737128962
glaive_of_artanis_0_v6.png,0,0.5269085394836734,1.1719167922070826
glaive_of_artanis_0_v7.png,0,-2.6610784403823695,1.343730678127007
glaive_of_artanis_0_v8.png,0,0.7240323530865815,1.1105319939688785
glaive_of_artanis_0_v9.png,0,-2.8308530876845346,1.320878878157527
glaive_of_artanis_1_v0.png,0,3.0552091477026893,1.2342772877599442
glaive_of_artanis_1_v1.png,0,-2.9052389182597365,1.2907378535884237
glaive_of_artanis_1_v2.png,0,-0.2768814793917116,1.159143633062021
glaive_of_artanis_1_v3.png,0,1.7962963344237348,1.0053925646397368
glaive_of_artanis_1_v4.png,0,1.4983439433781474,1.1746365515066148
glaive_of_artanis_1_v5.png,0,0.7788842986285038,1.3915968081335408
glaive_of_artanis_1_v6.png,0,1.2857020798924133,1.07250803153636
glaive_of_artanis_1_v7.png,0,0.058668166541737676,1.100295044325417
glaive_of_artanis_1_v8.png,0,1.4001759512568164,1.1162798228213724
glaive_of_artanis_1_v9.png,0,-0.8251889671152091,1.2240848260082278
glaive_of_artanis_2_v0.png,0,-1.893693679083695,1.1958114207791053
glaive_of_artanis_2_v1.png,0,2.0980683788879633,1.174558405336341
glaive_of_artanis_2_v2.png,0,2.2479748879686205,1.2453579548642066
glaive_of_artanis_2_v3.png,0,-2.4152918316227066,1.6115960321366285
glaive_of_artanis_2_v4.png,0,1.3024662254277537,1.4509701192140265
glaive_of_artanis_2_v5.png,0,-1.1668115761219378,1.608439650600137
glaive_of_artanis_2_v6.png,0,0.10160374173546138,1.3535871853610433
glaive_of_artanis_2_v7.png,0,-0.6297920768207792,1.2958737126617177
glaive_of_artanis_2_v8.png,0,-3.0173372341721283,1.4685748331244004
glaive_of_artanis_2_v9.png,0,-2.682994500055095,1.3434640374371134
glaive_of_artanis_3_v0.png,0,0.565373434008948,1.5643092517646924
glaive_of_artanis_3_v1.png,0,-2.9237016258773014,1.5799164570547524
glaive_of_artanis_3_v2.png,0,-2.742726816802958,1.5387061872067813
glaive_of_artanis_3_v3.png,0,0.9947079269247077,1.2740928153586661
glaive_of_artanis_3_v4.png,0,-0.4301835147615538,1.469573320260916
glaive_of_artanis_3_v5.png,0,-1.236290347614187,1.355409907232845
glaive_of_artanis_3_v6.png,0,-2.8105416579992673,1.642614301721257
glaive_of_artanis_3_v7.png,0,2.2299612906734216,1.5170758175498877
glaive_of_artanis_3_v8.png,0,-2.95932444471962,1.3222257230438748
glaive_of_artanis_3_v9.png,0,-2.7870804866545567,1.4373766091291695
glaive_of_artanis_4_v0.png,0,-0.20053493163640024,1.0515399104709897
glaive_of_artanis_4_v1.png,0,1.7445906972456715,1.111383209075589
glaive_of_artanis_4_v2.png,0,-2.2733999066552766,1.1565759210246263
glaive_of_artanis_4_v3.png,0,-2.9059963092966132,1.0831395757128532
glaive_of_artanis_4_v4.png,0,2.394136110860173,1.3511496738384179
glaive_of_artanis_4_v5.png,0,2.5071006133851177,1.2826587761688775
glaive_of_artanis_4_v6.png,0,-1.0698691138940122,1.4147831983088275
glaive_of_artanis_4_v7.png,0,2.7761405373995633,1.0641687225127459
glaive_of_artanis_4_v8.png,0,-1.8807622363901326,1.2283074681276338
glaive_of_artanis_4_v9.png,0,1.45799519666277,1.3914241509212295
glaive_of_krull_0_v0.png,0,-2.5857768545622513,1.4087244040943498
glaive_of_krull_0_v1.png,0,-3.114742080402895,1.4111679938070203
glaive_of_krull_0_v2.png,0,0.6369012566752366,1.555428514677308
glaive_of_krull_0_v3.png,0,-0.07454617868358682,1.5748620121024943
glaive_of_krull_0_v4.png,0,-1.2630380921517035,1.3739152191309516
glaive_of_krull_0_v5.png,0,-1.762286806999223,1.5686450578919802
glaive_of_krull_0_v6.png,0,2.3945325092684335,1.660694717874242
glaive_of_krull_0_v7.png,0,-2.606747480988462,1.3074031007700722
glaive_of_krull_0_v8.png,0,2.777441083243619,1.3447111100661662
glaive_of_krull_0_v9.png,0,1.1678617992722717,1.3941417931318216
glaive_of_krull_1_v0.png,0,-1.6197737405507722,1.4318290137013125
glaive_of_krull_1_v1.png,0,-0.1609426686108979,1.5383850883119383
glaive_of_krull_1_v2.png,0,-2.112219885674588,1.183701186562765
glaive_of_krull_1_v3.png,0,3.026582223817586,1.4639430704401044
glaive_of_krull_1_v4.png,0,-0.18309036450653604,1.2332143158702866
glaive_of_krull_1_v5.png,0,-0.30444109637509936,1.6386881332940197
glaive_of_krull_1_v6.png,0,1.0236063854683763,1.2141216216027864
glaive_of_krull_1_v7.png,0,-1.7333123886791397,1.2632085966712931
glaive_of_krull_1_v8.png,0,0.40796413165788514,1.2860314072333023
glaive_of_krull_1_v9.png,0,-2.895252682376079,1.279853822040848
glaive_of_krull_2_v0.png,0,2.3690135597931823,1.6709529112056802
glaive_of_krull_2_v1.png,0,-2.75171529863605,1.5791640608579365
glaive_of_krull_2_v2.png,0,-0.7917423859322259,1.928600374885789
glaive_of_krull_2_v3.png,0,1.3108715748023572,1.9713728186409911
glaive_of_krull_2_v4.png,0,2.410091521420364,1.4934473460087219
glaive_of_krull_2_v5.png,0,-2.1654435267250305,1.8279409021314081
glaive_of_krull_2_v6.png,0,-1.0690311040473892,1.8155515269176075
glaive_of_krull_2_v7.png,0,-0.3876762237277302,1.732974965817383
glaive_of_krull_2_v8.png,0,-2.8712015186286175,1.4121972475805153
glaive_of_krull_2_v9.png,0,2.7321258259574064,1.4458059729420911
glaive_of_krull_3_v0.png,0,2.271971194857736,1.0848259626129162
glaive_of_krull_3_v1.png,0,1.4087152556261504,1.0368830092238968
glaive_of_krull_3_v2.png,0,-0.5046180420368893,1.0458112588277273
glaive_of_krull_3_v3.png,0,1.7791793738753894,1.2611352985080837
glaive_of_krull_3_v4.png,0,1.822223568585926,1.1349233194067705
glaive_of_krull_3_v5.png,0,1.7799029925539074,1.2046452859785097
glaive_of_krull_3_v6.png,0,0.6652375991161463,1.2014988640292443
glaive_of_krull_3_v7.png,0,0.08416620238769656,1.2478044567922548
glaive_of_krull_3_v8.png,0,2.9525016261481216,1.0149637053919616
glaive_of_krull_3_v9.png,0,2.2052203151317515,1.1549174245526896
glaive_of_krull_4_v0.png,0,2.7190579621623443,1.3544281268721905
glaive_of_krull_4_v1.png,0,-2.7201319702755122,1.3767114997491623
glaive_of_krull_4_v2.png,0,2.5814096188760502,1.7350168042938485
glaive_of_krull_4_v3.png,0,2.7520291772113623,1.4479774510781867
glaive_of_krull_4_v4.png,0,-0.7028587620303206,1.361638239470877
glaive_of_krull_4_v5.png,0,0.6089482144694962,1.4424102390809106
glaive_of_krull_4_v6.png,0,3.0389445948407983,1.5183752119727054
glaive_of_krull_4_v7.png,0,-0.5958911547390491,1.894607925570684
glaive_of_krull_4_v8.png,0,0.39810100936743,1.8970053876928334
glaive_of_krull_4_v9.png,0,-3.037179820183547,1.4067819733196811
great_katana_1_v0.png,0,-0.18046468948820316,1.8274319802408592
great_katana_1_v1.png,0,-1.052427442969349,1.6288190449958406
great_katana_1_v2.png,0,3.083112724773293,1.8478117936712286
great_katana_1_v3.png,0,-1.7578797599104554,1.5383595813074429
great_katana_1_v4.png,0,-2.8269610087841324,1.5847495754388448
great_katana_1_v5.png,0,-1.4442024462525858,1.5838454823114227
great_katana_1_v6.png,0,-2.1520462291869515,1.6000165054429465
great_katana_1_v7.png,0,2.047138680105464,1.3595334626348299
great_katana_1_v8.png,0,0.3252334720944141,1.5911572763736201
great_katana_1_v9.png,0,-0.3959716926460386,1.6008246579488725
great_katana_2_v0.png,0,2.1667767371788837,1.5300746736191702
great_katana_2_v1.png,0,-2.4639331269021287,1.6553001284466393
great_katana_2_v2.png,0,-0.3363484381594457,1.588018858889415
great_katana_2_v3.png,0,-2.852788579311607,1.5985613461807984
great_katana_2_v4.png,0,-1.638537499584491,1.3776558930475697
great_katana_2_v5.png,0,0.9015564371610623,1.410030362443755
great_katana_2_v6.png,0,-2.0721134063266975,1.6466113514690657
great_katana_2_v7.png,0,0.44867264489038483,1.4943728848219278
great_katana_2_v8.png,0,-3.004912988045122,1.8996857163669338
great_katana_2_v9.png,0,-1.5136337966988478,1.5347538404529768
great_katana_4_v0.png,0,2.8740386504062156,1.8253053367083487
great_katana_4_v1.png,0,-1.9799813265953652,1.8639129854309275
great_katana_4_v2.png,0,-1.28392071125677,1.7042122755218736
great_katana_4_v3.png,0,-0.8701887901964604,1.585464536450133
great_katana_4_v4.png,0,-0.1577127928161497,1.7003183962113628
great_katana_4_v5.png,0,-0.9805080137870177,1.9224092719235302
great_katana_4_v6.png,0,1.4362542679522896,1.4864564589698077
great_katana_4_v7.png,0,1.3566894138640233,1.906643760744401
great_katana_4_v8.png,0,1.723947887308558,1.633091185245549
great_katana_4_v9.png,0,1.9907920417478717,1.8600265200898851
halberd_0_v0.png,0,-2.135726276285272,1.4889205742554557
halberd_0_v1.png,0,-3.0040108551260345,1.7832171655216047
halberd_0_v2.png,0,-1.2510819382530167,1.6085614578319825
halberd_0_v3.png,0,1.3944901671180787,1.539460836903215
halberd_0_v4.png,0,-1.8011455028667887,1.7659830890437258
halberd_0_v5.png,0,-0.6992419702747394,1.317014496032793
halberd_0_v6.png,0,2.422065432834552,1.4257487488349114
halberd_0_v7.png,0,-1.5130463111280643,1.5965331640465645
halberd_0_v8.png,0,-0.9702848563013662,1.4634255782567138
halberd_0_v9.png,0,-2.1376098376710666,1.699269679013629
halberd_1_v0.png,0,2.131744691408724,1.219923258420135
halberd_1_v1.png,0,-0.7062557553305764,1.2778348261299672
halberd_1_v2.png,0,-1.8476424258430595,1.6476338144290963
halberd_1_v3.png,0,2.3606989272366268,1.2562981762040346
halberd_1_v4.png,0,2.7755451684978483,1.4606166036364392
halberd_1_v5.png,0,-0.6996170147555955,1.3318577983938718
halberd_1_v6.png,0,-2.7978696035036648,1.5194363948083347
halberd_1_v7.png,0,-1.769020780303432,1.5423924894573562
halberd_1_v8.png,0,-0.7178901516667576,1.2635329020777568
halberd_1_v9.png,0,2.3638866598461985,1.5767438923206314
halberd_2_v0.png,0,0.07809270009076918,1.3257506641325254
halberd_2_v1.png,0,-0.9396584193809736,1.268152808642447
halberd_2_v2.png,0,3.104604481662048,1.1520780115039502
halberd_2_v3.png,0,3.0051355336262766,1.1883839218553338
halberd_2_v4.png,0,-2.60832938671508,1.3159183199521833
halberd_2_v5.png,0,1.9476600280379524,1.265282223851935
halberd_2_v6.png,0,2.4707396217307815,1.1613252674704952
halberd_2_v7.png,0,-0.9298642142895099,1.217433473244808
halberd_2_v8.png,0,2.216284512551418,1.18092961223095
halberd_2_v9.png,0,2.5230125327475363,1.40612846969873
halberd_3_v0.png,0,2.062473071134023,1.94981091646496
halberd_3_v1.png,0,-3.083663119777646,1.59428440296382
halberd_3_v2.png,0,-2.2524853245732084,1.6074574880143557
halberd_3_v3.png,0,-0.882290919018673,1.6910094471438337
halberd_3_v4.png,0,-0.9900905382147305,1.4200398552414515
halberd_3_v5.png,0,0.29544551049898615,1.7490576539125255
halberd_3_v6.png,0,2.2815145415961977,1.7446822506370545
halberd_3_v7.png,0,1.5104915550932612,1.5537030215435983
halberd_3_v8.png,0,2.863482840188136,1.5803438403589798
halberd_3_v9.png,0,-0.6475345521730391,1.4471069762413427
halberd_4_v0.png,0,2.890344793152354,1.327784728855725
halberd_4_v1.png,0,0.31770330611170383,1.298487443229517
halberd_4_v2.png,0,0.9028969849355697,1.0623871774571754
halberd_4_v3.png,0,0.3432101914247667,1.3967676199470538
halberd_4_v4.png,0,0.2964149885331171,1.2834384818795954
halberd_4_v5.png,0,1.4015402680794438,1.1434452062430214
halberd_4_v6.png,0,0.3515691147501103,1.3908729047166457
halberd_4_v7.png,0,1.179158431857143,1.1550472331123134
halberd_4_v8.png,0,1.6062735677532984,1.3941482858808572
halberd_4_v9.png,0,1.0503164386153552,1.1389377068740265
hammer_0_v0.png,0,-0.28539512442655834,1.1504474332923351
hammer_0_v1.png,0,2.7183889052714463,1.4742295697228018
hammer_0_v2.png,0,0.2385006505172773,1.3052740418361537
hammer_0_v3.png,0,0.8286443644211916,1.4672545570437052
hammer_0_v4.png,0,2.920286816758023,1.214330875849126
hammer_0_v5.png,0,1.8912383113756486,1.5391802525708826
hammer_0_v6.png,0,2.9716158899631653,1.200564143038809
hammer_0_v7.png,0,-2.1899940618110723,1.2146679528952304
hammer_0_v8.png,0,0.11064911885998874,1.2751066440255934
hammer_0_v9.png,0,0.2059844313141379,1.4757618912959454
hammer_1_v0.png,0,-3.129386107033013,1.193929040577713
hammer_1_v1.png,0,-2.263598401462494,1.4637443105585781
hammer_1_v2.png,0,1.453514967335758,1.429639522383275
hammer_1_v3.png,0,-2.556167278906409,1.3286772051175513
hammer_1_v4.png,0,-0.6581944254290129,1.2257248962046976
hammer_1_v5.png,0,2.9393798052960016,1.3790216067790662
hammer_1_v6.png,0,1.132786425133005,1.1869791013706636
hammer_1_v7.png,0,-1.9836116877969547,1.3491555534133017
hammer_1_v8.png,0,1.0247937114003571,1.3791399900177714
hammer_1_v9.png,0,-3.084874995019029,1.1913775323548474
hammer_2_v0.png,0,2.877957025799595,1.5985798677680612
hammer_2_v1.png,0,-2.344622384973478,1.3218158395760242
hammer_2_v2.png,0,-1.0614354616994262,1.7505392195764162
hammer_2_v3.png,0,0.675288386022894,1.2906693049979021
hammer_2_v4.png,0,2.394397171595819,1.7250869722878648
hammer_2_v5.png,0,-3.0677999404066396,1.782987792052363
hammer_2_v6.png,0,-2.6749860530955374,1.349431813411046
hammer_2_v7.png,0,1.6418291485249028,1.5109382674447003
hammer_2_v8.png,0,-0.18613964939611372,1.739043434560671
hammer_2_v9.png,0,1.7709366920267364,1.3797663887854685
hammer_3_v0.png,0,0.23820665114056833,1.2688188308571073
hammer_3_v1.png,0,2.3297995784827266,1.533370553282143
hammer_3_v2.png,0,0.5173293465958484,1.3882827376085145
hammer_3_v3.png,0,-0.08404516214171215,1.380213008681726
hammer_3_v4.png,0,-1.1695875078842912,1.5534272538280676
hammer_3_v5.png,0,-0.8686646395136355,1.6338618548628392
hammer_3_v6.png,0,-0.024864338290655597,1.6275064393227257
hammer_3_v7.png,0,-1.790169899017381,1.4156251487241533
hammer_3_v8.png,0,-2.8543525117686497,1.2655935283940414
hammer_3_v9.png,0,1.8405463282313772,1.3643380216012302
hammer_4_v0.png,0,1.869694991271879,1.6972137879124896
hammer_4_v1.png,0,3.107537550708267,1.481817031323834
hammer_4_v2.png,0,2.7499642710247763,1.5613760709549036
hammer_4_v3.png,0,-1.4434636846999986,1.7443224951449439
hammer_4_v4.png,0,-2.3498494390291738,1.7870050171627214
hammer_4_v5.png,0,1.9261737595969948,1.784859177038456
hammer_4_v6.png,0,2.6757930948189985,1.388444338780926
hammer_4_v7.png,0,-1.0304500477291598,1.523359041737562
hammer_4_v8.png,0,-0.33853948062187333,1.6350531510376507
hammer_4_v9.png,0,2.864324719608205,1.6213643493855183
hand_axe_1_v0.png,0,-2.624374237740059,1.6705377307409441
hand_axe_1_v1.png,0,1.8714551033125384,1.8013884997949443
hand_axe_1_v2.png,0,-1.2163183498449424,1.5656674287885868
hand_axe_1_v3.png,0,0.5070817777512251,1.6318664074128921
hand_axe_1_v4.png,0,-2.702389924801966,1.8262356143639618
hand_axe_1_v5.png,0,0.3547050803786458,1.7410072405457953
hand_axe_1_v6.png,0,-0.5356648467897979,1.7453050773911136
hand_axe_1_v7.png,0,-2.8965941447994608,1.6258542195789072
hand_axe_1_v8.png,0,2.776785522098054,1.7468692324866817
hand_axe_1_v9.png,0,0.5871975420040871,1.715398128792422
hand_axe_2_v0.png,0,-0.942638750523389,1.613595819701412
hand_axe_2_v1.png,0,-2.560204581356927,1.4470436480884168
hand_axe_2_v2.png,0,2.10739874342027,1.3580180696362256
hand_axe_2_v3.png,0,1.2958422158083633,1.165396904743516
hand_axe_2_v4.png,0,-3.0392089406666827,1.236211080845902
hand_axe_2_v5.png,0,-1.7527570289084276,1.2634134245018755
hand_axe_2_v6.png,0,2.39808999809876,1.546898103728357
hand_axe_2_v7.png,0,-0.8252022856034644,1.4646359244701022
hand_axe_2_v8.png,0,-0.4973352028460978,1.6102160901211984
hand_axe_2_v9.png,0,2.308137931021138,1.2354775060080658
hand_axe_3_v0.png,0,0.5241741992744853,1.3942288461361247
hand_axe_3_v1.png,0,2.1577240968262323,1.5228708505670094
hand_axe_3_v2.png,0,-1.2428432823504707,1.4496525844618475
hand_axe_3_v3.png,0,1.5154176497390666,1.371172629652103
hand_axe_3_v4.png,0,1.818541494081111,1.5128980894574353
hand_axe_3_v5.png,0,1.2194985875787467,1.7380057116492431
hand_axe_3_v6.png,0,1.0598691073739124,1.469846044812396
hand_axe_3_v7.png,0,1.5048899444730612,1.3264576550408178
hand_axe_3_v8.png,0,2.5426528149694168,1.2506605695828161
hand_axe_3_v9.png,0,-0.5692520394502129,1.6885396806435589
hand_axe_4_v0.png,0,-1.517671729205457,1.2392380272859662
hand_axe_4_v1.png,0,-1.7847661519722298,1.0632611651036523
hand_axe_4_v2.png,0,1.3211130593930618,1.3079450480560486
hand_axe_4_v3.png,0,-2.1874101765544514,1.1241551545629882
hand_axe_4_v4.png,0,0.9673601463484542,1.334535723031416
hand_axe_4_v5.png,0,-0.015574977840642212,1.019882553130341
hand_axe_4_v6.png,0,1.6385791657099447,1.298850039105427
hand_axe_4_v7.png,0,-1.68306859739271,1.1125729865419047
hand_axe_4_v8.png,0,2.710634724771504,1.1514332213743343
hand_axe_4_v9.png,0,-0.7080647800967215,1.0833735484722806
harry_potter_wand_0_v0.png,0,2.242764981415166,1.824090441652529
harry_potter_wand_0_v1.png,0,-2.99639046433912,1.7633030646066588
harry_potter_wand_0_v2.png,0,-0.37684690906785834,1.9062690242960567
harry_potter_wand_0_v3.png,0,-1.4918781157854868,1.4981859606085803
harry_potter_wand_0_v4.png,0,2.6514582536451474,1.8336740855091136
harry_potter_wand_0_v5.png,0,-0.8566671548302599,1.5556311998618393
harry_potter_wand_0_v6.png,0,0.23605586471779894,1.9337503386691697
harry_potter_wand_0_v7.png,0,1.0085170874133782,1.733911939897719
harry_potter_wand_0_v8.png,0,1.2763843289762615,1.415480007317415
harry_potter_wand_0_v9.png,0,2.9525771329645805,1.9010354561799967
harry_potter_wand_1_v0.png,0,2.468350096612628,1.5690222726195162
harry_potter_wand_1_v1.png,0,1.2214070242621404,1.6393802693099615
harry_potter_wand_1_v2.png,0,-0.5388274612685977,1.7705727917549812
harry_potter_wand_1_v3.png,0,1.1940079157014567,1.2759368827457909
harry_potter_wand_1_v4.png,0,-1.6054220963911132,1.4712380205858844
harry_potter_wand_1_v5.png,0,2.3455973755154167,1.345507092213608
harry_potter_wand_1_v6.png,0,3.0087615385279873,1.7180140871397696
harry_potter_wand_1_v7.png,0,-0.6219934422787072,1.3164282294839769
harry_potter_wand_1_v8.png,0,1.3536538178860853,1.2654287667706128
harry_potter_wand_1_v9.png,0,-1.7199349216190152,1.2631021860609124
harry_potter_wand_2_v0.png,0,-1.0439006911829642,1.4111149417975837
harry_potter_wand_2_v1.png,0,1.5772344256174204,1.8441497281576393
harry_potter_wand_2_v2.png,0,1.9441135047365068,1.4275620771563988
harry_potter_wand_2_v3.png,0,2.8083104798157894,1.7632147954362747
harry_potter_wand_2_v4.png,0,-1.4367487435528539,1.472288018122696
harry_potter_wand_2_v5.png,0,1.7198835868558768,1.32809786462302
harry_potter_wand_2_v6.png,0,3.1376627907002463,1.5448051076668838
harry_potter_wand_2_v7.png,0,2.8447403633141315,1.7698180309710378
harry_potter_wand_2_v8.png,0,0.6767137869871005,1.538489932642436
harry_potter_wand_2_v9.png,0,2.36825212610088,1.658651287069716
harry_potter_wand_3_v0.png,0,-1.1095325315259683,1.8726167357539572
harry_potter_wand_3_v1.png,0,1.0822612918731103,1.7475365884615917
harry_potter_wand_3_v2.png,0,2.2913772805611883,1.6639089306739163
harry_potter_wand_3_v3.png,0,1.6236805540168107,1.5560551955699315
harry_potter_wand_3_v4.png,0,0.4714018720368156,1.5748689843212402
harry_potter_wand_3_v5.png,0,2.42143764289869,1.7161779136647632
harry_potter_wand_3_v6.png,0,1.4011387766614594,2.1056583291509
harry_potter_wand_3_v7.png,0,0.5454497717573659,1.9066863946161314
harry_potter_wand_3_v8.png,0,-2.426958494364509,1.7447298652851253
harry_potter_wand_3_v9.png,0,-2.431917346035268,1.9031916245041205
harry_potter_wand_4_v0.png,0,-0.4722551013155195,1.3190119838679215
harry_potter_wand_4_v1.png,0,-2.905355928544436,1.376983746281233
harry_potter_wand_4_v2.png,0,-2.004874248696752,1.293559909130382
harry_potter_wand_4_v3.png,0,2.397154712301881,1.5991554665449539
harry_potter_wand_4_v4.png,0,-1.597085348215648,1.349312311692053
harry_potter_wand_4_v5.png,0,-1.7682088175634851,1.3340756072729916
harry_potter_wand_4_v6.png,0,-0.4218416743303589,1.2774119694410095
harry_potter_wand_4_v7.png,0,-0.7904511693592463,1.563130294917893
harry_potter_wand_4_v8.png,0,-2.904511322324317,1.3031410964279955
harry_potter_wand_4_v9.png,0,0.21896281043235366,1.4029212885432925
hoe_0_v0.png,0,1.170519343897357,1.325202182020548
hoe_0_v1.png,0,-1.5651657715118388,1.411699973038361
hoe_0_v2.png,0,1.7298142069420455,1.3697439439771144
hoe_0_v3.png,0,1.4259358418806136,1.4284384780743606
hoe_0_v4.png,0,0.4577118723110646,1.292383472295302
hoe_0_v5.png,0,2.5111079132780953,1.4283097503385915
hoe_0_v6.png,0,0.3162219540061374,1.4681191050423192
hoe_0_v7.png,0,-0.15319374782231354,1.5279625136119273
hoe_0_v8.png,0,-2.474204012598112,1.6375692435958726
hoe_0_v9.png,0,-1.9710922563562776,1.606527947781415
hoe_1_v0.png,0,-2.3039291414156216,1.761299341002316
hoe_1_v1.png,0,0.1129446545801217,1.6904942043992746
hoe_1_v2.png,0,2.1689076190075793,1.565854816411202
hoe_1_v3.png,0,-0.32948638776475925,1.4814336654452671
hoe_1_v4.png,0,-1.9335827247860604,1.588269233457472
hoe_1_v5.png,0,1.6087949524900995,1.6451648013671234
hoe_1_v6.png,0,3.0272741861722903,1.824696068059807
hoe_1_v7.png,0,-2.5682841386385173,1.974766708047203
hoe_1_v8.png,0,-1.7103394894084367,1.4574904512114295
hoe_1_v9.png,0,2.5897501806490117,1.5763299388696626
hoe_2_v0.png,0,-1.8708583324616286,1.6774177085092206
hoe_2_v1.png,0,2.8123143886239985,1.2689777975928116
hoe_2_v2.png,0,-0.7078878657543655,1.650852035585713
hoe_2_v3.png,0,-0.23198252201771186,1.3613632903126642
hoe_2_v4.png,0,-0.7273496391188761,1.2624335322695661
hoe_2_v5.png,0,-2.9437638359725185,1.6117098835709007
hoe_2_v6.png,0,1.1731469566722799,1.2405278134470312
hoe_2_v7.png,0,-0.5576744421140882,1.5215249758784792
hoe_2_v8.png,0,2.231217937861965,1.3001572249343687
hoe_2_v9.png,0,-2.558210878384123,1.5595040428597928
hoe_3_v0.png,0,-0.0801564330932601,1.2133276324551288
hoe_3_v1.png,0,0.4468502256337812,1.3751648621077615
hoe_3_v2.png,0,0.8716582989714946,1.3797574386781961
hoe_3_v3.png,0,-1.1434560106906289,1.3166301300063694
hoe_3_v4.png,0,-0.47833460410048695,1.518382499451652
hoe_3_v5.png,0,-2.3835611244997095,1.3279647542849462
hoe_3_v6.png,0,-2.286080507455863,1.377091579220208
hoe_3_v7.png,0,-2.487889463747322,1.4538065371575755
hoe_3_v8.png,0,2.9341350974884755,1.2623657441407259
hoe_3_v9.png,0,-3.0955735384246448,1.3195368926280415
hoe_4_v0.png,0,-0.21487416359587608,1.2193847846262622
hoe_4_v1.png,0,-0.71723701694135,1.71042161556979
hoe_4_v2.png,0,-2.9608433768616527,1.6149436123680145
hoe_4_v3.png,0,2.6368234337867555,1.4440543172967122
hoe_4_v4.png,0,3.02694484030949,1.2133441198090646
hoe_4_v5.png,0,-3.0614898222373084,1.5175222488064515
hoe_4_v6.png,0,-1.3653331733276426,1.2137449813678622
hoe_4_v7.png,0,2.5490243587241883,1.2608940565721083
hoe_4_v8.png,0,-0.6341210549595095,1.3066004046354736
hoe_4_v9.png,0,-1.7378789851315473,1.288585248378956
ice_pick_0_v0.png,0,-0.204753262440726,1.6747947033328352
ice_pick_0_v1.png,0,-2.4900423924028745,1.728644289410462
ice_pick_0_v2.png,0,0.9996394492521784,1.760397266084514
ice_pick_0_v3.png,0,0.8907292690197847,1.5807522993749046
ice_pick_0_v4.png,0,-2.7303983595538193,1.7003381827136634
ice_pick_0_v5.png,0,2.0239950889539333,1.779088478682165
ice_pick_0_v6.png,0,-0.001642819138941265,1.411109417103528
ice_pick_0_v7.png,0,-0.8396069711099227,1.6797697797509468
ice_pick_0_v8.png,0,-0.36221281071298744,1.4293624482212166
ice_pick_0_v9.png,0,2.6381739596970433,1.6490679906120527
ice_pick_1_v0.png,0,0.7586715585496374,1.3593450851334508
ice_pick_1_v1.png,0,-1.189272631260483,1.2665585291101105
ice_pick_1_v2.png,0,-0.6288597531644735,1.1790567236493554
ice_pick_1_v3.png,0,2.202226561787089,1.3279943228175572
ice_pick_1_v4.png,0,0.8721824259891885,1.152918033594176
ice_pick_1_v5.png,0,-0.42472504748022427,1.2248898632101355
ice_pick_1_v6.png,0,1.1149196020322298,1.3389961575739506
ice_pick_1_v7.png,0,0.9275306287118489,1.1704808949467087
ice_pick_1_v8.png,0,-2.576225082393965,1.1944906757715206
ice_pick_1_v9.png,0,2.6330203294770236,1.4955683830145374
ice_pick_2_v0.png,0,-2.3091402809466786,1.472047425366997
ice_pick_2_v1.png,0,1.6796574063944327,1.5180879918862107
ice_pick_2_v2.png,0,-2.2755023796235028,1.5382694146420208
ice_pick_2_v3.png,0,2.9434232387295785,1.4069210040672497
ice_pick_2_v4.png,0,2.2997842235869888,1.8003087318041238
ice_pick_2_v5.png,0,-0.6578587413257425,1.5376218506139325
ice_pick_2_v6.png,0,1.2577719538888072,1.717769133861278
ice_pick_2_v7.png,0,1.532501733470619,1.6165815892537678
ice_pick_2_v8.png,0,-0.053263256512318224,1.4901882679841927
ice_pick_2_v9.png,0,-0.43630554233647234,1.4299245119802746
ice_pick_3_v0.png,0,0.1279498726997037,1.685770838933283
ice_pick_3_v1.png,0,-1.8980772449722136,1.7735777861751485
ice_pick_3_v2.png,0,1.771852133055656,1.3608373966372187
ice_pick_3_v3.png,0,-2.5789103088248657,1.7345118615638142
ice_pick_3_v4.png,0,-1.621916390255437,1.6810773996264188
ice_pick_3_v5.png,0,-2.0604496187817407,1.6593950192024973
ice_pick_3_v6.png,0,-1.8134981204832699,1.3705062812661621
ice_pick_3_v7.png,0,0.5630460462826488,1.4643426275941862
ice_pick_3_v8.png,0,1.8060703423601903,1.7308002819171122
ice_pick_3_v9.png,0,1.7402199090204948,1.6338665900162597
ice_pick_4_v0.png,0,1.99059164593081,1.2604834841402837
ice_pick_4_v1.png,0,-1.7845968346978847,1.5517461038018245
ice_pick_4_v2.png,0,-1.5803554073432717,1.4063572345426791
ice_pick_4_v3.png,0,1.5045500385359984,1.6244851898256218
ice_pick_4_v4.png,0,1.5059360951387775,1.4261256417284731
ice_pick_4_v5.png,0,0.538619799178422,1.7545455224952005
ice_pick_4_v6.png,0,2.477048991852303,1.7263943461572353
ice_pick_4_v7.png,0,1.4157107896529229,1.7628544138954416
ice_pick_4_v8.png,0,0.834989337812385,1.3466686987770162
ice_pick_4_v9.png,0,-0.36602214917813014,1.3178605034576378
infinity_katana_0_v0.png,0,2.061966946132485,1.9469470205076376
infinity_katana_0_v1.png,0,2.9499327359734613,1.9705590126571133
infinity_katana_0_v2.png,0,-2.7523998494878748,1.7762621419134685
infinity_katana_0_v3.png,0,-0.19622632142025687,1.5324788420433797
infinity_katana_0_v4.png,0,1.1591897674288978,1.5926716953219906
infinity_katana_0_v5.png,0,0.6148718033074765,1.6247186885939533
infinity_katana_0_v6.png,0,1.0638830977252862,1.7066517138435537
infinity_katana_0_v7.png,0,-0.6086901768424378,1.6942840359555447
infinity_katana_0_v8.png,0,1.286527772435659,1.7666331239627615
infinity_katana_0_v9.png,0,0.7162923452211816,1.9602876692631983
infinity_katana_1_v0.png,0,2.2071080540178514,1.8790996411237917
infinity_katana_1_v1.png,0,2.9816663875345366,1.7166634214891316
infinity_katana_1_v2.png,0,-3.0174943094258904,1.500112291147391
infinity_katana_1_v3.png,0,0.7158165636008746,1.865640363322627
infinity_katana_1_v4.png,0,-0.03045102708049008,1.9869577183820655
infinity_katana_1_v5.png,0,2.1754502120988155,1.525364347156689
infinity_katana_1_v6.png,0,-1.6654225138875298,1.5551179733807179
infinity_katana_1_v7.png,0,2.4471074501658485,1.4200918108022997
infinity_katana_1_v8.png,0,-3.010249167541705,1.4160815115056786
infinity_katana_1_v9.png,0,2.802261037516172,1.9447739829545163
infinity_katana_2_v0.png,0,-0.2994720352306066,1.5863617909328587
infinity_katana_2_v1.png,0,-1.0455809272476584,1.4191593394943762
infinity_katana_2_v2.png,0,-2.6595836927465246,1.4937891183386285
infinity_katana_2_v3.png,0,-0.9496330112962612,1.6564742621410606
infinity_katana_2_v4.png,0,-0.07860903496547067,1.5354125498964808
infinity_katana_2_v5.png,0,-1.1455605450966013,1.6464639095776314
infinity_katana_2_v6.png,0,-2.2453746564946053,1.655807954764681
infinity_katana_2_v7.png,0,0.31497830805874827,1.8962942840952732
infinity_katana_2_v8.png,0,-2.343177691902895,1.6915326264383828
infinity_katana_2_v9.png,0,0.07700157669980712,1.4492938152453934
infinity_katana_3_v0.png,0,2.7831384445793197,1.6397330321713735
infinity_katana_3_v1.png,0,-2.488538894308075,1.837948739955195
infinity_katana_3_v2.png,0,-2.6321706648962158,1.6300609822987935
infinity_katana_3_v3.png,0,0.463825016041266,1.4239086485596355
infinity_katana_3_v4.png,0,1.5970032553497209,1.436169492611799
infinity_katana_3_v5.png,0,-2.398138675633546,1.6843803061125135
infinity_katana_3_v6.png,0,-1.9984336148019903,1.7466536934962689
infinity_katana_3_v7.png,0,-1.2372338670086682,1.3684951937029117
infinity_katana_3_v8.png,0,0.17980198632309463,1.5364926501535636
infinity_katana_3_v9.png,0,1.455899023204724,1.4271779646268092
infinity_katana_4_v0.png,0,0.03312956382477772,1.5539882276452681
infinity_katana_4_v1.png,0,1.4710927310085262,1.9691618888747044
infinity_katana_4_v2.png,0,-2.6065350533884413,1.7353484316318746
infinity_katana_4_v3.png,0,1.3193564737099992,1.8326780253855472
infinity_katana_4_v4.png,0,0.3251886582782273,1.5170393236781134
infinity_katana_4_v5.png,0,0.9373097275435978,1.9227689197616809
infinity_katana_4_v6.png,0,2.1348991291585806,1.8036296732773038
infinity_katana_4_v7.png,0,1.6318021225113197,1.4356650593075606
infinity_katana_4_v8.png,0,0.9747535670334528,1.9046787613073042
infinity_katana_4_v9.png,0,0.08439838190517257,1.6722373878230667
jade_katana_1_v0.png,0,2.9317284922438818,1.7232812396923705
jade_katana_1_v1.png,0,-2.4585443561932374,1.48934268033419
jade_katana_1_v2.png,0,1.0314488539952427,1.47911738098104
jade_katana_1_v3.png,0,0.770973094489575,1.7801652232278289
jade_katana_1_v4.png,0,0.23551534487532155,1.5659866382966308
jade_katana_1_v5.png,0,-1.7306897266464412,1.9430915534862467
jade_katana_1_v6.png,0,1.9109142546630418,1.9425551448087892
jade_katana_1_v7.png,0,1.4778712278932717,1.424309742844577
jade_katana_1_v8.png,0,0.19530903045694537,1.5507127658707842
jade_katana_1_v9.png,0,-0.7181388855836124,1.7754187877578391
jade_katana_2_v0.png,0,0.5338059859559543,1.908526660221513
jade_katana_2_v1.png,0,-0.9764774592663983,1.5083762514917745
jade_katana_2_v2.png,0,0.7711116124966138,1.7536930704820035
jade_katana_2_v3.png,0,0.9828310415070236,1.9256272740125957
jade_katana_2_v4.png,0,-0.6958565008057667,1.6601852116955207
jade_katana_2_v5.png,0,-0.30742438280285356,1.6246066836922057
jade_katana_2_v6.png,0,-0.08418335309731617,1.8854410216896096
jade_katana_2_v7.png,0,-1.5553636564245625,1.866021096601431
jade_katana_2_v8.png,0,-1.4031994777059138,1.8998909155681756
jade_katana_2_v9.png,0,-0.5336983040907723,1.6572462171383149
jade_katana_3_v0.png,0,1.4613816869590215,1.7287840412970854
jade_katana_3_v1.png,0,-2.701354025460592,1.378965632950301
jade_katana_3_v2.png,0,2.1841430773167287,1.529223224007312
jade_katana_3_v3.png,0,2.8000414208625677,1.3875270808739524
jade_katana_3_v4.png,0,-3.0645197845812833,1.591931563591815
jade_katana_3_v5.png,0,1.3703633805505042,1.542201495945068
jade_katana_3_v6.png,0,-3.1195629033282173,1.6122522469530622
jade_katana_3_v7.png,0,-0.17389263171336644,1.5753245946005012
jade_katana_3_v8.png,0,-2.383585418023114,1.5023154433936972
jade_katana_3_v9.png,0,-1.8057518834528472,1.5998179468416602
jade_katana_4_v0.png,0,3.0934057281524185,1.5090989434003055
jade_katana_4_v1.png,0,-1.9821073820309172,1.9034464296216957
jade_katana_4_v2.png,0,-1.3629134689340776,1.8003229174420305
jade_katana_4_v3.png,0,1.0952013440770791,1.5872630741960334
jade_katana_4_v4.png,0,2.460444710751003,1.832396393004907
jade_katana_4_v5.png,0,0.7778854779696989,1.5943809618420912
jade_katana_4_v6.png,0,2.073746263803132,1.3676809041657052
jade_katana_4_v7.png,0,1.1731449631831667,1.5522441953547264
jade_katana_4_v8.png,0,2.697383911066251,1.3753658280823131
jade_katana_4_v9.png,0,2.5015638813351346,1.416990991033667
katana_0_v0.png,0,0.7941070784924555,1.5523583299949753
katana_0_v1.png,0,-2.667024082699888,1.4296442474641398
katana_0_v2.png,0,-0.05534121302901607,1.8891157888018364
katana_0_v3.png,0,-0.02261660363907847,1.56893991223689
katana_0_v4.png,0,2.9886687153866096,1.9492349291725692
katana_0_v5.png,0,-1.8818455481066643,1.556517232897948
katana_0_v6.png,0,-0.6390932099636819,1.5260864217872219
katana_0_v7.png,0,-0.5906169328864213,1.983508800016783
katana_0_v8.png,0,0.894295049063726,1.930355079197907
katana_0_v9.png,0,2.258365864736237,1.517904940956634
katana_1_v0.png,0,1.2759647328054218,1.5118774859853066
katana_1_v1.png,0,0.7238253048049792,1.6202098322816192
katana_1_v2.png,0,1.9424250224538193,1.7997200688678885
katana_1_v3.png,0,-1.5916212834635082,1.6863484108720272
katana_1_v4.png,0,-2.7567706304426003,1.7225097089927877
katana_1_v5.png,0,1.5884724788071338,1.3502738438954025
katana_1_v6.png,0,1.1482051536576545,1.550239016405859
katana_1_v7.png,0,1.2944799020727364,1.7416252632388924
katana_1_v8.png,0,-1.100755382660993,1.5402625003726704
katana_1_v9.png,0,2.7612510021556553,1.528241936621612
katana_2_v0.png,0,1.2866111977100765,1.8681246317413425
katana_2_v1.png,0,0.6549622860495363,1.385713121530919
katana_2_v2.png,0,-0.28282374517766495,1.772662654227184
katana_2_v3.png,0,-1.2493794861518022,1.6385281032929218
katana_2_v4.png,0,0.9337301379752976,1.5247196242302112
katana_2_v5.png,0,1.967726507955101,1.522475316609724
katana_2_v6.png,0,0.45144130274880556,1.8417268287358681
katana_2_v7.png,0,2.5192775492257846,1.4518382330319486
katana_2_v8.png,0,-0.8046622937042209,1.3933895287251807
katana_2_v9.png,0,0.8840116439051524,1.561058125844619
katana_3_v0.png,0,-2.524386808399828,1.4489462730699427
katana_3_v1.png,0,2.781343252031984,1.5073519410811298
katana_3_v2.png,0,2.126647388851027,1.7307696051322183
katana_3_v3.png,0,-2.4129068946206473,1.4710148251643624
katana_3_v4.png,0,1.3548269896406158,1.4283811585579829
katana_3_v5.png,0,2.213884406417632,1.4476861649755257
katana_3_v6.png,0,1.2776333078126676,1.3364223999730813
katana_3_v7.png,0,-2.5068370323508624,1.3238496488416023
katana_3_v8.png,0,2.8340394991817472,1.4599278027450155
katana_3_v9.png,0,0.8239885690717843,1.6065685984536047
keyblade_0_v0.png,0,-2.2528429385571584,1.5307366058770784
keyblade_0_v1.png,0,0.6757671881003162,1.375165386063258
keyblade_0_v2.png,0,-1.8201769167539612,1.7406413532390954
keyblade_0_v3.png,0,-2.211823971585929,1.4614045655116223
keyblade_0_v4.png,0,2.5832991187075582,1.3796237154135276
keyblade_0_v5.png,0,-1.7986912666221726,1.5631197231321814
keyblade_0_v6.png,0,-1.381532655856927,1.740397118471436
keyblade_0_v7.png,0,-0.46051762646899075,1.4451544076566012
keyblade_0_v8.png,0,-2.8661590597845015,1.3871565159708452
keyblade_0_v9.png,0,-0.36867181131783067,1.4206841377965198
keyblade_1_v0.png,0,-1.119504308386789,1.4603575629817207
keyblade_1_v1.png,0,-1.4503417613090717,1.371305916156846
keyblade_1_v2.png,0,-2.3779193660597038,1.3756739658988444
keyblade_1_v3.png,0,-1.5259654389384405,1.2627135850228277
keyblade_1_v4.png,0,1.3793823830648553,1.219181334111868
keyblade_1_v5.png,0,-2.046110392991328,1.393717562348944
keyblade_1_v6.png,0,0.04135563743425141,1.516685614006027
keyblade_1_v7.png,0,1.2808038896028018,1.5952727991300146
keyblade_1_v8.png,0,1.1611621310974984,1.385446249759748
keyblade_1_v9.png,0,-0.37349343294949655,1.269878004088784
keyblade_2_v0.png,0,1.067952811784827,1.4695514555613924
keyblade_2_v1.png,0,-2.3349057932964055,1.4993712165577762
keyblade_2_v2.png,0,-0.4353302164513583,1.5760116439544014
keyblade_2_v3.png,0,0.8371317465200573,1.889279591352266
keyblade_2_v4.png,0,-2.6958902101501234,1.40588571272299
keyblade_2_v5.png,0,1.258343420726002,1.5195896267469677
keyblade_2_v6.png,0,0.8447574873429234,1.5868352309809792
keyblade_2_v7.png,0,2.143100261857165,1.678962861764234
keyblade_2_v8.png,0,-1.7578181533570918,1.5707467184614452
keyblade_2_v9.png,0,-2.408389135658453,1.9958558849427286
keyblade_3_v0.png,0,-1.6962379089233623,1.415098163314619
keyblade_3_v1.png,0,-1.459374621661143,1.5010627700356232
keyblade_3_v2.png,0,1.7855372731320358,1.3196813889258756
keyblade_3_v3.png,0,-2.8097844147038282,1.6303604826852052
keyblade_3_v4.png,0,2.440093467588118,1.3477353264004002
keyblade_3_v5.png,0,-2.989258136060063,1.2720112907347998
keyblade_3_v6.png,0,-2.1452189727272826,1.5462149206976434
keyblade_3_v7.png,0,0.9890856482567107,1.2763488807104926
keyblade_3_v8.png,0,0.3669907319475163,1.2669557223259242
keyblade_3_v9.png,0,-1.6673035515687058,1.3316874550002145
keyblade_4_v0.png,0,0.389041674139049,1.8679035881339858
keyblade_4_v1.png,0,-2.413436520478217,1.6790213612849316
keyblade_4_v2.png,0,-2.0415876556281862,1.9103051358264096
keyblade_4_v3.png,0,2.3943550481931313,1.8409259719771283
keyblade_4_v4.png,0,0.8164766078608143,1.5468639986969002
keyblade_4_v5.png,0,-2.612731583204549,1.9795449285425013
keyblade_4_v6.png,0,-0.8421357086049035,1.7455028506231578
keyblade_4_v7.png,0,-2.1229450465698445,1.658326623307766
keyblade_4_v8.png,0,-2.7166310542671726,1.7104039108938858
keyblade_4_v9.png,0,2.810163775862322,1.5159050241854104
kopesh_1_v0.png,0,-0.4246717608303867,1.5928410421412886
kopesh_1_v1.png,0,2.563177644292789,1.743052879095351
kopesh_1_v2.png,0,0.23429217992494422,1.6477855692947978
kopesh_1_v3.png,0,0.7518403769920712,1.562594510958996
kopesh_1_v4.png,0,1.3583080574348472,1.732872687121881
kopesh_1_v5.png,0,2.8761312177944127,1.4874654660555964
kopesh_1_v6.png,0,1.844907670980923,1.6519087729753477
kopesh_1_v7.png,0,-2.502550498352658,1.411552160570039
kopesh_1_v8.png,0,3.0057004397400218,1.458055149492379
kopesh_1_v9.png,0,-2.8535588334808,1.456824911549041
kopesh_2_v0.png,0,-0.8534978578226764,1.4907816001810223
kopesh_2_v1.png,0,-0.40757928747945904,1.7119141837408505
kopesh_2_v2.png,0,-2.054528844729769,1.4435349811461797
kopesh_2_v3.png,0,2.662455964265255,1.426216573389482
kopesh_2_v4.png,0,2.694231239957697,1.739348014057297
kopesh_2_v5.png,0,2.4461314593708052,1.7354215842102407
kopesh_2_v6.png,0,-2.9203883795030676,1.6903104414074737
kopesh_2_v7.png,0,1.9701089810933787,1.4020921478715687
kopesh_2_v8.png,0,1.112340556563729,1.5433146356981
kopesh_2_v9.png,0,1.8601588719255622,1.5413968829612807
kopesh_3_v0.png,0,0.9139344488540733,1.496391060319976
kopesh_3_v1.png,0,-0.5312366144805392,1.809972971834732
kopesh_3_v2.png,0,-0.35974150346337197,1.8048479084982805
kopesh_3_v3.png,0,1.2714123872851646,1.8844385154053511
kopesh_3_v4.png,0,2.1489227806003415,2.002712915036178
kopesh_3_v5.png,0,2.050912521399283,2.071190582992348
kopesh_3_v6.png,0,2.24722366285732,1.498126440438804
kopesh_3_v7.png,0,1.4516974175904327,1.5488913438813707
kopesh_3_v8.png,0,2.0733742112167004,1.7814457284424556
kopesh_3_v9.png,0,-1.2381223837131352,2.045579256091217
kopesh_4_v0.png,0,1.9515811818301332,1.5894693148469772
kopesh_4_v1.png,0,-3.073180561679529,1.3844540870711668
kopesh_4_v2.png,0,2.1579200536316723,1.3197235940225147
kopesh_4_v3.png,0,-2.4947582411324194,1.3197445150425742
kopesh_4_v4.png,0,2.580673385277783,1.3383456464518935
kopesh_4_v5.png,0,2.750058909821618,1.6075830381069207
kopesh_4_v6.png,0,-2.0290129193707824,1.4614974141965422
kopesh_4_v7.png,0,0.31974752134766504,1.3664600302096868
kopesh_4_v8.png,0,-1.2407308143274949,1.764133622560139
kopesh_4_v9.png,0,1.7446843886913372,1.6064100876928944
kukri_0_v0.png,0,-0.24788013023457767,1.7155094792977263
kukri_0_v1.png,0,2.2381271969041627,1.8869731698013748
kukri_0_v2.png,0,-0.44356844569934095,1.47302681015684
kukri_0_v3.png,0,-3.056506435036936,1.5029777780697373
kukri_0_v4.png,0,0.5660639021639782,1.4214262509051403
kukri_0_v5.png,0,2.0952916069560166,1.6649859449936961
kukri_0_v6.png,0,-1.625840216650146,1.5089660862469598
kukri_0_v7.png,0,-0.7215928421475963,1.8212661114216773
kukri_0_v8.png,0,-0.9419240789169461,1.5267082853920708
kukri_0_v9.png,0,2.608387381067272,1.8586628921610577
kukri_2_v0.png,0,3.0958674510799358,1.5335311636946845
kukri_2_v1.png,0,2.7186841885765984,1.498888632896246
kukri_2_v2.png,0,-3.0618293009315916,1.5872497749022116
kukri_2_v3.png,0,-1.9429352993228193,1.6402258062420862
kukri_2_v4.png,0,-1.7917414681409003,1.96407980461145
kukri_2_v5.png,0,-2.587321236166267,1.4469966840077382
kukri_2_v6.png,0,-1.8723458678755174,1.8024288810890605
kukri_2_v7.png,0,-0.01320304346743617,1.6738847215017987
kukri_2_v8.png,0,-0.4054898010225698,1.6140683698001572
kukri_2_v9.png,0,-1.3360894347048209,1.6433762258227789
kukri_3_v0.png,0,-0.32735963902856036,1.125881032842854
kukri_3_v1.png,0,-0.6421668247230239,1.0209727267916406
kukri_3_v2.png,0,2.944675280977926,1.0522408956237321
kukri_3_v3.png,0,-2.059970343249525,1.0325108553442202
kukri_3_v4.png,0,-1.8765621691795569,1.0005902077004007
kukri_3_v5.png,0,1.6087786156858837,1.3261685129308494
kukri_3_v6.png,0,1.8099226716005052,1.3488332937025391
kukri_3_v7.png,0,2.535613241980609,1.192394613024733
kukri_3_v8.png,0,0.9706144011968677,1.0384706141061477
kukri_3_v9.png,0,2.3054737748963237,1.0176056462413077
kukri_4_v0.png,0,-0.43506174324678826,1.6147848398703424
kukri_4_v1.png,0,0.8475000114641074,1.5214261858378777
kukri_4_v2.png,0,-1.6976975331702366,1.6638227960398024
kukri_4_v3.png,0,0.973800711770276,2.0239462956308727
kukri_4_v4.png,0,0.7248293331123792,1.9858520126301789
kukri_4_v5.png,0,2.9926960879363693,1.6485977885178693
kukri_4_v6.png,0,-3.0624654812345455,1.6353308949550602
kukri_4_v7.png,0,-1.8268654537905293,2.033279252394257
kukri_4_v8.png,0,1.945099534039998,1.7860973079153395
kukri_4_v9.png,0,-2.775984474565252,2.0505560456456413
leviathan_axe_0_v0.png,0,-1.8542023070580504,1.5208654891791877
leviathan_axe_0_v1.png,0,-2.100117016474898,1.3130730841383371
leviathan_axe_0_v2.png,0,-0.10158746400083551,1.3769715714341906
leviathan_axe_0_v3.png,0,-2.2243141540464486,1.5558025004310505
leviathan_axe_0_v4.png,0,-2.5285422296076763,1.3424952915071633
leviathan_axe_0_v5.png,0,-2.9695689163212964,1.6219291710139394
leviathan_axe_0_v6.png,0,0.8174575659770723,1.3956454371655378
leviathan_axe_0_v7.png,0,2.7128583617585176,1.2745375249608941
leviathan_axe_0_v8.png,0,-1.1733346917829168,1.2502634935289703
leviathan_axe_0_v9.png,0,-2.933009561327937,1.2083771447514478
leviathan_axe_1_v0.png,0,0.3725892344660502,1.2213593636623117
leviathan_axe_1_v1.png,0,1.327300257147007,1.1077123898153245
leviathan_axe_1_v2.png,0,1.7178043479255696,1.416385205526084
leviathan_axe_1_v3.png,0,0.4560259623238938,1.1229620287676605
leviathan_axe_1_v4.png,0,0.6734101306482402,1.4468462637528219
leviathan_axe_1_v5.png,0,1.3981143449062794,1.133748837760539
leviathan_axe_1_v6.png,0,0.2972898615829487,1.2349107438943696
leviathan_axe_1_v7.png,0,0.5988736323998187,1.3942600633812305
leviathan_axe_1_v8.png,0,-0.17474411092882725,1.2944467138380988
leviathan_axe_1_v9.png,0,-2.3339851292063027,1.3737619422107283
leviathan_axe_2_v0.png,0,1.7702886100170412,1.7461920030823648
leviathan_axe_2_v1.png,0,0.44430873797495685,1.5788365809673477
leviathan_axe_2_v2.png,0,-0.3830745874236503,1.7392506802340195
leviathan_axe_2_v3.png,0,2.769442744026835,1.4678531132894883
leviathan_axe_2_v4.png,0,1.8629769328500085,1.5578976231196726
leviathan_axe_2_v5.png,0,0.7740183928888527,1.72679837762989
leviathan_axe_2_v6.png,0,3.0596543058306684,1.6526333380812233
leviathan_axe_2_v7.png,0,-0.1558236833275659,1.7256219677810756
leviathan_axe_2_v8.png,0,-0.8165033242815181,1.6461789676333445
leviathan_axe_2_v9.png,0,-2.10926086298506,1.6920317636316173
leviathan_axe_3_v0.png,0,-0.16331188837507304,1.3938746209035253
leviathan_axe_3_v1.png,0,2.207947019964674,1.0657516330254162
leviathan_axe_3_v2.png,0,-1.7861640965051038,1.1865650865489532
leviathan_axe_3_v3.png,0,-0.2294468688066913,1.1793392777740854
leviathan_axe_3_v4.png,0,1.9892845215607822,1.2780568306444668
leviathan_axe_3_v5.png,0,1.0111900015037705,1.136933665700821
leviathan_axe_3_v6.png,0,1.554752118356431,1.1156292201358424
leviathan_axe_3_v7.png,0,0.19000806834853,1.3421894801908956
leviathan_axe_3_v8.png,0,2.752826014561012,1.0712098864876702
leviathan_axe_3_v9.png,0,-0.844299283273153,1.3205937965384325
lightsaber_0_v0.png,0,1.362955902291296,1.8332597227779763
lightsaber_0_v1.png,0,-0.478352544541516,1.502772525025817
lightsaber_0_v2.png,0,-1.8204673324500362,1.7826233377321314
lightsaber_0_v3.png,0,-1.3421050326826292,1.6800135858254706
lightsaber_0_v4.png,0,2.0235579886523762,1.4965129079320079
lightsaber_0_v5.png,0,1.8661700332214406,1.5662443737651406
lightsaber_0_v6.png,0,-1.6555296306599567,1.7527490848739378
lightsaber_0_v7.png,0,-2.4237371819958744,1.965055968850385
lightsaber_0_v8.png,0,-2.4171468033389196,1.4004638191533751
lightsaber_0_v9.png,0,2.6895279830030625,1.710064216459919
lightsaber_1_v0.png,0,-0.5862928033655272,1.8508715335700174
lightsaber_1_v1.png,0,-2.202576342345953,1.4893427972546307
lightsaber_1_v2.png,0,-0.8889158807086623,1.8162522618055224
lightsaber_1_v3.png,0,-2.3890316221241252,1.8007182035738871
lightsaber_1_v4.png,0,-1.5780666901094431,1.596692755881771
lightsaber_1_v5.png,0,-0.9109975540504109,1.4452351899692997
lightsaber_1_v6.png,0,-1.3310833949866927,1.8834147122375242
lightsaber_1_v7.png,0,-0.3184060889120315,1.7582804593504393
lightsaber_1_v8.png,0,1.6058136560052643,1.686487459718651
lightsaber_1_v9.png,0,-2.050123450249366,1.4236196120512825
lightsaber_2_v0.png,0,1.1600391255126965,1.686019167512255
lightsaber_2_v1.png,0,-1.7005919237270724,1.5657492285678238
lightsaber_2_v2.png,0,-1.392494168096329,1.790429613052188
lightsaber_2_v3.png,0,2.8113166411634696,1.3640307924645385
lightsaber_2_v4.png,0,1.0186201587338743,1.6684562761291573
lightsaber_2_v5.png,0,1.6235203299832985,1.9228720928222078
lightsaber_2_v6.png,0,1.4218852698061948,1.5457907653450558
lightsaber_2_v7.png,0,-0.9700926156672796,1.4018861145613701
lightsaber_2_v8.png,0,-1.8164032734214537,1.3951262209338284
lightsaber_2_v9.png,0,-2.252734101894081,1.7502525911608082
lightsaber_3_v0.png,0,-2.482331734336295,1.4288683945973255
lightsaber_3_v1.png,0,0.28941556774485466,1.5305127084088506
lightsaber_3_v2.png,0,-1.2889545520473789,1.624017281629415
lightsaber_3_v3.png,0,-1.9647302891256473,1.3926205030944596
lightsaber_3_v4.png,0,2.247775796982064,1.636338314123474
lightsaber_3_v5.png,0,-2.9758049788337653,1.728596584205493
lightsaber_3_v6.png,0,-1.1300384331843052,1.4583343345277542
lightsaber_3_v7.png,0,0.9136170929835457,1.510413258778918
lightsaber_3_v8.png,0,0.6575169827042566,1.481738397449408
lightsaber_3_v9.png,0,-0.1297567671113744,1.8753329464948967
lightsaber_4_v0.png,0,-1.9510741022176799,1.8316264073076922
lightsaber_4_v1.png,0,0.7616060713334272,1.8143884673135564
lightsaber_4_v2.png,0,-2.995732304906433,1.5877054975020204
lightsaber_4_v3.png,0,0.7762141854428379,1.924868541418908
lightsaber_4_v4.png,0,0.29536654288401554,1.6627579488198592
lightsaber_4_v5.png,0,1.7269267473504772,1.6850455540542766
lightsaber_4_v6.png,0,3.0221293673584304,1.7455427620851545
lightsaber_4_v7.png,0,-1.5456614936732738,2.0778666478623413
lightsaber_4_v8.png,0,0.7057429941305464,1.9304011376477943
lightsaber_4_v9.png,0,1.911120204975231,1.5764029907288106
longbow_1_v0.png,0,0.6853151702194754,1.6493995264404049
longbow_1_v1.png,0,2.1692655755101904,2.0698978785665556
longbow_1_v2.png,0,-0.32237688690646354,1.8000964066154403
longbow_1_v3.png,0,2.6893277602576893,1.5210318164921977
longbow_1_v4.png,0,-1.4394076026225775,1.8342372611356108
longbow_1_v5.png,0,-0.8522045427963236,1.9180177239056315
longbow_1_v6.png,0,-2.253829656858215,1.9526932080837058
longbow_1_v7.png,0,2.563088704582505,1.7466602896582824
longbow_1_v8.png,0,-0.3070323038852251,1.8502237863518063
longbow_1_v9.png,0,1.1357043947645995,1.792637805881419
longbow_2_v0.png,0,2.896343878187004,1.1452828473233252
longbow_2_v1.png,0,-0.6019614940491333,1.3849933343140814
longbow_2_v2.png,0,1.4042525598622972,1.4537591620233024
longbow_2_v3.png,0,-1.634849353583951,1.4145364129391853
longbow_2_v4.png,0,1.9046930865087115,1.224960843284074
longbow_2_v5.png,0,0.8879850191143976,1.1901591984439657
longbow_2_v6.png,0,-1.5838685699852544,1.1475031723804028
longbow_2_v7.png,0,-2.0844186260301854,1.4642950506113754
longbow_2_v8.png,0,-0.3116019426428265,1.1835108859851902
longbow_2_v9.png,0,2.103664381704684,1.2811286508081563
longbow_3_v0.png,0,0.8377232799693083,1.4913494419886577
longbow_3_v1.png,0,-2.9622721372685143,1.6198817054316066
longbow_3_v2.png,0,1.9075571729024354,1.8328215808387356
longbow_3_v3.png,0,0.8655159817676286,1.477355499487284
longbow_3_v4.png,0,3.1250745374313817,1.578538793153013
longbow_3_v5.png,0,0.588064726633006,1.4407123350151063
longbow_3_v6.png,0,-1.0493356196593289,1.502837879999807
longbow_3_v7.png,0,-1.4508502218792807,1.372248955066557
longbow_3_v8.png,0,-2.35989259801192,1.3401366151220542
longbow_3_v9.png,0,1.003564121905456,1.491164208427941
lunar_war_fan_0_v0.png,0,1.940802715663057,1.352643810541922
lunar_war_fan_0_v1.png,0,1.9391636977181403,1.4572909433679062
lunar_war_fan_0_v2.png,0,-1.1127523484490875,1.5319934660656134
lunar_war_fan_0_v3.png,0,-0.5728790666415904,1.2096938678494413
lunar_war_fan_0_v4.png,0,-2.3861038749918486,1.5946342434434793
lunar_war_fan_0_v5.png,0,2.2392217327778217,1.612743721499941
lunar_war_fan_0_v6.png,0,0.948506200635144,1.6091054396964792
lunar_war_fan_0_v7.png,0,0.12716511111633355,1.6059118896676703
lunar_war_fan_0_v8.png,0,2.4424710568905224,1.3724021155824986
lunar_war_fan_0_v9.png,0,3.063784463766505,1.470886860612375
mace_0_v0.png,0,2.0527794464085893,1.584595178823583
mace_0_v1.png,0,2.642942659574425,1.5785078132496382
mace_0_v2.png,0,0.904565031633602,1.3166278677919594
mace_0_v3.png,0,1.767603718545429,1.3665842321458956
mace_0_v4.png,0,-1.9490336352616955,1.4299689417433326
mace_0_v5.png,0,2.2061120861922783,1.3392735405247693
mace_0_v6.png,0,0.9165078722092941,1.6386809900409092
mace_0_v7.png,0,2.1733050465821133,1.7507432915893857
mace_0_v8.png,0,-1.8582082347953692,1.4119219825348372
mace_0_v9.png,0,-0.5009395243466606,1.7797721346165534
mace_1_v0.png,0,-1.2689691220564243,1.5402031628964528
mace_1_v1.png,0,1.5700661347024358,1.6218173125658397
mace_1_v2.png,0,-0.7618292466352181,1.5291206994518458
mace_1_v3.png,0,-0.41786290737027537,1.3796095057130093
mace_1_v4.png,0,-0.20344264109418742,1.3760374594456033
mace_1_v5.png,0,-1.0739071326832825,1.4292811009145132
mace_1_v6.png,0,-0.4708705996620617,1.8267723247378282
mace_1_v7.png,0,-1.3682848565491887,1.702790116814977
mace_1_v8.png,0,-1.7409527963620852,1.3778349041152183
mace_1_v9.png,0,1.3737076242429642,1.43436561270702
mace_2_v0.png,0,1.0593191904256367,1.6963170433255859
mace_2_v1.png,0,2.111435488074843,1.4515545839043524
mace_2_v2.png,0,1.2074447320255741,1.420841796876124
mace_2_v3.png,0,-2.8118333287382846,1.7723757716015958
mace_2_v4.png,0,2.237810904145232,1.7587891944943985
mace_2_v5.png,0,-2.1845417400800535,1.4047114768666475
mace_2_v6.png,0,3.1324117157176836,1.6069400594611774
mace_2_v7.png,0,-1.1951607561502717,1.467129941566427
mace_2_v8.png,0,-2.086438659601572,1.433858202240902
mace_2_v9.png,0,-1.9351100600181388,1.8267032940770942
mace_3_v0.png,0,2.9220552576666794,1.636250096971896
mace_3_v1.png,0,1.2274332608548262,1.6239932888396642
mace_3_v2.png,0,0.3323956293131485,1.8398028383509384
mace_3_v3.png,0,2.382374945461164,1.9384389651516145
mace_3_v4.png,0,2.5610687473550326,1.459389476005974
mace_3_v5.png,0,-0.029146073052178645,2.0202842068839004
mace_3_v6.png,0,0.2998374796225425,1.618248748196095
mace_3_v7.png,0,-0.720138390413947,1.6927879076316823
mace_3_v8.png,0,-1.9403376892193331,1.9412689969047379
mace_3_v9.png,0,2.3034964639354234,2.0543020226719215
mace_4_v0.png,0,-0.6203482339158369,1.7236157223484125
mace_4_v1.png,0,-0.45370285784195763,1.3785536252839803
mace_4_v2.png,0,-2.4321562500738807,1.4756107900364734
mace_4_v3.png,0,-0.6662764193089918,1.3659559447785914
mace_4_v4.png,0,2.802922302043413,1.8103962708031265
mace_4_v5.png,0,-1.0212050467110103,1.4862798711092753
mace_4_v6.png,0,0.8956064438253293,1.6695286988360845
mace_4_v7.png,0,-1.132351004564087,1.5191815568485623
mace_4_v8.png,0,0.7387275605482382,1.5107779405412374
mace_4_v9.png,0,1.2719908027486613,1.4262631481442585
mallet_0_v0.png,0,1.970932116626285,1.4345929821314634
mallet_0_v1.png,0,2.0827457349749774,1.6711411836179344
mallet_0_v2.png,0,2.881889576211392,1.2944514358270989
mallet_0_v3.png,0,1.9088194223505934,1.2639710854087924
mallet_0_v4.png,0,-0.25918507824860454,1.2657641884727338
mallet_0_v5.png,0,-1.752753933733819,1.7094670732041644
mallet_0_v6.png,0,-2.758602563466021,1.39766114266018
mallet_0_v7.png,0,2.954950296294554,1.439650616735493
mallet_0_v8.png,0,-0.41320907647771926,1.6553303569834081
mallet_0_v9.png,0,0.2615739582525737,1.6273707515373341
mallet_1_v0.png,0,-0.021598334877588887,1.6941916561352124
mallet_1_v1.png,0,1.116374796314716,1.7086330750665661
mallet_1_v2.png,0,2.4387431285120775,1.8473502484935838
mallet_1_v3.png,0,-0.5931658990899678,1.7699865739221579
mallet_1_v4.png,0,-2.3343283666018246,2.2520504826525407
mallet_1_v5.png,0,-1.471732459411045,2.0849149237924527
mallet_1_v6.png,0,1.478651784082826,1.8398290464515978
mallet_1_v7.png,0,-1.91753153509653,1.6026532972980716
mallet_1_v8.png,0,1.8888066067415092,1.6776475713318761
mallet_1_v9.png,0,-3.0652752945300747,1.9443792110268112
mallet_2_v0.png,0,-2.4218920683579332,1.9284517615971357
mallet_2_v1.png,0,-2.970718638052017,1.8876830057843008
mallet_2_v2.png,0,-1.1012086886634131,1.5218047312723424
mallet_2_v3.png,0,2.436712165462846,1.5705315457780424
mallet_2_v4.png,0,-0.07570700084395199,1.351595260674832
mallet_2_v5.png,0,-0.6213726420087528,1.3909973669628768
mallet_2_v6.png,0,-2.379048709673154,1.650657792232389
mallet_2_v7.png,0,-0.5015780175453759,1.5599410205483326
mallet_2_v8.png,0,-0.28802791129203686,1.8936716345320463
mallet_2_v9.png,0,2.002082776322967,1.4051043769538667
mallet_3_v0.png,0,1.4060455291818226,1.2190890323420103
mallet_3_v1.png,0,-1.1072058855679696,1.5497678932412058
mallet_3_v2.png,0,-1.6278518530318462,1.5049146641517883
mallet_3_v3.png,0,1.315614322877925,1.2744295901900233
mallet_3_v4.png,0,2.262432085397909,1.3445194430674148
mallet_3_v5.png,0,1.5492180815192622,1.547082080827223
mallet_3_v6.png,0,-2.9586907939377673,1.2737764686598885
mallet_3_v7.png,0,-2.7551882462095474,1.5670866754257236
mallet_3_v8.png,0,-0.5489274110432351,1.4529171998832178
mallet_3_v9.png,0,-1.3334984058986847,1.3505967101836578
mallet_4_v0.png,0,-2.977430667716512,1.719119715955286
mallet_4_v1.png,0,0.32690526084700766,1.7096654587888207
mallet_4_v2.png,0,2.77976599865102,1.7208174298587806
mallet_4_v3.png,0,-1.3003755170697957,1.427809316878064
mallet_4_v4.png,0,1.2291170629460142,1.579279201914447
mallet_4_v5.png,0,1.306373229373599,1.642870506394206
mallet_4_v6.png,0,-2.751151970729052,1.6047190469873762
mallet_4_v7.png,0,1.9801612058473848,1.8392323108744695
mallet_4_v8.png,0,0.5216278165216893,1.692373760909747
mallet_4_v9.png,0,-1.8924155667322125,1.7119885583915582
master_sword_0_v0.png,0,-0.21046453462654746,1.4135615471439864
master_sword_0_v1.png,0,-0.4112579455698322,1.69331593165158
master_sword_0_v2.png,0,2.6149633643342587,1.3012634594644847
master_sword_0_v3.png,0,2.23091338970588,1.6119150620499092
master_sword_0_v4.png,0,-1.5601995035592444,1.7053479711308048
master_sword_0_v5.png,0,0.7643515123173401,1.4335919382085165
master_sword_0_v6.png,0,-2.8689664082882342,1.45229222143475
master_sword_0_v7.png,0,-0.9648211860694218,1.7620372704983935
master_sword_0_v8.png,0,-1.6625700737143427,1.7828876083843765
master_sword_0_v9.png,0,-0.18090368935114398,1.4583156536400266
master_sword_1_v0.png,0,-1.3037298293157593,1.737342538975001
master_sword_1_v1.png,0,2.4429257484039204,1.4829182757224555
master_sword_1_v2.png,0,1.7668532903218832,1.6949856995916566
master_sword_1_v3.png,0,-2.5056705166780273,1.503449686209307
master_sword_1_v4.png,0,1.7550914102174549,1.6762912146516524
master_sword_1_v5.png,0,0.34409112714361534,1.5657925704660955
master_sword_1_v6.png,0,2.610593147096111,1.620147872797246
master_sword_1_v7.png,0,2.3391968123937468,1.9161621308388426
master_sword_1_v8.png,0,-0.43304768977231056,1.5536979033605294
master_sword_1_v9.png,0,1.6262900273008807,1.3580562612102438
master_sword_2_v0.png,0,2.1086896326985767,1.3916830291424636
master_sword_2_v1.png,0,0.7762869422332836,1.490556498202449
master_sword_2_v2.png,0,2.1744153882048227,1.4989176096032213
master_sword_2_v3.png,0,0.9393434129013587,1.4555013870109674
master_sword_2_v4.png,0,-2.7575605137326633,1.7031982572307143
master_sword_2_v5.png,0,-0.9110968784632671,1.519416816337454
master_sword_2_v6.png,0,-1.7360211047047258,1.3793477823860458
master_sword_2_v7.png,0,-2.9279515808241294,1.8544683081983477
master_sword_2_v8.png,0,-0.6351087392485306,1.7814640281432486
master_sword_2_v9.png,0,-1.6740725023042753,1.54015445999703
master_sword_3_v0.png,0,1.8165813781378446,1.4451141255533935
master_sword_3_v1.png,0,-3.0620459799802378,1.8867847802751059
master_sword_3_v2.png,0,-2.5712732489364076,1.384927640662934
master_sword_3_v3.png,0,1.6042711521328483,1.7304011936488328
master_sword_3_v4.png,0,-2.9292188316812333,1.3521182734223671
master_sword_3_v5.png,0,1.8478423834788886,1.3652497060525424
master_sword_3_v6.png,0,0.3956851585446841,1.6349530957150882
master_sword_3_v7.png,0,-2.915925346882581,1.9244310619577274
master_sword_3_v8.png,0,-2.885002282126041,1.351026101575396
master_sword_3_v9.png,0,2.5418200528284385,1.7476506235726474
master_sword_4_v0.png,0,0.8031868337060466,2.0027374136860994
master_sword_4_v1.png,0,1.6431422972525782,1.7154971324009383
master_sword_4_v2.png,0,-2.8586206157924625,1.9188463050857498
master_sword_4_v3.png,0,-2.851502968566134,1.5522476727803627
master_sword_4_v4.png,0,2.0104455329624398,1.5569887248119763
master_sword_4_v5.png,0,-0.42330883983746936,1.63587935881503
master_sword_4_v6.png,0,-1.736455320860907,1.470199115846693
master_sword_4_v7.png,0,-0.6546622890933578,1.8432346560880444
master_sword_4_v8.png,0,1.932477870711246,1.4969318285034183
master_sword_4_v9.png,0,-2.1042106486553855,1.9489486826184959
meteor_pick_0_v0.png,0,0.5653282242637322,1.373114230955023
meteor_pick_0_v1.png,0,-1.8063382027457904,1.120657343455359
meteor_pick_0_v2.png,0,-1.5224724597086774,1.2120759520633781
meteor_pick_0_v3.png,0,-0.5449545247793959,1.1625553801122763
meteor_pick_0_v4.png,0,-1.0156113089299679,1.1151137310030332
meteor_pick_0_v5.png,0,0.6792392620034545,1.3459729440979427
meteor_pick_0_v6.png,0,-0.2297148609135937,1.0915390987964915
meteor_pick_0_v7.png,0,-0.38144755240154543,1.4289391196967802
meteor_pick_0_v8.png,0,-1.1795868262146436,1.1607480975845148
meteor_pick_0_v9.png,0,-1.5848395032712475,1.3396678374497348
meteor_pick_1_v0.png,0,0.03469442655211796,1.5427995521998434
meteor_pick_1_v1.png,0,1.166307472608882,1.77740570809368
meteor_pick_1_v2.png,0,-2.2134882550690693,1.5452492056197926
meteor_pick_1_v3.png,0,-2.7343931893851865,1.5762018206192137
meteor_pick_1_v4.png,0,1.9323339720209023,1.4706021854163003
meteor_pick_1_v5.png,0,0.9878694255484111,2.001443531040781
meteor_pick_1_v6.png,0,2.450115115112494,2.0146919525020763
meteor_pick_1_v7.png,0,-1.8072964665872617,1.7780467885072462
meteor_pick_1_v8.png,0,-1.9020247214189032,1.6163779293970817
meteor_pick_1_v9.png,0,-1.7594840443250481,1.6684630505273255
meteor_pick_2_v0.png,0,-1.3497469730242395,1.8338633217803473
meteor_pick_2_v1.png,0,-1.0753634221358412,1.9159115120858845
meteor_pick_2_v2.png,0,-2.4285279238548396,2.1842651759380622
meteor_pick_2_v3.png,0,2.9869401351707165,1.9337272183883147
meteor_pick_2_v4.png,0,2.2263562893355333,1.8998941631889452
meteor_pick_2_v5.png,0,-1.2546961734649076,1.5757165872655252
meteor_pick_2_v6.png,0,-0.07654077940861548,1.9986987403128051
meteor_pick_2_v7.png,0,0.4363418507467871,1.5867706546793137
meteor_pick_2_v8.png,0,1.5068098096119384,1.6002328489660813
meteor_pick_2_v9.png,0,0.7291981549118047,1.6337278445215022
meteor_pick_3_v0.png,0,-0.1904222433064373,1.4989794439002213
meteor_pick_3_v1.png,0,1.8825188841869804,1.495856801640897
meteor_pick_3_v2.png,0,3.0706522142221857,1.2661920432636742
meteor_pick_3_v3.png,0,0.037760411654469084,1.2201227273000004
meteor_pick_3_v4.png,0,-2.4304472907108607,1.5563395346858793
meteor_pick_3_v5.png,0,-1.3324511971560868,1.5510606281202417
meteor_pick_3_v6.png,0,1.2301365223410252,1.3240699102591733
meteor_pick_3_v7.png,0,0.3617382239163065,1.1899835318859318
meteor_pick_3_v8.png,0,-2.187891363888375,1.2213817145159318
meteor_pick_3_v9.png,0,-2.1953868423503264,1.2379368784739775
meteor_pick_4_v0.png,0,0.45010371837622287,1.6208761469782214
meteor_pick_4_v1.png,0,0.66520329411957,1.3410389787757193
meteor_pick_4_v2.png,0,-0.5560456361512359,1.3986290766046388
meteor_pick_4_v3.png,0,-1.010702280389953,1.4426000855603702
meteor_pick_4_v4.png,0,-0.4930839433046504,1.2254351237808487
meteor_pick_4_v5.png,0,2.4473936505149516,1.6360225448977435
meteor_pick_4_v6.png,0,1.0172784373222699,1.4956778092366356
meteor_pick_4_v7.png,0,1.0443999797149257,1.311976518268022
meteor_pick_4_v8.png,0,-0.7110182467015629,1.2745053638770076
meteor_pick_4_v9.png,0,2.108959309556498,1.242287565353715
mjolnir_0_v0.png,0,-2.5776833913339523,1.2705239019095071
mjolnir_0_v1.png,0,0.8405328933027629,1.1110541143658292
mjolnir_0_v2.png,0,-0.4896572289504771,1.3370841875059922
mjolnir_0_v3.png,0,-2.7953454861191194,1.3260290967926138
mjolnir_0_v4.png,0,-2.7094375883570616,1.230739739736884
mjolnir_0_v5.png,0,-1.35510189076442,1.3606912816353898
mjolnir_0_v6.png,0,2.3823212615081717,1.280533821144016
mjolnir_0_v7.png,0,3.1121696817484557,1.103241427830147
mjolnir_0_v8.png,0,-0.16695311021425385,1.158131751881182
mjolnir_0_v9.png,0,-1.8275189255587387,1.2433083659755904
mjolnir_1_v0.png,0,2.924004866687813,1.5060983255565588
mjolnir_1_v1.png,0,1.3862319687019355,1.2062476463280412
mjolnir_1_v2.png,0,2.3310891493482195,1.1148122119603103
mjolnir_1_v3.png,0,1.941012056408927,1.3343506276057275
mjolnir_1_v4.png,0,2.10076645490321,1.2653619331232486
mjolnir_1_v5.png,0,1.1629070339042875,1.3154793760092935
mjolnir_1_v6.png,0,2.8305911569037665,1.3812045423423693
mjolnir_1_v7.png,0,0.9950955607092481,1.228714075197002
mjolnir_1_v8.png,0,0.21557666037048462,1.492080739914765
mjolnir_1_v9.png,0,-3.1094672471956555,1.226318172858363
mjolnir_2_v0.png,0,0.1452428028328111,1.6019804986878017
mjolnir_2_v1.png,0,0.19725149752913118,1.499813289863843
mjolnir_2_v2.png,0,-2.328179002022295,1.7084585704745412
mjolnir_2_v3.png,0,-0.2520618372904958,1.5570002880694125
mjolnir_2_v4.png,0,0.40468246636252136,1.7815968561287596
mjolnir_2_v5.png,0,2.262982704834612,1.4876100133003274
mjolnir_2_v6.png,0,2.596994746282153,1.5334972307433528
mjolnir_2_v7.png,0,-2.7075809106900497,1.327324141294873
mjolnir_2_v8.png,0,-0.13174327570136446,1.6490740929602803
mjolnir_2_v9.png,0,2.108428052084068,1.7845672609042051
mjolnir_3_v0.png,0,0.5038888871400514,1.5744558377568998
mjolnir_3_v1.png,0,-0.611533603651137,1.5951290732059629
mjolnir_3_v2.png,0,0.7760574321073798,1.393808947288004
mjolnir_3_v3.png,0,0.8866722005860027,1.2514648621408289
mjolnir_3_v4.png,0,-2.2486379936659446,1.6385571430651684
mjolnir_3_v5.png,0,-0.30841180744758656,1.6721414763597384
mjolnir_3_v6.png,0,-2.591018416098291,1.7307100585720028
mjolnir_3_v7.png,0,2.2686236146171215,1.698962171893381
mjolnir_3_v8.png,0,2.377335595839567,1.5624174376274733
mjolnir_3_v9.png,0,-2.9092954167308136,1.469563375539502
mjolnir_4_v0.png,0,0.3652897736791205,1.4492033200947811
mjolnir_4_v1.png,0,-3.1120971738743286,1.7736323613077773
mjolnir_4_v2.png,0,-1.4300528060345181,1.6440975602597931
mjolnir_4_v3.png,0,2.0177505125811583,1.5045261046854137
mjolnir_4_v4.png,0,-0.5838071523583854,1.6456483519183822
mjolnir_4_v5.png,0,-0.8668812586406622,1.534922508779512
mjolnir_4_v6.png,0,0.41156950963672734,1.6315087943441107
mjolnir_4_v7.png,0,1.3807771526576882,1.6697098573463691
mjolnir_4_v8.png,0,-1.0179966424088793,1.6886102510912617
mjolnir_4_v9.png,0,-0.481400136025297,1.535889478260632
moonlight_greatsword_0_v0.png,0,-2.30786397062662,1.3791664799212249
moonlight_greatsword_0_v1.png,0,-2.4722386396883693,1.7487002054663678
moonlight_greatsword_0_v2.png,0,3.0543756052634317,1.4071689213703293
moonlight_greatsword_0_v3.png,0,1.409578617604911,1.4370561034413065
moonlight_greatsword_0_v4.png,0,1.5824068556595856,1.491011255224692
moonlight_greatsword_0_v5.png,0,1.1989903065811376,1.5810774516188868
moonlight_greatsword_0_v6.png,0,-2.429908925888709,1.506561061824141
moonlight_greatsword_0_v7.png,0,-0.06573251724078588,1.457277564336925
moonlight_greatsword_0_v8.png,0,2.8107516937015324,1.4458096797022817
moonlight_greatsword_0_v9.png,0,0.18890558847010475,1.3046845014446482
moonlight_greatsword_1_v0.png,0,0.3659326267183074,1.6000176695896715
moonlight_greatsword_1_v1.png,0,3.0825161315369343,1.3201831891768883
moonlight_greatsword_1_v2.png,0,2.539583090271556,1.7070103518495572
moonlight_greatsword_1_v3.png,0,1.2172981410643366,1.6942505425298409
moonlight_greatsword_1_v4.png,0,-1.4562412561809772,1.5255551331107144
moonlight_greatsword_1_v5.png,0,-2.533571457682375,1.6376831275152304
moonlight_greatsword_1_v6.png,0,-0.7037372738617238,1.421458240648037
moonlight_greatsword_1_v7.png,0,-1.6101140416117374,1.3862601544207926
moonlight_greatsword_1_v8.png,0,2.29879434959063,1.723410402571999
moonlight_greatsword_1_v9.png,0,-1.6343101335585684,1.5734974329051623
moonlight_greatsword_2_v0.png,0,0.8280487206220828,1.7969363520518797
moonlight_greatsword_2_v1.png,0,0.653398400581854,1.8590079115654414
moonlight_greatsword_2_v2.png,0,1.7752362273388285,1.678326943609681
moonlight_greatsword_2_v3.png,0,-0.8903045309183106,1.5114313543033524
moonlight_greatsword_2_v4.png,0,0.9890176006739961,1.4554862203876517
moonlight_greatsword_2_v5.png,0,-2.0412700174321845,1.4807666275575464
moonlight_greatsword_2_v6.png,0,-2.964491065068832,1.3712527127668055
moonlight_greatsword_2_v7.png,0,2.6913814370239,1.717340162045196
moonlight_greatsword_2_v8.png,0,0.41913891124472746,1.7372665582278926
moonlight_greatsword_2_v9.png,0,1.7051125070675337,1.5671119558399307
moonlight_greatsword_3_v0.png,0,1.141022332156699,1.5061189258843783
moonlight_greatsword_3_v1.png,0,0.9580889603458052,1.7492942438648575
moonlight_greatsword_3_v2.png,0,2.3932457142324193,1.8295792829099953
moonlight_greatsword_3_v3.png,0,-1.6368403070583275,1.6703784146164273
moonlight_greatsword_3_v4.png,0,1.66729747771861,1.483685882809842
moonlight_greatsword_3_v5.png,0,1.2646700344542459,1.7718496719549413
moonlight_greatsword_3_v6.png,0,2.7792505980996527,1.873899558755531
moonlight_greatsword_3_v7.png,0,-2.6241358271061612,1.5275289043173446
moonlight_greatsword_3_v8.png,0,1.8546303924487355,1.7546002316659657
moonlight_greatsword_3_v9.png,0,1.1708156998289014,1.4169200251096605
moonlight_greatsword_4_v0.png,0,-0.5902079800033393,1.4955377582787541
moonlight_greatsword_4_v1.png,0,0.38482679554794763,1.8509426110617424
moonlight_greatsword_4_v2.png,0,1.068507035158262,1.7478345507827384
moonlight_greatsword_4_v3.png,0,1.6867679611663697,1.6270599090434141
moonlight_greatsword_4_v4.png,0,1.9960171208916022,1.5836275471240073
moonlight_greatsword_4_v5.png,0,-1.1324834930246244,1.3184559726798566
moonlight_greatsword_4_v6.png,0,2.916604300379501,1.3681765206158503
moonlight_greatsword_4_v7.png,0,2.113935124136444,1.5420291744991772
moonlight_greatsword_4_v8.png,0,2.451395904408045,1.374302455514207
moonlight_greatsword_4_v9.png,0,-0.590829035838389,1.328283573234005
morningstar_0_v0.png,0,-0.493010549923955,1.8425179099626752
morningstar_0_v1.png,0,0.07165460135707336,1.4239203553970654
morningstar_0_v2.png,0,-2.206750633938929,1.4987574428758108
morningstar_0_v3.png,0,0.6744399330593975,1.7317947200861752
morningstar_0_v4.png,0,2.746152204561418,1.5881671793577146
morningstar_0_v5.png,0,-1.0752222084048664,1.5357662955507678
morningstar_0_v6.png,0,-1.50848524102287,1.5075971032869016
morningstar_0_v7.png,0,-1.837198865673335,1.4453650022100182
morningstar_0_v8.png,0,-2.4299604923336817,1.850343040767398
morningstar_0_v9.png,0,-1.6263981064999555,1.392184720763552
morningstar_1_v0.png,0,0.4539717404791427,1.7032271083899153
morningstar_1_v1.png,0,-2.678867344261524,1.7073574798078914
morningstar_1_v2.png,0,2.5767131775190633,1.4914278287624139
morningstar_1_v3.png,0,2.3139579603307667,1.2924391446458114
morningstar_1_v4.png,0,0.9972409304785884,1.456917256521312
morningstar_1_v5.png,0,-2.319060058294142,1.5189779246041426
morningstar_1_v6.png,0,-2.959509842316011,1.2508592931660725
morningstar_1_v7.png,0,0.00906867426355995,1.735410193071725
morningstar_1_v8.png,0,-2.0373046992957025,1.354618229637817
morningstar_1_v9.png,0,1.4412965757043552,1.557952653011415
morningstar_2_v0.png,0,-1.4069800450315066,1.5743326782877893
morningstar_2_v1.png,0,-1.737315290449033,1.3850405123667646
morningstar_2_v2.png,0,-2.019901515768903,1.6834217852678688
morningstar_2_v3.png,0,-0.7255815223093036,1.505790893299985
morningstar_2_v4.png,0,1.580946975272844,1.3485411263671754
morningstar_2_v5.png,0,2.865822524334929,1.3844958546123378
morningstar_2_v6.png,0,-1.2900014022616195,1.6915687934448045
morningstar_2_v7.png,0,-2.774591822704548,1.8540356506953102
morningstar_2_v8.png,0,1.0594083668678578,1.526470240745079
morningstar_2_v9.png,0,0.20641555178703608,1.7627801646575605
morningstar_3_v0.png,0,-1.0073267488952027,1.47243427299067
morningstar_3_v1.png,0,2.011928416805527,1.689006613214447
morningstar_3_v2.png,0,0.23134653724649312,1.6293301156326172
morningstar_3_v3.png,0,3.0955322559192737,1.4561637837914025
morningstar_3_v4.png,0,-1.5514693309663086,1.6343588881144608
morningstar_3_v5.png,0,-0.4587676399195971,1.8107155284407652
morningstar_3_v6.png,0,-1.8076967667879338,1.6645392935359178
morningstar_3_v7.png,0,-1.503311526778057,1.3937113685913496
morningstar_3_v8.png,0,2.3957431541931253,1.3484633025793213
morningstar_3_v9.png,0,-3.0646901942699403,1.4039486885374846
morningstar_4_v0.png,0,-2.0007937245852245,1.9048052779666471
morningstar_4_v1.png,0,-1.2248507266899198,1.417725948674868
morningstar_4_v2.png,0,0.8093613384435792,1.5887567424473683
morningstar_4_v3.png,0,-3.132300949441195,1.4033802046935009
morningstar_4_v4.png,0,2.279185429670827,1.6499151356089754
morningstar_4_v5.png,0,1.918492943770777,1.4305401420367472
morningstar_4_v6.png,0,-1.9681316251782541,1.8518029105837561
morningstar_4_v7.png,0,1.172019495251536,1.7985792682906592
morningstar_4_v8.png,0,2.8415021854793645,1.6144810273870138
morningstar_4_v9.png,0,-2.036874329620158,1.562972165253145
naginata_0_v0.png,0,2.675149463528845,1.7177661687943666
naginata_0_v1.png,0,2.7211238947280103,1.262193250082723
naginata_0_v2.png,0,-0.6372848265316247,1.5932126244816007
naginata_0_v3.png,0,1.6285923529638664,1.420605837055935
naginata_0_v4.png,0,-2.8861104001398066,1.3032376686857585
naginata_0_v5.png,0,-2.2548562333826307,1.5879961535115297
naginata_0_v6.png,0,2.567718036332437,1.55752837537715
naginata_0_v7.png,0,-1.4768001586691413,1.300315394804433
naginata_0_v8.png,0,-0.9990646678890034,1.466549519805123
naginata_0_v9.png,0,-0.3084232243448568,1.6660345390163915
naginata_1_v0.png,0,1.3741698040340937,1.1395907931779754
naginata_1_v1.png,0,-0.6878495019771673,1.4630328440923952
naginata_1_v2.png,0,-2.0769353117752916,1.3086417118443545
naginata_1_v3.png,0,-1.9166209767301803,1.4038956546466077
naginata_1_v4.png,0,-0.29918040842375104,1.3165185069655425
naginata_1_v5.png,0,-0.19280100213352203,1.0514056610856837
naginata_1_v6.png,0,-1.127599123598285,1.4842509609787589
naginata_1_v7.png,0,2.089834120436244,1.2278355610301974
naginata_1_v8.png,0,2.9312601614864042,1.459443849329449
naginata_1_v9.png,0,1.6999481083798536,1.4205142301024267
naginata_2_v0.png,0,0.15741475851251086,1.4261866569759782
naginata_2_v1.png,0,0.4893585796162919,1.4828784210721315
naginata_2_v2.png,0,-3.0246986767592485,1.3654578355888627
naginata_2_v3.png,0,2.1392480773128186,1.6300757501202676
naginata_2_v4.png,0,0.7721827804934401,1.8803642347708802
naginata_2_v5.png,0,-2.693624514062661,1.6332366627546953
naginata_2_v6.png,0,2.2084277037325744,1.903281640888325
naginata_2_v7.png,0,-1.8512762319035407,1.6555387447596728
naginata_2_v8.png,0,-2.402915748223625,1.615506359393179
naginata_2_v9.png,0,-2.201423064991918,1.3861147465289954
naginata_3_v0.png,0,-0.17258160204107087,1.8606313185070558
naginata_3_v1.png,0,2.7312371339756982,1.9438800713262796
naginata_3_v2.png,0,-0.3842742409430109,1.6733235506531656
naginata_3_v3.png,0,0.2650753798705706,1.8561919451106297
naginata_3_v4.png,0,-1.06091773894022,1.443914254515203
naginata_3_v5.png,0,-2.265944200386449,1.8685229441660598
naginata_3_v6.png,0,2.8407485533511565,1.986944656503373
naginata_3_v7.png,0,0.42120738238345,1.635486985137403
naginata_3_v8.png,0,1.463631642672444,1.4335340287151295
naginata_3_v9.png,0,1.9036829095562329,1.4225671501290786
naginata_4_v0.png,0,-0.8968036360599587,1.9343444046015092
naginata_4_v1.png,0,-1.6644087196087032,1.9104061046908547
naginata_4_v2.png,0,2.274614488450455,1.7590546843740766
naginata_4_v3.png,0,-0.8762291367126389,1.5394580979558914
naginata_4_v4.png,0,-1.5861062136690003,1.5170431432427365
naginata_4_v5.png,0,2.6597533574395102,2.0339184360373155
naginata_4_v6.png,0,2.9340472962265554,2.048434734855467
naginata_4_v7.png,0,2.5037133428699705,1.4707901298881498
naginata_4_v8.png,0,-2.962408921386049,1.817042224371024
naginata_4_v9.png,0,2.552665734042565,2.046465729003655
nebula_pickaxe_0_v0.png,0,1.481012597189252,1.3273674951854015
nebula_pickaxe_0_v1.png,0,-0.27336783188029046,1.5211212359297992
nebula_pickaxe_0_v2.png,0,-1.6755875215416274,1.5245521378014744
nebula_pickaxe_0_v3.png,0,-0.026679280457245103,1.682657034008633
nebula_pickaxe_0_v4.png,0,-1.7185340274191998,1.2940212912664346
nebula_pickaxe_0_v5.png,0,2.2439120794610954,1.2979914744040766
nebula_pickaxe_0_v6.png,0,-2.6495048466118285,1.7598050076084943
nebula_pickaxe_0_v7.png,0,0.7432164152069928,1.2960053548893622
nebula_pickaxe_0_v8.png,0,-2.7088468876810907,1.2801510852939322
nebula_pickaxe_0_v9.png,0,-1.2163274638271642,1.2670749744047742
nebula_pickaxe_1_v0.png,0,0.20428039626103234,1.2997115428363062
nebula_pickaxe_1_v1.png,0,-0.8561502398589211,1.2270932767685836
nebula_pickaxe_1_v2.png,0,2.0545559427223283,1.2870066765989383
nebula_pickaxe_1_v3.png,0,1.4144224924908093,1.4588942567254846
nebula_pickaxe_1_v4.png,0,3.1122458737538166,1.3661705810507552
nebula_pickaxe_1_v5.png,0,1.851634647719585,1.1214968296463457
nebula_pickaxe_1_v6.png,0,2.709985939242004,1.1139055489473062
nebula_pickaxe_1_v7.png,0,-0.386911542723321,1.1957014898098683
nebula_pickaxe_1_v8.png,0,-0.9383306846726495,1.4007286370846297
nebula_pickaxe_1_v9.png,0,-1.5225067462141433,1.3829982811812824
nebula_pickaxe_2_v0.png,0,-2.2302153851054447,1.0741320286183704
nebula_pickaxe_2_v1.png,0,0.6337704823126693,1.1807549404179323
nebula_pickaxe_2_v2.png,0,0.8760243092681105,1.0392086135851195
nebula_pickaxe_2_v3.png,0,2.522102207513142,1.1672478833505882
nebula_pickaxe_2_v4.png,0,-2.8301475855979317,1.1089191335520716
nebula_pickaxe_2_v5.png,0,-0.3206087668803489,1.0833739769176336
nebula_pickaxe_2_v6.png,0,-2.4525431047439668,1.3897861208348683
nebula_pickaxe_2_v7.png,0,-1.9956983650952966,1.0748757730705283
nebula_pickaxe_2_v8.png,0,1.8471506630971555,1.0992790325483777
nebula_pickaxe_2_v9.png,0,-2.8413864170545557,1.2980535798900736
nebula_pickaxe_3_v0.png,0,-0.31935047890421414,1.5099114840660317
nebula_pickaxe_3_v1.png,0,0.8010764582264589,1.6876101702333752
nebula_pickaxe_3_v2.png,0,1.9493428148590566,1.7746668190704713
nebula_pickaxe_3_v3.png,0,0.8463684815057293,1.6554618138880048
nebula_pickaxe_3_v4.png,0,-0.5140371821728802,1.9456635954857857
nebula_pickaxe_3_v5.png,0,3.0830994209949933,1.7944198983271809
nebula_pickaxe_3_v6.png,0,2.9804522945529994,1.5439953078442286
nebula_pickaxe_3_v7.png,0,-0.7877651863221817,1.6182511561093458
nebula_pickaxe_3_v8.png,0,2.9966479644199966,1.4991448084681986
nebula_pickaxe_3_v9.png,0,2.0864750959866445,1.6825072311012328
nebula_pickaxe_4_v0.png,0,-1.6433405731882695,1.5678497577649397
nebula_pickaxe_4_v1.png,0,-2.5121640923919815,1.3865864460481285
nebula_pickaxe_4_v2.png,0,1.8071562644732129,1.6013809546989553
nebula_pickaxe_4_v3.png,0,-0.3203531196016895,1.57935092121083
nebula_pickaxe_4_v4.png,0,2.5003503238394442,1.381494594350374
nebula_pickaxe_4_v5.png,0,1.7321007608764167,1.581625510403593
nebula_pickaxe_4_v6.png,0,-1.335933753173671,1.3859014713133353
nebula_pickaxe_4_v7.png,0,0.9973310322754088,1.6631432717581098
nebula_pickaxe_4_v8.png,0,-0.9614115794313096,1.567797578333715
nebula_pickaxe_4_v9.png,0,-2.7793939057922366,1.3871963810147934
nunchaku_0_v0.png,0,-0.773698846663374,1.1804917119979306
nunchaku_0_v1.png,0,-0.5157378553498193,1.1811446242661878
nunchaku_0_v2.png,0,1.6122215784607001,1.2789832681955786
nunchaku_0_v3.png,0,-2.721386721915829,1.1786370658865337
nunchaku_0_v4.png,0,-0.4131355328321224,1.3572234847842926
nunchaku_0_v5.png,0,-1.769717656602261,1.1746225709090072
nunchaku_0_v6.png,0,-0.20825087102037032,1.3506170768756418
nunchaku_0_v7.png,0,0.5065223841556666,1.5433955108683994
nunchaku_0_v8.png,0,0.27960588120889374,1.378247421436576
nunchaku_0_v9.png,0,2.811596706357543,1.181265435256358
nunchaku_1_v0.png,0,1.2174299119631073,1.5781858482085525
nunchaku_1_v1.png,0,1.4089393669888604,1.292820452439564
nunchaku_1_v2.png,0,1.059821528452354,1.198973469855769
nunchaku_1_v3.png,0,-2.7123472859439284,1.1936922772716456
nunchaku_1_v4.png,0,0.4518090014603875,1.4914593368176086
nunchaku_1_v5.png,0,-1.0903262389208361,1.1906669233270057
nunchaku_1_v6.png,0,3.113903379849098,1.423963133843171
nunchaku_1_v7.png,0,3.041681361239088,1.3724670775271177
nunchaku_1_v8.png,0,1.3223717678232685,1.265302487713796
nunchaku_1_v9.png,0,1.9583789341968345,1.5193471037173758
nunchaku_3_v0.png,0,-2.4865342713818066,1.5799036566138343
nunchaku_3_v1.png,0,-0.5355148705023294,1.51564246437932
nunchaku_3_v2.png,0,-1.8635577116034003,1.7884108121849085
nunchaku_3_v3.png,0,1.6730019911116711,1.5135576173768461
nunchaku_3_v4.png,0,-0.5992519403051273,1.3081010132589213
nunchaku_3_v5.png,0,-1.891595840150444,1.4410892966140856
nunchaku_3_v6.png,0,-1.0008261759050008,1.318197802588877
nunchaku_3_v7.png,0,1.1322206808779813,1.562374504421442
nunchaku_3_v8.png,0,-1.7275219358311666,1.473164668145614
nunchaku_3_v9.png,0,2.9947466837008507,1.768681354089998
nunchaku_4_v0.png,0,-2.939804706716245,1.3043321248971584
nunchaku_4_v1.png,0,-2.7784873572035984,1.3333259585429602
nunchaku_4_v2.png,0,2.09424603711277,1.3543533995003367
nunchaku_4_v3.png,0,-1.3447510360381942,1.5581234317920676
nunchaku_4_v4.png,0,0.8245995601647438,1.2906105088656048
nunchaku_4_v5.png,0,-1.8275127268750158,1.7715021848603996
nunchaku_4_v6.png,0,1.3037438928039304,1.3568632982786784
nunchaku_4_v7.png,0,-0.11307069531763014,1.5136648682842868
nunchaku_4_v8.png,0,-2.070004824304159,1.5973307739765907
nunchaku_4_v9.png,0,0.21406800096475243,1.2908236427662458
obsidian_sickle_0_v0.png,0,0.028753573778130814,1.7424516606482958
obsidian_sickle_0_v1.png,0,-2.3163736056721334,1.733653421677776
obsidian_sickle_0_v2.png,0,0.22057184580635925,1.455121435878766
obsidian_sickle_0_v3.png,0,-0.7676758310500906,1.6599308508953499
obsidian_sickle_0_v4.png,0,1.2778756237351585,1.4363402941688135
obsidian_sickle_0_v5.png,0,-0.30033971938887793,1.7404072256578056
obsidian_sickle_0_v6.png,0,2.2166326510202667,1.7133160269090972
obsidian_sickle_0_v7.png,0,-2.4476131724738965,1.416955626706047
obsidian_sickle_0_v8.png,0,2.2445590042419354,1.3957927127840675
obsidian_sickle_0_v9.png,0,1.5116314543481346,1.4546606500626018
obsidian_sickle_1_v0.png,0,2.0809937083561594,1.414957106408885
obsidian_sickle_1_v1.png,0,-0.21693143833743034,1.4459833390363863
obsidian_sickle_1_v2.png,0,2.030315660661085,1.4640963765389468
obsidian_sickle_1_v3.png,0,-1.8002862915431748,1.802053520578219
obsidian_sickle_1_v4.png,0,2.231695001917937,1.7834039386693428
obsidian_sickle_1_v5.png,0,-1.5886978070048887,1.8211799544508087
obsidian_sickle_1_v6.png,0,0.083825359476419,1.5804847961672872
obsidian_sickle_1_v7.png,0,3.007173100712211,1.7046702358967798
obsidian_sickle_1_v8.png,0,2.889075376681021,1.5021699859300757
obsidian_sickle_1_v9.png,0,1.0659830231358018,1.7039932290564073
obsidian_sickle_2_v0.png,0,1.459177635738953,1.6283488162829751
obsidian_sickle_2_v1.png,0,2.8825697191734476,1.821752372552876
obsidian_sickle_2_v2.png,0,-1.7744699779090385,1.6828988215920266
obsidian_sickle_2_v3.png,0,1.0668096336996071,1.4453944663979221
obsidian_sickle_2_v4.png,0,2.549528351447814,1.6418649843573796
obsidian_sickle_2_v5.png,0,-0.04454928751917053,1.4148109309106325
obsidian_sickle_2_v6.png,0,-2.8297665135423014,1.5877600986340028
obsidian_sickle_2_v7.png,0,-1.2252150652034126,1.802809632404726
obsidian_sickle_2_v8.png,0,2.9543641166130445,1.4094184640436036
obsidian_sickle_2_v9.png,0,-1.0575125085829244,1.8438813698843661
omni_blade_0_v0.png,0,-2.07347230614772,1.237657517372751
omni_blade_0_v1.png,0,-1.9618763212097723,1.1118380931196425
omni_blade_0_v2.png,0,-0.5370466531240883,1.234870834231181
omni_blade_0_v3.png,0,0.7794078562784037,1.2852057523669342
omni_blade_0_v4.png,0,-0.05439038331773549,1.069865544060939
omni_blade_0_v5.png,0,-1.2848221788342893,1.1056526098352588
omni_blade_0_v6.png,0,-1.0214375776376459,1.3828774110478463
omni_blade_0_v7.png,0,-1.5389977965313653,1.1885274327910604
omni_blade_0_v8.png,0,-2.0536860698245376,1.4316785171902193
omni_blade_0_v9.png,0,1.764598286452781,1.4492615123013488
omni_blade_1_v0.png,0,-2.8361158711086634,1.7102815286779187
omni_blade_1_v1.png,0,2.2244029726689556,1.4867184352568492
omni_blade_1_v2.png,0,-0.9189721934643016,1.7717361150681215
omni_blade_1_v3.png,0,3.0218340079500803,1.5004729221528599
omni_blade_1_v4.png,0,2.0577175523947684,1.615287983848284
omni_blade_1_v5.png,0,-0.5335638236835871,1.6756994124541824
omni_blade_1_v6.png,0,0.7160821488622116,1.5458006352261402
omni_blade_1_v7.png,0,-0.11596783762026774,1.525536103267981
omni_blade_1_v8.png,0,-3.114450826841552,1.7697909518806842
omni_blade_1_v9.png,0,-0.4470073838656692,1.4130166194124347
omni_blade_2_v0.png,0,-0.8697138664705526,1.7660391772819413
omni_blade_2_v1.png,0,0.4944719256296235,1.7672706231103164
omni_blade_2_v2.png,0,-1.0677840181345277,1.994879342572013
omni_blade_2_v3.png,0,1.210496674602119,1.7210947412332538
omni_blade_2_v4.png,0,2.510448226723204,1.4865681584524728
omni_blade_2_v5.png,0,2.9391958725073977,1.6093704786103056
omni_blade_2_v6.png,0,0.8040535207689317,1.470026059674613
omni_blade_2_v7.png,0,-0.24088585507151627,1.843881334234156
omni_blade_2_v8.png,0,0.13666166222737175,1.6157687595167907
omni_blade_2_v9.png,0,0.8627481604679756,1.7262851179361305
omni_blade_3_v0.png,0,0.9852363135574749,2.084484108671931
omni_blade_3_v1.png,0,0.8690397299206252,2.0837188328688874
omni_blade_3_v2.png,0,2.6293992593660884,1.9991107152645065
omni_blade_3_v3.png,0,-0.3524686530694159,1.886494458582198
omni_blade_3_v4.png,0,-2.1177089201626442,1.9513997323959198
omni_blade_3_v5.png,0,0.7004098771901448,1.9145328500466399
omni_blade_3_v6.png,0,-3.004939118130589,1.9797563262869822
omni_blade_3_v7.png,0,2.6352398683353777,1.5553474921808832
omni_blade_3_v8.png,0,0.6934497398201684,1.7071285654416875
omni_blade_3_v9.png,0,0.4838594934353968,1.6898018443550824
omni_blade_4_v0.png,0,0.11213471435029554,1.481787763005015
omni_blade_4_v1.png,0,0.7950780175076799,1.8493968752441934
omni_blade_4_v2.png,0,-2.2462813383261704,1.7728339240258781
omni_blade_4_v3.png,0,1.2655132488002179,1.4999043126739857
omni_blade_4_v4.png,0,-1.75670869365762,1.503308569455635
omni_blade_4_v5.png,0,0.21862660704792702,1.620828265023881
omni_blade_4_v6.png,0,2.863789200448122,1.5878552162187958
omni_blade_4_v7.png,0,-1.7238068380079108,1.6157123562713076
omni_blade_4_v8.png,0,2.8539580033984535,1.5179410080723734
omni_blade_4_v9.png,0,2.430726334765529,1.5951765626550707
phoenix_feather_whip_0_v0.png,0,1.9440031349714442,1.397562829383086
phoenix_feather_whip_0_v1.png,0,-0.11645875656038984,1.7876995668857363
phoenix_feather_whip_0_v2.png,0,2.3617794692089413,1.3318119093674938
phoenix_feather_whip_0_v3.png,0,-0.23295371065205228,1.6921503126151223
phoenix_feather_whip_0_v4.png,0,2.7845215571747755,1.5879621579783678
phoenix_feather_whip_0_v5.png,0,0.996254123878136,1.5919828066599482
phoenix_feather_whip_0_v6.png,0,-1.5130085752297804,1.8458115281567606
phoenix_feather_whip_0_v7.png,0,0.9921539574076556,1.4801799404761564
phoenix_feather_whip_0_v8.png,0,-1.5759660100493744,1.3724664607552284
phoenix_feather_whip_0_v9.png,0,1.8878629963945146,1.562352002329299
phoenix_feather_whip_3_v0.png,0,-1.5350038755254993,1.2332220152916573
phoenix_feather_whip_3_v1.png,0,-2.1075110107021953,1.4827392534964021
phoenix_feather_whip_3_v2.png,0,-2.7068308505018,1.4417042113347716
phoenix_feather_whip_3_v3.png,0,2.9246513723079266,1.4599839349314752
phoenix_feather_whip_3_v4.png,0,-2.1172852561542403,1.4006506627288315
phoenix_feather_whip_3_v5.png,0,1.5255999654022125,1.4178850574438784
phoenix_feather_whip_3_v6.png,0,2.4443736941588914,1.32549117278812
phoenix_feather_whip_3_v7.png,0,1.39060056757785,1.445965206276208
phoenix_feather_whip_3_v8.png,0,2.72554019542282,1.3724535428505864
phoenix_feather_whip_3_v9.png,0,1.4271167879614302,1.2616507010492315
phoenix_feather_whip_4_v0.png,0,2.9459163000714264,1.702191284844462
phoenix_feather_whip_4_v1.png,0,0.5043331465779359,1.4328469494936344
phoenix_feather_whip_4_v2.png,0,0.2254866508878901,1.2753752207632458
phoenix_feather_whip_4_v3.png,0,-2.3283879380231776,1.4057874498156946
phoenix_feather_whip_4_v4.png,0,-1.6966102888246333,1.307394954163984
phoenix_feather_whip_4_v5.png,0,-2.924411017071201,1.5713744863839612
phoenix_feather_whip_4_v6.png,0,-0.2632722669295411,1.2569881693215272
phoenix_feather_whip_4_v7.png,0,0.3723865882259545,1.3248079509606248
phoenix_feather_whip_4_v8.png,0,-2.7921291060847224,1.4435699739897647
phoenix_feather_whip_4_v9.png,0,2.287895852850576,1.7512767021789937
photon_saber_0_v0.png,0,1.071069083011544,1.5588867272248927
photon_saber_0_v1.png,0,1.3753589504482933,1.5354939626885884
photon_saber_0_v2.png,0,-1.4745199397687738,1.2279312550474188
photon_saber_0_v3.png,0,-2.8077038450131218,1.2821009313940988
photon_saber_0_v4.png,0,-2.542524739513391,1.3394667647569463
photon_saber_0_v5.png,0,2.4118624425232453,1.4016027113817062
photon_saber_0_v6.png,0,1.8769402204026184,1.3794382591811618
photon_saber_0_v7.png,0,-3.0597629084175137,1.6089276885385586
photon_saber_0_v8.png,0,-2.7793071726832164,1.2927790646720894
photon_saber_0_v9.png,0,-2.4801670157184894,1.5556096099804093
photon_saber_1_v0.png,0,-2.681993570917123,1.4128077508021375
photon_saber_1_v1.png,0,1.4953895584705068,1.5975341629650743
photon_saber_1_v2.png,0,-0.5527410640874209,1.4523769114928315
photon_saber_1_v3.png,0,2.498500446882076,1.6035821261011152
photon_saber_1_v4.png,0,1.7324113606941505,1.839077229121087
photon_saber_1_v5.png,0,2.0754563690779224,1.9018462035649064
photon_saber_1_v6.png,0,1.1538255375710786,1.5868890046036739
photon_saber_1_v7.png,0,-2.5984061899925326,1.4388102210958893
photon_saber_1_v8.png,0,-0.8630716129324387,1.8915957889691042
photon_saber_1_v9.png,0,-1.6873222620904702,1.6617955884178743
photon_saber_2_v0.png,0,1.7429176438779375,1.6104428590754214
photon_saber_2_v1.png,0,2.8664657393943376,1.5297413734613412
photon_saber_2_v2.png,0,-2.2742090971605418,1.6987537350962663
photon_saber_2_v3.png,0,1.657501440498037,1.4114587625439987
photon_saber_2_v4.png,0,2.8813823629160433,1.7174684256938413
photon_saber_2_v5.png,0,2.9459523539496457,1.6453856212812343
photon_saber_2_v6.png,0,-1.2942674880379457,1.4594792002960093
photon_saber_2_v7.png,0,0.4799738044856332,1.4617512320395887
photon_saber_2_v8.png,0,-0.9484990803999072,1.4010083849334336
photon_saber_2_v9.png,0,0.5581749497957789,1.9232377835979946
photon_saber_3_v0.png,0,0.1198993692903465,1.1899983558657652
photon_saber_3_v1.png,0,-0.8187625932410665,1.2419513159654925
photon_saber_3_v2.png,0,0.11564790499758537,1.4442850593902088
photon_saber_3_v3.png,0,-2.626176940569116,1.3430167945957443
photon_saber_3_v4.png,0,1.7219803556129734,1.3346171620005294
photon_saber_3_v5.png,0,-1.227205143808245,1.2567153702073268
photon_saber_3_v6.png,0,1.7675890488326507,1.5393994525381147
photon_saber_3_v7.png,0,-1.2893136018688587,1.4121437964524957
photon_saber_3_v8.png,0,0.20256704565915928,1.100798514176133
photon_saber_3_v9.png,0,0.04880144172604872,1.435523190932814
photon_saber_4_v0.png,0,1.711255554960366,1.4209430132118435
photon_saber_4_v1.png,0,2.1703901247083666,1.6214629681623678
photon_saber_4_v2.png,0,-1.9234902370655962,1.5082504491529165
photon_saber_4_v3.png,0,0.3297866872848525,1.4332932115875783
photon_saber_4_v4.png,0,2.3042261210797834,1.230324261856068
photon_saber_4_v5.png,0,0.9002299037837123,1.3802116301174348
photon_saber_4_v6.png,0,-3.0880226633205208,1.4700412688364342
photon_saber_4_v7.png,0,0.29922062983570274,1.2929274211415247
photon_saber_4_v8.png,0,1.883848282932524,1.52171129785659
photon_saber_4_v9.png,0,2.430308842923269,1.2565584906833274
pickaxe_0_v0.png,0,1.8565968599734544,1.7425862688719447
pickaxe_0_v1.png,0,-2.0822773997777766,1.7803311911733688
pickaxe_0_v2.png,0,-0.9822690372242566,1.5231693278904423
pickaxe_0_v3.png,0,-1.149166300785479,1.4868334109399115
pickaxe_0_v4.png,0,2.521765736792998,1.5975316832950175
pickaxe_0_v5.png,0,-1.3053238573851724,1.3202743985009415
pickaxe_0_v6.png,0,-0.9173647235766755,1.525089391722825
pickaxe_0_v7.png,0,1.6656896427931738,1.7157364171707967
pickaxe_0_v8.png,0,0.2728798075876978,1.4716749190986664
pickaxe_0_v9.png,0,-2.9454310543651303,1.6535972323968027
pickaxe_1_v0.png,0,-2.7057526038375412,1.262470949716
pickaxe_1_v1.png,0,1.624492814756622,1.3574876498394894
pickaxe_1_v2.png,0,2.383906692806418,1.309829295325143
pickaxe_1_v3.png,0,-2.6340500862634197,1.6741954577883642
pickaxe_1_v4.png,0,-0.37678428051190593,1.4767521254933285
pickaxe_1_v5.png,0,2.0317763690891733,1.3270666294442635
pickaxe_1_v6.png,0,-2.3894311678633846,1.6601062381672533
pickaxe_1_v7.png,0,1.0011630776983511,1.5789766225423554
pickaxe_1_v8.png,0,-1.1706596585844928,1.6590545382858302
pickaxe_1_v9.png,0,-2.807857711714668,1.4700702380676456
pickaxe_2_v0.png,0,-1.342697198862056,1.5757732154105935
pickaxe_2_v1.png,0,3.0894049063234306,1.8230158923459103
pickaxe_2_v2.png,0,-1.9408885460524767,1.5930981832201017
pickaxe_2_v3.png,0,-2.3281508537106888,1.675001314381615
pickaxe_2_v4.png,0,0.7476923363857827,1.6207546634133023
pickaxe_2_v5.png,0,1.5746621479907978,1.8350769681447243
pickaxe_2_v6.png,0,-2.826282246812806,1.6243418176889537
pickaxe_2_v7.png,0,-1.5133918193438252,1.7680424233456153
pickaxe_2_v8.png,0,2.776381960545918,1.5014011729313768
pickaxe_2_v9.png,0,-0.6318471121531707,1.531185079013714
pickaxe_3_v0.png,0,2.813426202999625,1.5943525607623619
pickaxe_3_v1.png,0,-2.526616104312902,1.954602175073399
pickaxe_3_v2.png,0,-0.8522623531485016,1.774474427750418
pickaxe_3_v3.png,0,-1.1535620241949223,1.7134574357964318
pickaxe_3_v4.png,0,-2.990215026690886,1.4825027198301324
pickaxe_3_v5.png,0,-1.6568790765315593,1.53155463800745
pickaxe_3_v6.png,0,0.6251589301069091,1.805991361351264
pickaxe_3_v7.png,0,-0.8883623874526947,1.4853371420156434
pickaxe_3_v8.png,0,-0.8942120766393404,1.7127508052525977
pickaxe_3_v9.png,0,0.8012914323751099,2.045483739437508
pickaxe_4_v0.png,0,-2.6740690450675855,1.224923548766324
pickaxe_4_v1.png,0,1.991670122865525,1.4320791180812344
pickaxe_4_v2.png,0,0.07230856267266672,1.4611153990659445
pickaxe_4_v3.png,0,1.47865848983723,1.316175860267585
pickaxe_4_v4.png,0,-1.37270434209352,1.6975499917879253
pickaxe_4_v5.png,0,-1.4984792852620221,1.4517560055089962
pickaxe_4_v6.png,0,-2.9454096586800427,1.7085323879331478
pickaxe_4_v7.png,0,-0.747466385293926,1.2130318909494295
pickaxe_4_v8.png,0,-1.6002075902925958,1.285391455863153
pickaxe_4_v9.png,0,0.3488943895909866,1.2105375136592382
pick_hammer_0_v0.png,0,-1.473575463328348,1.1394647783619614
pick_hammer_0_v1.png,0,-2.2640945565512904,1.1718082630503626
pick_hammer_0_v2.png,0,1.9031290438705628,1.3218966222818194
pick_hammer_0_v3.png,0,2.470430841352579,1.5092278600837474
pick_hammer_0_v4.png,0,0.2581544537163865,1.2650848987992525
pick_hammer_0_v5.png,0,1.0352953213712979,1.3863729929882551
pick_hammer_0_v6.png,0,-2.5575881317230937,1.4803975359344446
pick_hammer_0_v7.png,0,1.897911144460717,1.4347263882781525
pick_hammer_0_v8.png,0,-3.0425196454863697,1.4243770068681465
pick_hammer_0_v9.png,0,-0.4615506070610034,1.55168275453011
pick_hammer_2_v0.png,0,-0.6251145129045492,1.724215567547248
pick_hammer_2_v1.png,0,-0.45754429844674854,1.8656598143512606
pick_hammer_2_v2.png,0,-0.7696484552011271,1.4096315913282742
pick_hammer_2_v3.png,0,-3.076754687238985,1.5602503811339703
pick_hammer_2_v4.png,0,2.8411841725983464,1.407970714823586
pick_hammer_2_v5.png,0,2.9514952281292137,1.5725274312703776
pick_hammer_2_v6.png,0,-2.676749333455909,1.8525756445889114
pick_hammer_2_v7.png,0,0.5256160812619834,1.8193893031794857
pick_hammer_2_v8.png,0,-3.0229407265123944,1.7640142754450918
pick_hammer_2_v9.png,0,1.1878001395883078,1.4072450260087075
pick_hammer_3_v0.png,0,1.746747413562907,1.3423292363595214
pick_hammer_3_v1.png,0,1.3929954320590232,1.0963808115708165
pick_hammer_3_v2.png,0,-2.9448959686492473,1.336091199536679
pick_hammer_3_v3.png,0,-2.6232121309055287,1.4655891717547156
pick_hammer_3_v4.png,0,1.613383227526124,1.084547008271516
pick_hammer_3_v5.png,0,-2.3018080568782175,1.1802222227324604
pick_hammer_3_v6.png,0,-0.1708821367076705,1.4484089362967068
pick_hammer_3_v7.png,0,-2.6333289517750353,1.077170843843047
pick_hammer_3_v8.png,0,-1.74395756567311,1.101388459442324
pick_hammer_3_v9.png,0,-2.421370255575937,1.2208460479025665
pick_hammer_4_v0.png,0,-1.9227340892033915,1.3688439621551756
pick_hammer_4_v1.png,0,-2.578634625687174,1.2891374637003086
pick_hammer_4_v2.png,0,-0.7505303408823089,1.164416374587991
pick_hammer_4_v3.png,0,1.719600893297204,1.266107624586056
pick_hammer_4_v4.png,0,1.928080446013822,1.583265951726429
pick_hammer_4_v5.png,0,-3.0898986444457686,1.3200537476779528
pick_hammer_4_v6.png,0,-1.5536080887848902,1.6167004632408843
pick_hammer_4_v7.png,0,-0.269399617640974,1.5542499225245807
pick_hammer_4_v8.png,0,-1.3110188551775024,1.2377110445608221
pick_hammer_4_v9.png,0,1.4027278770936986,1.1768553728227984
poleaxe_0_v0.png,0,3.075256661869944,1.111798802583732
poleaxe_0_v1.png,0,1.7708123697490157,1.094747466242773
poleaxe_0_v2.png,0,2.902535698593007,1.456892381715312
poleaxe_0_v3.png,0,3.045559448613886,1.3234579429687152
poleaxe_0_v4.png,0,-0.08581343921166988,1.0913010887098653
poleaxe_0_v5.png,0,1.6262389315617325,1.4047713704358145
poleaxe_0_v6.png,0,-0.01692324205499858,1.158081797608276
poleaxe_0_v7.png,0,-1.032920819320811,1.214175686285222
poleaxe_0_v8.png,0,-0.07450806002939057,1.0943636035027233
poleaxe_0_v9.png,0,1.9081660590427223,1.1113646630806326
poleaxe_1_v0.png,0,2.975344703855746,1.1194228467548615
poleaxe_1_v1.png,0,-0.9013944880374678,1.3187632967235794
poleaxe_1_v2.png,0,1.8636087797727212,1.3015793755854186
poleaxe_1_v3.png,0,0.9458058601551079,1.1757554529281695
poleaxe_1_v4.png,0,2.9286299144818124,1.196878858872091
poleaxe_1_v5.png,0,0.8932655730948572,1.1790632907758838
poleaxe_1_v6.png,0,-0.22540076534186582,1.119291506384149
poleaxe_1_v7.png,0,1.8846165242935968,1.247570592052673
poleaxe_1_v8.png,0,1.794043228318158,1.3784720166290205
poleaxe_1_v9.png,0,0.8858755308029574,1.3685357019138829
poleaxe_2_v0.png,0,2.3634826397889395,1.6709143710464567
poleaxe_2_v1.png,0,2.2953568923467467,1.3611437613268442
poleaxe_2_v2.png,0,-0.579930334666299,1.687529122611537
poleaxe_2_v3.png,0,-2.617400078683814,1.6552178899464678
poleaxe_2_v4.png,0,2.6644251330634807,1.4448962353938473
poleaxe_2_v5.png,0,0.8658676715719105,1.518486531952248
poleaxe_2_v6.png,0,-2.7327651709786602,1.3939077449266992
poleaxe_2_v7.png,0,2.207308832649539,1.5810585632311163
poleaxe_2_v8.png,0,1.662047903676209,1.4902538853620084
poleaxe_2_v9.png,0,2.8490520642053356,1.3283396055112913
poleaxe_3_v0.png,0,2.3218766243054336,1.7538366373765524
poleaxe_3_v1.png,0,0.30753602590730467,1.6010247016833636
poleaxe_3_v2.png,0,2.959481937185551,1.4865647477828983
poleaxe_3_v3.png,0,2.433287436219916,1.5412836336160016
poleaxe_3_v4.png,0,-0.2452431169856526,1.4562976382105426
poleaxe_3_v5.png,0,1.2840814624475372,1.5247711599499196
poleaxe_3_v6.png,0,0.6347159154675696,1.5039929718074898
poleaxe_3_v7.png,0,-2.201727452337692,1.3411811809243324
poleaxe_3_v8.png,0,-1.097693508939907,1.368963823796539
poleaxe_3_v9.png,0,1.4918757945649643,1.3295248624733174
poleaxe_4_v0.png,0,1.2973157369730177,1.6643780744984764
poleaxe_4_v1.png,0,0.44698776052977873,1.630319072141614
poleaxe_4_v2.png,0,2.456247235191965,1.4669355770943
poleaxe_4_v3.png,0,2.3214750636367816,1.531076163915838
poleaxe_4_v4.png,0,0.2745872797343616,1.3903872185104273
poleaxe_4_v5.png,0,-0.7932090292424853,1.6360428815411043
poleaxe_4_v6.png,0,1.4726782290908769,1.6604718498648774
poleaxe_4_v7.png,0,0.750563606028861,1.589435821693502
poleaxe_4_v8.png,0,2.0870549770507916,1.4272573117914775
poleaxe_4_v9.png,0,0.27269054348947286,1.5767424967806036
power_pole_0_v0.png,0,0.35153414247798187,1.3916862891295239
power_pole_0_v1.png,0,3.0761963132344725,1.121004087775436
power_pole_0_v2.png,0,2.0937561943937117,1.4406915376263878
power_pole_0_v3.png,0,-2.982060953991545,1.3635148394913437
power_pole_0_v4.png,0,1.2897916779942882,1.1519109393852556
power_pole_0_v5.png,0,0.36417176128195816,1.061222263542018
power_pole_0_v6.png,0,-2.4208811081247665,1.1813893313089743
power_pole_0_v7.png,0,1.5107000730394902,1.0830586379953737
power_pole_0_v8.png,0,-0.2772440279234818,1.1178184405095606
power_pole_0_v9.png,0,2.1953983416453298,1.3613212563875605
power_pole_1_v0.png,0,3.0289981799535663,1.3296080850209044
power_pole_1_v1.png,0,-0.26570433574642827,1.3653179457834679
power_pole_1_v2.png,0,-1.8925987148792298,1.1142204260782405
power_pole_1_v3.png,0,0.8766450774893455,1.261268569309391
power_pole_1_v4.png,0,-1.0087296118109432,1.4655325057850852
power_pole_1_v5.png,0,-1.1198160802351191,1.1704256925924312
power_pole_1_v6.png,0,-2.4319216023210077,1.2413202506917271
power_pole_1_v7.png,0,1.8821816115363654,1.4132563631605624
power_pole_1_v8.png,0,-1.0671424576101909,1.563316000296315
power_pole_1_v9.png,0,0.6501973836794892,1.44679679241727
power_pole_2_v0.png,0,-0.9545546925367323,1.4192817294725617
power_pole_2_v1.png,0,1.917560652693585,1.463821408233324
power_pole_2_v2.png,0,3.0103812377211634,1.4323964929972715
power_pole_2_v3.png,0,2.9031537695412926,1.6529207406041653
power_pole_2_v4.png,0,-2.5293496858057845,1.5356750189746409
power_pole_2_v5.png,0,-2.23148752010545,1.2559816323819442
power_pole_2_v6.png,0,-1.3891412875898839,1.4162060871016569
power_pole_2_v7.png,0,-2.850133538093295,1.3979203968109672
power_pole_2_v8.png,0,2.5694695559250462,1.5119301801252343
power_pole_2_v9.png,0,-2.603343412805698,1.698749493033983
power_pole_3_v0.png,0,-0.5109575769233463,1.2685477772207352
power_pole_3_v1.png,0,2.1489613581683695,1.5149484484144988
power_pole_3_v2.png,0,0.05541354849528357,1.1836826093813322
power_pole_3_v3.png,0,0.3175538465990062,1.298128113277625
power_pole_3_v4.png,0,1.130618864178941,1.2803057893389245
power_pole_3_v5.png,0,0.2812314294075673,1.3680189701852459
power_pole_3_v6.png,0,-1.9695246786034115,1.3193183946010378
power_pole_3_v7.png,0,2.5430236348950506,1.2003249768109776
power_pole_3_v8.png,0,1.704846883667142,1.5469047374059697
power_pole_3_v9.png,0,-2.695062619342294,1.6322162333256072
power_pole_4_v0.png,0,1.0172569136299237,1.8952327038404695
power_pole_4_v1.png,0,2.06356522255009,1.6737552586730498
power_pole_4_v2.png,0,0.773033358126435,1.772752745017923
power_pole_4_v3.png,0,-1.183356550158554,1.6883430213252846
power_pole_4_v4.png,0,2.6639992504955687,1.370427600827687
power_pole_4_v5.png,0,-1.0056648959710643,1.3935444473136376
power_pole_4_v6.png,0,-0.8479292830095428,1.4233332547843212
power_pole_4_v7.png,0,1.8713167068245766,1.6110135701914563
power_pole_4_v8.png,0,0.30303202265680174,1.4363508540194512
power_pole_4_v9.png,0,-2.916324211077937,1.9246474433171348
quarterstaff_0_v0.png,0,-1.153924905965235,1.3539408084632003
quarterstaff_0_v1.png,0,1.6161695080857765,1.878687328199011
quarterstaff_0_v2.png,0,2.6740781289325337,1.5563014141008458
quarterstaff_0_v3.png,0,-3.124241982235996,1.8776478408002495
quarterstaff_0_v4.png,0,-2.0345370909443137,1.5378095614460714
quarterstaff_0_v5.png,0,-2.1857061091293915,1.7294171470191346
quarterstaff_0_v6.png,0,1.3804939640568288,1.9072142190140084
quarterstaff_0_v7.png,0,1.2130919019682853,1.5804378940075958
quarterstaff_0_v8.png,0,-1.7528878069369846,1.6333071833490338
quarterstaff_0_v9.png,0,0.9160442661121537,1.4192030906492863
quarterstaff_1_v0.png,0,2.4082357089195723,1.351057527416934
quarterstaff_1_v1.png,0,1.2364274730971152,1.5427610442110153
quarterstaff_1_v2.png,0,1.4441779624904472,1.5072540980184717
quarterstaff_1_v3.png,0,0.3030757441039459,1.383518787354516
quarterstaff_1_v4.png,0,0.5167002032138089,1.4792488165531477
quarterstaff_1_v5.png,0,-1.047849749281423,1.5537034723650633
quarterstaff_1_v6.png,0,-1.354614710386713,1.8269785318456635
quarterstaff_1_v7.png,0,2.8180175944630474,1.5835485915480292
quarterstaff_1_v8.png,0,-0.8684024325112506,1.5306068027312727
quarterstaff_1_v9.png,0,2.1430706512610023,1.6406802486417562
quarterstaff_2_v0.png,0,-2.636023009929048,1.5489180454854596
quarterstaff_2_v1.png,0,0.21366992609846158,1.291749972709815
quarterstaff_2_v2.png,0,-2.4829788046694086,1.5046871811308842
quarterstaff_2_v3.png,0,-0.5084438990435148,1.2389937211563637
quarterstaff_2_v4.png,0,-0.8578570741022661,1.4170136930598083
quarterstaff_2_v5.png,0,2.1017045662508025,1.6054040669766192
quarterstaff_2_v6.png,0,1.075874905292533,1.232307239709606
quarterstaff_2_v7.png,0,-2.847039032900195,1.4513033371198378
quarterstaff_2_v8.png,0,2.072739093086901,1.6202890422859137
quarterstaff_2_v9.png,0,-2.739992457801713,1.6462867270623855
quarterstaff_3_v0.png,0,-1.5868095709990864,1.9953492724554938
quarterstaff_3_v1.png,0,-2.457743151084542,1.7823884041709177
quarterstaff_3_v2.png,0,3.023805804550972,1.9266126061347504
quarterstaff_3_v3.png,0,-1.2129016173739466,1.5839967771419539
quarterstaff_3_v4.png,0,0.7558361976122601,1.6824415241857749
quarterstaff_3_v5.png,0,-3.1385686480461263,1.6687543124199289
quarterstaff_3_v6.png,0,0.7436386687864873,1.610505164848946
quarterstaff_3_v7.png,0,0.731110044593309,1.520599555553518
quarterstaff_3_v8.png,0,0.45424409048196845,1.4962688075922994
quarterstaff_3_v9.png,0,-0.7573240554072698,1.9416631186802256
quarterstaff_4_v0.png,0,-3.005498587042503,1.6579160210539456
quarterstaff_4_v1.png,0,-2.5030256776641786,1.4222248689165466
quarterstaff_4_v2.png,0,2.9007880589942223,1.4451287513374367
quarterstaff_4_v3.png,0,1.5335828949615398,1.693166900922164
quarterstaff_4_v4.png,0,3.123109243209556,1.6143314348900317
quarterstaff_4_v5.png,0,-1.218373042605922,1.6080105946958576
quarterstaff_4_v6.png,0,0.40998108272724254,1.4264547696366707
quarterstaff_4_v7.png,0,-0.9723757424117089,1.6241672128361313
quarterstaff_4_v8.png,0,1.8565049854678042,1.406954721584618
quarterstaff_4_v9.png,0,-2.6368529739938165,1.6678326413135973
rapier_0_v0.png,0,-2.4001365609402328,1.6772145316398028
rapier_0_v1.png,0,1.151188890139999,1.5309376208237195
rapier_0_v2.png,0,-1.5464973562672153,1.8829354018146793
rapier_0_v3.png,0,-1.5477131118528735,1.8224244282534596
rapier_0_v4.png,0,-1.5626817187206816,1.67809413775421
rapier_0_v5.png,0,1.8780465009029945,1.8657855001305195
rapier_0_v6.png,0,-3.0826052975807263,1.7376060826272304
rapier_0_v7.png,0,0.9773919350961939,1.475906207709447
rapier_0_v8.png,0,-1.102446652271584,1.7588584557259355
rapier_0_v9.png,0,0.22679597544034236,1.518681635940879
rapier_1_v0.png,0,-2.558749892247653,1.6192293353861533
rapier_1_v1.png,0,2.88331828614111,2.0196784704652417
rapier_1_v2.png,0,1.3245087813793521,1.9821350080408344
rapier_1_v3.png,0,-1.957857596289591,1.5557821981480464
rapier_1_v4.png,0,2.1895424399488403,2.057369017015119
rapier_1_v5.png,0,-3.1165813006574536,1.6295929550868642
rapier_1_v6.png,0,2.4149552343554395,1.8736184954000614
rapier_1_v7.png,0,0.9433063405305235,1.542143767065445
rapier_1_v8.png,0,0.427357109025869,1.7405018721337
rapier_1_v9.png,0,1.0172546538584921,1.6486317079624269
rapier_2_v0.png,0,-2.0809640938867373,1.4662848668250492
rapier_2_v1.png,0,-3.0177913244937646,1.5277054860322434
rapier_2_v2.png,0,2.458754454192914,1.9525310890095926
rapier_2_v3.png,0,-1.6197204790917095,2.022080694054196
rapier_2_v4.png,0,-1.456680094440161,1.6619227421032488
rapier_2_v5.png,0,-1.9514293066421446,1.8604444774716251
rapier_2_v6.png,0,-1.6403802029988999,1.664098191464193
rapier_2_v7.png,0,2.8166176080012586,1.8828293374804568
rapier_2_v8.png,0,-1.6615702041335982,1.703422276382581
rapier_2_v9.png,0,-2.0391417304053876,1.885038301096817
rapier_3_v0.png,0,2.483734799333238,1.466767868527034
rapier_3_v1.png,0,2.700136581117693,1.4763222347475684
rapier_3_v2.png,0,0.9344184942450271,1.4293501575331715
rapier_3_v3.png,0,-0.07933054154152375,1.79922683442649
rapier_3_v4.png,0,0.7398276250627969,1.5220713548692946
rapier_3_v5.png,0,-1.8504319966487728,1.8533522359504733
rapier_3_v6.png,0,-2.69951132583731,1.4004507662308467
rapier_3_v7.png,0,-0.8616792300901661,1.8111079879857235
rapier_3_v8.png,0,-1.8725131495299916,1.9129105690997863
rapier_3_v9.png,0,1.7056453829081373,1.4032505301818665
rapier_4_v0.png,0,0.35874814380472886,1.7803514722655474
rapier_4_v1.png,0,1.4259484533006264,1.564291647606664
rapier_4_v2.png,0,-2.9819056021472057,1.2936627084385195
rapier_4_v3.png,0,-0.9999250317901378,1.7171405187742856
rapier_4_v4.png,0,0.22579131680223075,1.3840005535583384
rapier_4_v5.png,0,0.6600915284452977,1.6031370501105884
rapier_4_v6.png,0,2.4377674662251705,1.5663336953315508
rapier_4_v7.png,0,-2.0069219706071735,1.7290593981261542
rapier_4_v8.png,0,1.5802444367932562,1.250823025859814
rapier_4_v9.png,0,2.537801833760114,1.3421709651088984
rock_hammer_0_v0.png,0,0.6461882080423462,1.6636393037691999
rock_hammer_0_v1.png,0,-1.896247154821132,1.5754481716874826
rock_hammer_0_v2.png,0,2.2756551959718,1.6142682537683188
rock_hammer_0_v3.png,0,-1.2656682377763089,1.2623850343349288
rock_hammer_0_v4.png,0,1.5900470902065569,1.263546932164138
rock_hammer_0_v5.png,0,2.7260442436697847,1.5348042457725721
rock_hammer_0_v6.png,0,0.6413847702443038,1.3235805590752052
rock_hammer_0_v7.png,0,-2.270617409346694,1.4698914825846938
rock_hammer_0_v8.png,0,0.36615408374350067,1.2637682918874666
rock_hammer_0_v9.png,0,1.0047063638755036,1.4795524009772243
rock_hammer_2_v0.png,0,-3.0751147965800305,1.8274886964121297
rock_hammer_2_v1.png,0,-1.3907087222662577,2.113068798692732
rock_hammer_2_v2.png,0,1.4694721737356107,1.9630204513010727
rock_hammer_2_v3.png,0,-0.9014149143520459,1.5921326789550403
rock_hammer_2_v4.png,0,-1.7468792723520463,1.703562342925407
rock_hammer_2_v5.png,0,0.7903895705903652,1.8336879049375052
rock_hammer_2_v6.png,0,2.4233895986697016,1.6029822616162133
rock_hammer_2_v7.png,0,-1.5688883665489082,1.819170447141843
rock_hammer_2_v8.png,0,1.56335600131744,2.1259207126452524
rock_hammer_2_v9.png,0,-2.1118753093165727,2.0973746144048047
rock_hammer_3_v0.png,0,-1.3118058923067637,1.28186656503348
rock_hammer_3_v1.png,0,2.9720553665672464,1.4839310747174423
rock_hammer_3_v2.png,0,-1.6809518068928977,1.6356257149783482
rock_hammer_3_v3.png,0,2.0750907170647297,1.287430113888655
rock_hammer_3_v4.png,0,-3.1292573878489733,1.7158232538247702
rock_hammer_3_v5.png,0,0.4547993795269264,1.355613399379544
rock_hammer_3_v6.png,0,-1.7939008339375249,1.320464460590197
rock_hammer_3_v7.png,0,-2.403207733772256,1.3556877474248634
rock_hammer_3_v8.png,0,-0.8132269168493114,1.2850163200184497
rock_hammer_3_v9.png,0,1.496684710680472,1.6959499505134739
rock_hammer_4_v0.png,0,0.04549765689002194,1.7668216534339385
rock_hammer_4_v1.png,0,-2.2723279628555,1.7857823694859079
rock_hammer_4_v2.png,0,1.6932506453804905,1.4274859163587665
rock_hammer_4_v3.png,0,-2.0998921156227737,1.7698569335716252
rock_hammer_4_v4.png,0,-0.5956711571560795,1.623493146830315
rock_hammer_4_v5.png,0,2.9015999312841325,1.4366775341487592
rock_hammer_4_v6.png,0,1.214843158062124,1.7320092379219458
rock_hammer_4_v7.png,0,-2.7889260459954777,1.9126327200502728
rock_hammer_4_v8.png,0,-2.182142247935377,1.5347552838265535
rock_hammer_4_v9.png,0,-0.503402052544567,1.7885949696092982
ruby_mace_0_v0.png,0,0.9135493145924678,1.4448541962801829
ruby_mace_0_v1.png,0,3.135324953055914,1.6234972850346394
ruby_mace_0_v2.png,0,2.3937172990433506,1.5182444800900563
ruby_mace_0_v3.png,0,0.8847834438170092,1.8568285606776316
ruby_mace_0_v4.png,0,-0.4074368975557049,1.7060562788628149
ruby_mace_0_v5.png,0,3.1170889042485834,1.5490270237999733
ruby_mace_0_v6.png,0,1.1807791249550836,1.3926181932916348
ruby_mace_0_v7.png,0,2.535711819153275,1.3947854066126992
ruby_mace_0_v8.png,0,-2.453806381695029,1.7505021397624456
ruby_mace_0_v9.png,0,1.9576110348559272,1.7192698027807345
ruby_mace_1_v0.png,0,2.144321499442114,1.6513929086409773
ruby_mace_1_v1.png,0,0.4302146507503256,1.4023259849633536
ruby_mace_1_v2.png,0,2.1348054455558243,1.6915153988982943
ruby_mace_1_v3.png,0,1.0928414923983585,1.4625516803924092
ruby_mace_1_v4.png,0,-0.21485343629572257,1.6151834983788556
ruby_mace_1_v5.png,0,-2.6839090416717877,1.7413052653150098
ruby_mace_1_v6.png,0,-1.0474413924414732,1.3093347838693177
ruby_mace_1_v7.png,0,2.4051406598505336,1.310730855870423
ruby_mace_1_v8.png,0,-1.9279283662411073,1.5119068877860127
ruby_mace_1_v9.png,0,-1.54429224689205,1.6470416691714505
ruby_mace_2_v0.png,0,-1.4589669615637573,1.5702428831720299
ruby_mace_2_v1.png,0,0.7453494358740571,1.5632069441481904
ruby_mace_2_v2.png,0,-1.7992931759002428,1.9895399914218186
ruby_mace_2_v3.png,0,-0.17809543615114454,1.7904791384691012
ruby_mace_2_v4.png,0,2.8751571314423687,1.6409066115467175
ruby_mace_2_v5.png,0,0.18480003229109054,1.405416386232385
ruby_mace_2_v6.png,0,-2.190351773191032,1.5502892362128393
ruby_mace_2_v7.png,0,1.1909384597959998,1.7886903162613548
ruby_mace_2_v8.png,0,-0.9607229554770588,1.6474306624330157
ruby_mace_2_v9.png,0,-1.9804017109768455,1.487366948466032
ruby_mace_3_v0.png,0,0.5161584131734029,1.6475481774308003
ruby_mace_3_v1.png,0,1.1138918317020818,1.8994813252224148
ruby_mace_3_v2.png,0,-2.422200860097206,1.8073662387590583
ruby_mace_3_v3.png,0,0.06669958285133326,1.839361603876226
ruby_mace_3_v4.png,0,-2.9118557885457736,1.7082888132694385
ruby_mace_3_v5.png,0,0.016938926099294593,1.6466663178927827
ruby_mace_3_v6.png,0,-0.08775551621749422,1.6414141146642
ruby_mace_3_v7.png,0,-0.18685334401778997,1.541792777510271
ruby_mace_3_v8.png,0,0.12013790721781437,1.8040102738307162
ruby_mace_3_v9.png,0,-0.789754499501129,1.8891301067704687
ruby_mace_4_v0.png,0,1.800908029439878,1.487492708547961
ruby_mace_4_v1.png,0,1.784333837951028,1.5898615854633573
ruby_mace_4_v2.png,0,-0.36210315219808814,1.6258704637994639
ruby_mace_4_v3.png,0,0.7798986618104216,1.8954937915851833
ruby_mace_4_v4.png,0,0.29567156460053345,1.513683088778512
ruby_mace_4_v5.png,0,-1.2873955752214965,1.6576671838179002
ruby_mace_4_v6.png,0,-0.04841052547561897,1.4949555080336265
ruby_mace_4_v7.png,0,-0.1210264962777805,1.7136805978134575
ruby_mace_4_v8.png,0,1.8909542402667003,1.7985864647965042
ruby_mace_4_v9.png,0,0.5817677897644968,1.550277576583348
runed_battlehammer_0_v0.png,0,-2.502963685317708,1.4786873862183858
runed_battlehammer_0_v1.png,0,2.445667744985448,1.520561846948405
runed_battlehammer_0_v2.png,0,-0.5118517709208793,1.2447108454776015
runed_battlehammer_0_v3.png,0,-1.8954874354538171,1.4245441079961292
runed_battlehammer_0_v4.png,0,1.3608429416639671,1.2652794906973395
runed_battlehammer_0_v5.png,0,1.89873934261424,1.1714958459347222
runed_battlehammer_0_v6.png,0,-1.7751832077267982,1.2512385857619026
runed_battlehammer_0_v7.png,0,-2.144495713771307,1.3313764071892422
runed_battlehammer_0_v8.png,0,2.2394714675078946,1.5257328954916283
runed_battlehammer_0_v9.png,0,-2.417400299810098,1.4331260263001402
runed_battlehammer_2_v0.png,0,-0.2702973788258627,1.6178850803867018
runed_battlehammer_2_v1.png,0,0.7929521995184011,1.4206453752354338
runed_battlehammer_2_v2.png,0,1.4279420273664192,1.4621991940145873
runed_battlehammer_2_v3.png,0,0.0821596329870321,1.3692704840419616
runed_battlehammer_2_v4.png,0,2.9113236177798867,1.6271630189714308
runed_battlehammer_2_v5.png,0,1.6255205823250218,1.7050857990864492
runed_battlehammer_2_v6.png,0,-2.304307842454717,1.5098231490957668
runed_battlehammer_2_v7.png,0,-0.24318349133228612,1.2241583365735225
runed_battlehammer_2_v8.png,0,-2.33290931606312,1.2484239280206304
runed_battlehammer_2_v9.png,0,2.349724789524231,1.3997727845444812
runed_battlehammer_3_v0.png,0,1.0847134488226413,1.1357470795348925
runed_battlehammer_3_v1.png,0,1.7403481213784853,1.3974219543452842
runed_battlehammer_3_v2.png,0,-2.340885891119254,1.1217460836989728
runed_battlehammer_3_v3.png,0,1.8427367300324111,1.414153032931146
runed_battlehammer_3_v4.png,0,-2.359583479497758,1.04766433246848
runed_battlehammer_3_v5.png,0,-0.8369283708497495,1.4175700259686366
runed_battlehammer_3_v6.png,0,1.8239536054483143,1.2788228703719375
runed_battlehammer_3_v7.png,0,-0.20788820681810183,1.284104954359569
runed_battlehammer_3_v8.png,0,-2.6498080197104814,1.2958247513181957
runed_battlehammer_3_v9.png,0,-0.17845469636179212,1.0174640145161042
sai_0_v0.png,0,2.775027394096,1.5319934960909576
sai_0_v1.png,0,1.1179806773335335,1.8845323700456351
sai_0_v2.png,0,-2.3874088914502463,1.5629829500668289
sai_0_v3.png,0,-2.0952533149631734,1.379783575963726
sai_0_v4.png,0,1.0078996635433164,1.9088396873599418
sai_0_v5.png,0,-1.872618577656259,1.8866036098416092
sai_0_v6.png,0,-0.7055483055355474,1.4333208518924443
sai_0_v7.png,0,1.0971118234788433,1.8453337224489839
sai_0_v8.png,0,-0.2220283071879443,1.4220549756358727
sai_0_v9.png,0,-1.8003761472178361,1.8915249216168766
sai_2_v0.png,0,-1.7394471346464,1.3845985730744397
sai_2_v1.png,0,2.4334564178740448,1.4121206940049142
sai_2_v2.png,0,-2.6727867616255994,1.7821202381571821
sai_2_v3.png,0,2.286810201401975,1.3968554785236085
sai_2_v4.png,0,1.5463092118335195,1.637187215441399
sai_2_v5.png,0,0.7069928498257863,1.8780159977956894
sai_2_v6.png,0,2.5389690792750206,1.3501928815624886
sai_2_v7.png,0,2.351484608350837,1.602657121977131
sai_2_v8.png,0,0.34046021734680787,1.6892681911354237
sai_2_v9.png,0,-2.406815570068996,1.9146497669348517
sai_3_v0.png,0,-2.1601195707318475,1.5094110306714317
sai_3_v1.png,0,2.1582907220588634,1.3563455794500539
sai_3_v2.png,0,1.2567054754684053,1.6465932411895952
sai_3_v3.png,0,-0.8785298207248788,1.266203982737883
sai_3_v4.png,0,2.9516179584655893,1.4268182829622205
sai_3_v5.png,0,-1.9931830389932044,1.6845899913971214
sai_3_v6.png,0,1.945045892534389,1.4852797552634394
sai_3_v7.png,0,-0.8412898693970161,1.2214229112471375
sai_3_v8.png,0,-1.1649844622188217,1.4838148365701007
sai_3_v9.png,0,0.3847501165295484,1.5488939146080558
sai_4_v0.png,0,1.207415205655769,1.8340240796619496
sai_4_v1.png,0,2.204026616665366,1.7845493116148141
sai_4_v2.png,0,1.9834263017011402,1.4562184057357288
sai_4_v3.png,0,-1.8969712080996448,1.4067326563707718
sai_4_v4.png,0,-2.2721400147965607,1.4918421660325378
sai_4_v5.png,0,0.052101414212376795,1.4855672449512918
sai_4_v6.png,0,-2.735042627181806,1.7079929864577736
sai_4_v7.png,0,0.9118822437831924,1.6407904630102093
sai_4_v8.png,0,1.0623198873440578,1.7705495547202932
sai_4_v9.png,0,0.8038167194393773,1.43237967286233
sapphire_glaive_0_v0.png,0,-0.370439510684184,1.6255081413811028
sapphire_glaive_0_v1.png,0,-0.13899707790865357,1.8595097975332222
sapphire_glaive_0_v2.png,0,0.7703144415105392,1.5573765350499644
sapphire_glaive_0_v3.png,0,-0.08896337965728485,1.8909285452042823
sapphire_glaive_0_v4.png,0,-0.35794860601973344,1.6146083145569325
sapphire_glaive_0_v5.png,0,-1.3822821304432322,1.4768466551455706
sapphire_glaive_0_v6.png,0,-1.2911163785421929,1.6819243005729412
sapphire_glaive_0_v7.png,0,-0.8877072933625128,1.4513951422019584
sapphire_glaive_0_v8.png,0,2.055548911755702,1.7523794125031769
sapphire_glaive_0_v9.png,0,-0.013155787876083735,1.5751146925443442
sapphire_glaive_1_v0.png,0,-2.336553611832864,1.4732582516969044
sapphire_glaive_1_v1.png,0,2.416619029271062,1.332443933818091
sapphire_glaive_1_v2.png,0,-2.283483942577397,1.3596441614594736
sapphire_glaive_1_v3.png,0,-1.6219950875879632,1.6702103681250915
sapphire_glaive_1_v4.png,0,-0.11879960530438305,1.574630282164594
sapphire_glaive_1_v5.png,0,1.349504673346763,1.5731741842474838
sapphire_glaive_1_v6.png,0,-0.5613378337895237,1.5660478198958498
sapphire_glaive_1_v7.png,0,0.8380159394902511,1.7539097954499447
sapphire_glaive_1_v8.png,0,-2.644704951199776,1.6646670375571326
sapphire_glaive_1_v9.png,0,-3.0572297869100797,1.6077676047087592
sapphire_glaive_2_v0.png,0,2.1174420822983464,1.414967557472298
sapphire_glaive_2_v1.png,0,1.0798115333096323,1.669598549048908
sapphire_glaive_2_v2.png,0,-0.7385522821840187,1.807720090694934
sapphire_glaive_2_v3.png,0,-0.8492617397809288,1.4791061091077469
sapphire_glaive_2_v4.png,0,-0.9037853172318764,1.7476532210412763
sapphire_glaive_2_v5.png,0,-1.2833975257617842,1.9321993269392626
sapphire_glaive_2_v6.png,0,-0.6981564059021048,1.898133431467685
sapphire_glaive_2_v7.png,0,-1.2562979341510085,1.5651931196604865
sapphire_glaive_2_v8.png,0,2.866353444309969,1.9310901025868117
sapphire_glaive_2_v9.png,0,-0.5063325840195319,1.5242545517164587
sapphire_glaive_4_v0.png,0,1.7392785544313478,1.6382029676304912
sapphire_glaive_4_v1.png,0,-2.556023137678202,1.4013661562835755
sapphire_glaive_4_v2.png,0,-2.7274858645265168,1.4487649099388915
sapphire_glaive_4_v3.png,0,0.3092138236924047,1.4989212616401544
sapphire_glaive_4_v4.png,0,3.136155740019118,1.6073478303322175
sapphire_glaive_4_v5.png,0,-1.9252712053669558,1.5849037291422905
sapphire_glaive_4_v6.png,0,-1.1052026899632938,1.631124947101292
sapphire_glaive_4_v7.png,0,-1.7725550348400407,1.651113686854737
sapphire_glaive_4_v8.png,0,1.9627945714830137,1.6947830007399782
sapphire_glaive_4_v9.png,0,-1.6882478116350388,1.4565278171621592
screwdriver_0_v0.png,0,2.3501400052641284,1.8652926504736824
screwdriver_0_v1.png,0,1.4339955711550967,1.825182327429876
screwdriver_0_v2.png,0,2.141509055971186,1.7437195984342047
screwdriver_0_v3.png,0,-2.559943449229441,1.8305784762397712
screwdriver_0_v4.png,0,1.623996857907654,1.4545824692458567
screwdriver_0_v5.png,0,1.2125601096906742,1.7026984883383582
screwdriver_0_v6.png,0,-0.9107351291208275,1.4670498905501526
screwdriver_0_v7.png,0,1.379406784242989,1.7105937219051246
screwdriver_0_v8.png,0,-0.4083180909470642,1.420439454288492
screwdriver_0_v9.png,0,-0.21004278221658335,1.6187211571723543
screwdriver_1_v0.png,0,2.027381360329519,1.5753725984525693
screwdriver_1_v1.png,0,-2.7820885393705233,1.6207220701654117
screwdriver_1_v2.png,0,-2.3862563572979427,1.7336206868123643
screwdriver_1_v3.png,0,1.4337526069341464,1.770292256603414
screwdriver_1_v4.png,0,-0.9630161776945181,1.7451408596213207
screwdriver_1_v5.png,0,-1.4637303584501178,1.9662369375237179
screwdriver_1_v6.png,0,-1.9107537345781151,1.9832297134915646
screwdriver_1_v7.png,0,0.37956484939928226,1.6921104582387427
screwdriver_1_v8.png,0,2.8357755297158986,2.2064841356789464
screwdriver_1_v9.png,0,2.549354485021574,1.955407712380349
screwdriver_2_v0.png,0,-1.4822379664026135,1.4127215600184557
screwdriver_2_v1.png,0,0.17528253972305619,1.5798288260331943
screwdriver_2_v2.png,0,0.6916771950479923,1.5889700573319379
screwdriver_2_v3.png,0,1.3869367149516296,1.8033558200872095
screwdriver_2_v4.png,0,-1.6432100780081917,1.8828535784363059
screwdriver_2_v5.png,0,-1.1285454093430738,1.4604954216320687
screwdriver_2_v6.png,0,3.0655201541162693,1.6282990785212201
screwdriver_2_v7.png,0,2.6313514380868828,1.4268335432647157
screwdriver_2_v8.png,0,-2.672873267029763,1.7115999184567507
screwdriver_2_v9.png,0,-0.3755612086487157,1.5656899877384571
screwdriver_3_v0.png,0,-1.5467663549804582,1.3541096255134366
screwdriver_3_v1.png,0,2.127386579383333,1.7120366855270586
screwdriver_3_v2.png,0,-2.3797619913800547,1.6743086254904584
screwdriver_3_v3.png,0,1.3428516459911721,1.5172537304418994
screwdriver_3_v4.png,0,-1.904021999108246,1.897477780961033
screwdriver_3_v5.png,0,-0.2610599906367419,1.6832740354513875
screwdriver_3_v6.png,0,1.5640063468737075,1.3651219113098174
screwdriver_3_v7.png,0,-2.243133212083501,1.4845489622635215
screwdriver_3_v8.png,0,1.5326825065533427,1.6621163752007608
screwdriver_3_v9.png,0,-1.1523884738400256,1.716382860857078
screwdriver_4_v0.png,0,3.0561903948654363,1.5177863379699514
screwdriver_4_v1.png,0,0.2678138716302543,1.5747058126954263
screwdriver_4_v2.png,0,-0.5582309195317625,1.6934632031145778
screwdriver_4_v3.png,0,2.802112918571698,1.711827486557384
screwdriver_4_v4.png,0,2.439654156881126,1.4842774359583277
screwdriver_4_v5.png,0,1.5451128480923175,1.6305750393748988
screwdriver_4_v6.png,0,-1.7126950028352288,1.40424727460521
screwdriver_4_v7.png,0,1.0982632105759305,1.4303980613101006
screwdriver_4_v8.png,0,2.2203597002827618,1.618328737338418
screwdriver_4_v9.png,0,-1.579566974349218,1.4682445375218807
scythe_1_v0.png,0,-1.3708560064063349,1.069413194282777
scythe_1_v1.png,0,0.4542282834337601,1.1034267077664277
scythe_1_v2.png,0,2.982176378696611,1.0500754670636836
scythe_1_v3.png,0,2.5991922921542754,1.487595670046151
scythe_1_v4.png,0,-2.4077275058689276,1.4522444162559431
scythe_1_v5.png,0,-2.4254684574754433,1.4273349532529267
scythe_1_v6.png,0,1.000662691181128,1.076443254170396
scythe_1_v7.png,0,0.5849043359756325,1.2026347864734328
scythe_1_v8.png,0,0.5869370181399005,1.489882193111325
scythe_1_v9.png,0,2.114809272635375,1.2977135131801185
scythe_2_v0.png,0,2.4383349066890574,1.176999924994892
scythe_2_v1.png,0,1.2475881456473616,1.4434226870931248
scythe_2_v2.png,0,-2.7751089389860617,1.269475693151194
scythe_2_v3.png,0,0.552431056900453,1.4669513381345896
scythe_2_v4.png,0,-1.230436234314673,1.4103506284221088
scythe_2_v5.png,0,2.350618070583331,1.2000674099586848
scythe_2_v6.png,0,2.812466614948087,1.4635355775727201
scythe_2_v7.png,0,1.225531665856483,1.46186578265694
scythe_2_v8.png,0,-0.5804443621539612,1.137984175980955
scythe_2_v9.png,0,2.7065200983051136,1.4975904189757905
scythe_3_v0.png,0,2.9590129279607567,1.3870453226079646
scythe_3_v1.png,0,0.18886032114434403,1.3036256472480998
scythe_3_v2.png,0,2.6412277541444977,1.2986023544534324
scythe_3_v3.png,0,-0.1406855683217655,1.1246453917737818
scythe_3_v4.png,0,-1.9254017621604687,1.4061642194286406
scythe_3_v5.png,0,2.2477417560810347,1.3457720092823726
scythe_3_v6.png,0,-0.4413118044831845,1.0836358156742445
scythe_3_v7.png,0,2.0193664060399223,1.4108782017490125
scythe_3_v8.png,0,1.549130315126883,1.2185835706417487
scythe_3_v9.png,0,-2.0028670283273424,1.1819560065089907
shadow_dagger_0_v0.png,0,2.3376382568487015,1.4737822506154534
shadow_dagger_0_v1.png,0,1.9873315029217327,1.4895682180454601
shadow_dagger_0_v2.png,0,1.694804357909144,1.4828961213718581
shadow_dagger_0_v3.png,0,1.4158271670213018,1.7370253166274723
shadow_dagger_0_v4.png,0,1.993363056125532,1.3104409977364624
shadow_dagger_0_v5.png,0,1.5155025021673993,1.350234294708414
shadow_dagger_0_v6.png,0,1.6447854122179364,1.6427807519427524
shadow_dagger_0_v7.png,0,-1.3042706883271036,1.5632510455709587
shadow_dagger_0_v8.png,0,0.11542185964035534,1.5722242546929222
shadow_dagger_0_v9.png,0,2.4790811068459586,1.7864250875106709
shadow_dagger_1_v0.png,0,1.05772880327108,1.6164289362573003
shadow_dagger_1_v1.png,0,3.0949468821190367,1.6279377660528338
shadow_dagger_1_v2.png,0,-0.2964086881246004,1.8131586315922346
shadow_dagger_1_v3.png,0,1.82909015905862,1.7229264956120833
shadow_dagger_1_v4.png,0,2.9032209389563155,1.7358436199639888
shadow_dagger_1_v5.png,0,1.4088205144738155,1.5536603547014545
shadow_dagger_1_v6.png,0,2.95945377809004,1.9206558765212702
shadow_dagger_1_v7.png,0,-2.907977706826964,1.5999788153503374
shadow_dagger_1_v8.png,0,1.7375013201575276,1.858181525545113
shadow_dagger_1_v9.png,0,-2.0390357088115696,1.8969067150119479
shadow_dagger_2_v0.png,0,-2.7469463240646306,1.529712076946001
shadow_dagger_2_v1.png,0,-2.1774392852269875,1.6203391724964902
shadow_dagger_2_v2.png,0,1.6773793458522746,1.920679266002235
shadow_dagger_2_v3.png,0,-0.2482909260377717,1.7789920996697581
shadow_dagger_2_v4.png,0,1.3530765217551795,1.6358666017793007
shadow_dagger_2_v5.png,0,-0.9624900658278186,1.7330277687622329
shadow_dagger_2_v6.png,0,1.8143136398801345,1.6882711042208443
shadow_dagger_2_v7.png,0,2.2148702028557214,1.9406120057649774
shadow_dagger_2_v8.png,0,0.7990497158848215,2.0552151927140088
shadow_dagger_2_v9.png,0,1.8461384331595414,1.603519203569327
shadow_dagger_3_v0.png,0,2.7757208012800203,1.716521404323436
shadow_dagger_3_v1.png,0,0.8930816672587749,1.6495692377269835
shadow_dagger_3_v2.png,0,0.9535548541088121,1.9240240051184947
shadow_dagger_3_v3.png,0,0.753695299737563,2.071292541856316
shadow_dagger_3_v4.png,0,2.491319676538529,2.0303732337567624
shadow_dagger_3_v5.png,0,-1.5988269214079516,1.508479927299545
shadow_dagger_3_v6.png,0,-2.6245261282548085,1.5356275786441078
shadow_dagger_3_v7.png,0,0.9585487449908441,1.750896563297761
shadow_dagger_3_v8.png,0,-2.8189367627354738,1.5653161400148883
shadow_dagger_3_v9.png,0,-2.6795314785552042,1.9906822823810177
shadow_dagger_4_v0.png,0,2.829196704288711,1.8831459543587137
shadow_dagger_4_v1.png,0,-1.2467642612723306,1.665023544703295
shadow_dagger_4_v2.png,0,0.7368127625659175,1.3947118320328
shadow_dagger_4_v3.png,0,-1.7051855893367662,1.623630161721086
shadow_dagger_4_v4.png,0,-0.04581119632669539,1.434210076962016
shadow_dagger_4_v5.png,0,3.0192267701034012,1.628485095627441
shadow_dagger_4_v6.png,0,0.44410912505046274,1.4059844388827356
shadow_dagger_4_v7.png,0,2.6274849716610036,1.6093104534162408
shadow_dagger_4_v8.png,0,2.86924140068907,1.513128270868071
shadow_dagger_4_v9.png,0,-0.8856603434965793,1.3747360759919578
shovel_0_v0.png,0,-1.2794566955542281,1.7972796515311047
shovel_0_v1.png,0,-0.5803247576058124,1.7769597808142414
shovel_0_v2.png,0,-0.883034590164772,1.800313626244809
shovel_0_v3.png,0,-2.8768543197493512,1.4616748714263967
shovel_0_v4.png,0,-0.754727192724007,1.604259417438512
shovel_0_v5.png,0,-2.193635229390521,1.5420384738332058
shovel_0_v6.png,0,1.361946433066658,1.337143343644345
shovel_0_v7.png,0,1.1398898442281453,1.5936247598012452
shovel_0_v8.png,0,0.506276805604881,1.5636411214262576
shovel_0_v9.png,0,-0.9597980829473967,1.3708214000098513
shovel_1_v0.png,0,0.9053755308203395,1.6097892820988187
shovel_1_v1.png,0,-1.7157847682419725,1.442961022925803
shovel_1_v2.png,0,-1.7169857473061942,1.5292925172748395
shovel_1_v3.png,0,0.265696728578952,1.6494368711563392
shovel_1_v4.png,0,-1.0804723033639096,1.6172557255107904
shovel_1_v5.png,0,2.5346451935658045,1.3920312687043126
shovel_1_v6.png,0,-0.7941917161333074,1.8764542030812097
shovel_1_v7.png,0,-1.3301974036780337,1.7027705465109884
shovel_1_v8.png,0,1.8281712854835896,1.6254188248819177
shovel_1_v9.png,0,-0.47456759665100173,1.9073903706319328
shovel_2_v0.png,0,2.0456181971688414,1.7117633199991265
shovel_2_v1.png,0,1.7060625861253336,1.4536377928020465
shovel_2_v2.png,0,-2.8053115906454353,1.4789614170701744
shovel_2_v3.png,0,0.4827420804071516,1.660226360085934
shovel_2_v4.png,0,0.0774102057597823,1.6736956041670665
shovel_2_v5.png,0,-2.8720958403773915,1.557659241050412
shovel_2_v6.png,0,0.7696264111179965,1.3698102080404946
shovel_2_v7.png,0,-1.2532766117009448,1.374819249520908
shovel_2_v8.png,0,-2.026006296057144,1.4644571065366596
shovel_2_v9.png,0,-2.050863568521379,1.8270630274282103
shovel_3_v0.png,0,1.0959102934948446,1.3662147631562669
shovel_3_v1.png,0,1.8406371284570027,1.5692441774034838
shovel_3_v2.png,0,-1.7153148894541153,1.8668828897920835
shovel_3_v3.png,0,-1.4971487315815946,1.6916394728940005
shovel_3_v4.png,0,-1.8889666507701204,1.6193138950201853
shovel_3_v5.png,0,1.4875181869485588,1.580802314191522
shovel_3_v6.png,0,-2.3599286625159817,1.4486608073222391
shovel_3_v7.png,0,2.4996269757398073,1.3661257293416915
shovel_3_v8.png,0,-2.7555293633117275,1.6945343285624253
shovel_3_v9.png,0,-2.0370613519547147,1.4933990106556239
shovel_4_v0.png,0,-2.090077001681216,1.460427948875254
shovel_4_v1.png,0,-1.168148663919031,1.4829386990688584
shovel_4_v2.png,0,-2.036001950644291,1.4535297614252687
shovel_4_v3.png,0,-2.2964227200070506,1.5918790219159613
shovel_4_v4.png,0,-2.3547112313682277,1.867591871793799
shovel_4_v5.png,0,0.2532278868035698,1.5667208461950803
shovel_4_v6.png,0,-1.2868061302216942,1.665383137376298
shovel_4_v7.png,0,1.9150258957421487,1.9115313923395247
shovel_4_v8.png,0,-1.5362358997857117,1.4879446171265955
shovel_4_v9.png,0,-0.6034168581754117,1.7506594128189121
sickle_0_v0.png,0,0.6977188371074989,1.4459623675530195
sickle_0_v1.png,0,-0.3644723179438029,1.377339113227766
sickle_0_v2.png,0,-1.4193079951891185,1.172832040453412
sickle_0_v3.png,0,0.611828373232211,1.538009575095457
sickle_0_v4.png,0,0.0037505047580516093,1.3748000427379896
sickle_0_v5.png,0,2.6258539598536075,1.2618546756817242
sickle_0_v6.png,0,0.0957714698846448,1.4817373679144297
sickle_0_v7.png,0,2.939360241864655,1.3267487965244953
sickle_0_v8.png,0,-0.22919521549735766,1.5351178563176697
sickle_0_v9.png,0,0.0524220610519982,1.5574326620447658
sickle_1_v0.png,0,-1.960464907319532,1.821746810525612
sickle_1_v1.png,0,2.3464338233546855,1.5034518055208586
sickle_1_v2.png,0,-2.22611511040901,1.4896674915279813
sickle_1_v3.png,0,2.3812386995812163,1.8137871439222792
sickle_1_v4.png,0,-0.05074688281045259,1.7427718215462726
sickle_1_v5.png,0,-1.10685571941959,1.7603680575739993
sickle_1_v6.png,0,-2.458136446141854,1.3933018808500364
sickle_1_v7.png,0,-0.5766896660344992,1.7972621120435532
sickle_1_v8.png,0,2.0653549800009783,1.7904555709191794
sickle_1_v9.png,0,2.3420084552056815,1.6042923610508928
sickle_3_v0.png,0,-0.14797845541857646,1.4991083880270122
sickle_3_v1.png,0,1.4223426526624907,1.9488008432240673
sickle_3_v2.png,0,-2.7573087975284936,1.4740231100714702
sickle_3_v3.png,0,-1.9468748020203066,1.674039177081119
sickle_3_v4.png,0,-2.917647469673277,1.797707311990255
sickle_3_v5.png,0,1.9525810706013886,1.5862807882422933
sickle_3_v6.png,0,-3.06143274817486,1.980145143408407
sickle_3_v7.png,0,-2.7169292230925137,1.6578079182368073
sickle_3_v8.png,0,-1.5085821464638887,1.7350390982874522
sickle_3_v9.png,0,2.5812446739433375,1.7639023997035241
sickle_4_v0.png,0,0.47834195628716936,1.2812916971228188
sickle_4_v1.png,0,2.5366173685405746,1.407624237701449
sickle_4_v2.png,0,3.1008268598506605,1.3771950951520369
sickle_4_v3.png,0,1.3709211051132344,1.27017359775554
sickle_4_v4.png,0,-1.6076059273712078,1.616371567683115
sickle_4_v5.png,0,-3.060583601151908,1.2440348081572188
sickle_4_v6.png,0,-1.9483203678514562,1.339960747128465
sickle_4_v7.png,0,2.0942838094110297,1.3425314703680387
sickle_4_v8.png,0,-0.29169990222293485,1.2258475975518681
sickle_4_v9.png,0,0.850924019576095,1.236330144519177
silver_trident_0_v0.png,0,0.14838078588536296,1.3955652682247703
silver_trident_0_v1.png,0,-0.1356257567479915,1.3687689043452658
silver_trident_0_v2.png,0,-0.3386457798239042,1.8376348523144475
silver_trident_0_v3.png,0,2.6859411550902905,1.6910428495988854
silver_trident_0_v4.png,0,2.1058238303575716,1.790754194619923
silver_trident_0_v5.png,0,1.3387484662405973,1.5787434294718936
silver_trident_0_v6.png,0,-1.286749985774156,1.762135235692998
silver_trident_0_v7.png,0,-1.9807647530306722,1.449834876628407
silver_trident_0_v8.png,0,-2.061101910576129,1.6491250046981034
silver_trident_0_v9.png,0,-1.1625471854911158,1.8388344989541485
silver_trident_1_v0.png,0,0.45102400806275655,1.4454314286567844
silver_trident_1_v1.png,0,1.5700548717128457,1.4991755124531587
silver_trident_1_v2.png,0,-2.8332179900571917,1.3653438963461602
silver_trident_1_v3.png,0,2.4117354560258213,1.5078572165682116
silver_trident_1_v4.png,0,-1.7838890961615945,1.8469328738134163
silver_trident_1_v5.png,0,0.8113746067672081,1.7428566012578197
silver_trident_1_v6.png,0,0.8433434999841243,1.5339205566144205
silver_trident_1_v7.png,0,0.5609515700317997,1.7243764099401109
silver_trident_1_v8.png,0,-0.0019977934284303167,1.4355565261458696
silver_trident_1_v9.png,0,0.562859176382037,1.500823075740965
silver_trident_2_v0.png,0,2.892845165708022,1.6635588885081258
silver_trident_2_v1.png,0,-1.1144239610130846,1.412133679044532
silver_trident_2_v2.png,0,-2.7419385630600197,1.8178156935432135
silver_trident_2_v3.png,0,1.2936085024090456,1.593967864890882
silver_trident_2_v4.png,0,-2.9713256135111017,1.7800258184424214
silver_trident_2_v5.png,0,1.5992154708452526,1.7228171256790294
silver_trident_2_v6.png,0,1.2594261103717972,1.6239072252594358
silver_trident_2_v7.png,0,2.6070900591598107,1.6994053443438186
silver_trident_2_v8.png,0,-2.75218240114948,1.7433171849335793
silver_trident_2_v9.png,0,1.8626962631522668,1.9442907396116926
silver_trident_3_v0.png,0,-1.535785363605715,1.4921959511553748
silver_trident_3_v1.png,0,1.9431631956592683,1.4044414337937607
silver_trident_3_v2.png,0,0.5970170416572063,1.8084181669658403
silver_trident_3_v3.png,0,1.8029667102784122,1.4134916279591923
silver_trident_3_v4.png,0,-1.4287189173508033,1.553205631649413
silver_trident_3_v5.png,0,-0.3770533751509886,1.5337766037171243
silver_trident_3_v6.png,0,1.6262082042752588,1.606052048315611
silver_trident_3_v7.png,0,-1.8722551169145394,1.5133595445983175
silver_trident_3_v8.png,0,2.810389556444157,1.4419737879845484
silver_trident_3_v9.png,0,1.332050081793796,1.6722708664614494
silver_trident_4_v0.png,0,-0.30989303288653414,1.794478775519028
silver_trident_4_v1.png,0,2.4600579922187924,1.5987344013516525
silver_trident_4_v2.png,0,-1.5053671722217805,1.7281559908578206
silver_trident_4_v3.png,0,0.9245539480196956,1.4694258608347532
silver_trident_4_v4.png,0,-0.9472162645195432,1.6150542152210206
silver_trident_4_v5.png,0,-0.5448861412452253,1.6159599153739301
silver_trident_4_v6.png,0,0.5589429021714261,1.6170232019745943
silver_trident_4_v7.png,0,2.836132630648275,1.925529400378454
silver_trident_4_v8.png,0,2.7039267056141063,1.8260645745755504
silver_trident_4_v9.png,0,1.6330466202742806,1.5330851360682451
sledgehammer_1_v0.png,0,2.9502834077984286,1.176516741642805
sledgehammer_1_v1.png,0,0.35771567787617453,1.2733412278559368
sledgehammer_1_v2.png,0,-0.4418341073213323,1.2137671247709396
sledgehammer_1_v3.png,0,1.0496438721943102,1.3066617236769966
sledgehammer_1_v4.png,0,0.9494173907292343,1.4898779841779137
sledgehammer_1_v5.png,0,-1.8240067437487024,1.4614182228262602
sledgehammer_1_v6.png,0,1.3794559148868963,1.321086953199209
sledgehammer_1_v7.png,0,-1.2080323086068896,1.4212376279110344
sledgehammer_1_v8.png,0,-2.0900725932439075,1.5464625259107432
sledgehammer_1_v9.png,0,1.5785511645168588,1.253747928376544
sledgehammer_2_v0.png,0,-0.7422093847578298,1.713683598757895
sledgehammer_2_v1.png,0,-2.4700895678757258,1.315102937916629
sledgehammer_2_v2.png,0,0.5310565729102857,1.4983545988353777
sledgehammer_2_v3.png,0,1.032475610749346,1.2690829269126953
sledgehammer_2_v4.png,0,-2.8658964973664127,1.4853225357102322
sledgehammer_2_v5.png,0,-2.9668827689287833,1.420121506924619
sledgehammer_2_v6.png,0,2.3633834033588417,1.4387512451346707
sledgehammer_2_v7.png,0,0.31573839288890304,1.3209507967945877
sledgehammer_2_v8.png,0,-2.8451646245168587,1.6434163336089098
sledgehammer_2_v9.png,0,2.0728697291506046,1.371222189605795
sledgehammer_3_v0.png,0,0.6887750192069356,1.6775120192566564
sledgehammer_3_v1.png,0,-0.17213412738209255,1.6319410620899273
sledgehammer_3_v2.png,0,2.7578731064812305,1.7173223286302046
sledgehammer_3_v3.png,0,2.285672688090602,1.4642111831214937
sledgehammer_3_v4.png,0,1.1876664758752198,1.800739605677736
sledgehammer_3_v5.png,0,-2.3542602385731866,1.7160842734992077
sledgehammer_3_v6.png,0,1.230073654781891,1.7982255078978426
sledgehammer_3_v7.png,0,0.3098514716125468,1.4724764270155244
sledgehammer_3_v8.png,0,-1.3310006058202573,1.6580795216731303
sledgehammer_3_v9.png,0,2.1800626188975705,1.6631843582237098
spear_0_v0.png,0,2.842062498238994,1.8122820528166408
spear_0_v1.png,0,1.5756213231747611,1.3565289418957678
spear_0_v2.png,0,2.2701687184715693,1.7379721999327298
spear_0_v3.png,0,-3.125499796012851,1.410824692764695
spear_0_v4.png,0,-2.7137749416268626,1.5691939520769345
spear_0_v5.png,0,-2.2749240059581206,1.582365007056698
spear_0_v6.png,0,3.105467485875791,1.8418339067786262
spear_0_v7.png,0,1.3308846860071302,1.6973214153020495
spear_0_v8.png,0,0.9629518296460133,1.4839866341223926
spear_0_v9.png,0,-0.1876963239999374,1.6877155445189724
spear_1_v0.png,0,-2.7366065461259974,1.411602835674488
spear_1_v1.png,0,2.4086630887179887,1.4929836106737568
spear_1_v2.png,0,0.6787555885756702,1.7793957238369398
spear_1_v3.png,0,0.31335834087844194,1.4667664496640125
spear_1_v4.png,0,-1.3397416189990006,1.6490710328724703
spear_1_v5.png,0,-2.8285350976030603,1.3219471471924003
spear_1_v6.png,0,-1.506458731850607,1.7998018241255596
spear_1_v7.png,0,-0.48348220139333353,1.5342677936158484
spear_1_v8.png,0,-2.5202003309022114,1.7939908778650715
spear_1_v9.png,0,2.6803802211984897,1.5860223941430418
spear_2_v0.png,0,2.837470397554953,1.4319215264690737
spear_2_v1.png,0,1.5259694429278297,1.8963689814446698
spear_2_v2.png,0,0.19073138213324936,1.839123152932287
spear_2_v3.png,0,1.4005054126086833,1.7112157913105608
spear_2_v4.png,0,-0.28621421469012126,1.4185318573755377
spear_2_v5.png,0,-3.1186058502402076,1.4110478422278585
spear_2_v6.png,0,3.0326141234133663,1.4701171191272489
spear_2_v7.png,0,1.0251121068822098,1.5479594373955197
spear_2_v8.png,0,-2.5743467894355927,1.4121630921696666
spear_2_v9.png,0,-1.1935072940825096,1.670539035026142
spear_3_v0.png,0,2.141213318703346,1.969376288166952
spear_3_v1.png,0,-1.4605866243582186,1.8717752178615688
spear_3_v2.png,0,0.535613085303563,1.5791642729022266
spear_3_v3.png,0,0.23881547936713154,1.6612547257685055
spear_3_v4.png,0,-0.08197966044767035,1.699681468111106
spear_3_v5.png,0,-1.5411391731713984,2.1029809359109675
spear_3_v6.png,0,1.3022634159224076,1.7153901986823257
spear_3_v7.png,0,1.1806510434799353,1.8026780060738017
spear_3_v8.png,0,0.5311631670897681,1.6751748526762025
spear_3_v9.png,0,-0.25785806796031707,1.6851981696786342
spear_4_v0.png,0,-1.426921876356487,1.3701117747351086
spear_4_v1.png,0,0.9436453473403681,1.4544445915855049
spear_4_v2.png,0,0.9318663805237843,1.8087266303255083
spear_4_v3.png,0,-0.47007572347305215,1.7428760238663548
spear_4_v4.png,0,-0.27061732335327315,1.5520700386410624
spear_4_v5.png,0,-1.4061189022477176,1.612281229970161
spear_4_v6.png,0,-1.996561913663208,1.3790067875269316
spear_4_v7.png,0,1.0345590256049393,1.4399231806559798
spear_4_v8.png,0,3.0063096381185086,1.6132403932811035
spear_4_v9.png,0,2.908784705274037,1.7394560058025554
spectral_scimitar_0_v0.png,0,-1.011404805739632,1.5287875675621558
spectral_scimitar_0_v1.png,0,-1.6728870459807101,1.584104132244123
spectral_scimitar_0_v2.png,0,1.4032257303343396,1.4243906281660044
spectral_scimitar_0_v3.png,0,-1.5359861026206705,1.5215803639575944
spectral_scimitar_0_v4.png,0,-1.61309236484621,1.9125188549939152
spectral_scimitar_0_v5.png,0,1.0745822557856113,1.689148300844666
spectral_scimitar_0_v6.png,0,-2.497626791150032,1.8759511191953142
spectral_scimitar_0_v7.png,0,2.139977666722354,1.4630846152386836
spectral_scimitar_0_v8.png,0,0.40954391887060404,1.5390093953370247
spectral_scimitar_0_v9.png,0,3.109863382097208,1.7374310017228005
spectral_scimitar_1_v0.png,0,0.30954652179765363,1.5355759871975556
spectral_scimitar_1_v1.png,0,-0.562480367473182,1.1668189462689056
spectral_scimitar_1_v2.png,0,-3.090272912783756,1.615978093381262
spectral_scimitar_1_v3.png,0,-1.1130454588034304,1.4117202841861132
spectral_scimitar_1_v4.png,0,-1.613812016685924,1.1583000112272823
spectral_scimitar_1_v5.png,0,-0.06435462886217147,1.4195996834815803
spectral_scimitar_1_v6.png,0,0.5249239196407676,1.2835914947391303
spectral_scimitar_1_v7.png,0,2.267342259072628,1.6007746760001016
spectral_scimitar_1_v8.png,0,-2.0735992793502707,1.4258997071522357
spectral_scimitar_1_v9.png,0,-2.5828881511068555,1.1578951983532229
spectral_scimitar_2_v0.png,0,2.3424487829663,1.6689348940825737
spectral_scimitar_2_v1.png,0,2.651393517362406,1.3533388508174986
spectral_scimitar_2_v2.png,0,1.4622118353249705,1.3154763836910826
spectral_scimitar_2_v3.png,0,-0.7560894058872445,1.3109400259400503
spectral_scimitar_2_v4.png,0,0.25074741739045026,1.7483330514160131
spectral_scimitar_2_v5.png,0,-2.816941606816922,1.6157569232011209
spectral_scimitar_2_v6.png,0,0.8463660588303363,1.4140303816911504
spectral_scimitar_2_v7.png,0,3.118343269144587,1.724565095434626
spectral_scimitar_2_v8.png,0,2.1794127542697512,1.3669871194224186
spectral_scimitar_2_v9.png,0,-0.7528051600277146,1.360933786881937
spectral_scimitar_3_v0.png,0,0.09086353207996112,1.8238967941888424
spectral_scimitar_3_v1.png,0,-2.6514876966365586,1.405899404250809
spectral_scimitar_3_v2.png,0,-0.6777844229576098,1.4491708950357967
spectral_scimitar_3_v3.png,0,2.868017774411338,1.6018383653974442
spectral_scimitar_3_v4.png,0,0.018751726385630274,1.857807284145567
spectral_scimitar_3_v5.png,0,-1.2977026051566263,1.700472344279351
spectral_scimitar_3_v6.png,0,-1.5586516296285318,1.416582441743376
spectral_scimitar_3_v7.png,0,0.1752240712393509,1.8640600490398922
spectral_scimitar_3_v8.png,0,-1.730459855350352,1.6670644746499927
spectral_scimitar_3_v9.png,0,-1.6935272724792707,1.6594166361625697
spectral_scimitar_4_v0.png,0,-2.0329485849821065,1.9828517602353943
spectral_scimitar_4_v1.png,0,-0.9817153933014868,1.4377269295984727
spectral_scimitar_4_v2.png,0,-2.203330980693588,1.4708827851533572
spectral_scimitar_4_v3.png,0,2.010205834113261,1.5014027234359044
spectral_scimitar_4_v4.png,0,-1.8291367129198157,1.8049357578998544
spectral_scimitar_4_v5.png,0,1.790133304356182,1.591674853455172
spectral_scimitar_4_v6.png,0,3.055642694336373,1.7154444466035432
spectral_scimitar_4_v7.png,0,2.9146371633796737,1.7433483379340844
spectral_scimitar_4_v8.png,0,-1.876132192040421,1.7038053840866472
spectral_scimitar_4_v9.png,0,1.212124753246251,1.4473342492691885
staff_of_gandalf_0_v0.png,0,-0.6358263433377593,1.6959580216584742
staff_of_gandalf_0_v1.png,0,-2.0575605866905526,1.7926324838310608
staff_of_gandalf_0_v2.png,0,-0.48833438580271515,1.6248608952321597
staff_of_gandalf_0_v3.png,0,-2.6932901050206666,1.5706859001490583
staff_of_gandalf_0_v4.png,0,1.2660227066229683,1.502491522790628
staff_of_gandalf_0_v5.png,0,-0.05022958958396506,1.452330013337242
staff_of_gandalf_0_v6.png,0,-2.4091509214904745,1.682775153056896
staff_of_gandalf_0_v7.png,0,-2.3219940776982986,1.8009916600932496
staff_of_gandalf_0_v8.png,0,-0.36665625645885047,1.5087185436549153
staff_of_gandalf_0_v9.png,0,0.049820555110462905,1.5033608291107345
staff_of_gandalf_1_v0.png,0,2.622977628900249,1.3945584720732849
staff_of_gandalf_1_v1.png,0,0.24221139523649904,1.6762964906924138
staff_of_gandalf_1_v2.png,0,0.7734050068645317,1.6721137988989219
staff_of_gandalf_1_v3.png,0,-0.6985086945920211,1.586125214556708
staff_of_gandalf_1_v4.png,0,0.8742833736246138,1.5150546846666888
staff_of_gandalf_1_v5.png,0,1.5295859666141156,1.3827003598268304
staff_of_gandalf_1_v6.png,0,0.26009865557915135,1.7612902848036185
staff_of_gandalf_1_v7.png,0,-2.8306091635935386,1.4031694374854728
staff_of_gandalf_1_v8.png,0,-1.4791518228779,1.3571276950175235
staff_of_gandalf_1_v9.png,0,1.6057987167612173,1.4584009827715136
staff_of_gandalf_2_v0.png,0,-2.6449201947621184,1.8817115359211165
staff_of_gandalf_2_v1.png,0,-2.805915234510247,1.4632330074888424
staff_of_gandalf_2_v2.png,0,-2.121600334452544,1.5276259472286082
staff_of_gandalf_2_v3.png,0,-0.4002957304423247,1.4511739063745999
staff_of_gandalf_2_v4.png,0,2.3193137989723875,1.8875198452061501
staff_of_gandalf_2_v5.png,0,0.8390967705707257,1.6954565134310355
staff_of_gandalf_2_v6.png,0,0.8345508528807837,1.499689691869263
staff_of_gandalf_2_v7.png,0,2.007484575557754,1.6564651595366575
staff_of_gandalf_2_v8.png,0,0.09418395857998618,1.6075434773756023
staff_of_gandalf_2_v9.png,0,0.8996941468820414,1.7664289628775884
staff_of_gandalf_3_v0.png,0,0.5911446916833701,1.4584159448361529
staff_of_gandalf_3_v1.png,0,-3.0168121093295968,1.4516621541127528
staff_of_gandalf_3_v2.png,0,0.07354671219353737,1.5888592841929852
staff_of_gandalf_3_v3.png,0,-1.1105811973942716,1.176428451557082
staff_of_gandalf_3_v4.png,0,2.748149154387554,1.3661408664822827
staff_of_gandalf_3_v5.png,0,-1.8204042501506552,1.4942745442795264
staff_of_gandalf_3_v6.png,0,1.2445628356911378,1.2632782783858363
staff_of_gandalf_3_v7.png,0,-2.509313652394602,1.337112785007671
staff_of_gandalf_3_v8.png,0,2.6234769098191473,1.2515099559998337
staff_of_gandalf_3_v9.png,0,0.3966978330971004,1.2736679966059643
staff_of_gandalf_4_v0.png,0,-0.5058186074995243,1.6646277014766753
staff_of_gandalf_4_v1.png,0,3.082641453403677,1.2773815261130952
staff_of_gandalf_4_v2.png,0,-0.8582852088195441,1.5446065778304325
staff_of_gandalf_4_v3.png,0,-3.0048396383025846,1.577154056239709
staff_of_gandalf_4_v4.png,0,2.921693855824616,1.5973093030933567
staff_of_gandalf_4_v5.png,0,-3.085480799025073,1.581862016440319
staff_of_gandalf_4_v6.png,0,2.094564214283131,1.3521860591328143
staff_of_gandalf_4_v7.png,0,1.702388600865658,1.26191330513375
staff_of_gandalf_4_v8.png,0,-1.0529791366076722,1.3283968940652036
staff_of_gandalf_4_v9.png,0,-0.024832365564247616,1.2631994685511005
stormbreaker_0_v0.png,0,0.26765825420137834,1.5792385277107672
stormbreaker_0_v1.png,0,-2.9259228239326127,1.300672292993247
stormbreaker_0_v2.png,0,-0.5223806155161281,1.2340076843833154
stormbreaker_0_v3.png,0,1.8801600545331267,1.6421655679654878
stormbreaker_0_v4.png,0,1.0096185203945187,1.4988855711020161
stormbreaker_0_v5.png,0,-1.6629909250209731,1.2039840949787386
stormbreaker_0_v6.png,0,0.37573445605183364,1.6069743025244567
stormbreaker_0_v7.png,0,-2.1569741647428087,1.4633002306363698
stormbreaker_0_v8.png,0,2.1570341035075984,1.2880824092288086
stormbreaker_0_v9.png,0,0.5446793891568265,1.4059721001121315
stormbreaker_1_v0.png,0,0.6450884855886478,1.809842277255592
stormbreaker_1_v1.png,0,1.5906703418041166,1.329791322605612
stormbreaker_1_v2.png,0,-2.1072310263643015,1.7805159654831555
stormbreaker_1_v3.png,0,-2.9254006412556794,1.5789070424713276
stormbreaker_1_v4.png,0,-1.6525104264111963,1.40540772390447
stormbreaker_1_v5.png,0,-0.3141480496891037,1.4403096928299763
stormbreaker_1_v6.png,0,-2.8067914664665112,1.3938732570075374
stormbreaker_1_v7.png,0,-2.717889401963567,1.347665980513637
stormbreaker_1_v8.png,0,-2.7728054111136284,1.548390971163262
stormbreaker_1_v9.png,0,-1.281194860824966,1.5956937760755714
stormbreaker_2_v0.png,0,2.8018828576639585,1.4962021568021944
stormbreaker_2_v1.png,0,-1.1847581107445146,1.3348207828804277
stormbreaker_2_v2.png,0,2.3752242830492856,1.4728252493466503
stormbreaker_2_v3.png,0,1.7035279782762238,1.4506030589901229
stormbreaker_2_v4.png,0,1.4932903762144285,1.1440848544627047
stormbreaker_2_v5.png,0,-2.597103527808553,1.096081487286049
stormbreaker_2_v6.png,0,0.5798857280596952,1.0510428646406167
stormbreaker_2_v7.png,0,-1.938171085066671,1.106710374867115
stormbreaker_2_v8.png,0,-1.3559452607144067,1.4344653191353096
stormbreaker_2_v9.png,0,0.006505220391341382,1.1798514185832012
stormbreaker_3_v0.png,0,-1.1156226737633392,1.1127235894836118
stormbreaker_3_v1.png,0,-2.0991237823638493,1.1730992706742434
stormbreaker_3_v2.png,0,1.2692837096667686,1.288764800358555
stormbreaker_3_v3.png,0,-0.8924935392346249,1.0697546984552564
stormbreaker_3_v4.png,0,-1.7831349902841207,1.3851936498243271
stormbreaker_3_v5.png,0,0.5177874309287203,1.123069840523502
stormbreaker_3_v6.png,0,2.148728382510124,1.4978862885733621
stormbreaker_3_v7.png,0,1.195907616043015,1.1876212511772961
stormbreaker_3_v8.png,0,-2.44711089404379,1.1484390027384725
stormbreaker_3_v9.png,0,-0.17840096161189717,1.2030256101990549
stormbreaker_4_v0.png,0,-1.7867716741325337,1.1215723575549728
stormbreaker_4_v1.png,0,0.2408576013833803,1.2391276010089511
stormbreaker_4_v2.png,0,-2.2746075430143717,1.2259163062455884
stormbreaker_4_v3.png,0,-2.374442657694716,1.5214872002695028
stormbreaker_4_v4.png,0,-1.1202540552418456,1.3408306239266319
stormbreaker_4_v5.png,0,-1.7124521560234254,1.163139892854191
stormbreaker_4_v6.png,0,-0.027469107156258943,1.3815454426460618
stormbreaker_4_v7.png,0,2.147332635248091,1.1665032339852655
stormbreaker_4_v8.png,0,-1.3049898304197203,1.2398605053816194
stormbreaker_4_v9.png,0,0.20950616360663155,1.2679423721909324
switch_axe_0_v0.png,0,2.9604513019676544,1.2291140951256447
switch_axe_0_v1.png,0,1.0796106688100664,1.4733184321619766
switch_axe_0_v2.png,0,1.5106898762289245,1.1458782972845383
switch_axe_0_v3.png,0,-0.5675846217736912,1.4691135001898121
switch_axe_0_v4.png,0,0.8233544952578324,1.3525200138293356
switch_axe_0_v5.png,0,2.746003338928965,1.4616402912077027
switch_axe_0_v6.png,0,2.1821901017863485,1.2547277813735334
switch_axe_0_v7.png,0,-1.028912154169368,1.3215752768535405
switch_axe_0_v8.png,0,2.832360757965331,1.1987625093593595
switch_axe_0_v9.png,0,-0.25320914436515984,1.5332357809231192
switch_axe_3_v0.png,0,-0.3090976191969179,1.4333973328436478
switch_axe_3_v1.png,0,-0.36656116985273235,1.3289484033058183
switch_axe_3_v2.png,0,0.9123666001102264,1.4230089941378499
switch_axe_3_v3.png,0,-1.426239776597481,1.5387801923450006
switch_axe_3_v4.png,0,1.9130646521272308,1.379141783791104
switch_axe_3_v5.png,0,1.6835456639140363,1.4627924742803073
switch_axe_3_v6.png,0,0.44989218019344634,1.3701902495993514
switch_axe_3_v7.png,0,-1.7492464414353055,1.7460296054337785
switch_axe_3_v8.png,0,1.265988792162347,1.3997900741363631
switch_axe_3_v9.png,0,0.08269289276412728,1.8225792831100733
switch_axe_4_v0.png,0,0.09329791829092393,1.5403422986490325
switch_axe_4_v1.png,0,-2.717043059042865,1.3797881076871819
switch_axe_4_v2.png,0,-0.8898912358417262,1.3926668959985475
switch_axe_4_v3.png,0,-2.914178769351872,1.4105978065719325
switch_axe_4_v4.png,0,-0.9473969091988782,1.3448628386882806
switch_axe_4_v5.png,0,2.810245247940546,1.2576566168938965
switch_axe_4_v6.png,0,-0.7053903489320978,1.71665838500252
switch_axe_4_v7.png,0,1.245808105961975,1.4386323596434354
switch_axe_4_v8.png,0,-0.38910182523830494,1.3715398080385461
switch_axe_4_v9.png,0,0.2737381194279751,1.4877091972254726
thunderfury_0_v0.png,0,2.5098930233810335,1.5533072867922475
thunderfury_0_v1.png,0,2.0729296388544167,1.5058208337415238
thunderfury_0_v2.png,0,-2.013671681959993,1.4903123706039105
thunderfury_0_v3.png,0,0.634713206770325,1.9218076319002757
thunderfury_0_v4.png,0,-0.9056863852276287,1.5129981321307866
thunderfury_0_v5.png,0,-2.7305814459578137,1.9245280959300666
thunderfury_0_v6.png,0,1.9632374659003995,1.9239050541037832
thunderfury_0_v7.png,0,-2.5038673806699725,1.8655900211698628
thunderfury_0_v8.png,0,2.7910722174913594,1.7464138900316568
thunderfury_0_v9.png,0,1.9486268017442205,1.449639903141095
thunderfury_1_v0.png,0,-0.7131129239809004,1.3505536056345722
thunderfury_1_v1.png,0,-0.14199995844602276,1.7904804269859917
thunderfury_1_v2.png,0,-0.2843084870734214,1.5102441470856685
thunderfury_1_v3.png,0,-1.6172585133304098,1.3938692487179516
thunderfury_1_v4.png,0,3.038821930728111,1.718886004362524
thunderfury_1_v5.png,0,-1.537464662052308,1.4630164780878272
thunderfury_1_v6.png,0,0.5214683914964775,1.5251271184822026
thunderfury_1_v7.png,0,1.826256868681999,1.3549527873148337
thunderfury_1_v8.png,0,-2.147548336218711,1.6927382354196976
thunderfury_1_v9.png,0,-1.0149357567526796,1.4545447762438803
thunderfury_2_v0.png,0,1.7864814481421405,1.128265825607145
thunderfury_2_v1.png,0,-1.1844867261281795,1.3163741993901807
thunderfury_2_v2.png,0,0.6829411960060194,1.2428986065191472
thunderfury_2_v3.png,0,2.8851216423203336,1.149523956058897
thunderfury_2_v4.png,0,0.08133485792036987,1.0112938862188203
thunderfury_2_v5.png,0,-1.8671812917311934,1.0058128996699602
thunderfury_2_v6.png,0,2.966746111249567,1.1522795021897916
thunderfury_2_v7.png,0,-0.14042270926252165,1.0703904038761345
thunderfury_2_v8.png,0,1.0525764957764578,1.1768972412826704
thunderfury_2_v9.png,0,-3.023624593506246,1.1906170216605463
thunderfury_3_v0.png,0,-2.663856920372333,1.8535507413525816
thunderfury_3_v1.png,0,0.9276359012318172,1.6113949607829414
thunderfury_3_v2.png,0,2.6453425952358773,1.49991103199821
thunderfury_3_v3.png,0,-3.08161956148056,1.4534603305065252
thunderfury_3_v4.png,0,-0.5621849049718786,1.7915613102957677
thunderfury_3_v5.png,0,-0.8706114912964802,1.4213641790609346
thunderfury_3_v6.png,0,1.728112012601564,1.4982563587972713
thunderfury_3_v7.png,0,0.5975345380003059,1.767464080984962
thunderfury_3_v8.png,0,-0.0599499540096482,1.4499716238253033
thunderfury_3_v9.png,0,0.5388562855768559,1.7797172197797955
thunderfury_4_v0.png,0,0.6463805298799161,1.0121375743959546
thunderfury_4_v1.png,0,-2.0476267352743553,1.3433048031371946
thunderfury_4_v2.png,0,-1.2742302807093147,1.1435817926735352
thunderfury_4_v3.png,0,-1.4767552185171784,1.0220836445618475
thunderfury_4_v4.png,0,2.7731770403630147,1.3142481238812989
thunderfury_4_v5.png,0,0.4159988317136176,1.1889752596739014
thunderfury_4_v6.png,0,-1.982466023165136,1.2173818123086295
thunderfury_4_v7.png,0,1.7161767654148221,1.2660896101859878
thunderfury_4_v8.png,0,0.8353922310307706,1.2365224932514507
thunderfury_4_v9.png,0,-1.7583166925603502,1.0734110397099688
trident_0_v0.png,0,-0.10151167432598207,1.3256030389013647
trident_0_v1.png,0,-1.4195026821125811,1.3974623795194787
trident_0_v2.png,0,0.8581374535493007,1.716187264597349
trident_0_v3.png,0,-0.7074509666444864,1.4469815929601213
trident_0_v4.png,0,0.007689769625172094,1.6365775487915275
trident_0_v5.png,0,0.03277217668247756,1.4461966513442304
trident_0_v6.png,0,1.7679218361249809,1.6129179419465094
trident_0_v7.png,0,0.9130137024936686,1.396833766925284
trident_0_v8.png,0,2.0502192597076454,1.5685212017848056
trident_0_v9.png,0,-0.4578540253859793,1.6528653709441907
trident_1_v0.png,0,-2.498246177543682,1.838158159111169
trident_1_v1.png,0,-0.9806862499670197,1.6281999133740108
trident_1_v2.png,0,-2.3298301235666856,1.5274420127663746
trident_1_v3.png,0,3.113680251889444,1.9104263353138755
trident_1_v4.png,0,1.3938654445300533,1.6144809668803841
trident_1_v5.png,0,3.1396380247201394,1.8945524987540592
trident_1_v6.png,0,2.2666934579809253,1.4242873314183908
trident_1_v7.png,0,2.9640893221079114,1.7414300833251828
trident_1_v8.png,0,-0.7429332283839458,1.4777290936315313
trident_1_v9.png,0,0.038495455071242746,1.6237481342299422
trident_2_v0.png,0,1.9862457527619783,1.5053969975318127
trident_2_v1.png,0,-0.12041071004122572,1.8563820070538617
trident_2_v2.png,0,2.1830536361308908,1.7272997214086505
trident_2_v3.png,0,-1.8631917570058238,1.7921247021441893
trident_2_v4.png,0,-0.9581965845184521,1.6263484060752678
trident_2_v5.png,0,0.3500383487692559,1.9086810449852225
trident_2_v6.png,0,2.8936643390128847,2.020447462833971
trident_2_v7.png,0,-0.9816068773988916,1.565407773483658
trident_2_v8.png,0,-0.9038578456310182,1.5196117370843585
trident_2_v9.png,0,-0.032809943568190336,1.6252315577497214
trident_3_v0.png,0,-1.4269575430716357,1.9912295786625742
trident_3_v1.png,0,-0.13093892051302358,1.5122420153960434
trident_3_v2.png,0,-1.7568547312872844,1.7781890015234674
trident_3_v3.png,0,-2.527756252069058,1.446306786752384
trident_3_v4.png,0,1.650984661398107,1.5703412597826567
trident_3_v5.png,0,2.5638230183567607,1.5674398560035345
trident_3_v6.png,0,-3.1333825534609954,1.4457366952173334
trident_3_v7.png,0,0.4003132223000585,1.5048914463019214
trident_3_v8.png,0,1.863234710111908,1.8046651362677697
trident_3_v9.png,0,-1.0477808421023271,1.9651937729008015
trident_4_v0.png,0,2.677453407668425,1.5882570275999954
trident_4_v1.png,0,1.9487964731025667,1.749918407479454
trident_4_v2.png,0,-1.915807996479318,1.8329705776937115
trident_4_v3.png,0,-1.221338644190812,1.7724958391124463
trident_4_v4.png,0,-0.2950954664624206,1.4498234386946014
trident_4_v5.png,0,-1.9059399661200151,1.507509718522869
trident_4_v6.png,0,-0.038063025094931646,1.5697896784860124
trident_4_v7.png,0,-0.7082084044856067,1.4923416005289256
trident_4_v8.png,0,-0.06960744553248599,1.527037573098239
trident_4_v9.png,0,0.41404792186045736,1.5456955179135796
trowel_3_v0.png,0,0.9676926301759208,1.9258039507718214
trowel_3_v1.png,0,2.407524429992116,1.4863942781562214
trowel_3_v2.png,0,0.21855842132261727,1.451152446429074
trowel_3_v3.png,0,1.1471395482468363,1.7411863770175922
trowel_3_v4.png,0,-0.11319265247416888,1.5162339107517566
trowel_3_v5.png,0,1.1152453946656098,1.6820906802292785
trowel_3_v6.png,0,2.396883149236057,1.695369544828541
trowel_3_v7.png,0,1.6760893496776073,1.5301119930663343
trowel_3_v8.png,0,0.35807996398419784,1.4568962873708275
trowel_3_v9.png,0,-2.7109096991146044,1.963154085678321
trowel_4_v0.png,0,1.461015219579132,1.2559580948603806
trowel_4_v1.png,0,-2.143835468205439,1.3936251377230962
trowel_4_v2.png,0,0.12765610687883844,1.24219325841774
trowel_4_v3.png,0,1.3600184279691039,1.3480390174965344
trowel_4_v4.png,0,1.9654523305757614,1.6062943934168505
trowel_4_v5.png,0,0.8876396050914023,1.2941289480306322
trowel_4_v6.png,0,-0.34959797724680325,1.6525961380197005
trowel_4_v7.png,0,0.022247572025428486,1.2998901037857036
trowel_4_v8.png,0,2.1117352701781553,1.5536072843556201
trowel_4_v9.png,0,-1.2547735462717893,1.665364323724982
vampire_killer_whip_0_v0.png,0,-1.2606933354924363,1.3663820548813472
vampire_killer_whip_0_v1.png,0,1.1492415665155593,1.3967694713444128
vampire_killer_whip_0_v2.png,0,1.50795550212996,1.5798304521859723
vampire_killer_whip_0_v3.png,0,-0.22536948502055476,1.611893060723564
vampire_killer_whip_0_v4.png,0,-1.903328415603159,1.4122825400036785
vampire_killer_whip_0_v5.png,0,0.6158061657042291,1.3409600469848595
vampire_killer_whip_0_v6.png,0,2.8607373793847124,1.5855855119340232
vampire_killer_whip_0_v7.png,0,0.26695428420043577,1.3126993902395339
vampire_killer_whip_0_v8.png,0,0.5197645801784858,1.531245146358187
vampire_killer_whip_0_v9.png,0,2.1587882030511008,1.8152421863946435
vampire_killer_whip_1_v0.png,0,-1.1260837745166294,1.082695766430727
vampire_killer_whip_1_v1.png,0,-0.0977523579327294,1.1833242177244394
vampire_killer_whip_1_v2.png,0,1.2466872014859682,1.1424644694908666
vampire_killer_whip_1_v3.png,0,1.1323788491211066,1.1200648973974174
vampire_killer_whip_1_v4.png,0,-1.2225571559674524,1.2650800121443002
vampire_killer_whip_1_v5.png,0,0.4753197739588342,1.3241763151852357
vampire_killer_whip_1_v6.png,0,-2.7172039666913212,1.3147202428238098
vampire_killer_whip_1_v7.png,0,-1.1836549383256827,1.2067925021221793
vampire_killer_whip_1_v8.png,0,1.1446393050417707,1.0734664932767946
vampire_killer_whip_1_v9.png,0,1.8633694390458426,1.395631187095716
vampire_killer_whip_2_v0.png,0,-2.5060856929693727,1.3093772487134234
vampire_killer_whip_2_v1.png,0,1.7535606435352389,1.2736029048402782
vampire_killer_whip_2_v2.png,0,-2.4545559932680505,1.1680988000864554
vampire_killer_whip_2_v3.png,0,1.731273476675794,1.1197928884402968
vampire_killer_whip_2_v4.png,0,0.015616118589352225,1.0623466845922742
vampire_killer_whip_2_v5.png,0,-1.5915145946612794,1.0805373920458687
vampire_killer_whip_2_v6.png,0,-2.2857872231440624,1.1012664461525385
vampire_killer_whip_2_v7.png,0,1.3726760361828954,1.3979212550399363
vampire_killer_whip_2_v8.png,0,-0.9264398063341727,1.3607344152307146
vampire_killer_whip_2_v9.png,0,2.719351638573174,1.3013543849495746
vampire_killer_whip_3_v0.png,0,2.004733435111317,1.537866247015443
vampire_killer_whip_3_v1.png,0,-2.470961316800296,1.8480463113434307
vampire_killer_whip_3_v2.png,0,-2.2011429689251525,1.7128777891974374
vampire_killer_whip_3_v3.png,0,-2.8086721612780194,1.8965462570394964
vampire_killer_whip_3_v4.png,0,1.5109736451993645,1.599023822827203
vampire_killer_whip_3_v5.png,0,-1.9122038141052595,1.3743582068903886
vampire_killer_whip_3_v6.png,0,1.4720745587104505,1.805694859174901
vampire_killer_whip_3_v7.png,0,3.1246123539821067,1.595393227822912
vampire_killer_whip_3_v8.png,0,-2.9953886817944606,1.6339259658954373
vampire_killer_whip_3_v9.png,0,-1.0452384761270013,1.6511727651784847
vampire_killer_whip_4_v0.png,0,-2.247479156579525,1.487450443239307
vampire_killer_whip_4_v1.png,0,1.3991631701146128,1.5486693925089863
vampire_killer_whip_4_v2.png,0,0.10670214828648406,1.565737189333297
vampire_killer_whip_4_v3.png,0,1.980700339193652,1.6435586897098502
vampire_killer_whip_4_v4.png,0,0.14163995231587057,1.4133977029704219
vampire_killer_whip_4_v5.png,0,1.5699500136432079,1.7434794826118722
vampire_killer_whip_4_v6.png,0,-2.6805103681109492,1.3340723160031778
vampire_killer_whip_4_v7.png,0,-2.1463307929713142,1.6863999480732514
vampire_killer_whip_4_v8.png,0,1.2643084132351206,1.7467323665178478
vampire_killer_whip_4_v9.png,0,2.6356579834699194,1.6328154630390632
wabbajack_staff_0_v0.png,0,1.3210058224697638,1.5895300831195784
wabbajack_staff_0_v1.png,0,-0.2874214905690844,1.4991056777008602
wabbajack_staff_0_v2.png,0,-2.7580055427897583,1.253759279150344
wabbajack_staff_0_v3.png,0,0.33345350793743245,1.3457455016394015
wabbajack_staff_0_v4.png,0,0.5755286688756566,1.2882599084014261
wabbajack_staff_0_v5.png,0,-0.27264631727040456,1.4604088983035879
wabbajack_staff_0_v6.png,0,2.614643883222342,1.7126824123354354
wabbajack_staff_0_v7.png,0,1.296424579897269,1.6317412905063962
wabbajack_staff_0_v8.png,0,0.9822465774038985,1.2873007890439971
wabbajack_staff_0_v9.png,0,-1.3691004548604744,1.704933319546199
wabbajack_staff_1_v0.png,0,-0.1046988739035365,1.3025010302677749
wabbajack_staff_1_v1.png,0,0.921271762189467,1.407866261884446
wabbajack_staff_1_v2.png,0,-2.0920151987666413,1.3080761503196057
wabbajack_staff_1_v3.png,0,0.8965424515512084,1.3197805117258699
wabbajack_staff_1_v4.png,0,1.7133665041309591,1.2795505208984022
wabbajack_staff_1_v5.png,0,-0.4011011857028832,1.5470698795072921
wabbajack_staff_1_v6.png,0,2.0418786805867253,1.3083506756721708
wabbajack_staff_1_v7.png,0,-2.3866374894034497,1.510940167862823
wabbajack_staff_1_v8.png,0,-0.18120846223245002,1.6968633059251783
wabbajack_staff_1_v9.png,0,2.537178475925347,1.3184414892532603
wabbajack_staff_4_v0.png,0,-3.062409284247668,1.6748374023350487
wabbajack_staff_4_v1.png,0,0.20491803329360547,1.3973094970882538
wabbajack_staff_4_v2.png,0,-0.80177553630509,1.4971356696115814
wabbajack_staff_4_v3.png,0,-2.626124419862855,1.624718351135975
wabbajack_staff_4_v4.png,0,1.1179462752318376,1.7830030397276617
wabbajack_staff_4_v5.png,0,1.2137194403180538,1.4911496161217268
wabbajack_staff_4_v6.png,0,-2.0971903828556706,1.6813574215338891
wabbajack_staff_4_v7.png,0,-1.1312689788554227,1.6878863948800507
wabbajack_staff_4_v8.png,0,2.7223654425471246,1.4419017393952598
wabbajack_staff_4_v9.png,0,1.639907098060748,1.8222322940092872
wakizashi_1_v0.png,0,2.522768100376104,1.3425731276215491
wakizashi_1_v1.png,0,1.2220989856776174,1.54858167005774
wakizashi_1_v2.png,0,-0.6311909172246484,1.4770683191249765
wakizashi_1_v3.png,0,0.5150885302488033,1.4207816370589381
wakizashi_1_v4.png,0,-0.7598333537557336,1.3908867226904005
wakizashi_1_v5.png,0,-1.3547120350872346,1.549508719542128
wakizashi_1_v6.png,0,-1.8368878290740547,1.3926972293247393
wakizashi_1_v7.png,0,0.6492803909050353,1.4085010947048107
wakizashi_1_v8.png,0,3.100922028033382,1.510107297806888
wakizashi_1_v9.png,0,0.020202567209978373,1.3303897480440867
wakizashi_2_v0.png,0,-1.2620928118436243,1.2478183546655117
wakizashi_2_v1.png,0,2.7670132818819306,1.2202325962677227
wakizashi_2_v2.png,0,-0.16058064488485302,1.565752438754916
wakizashi_2_v3.png,0,0.3279583743452683,1.148695048286405
wakizashi_2_v4.png,0,1.249476394827172,1.2434307865521734
wakizashi_2_v5.png,0,2.8658574243427823,1.5413057991440422
wakizashi_2_v6.png,0,2.4270675562533928,1.3429718987108592
wakizashi_2_v7.png,0,-2.9987989830014596,1.2372530524940941
wakizashi_2_v8.png,0,-3.0131030439028703,1.215278368774478
wakizashi_2_v9.png,0,-1.4079179882791255,1.4359861738208546
wakizashi_3_v0.png,0,3.093118931337232,1.4191074011471019
wakizashi_3_v1.png,0,-0.9090574737152368,1.3694436295442398
wakizashi_3_v2.png,0,-1.282869763662483,1.0496049789387465
wakizashi_3_v3.png,0,3.122824757042838,1.1560599761393575
wakizashi_3_v4.png,0,-2.2651204190945116,1.1881078638053961
wakizashi_3_v5.png,0,-2.043581626748649,1.0204939940209667
wakizashi_3_v6.png,0,0.5995820881691661,1.2524765962327846
wakizashi_3_v7.png,0,0.23211959860554776,1.0137359135403792
wakizashi_3_v8.png,0,-2.8842724081519573,1.1700559939120065
wakizashi_3_v9.png,0,-2.844022775511551,1.3123123110581556
wakizashi_4_v0.png,0,-2.1259232748886996,1.6203535643866975
wakizashi_4_v1.png,0,1.6713020603271929,1.5339948239929662
wakizashi_4_v2.png,0,1.8224553125893164,1.4237178613176502
wakizashi_4_v3.png,0,-2.480144897374453,1.7987830009453012
wakizashi_4_v4.png,0,-1.2915802381177137,1.7049612669560377
wakizashi_4_v5.png,0,-0.5733110237397883,1.9464154008013728
wakizashi_4_v6.png,0,2.3565466320863333,1.611242752438742
wakizashi_4_v7.png,0,1.4575001869832707,1.5434076866830397
wakizashi_4_v8.png,0,-0.7272777359331002,1.643846932743669
wakizashi_4_v9.png,0,2.1606437139391197,1.7373081637482706
warhammer_0_v0.png,0,1.5859163705122843,2.0352932022846093
warhammer_0_v1.png,0,0.4501493574456785,1.5017503979617293
warhammer_0_v2.png,0,1.2006992719671399,1.6161306918835157
warhammer_0_v3.png,0,-1.0973355793091555,1.8669772514784253
warhammer_0_v4.png,0,2.970345757404,1.7152758464303766
warhammer_0_v5.png,0,1.8829563649763073,1.744245147406942
warhammer_0_v6.png,0,2.2995599837754286,1.8422629500377095
warhammer_0_v7.png,0,-1.3450140551852616,1.7392756038045365
warhammer_0_v8.png,0,-1.9662059447636457,1.6066426145013473
warhammer_0_v9.png,0,1.166800285144391,1.5832120946640282
warhammer_1_v0.png,0,2.2957469429357045,1.245332666173023
warhammer_1_v1.png,0,-0.7991780002254284,1.2800433679158074
warhammer_1_v2.png,0,-0.6403487857642496,1.2265436948204675
warhammer_1_v3.png,0,-2.741017019154796,1.1269421349270707
warhammer_1_v4.png,0,-1.101425627742636,1.1279173026927316
warhammer_1_v5.png,0,2.032397720319875,1.1643761558062087
warhammer_1_v6.png,0,2.0868518698068454,1.2079750817589159
warhammer_1_v7.png,0,0.421083687455163,1.1155639920392253
warhammer_1_v8.png,0,-0.05429118972538338,1.2877982392220266
warhammer_1_v9.png,0,-2.978034415278491,1.0173695827769782
warhammer_2_v0.png,0,-3.0562666978535926,1.9833807441520208
warhammer_2_v1.png,0,-1.430028789080625,1.9222337219887693
warhammer_2_v2.png,0,2.300792192703904,1.9520442233650386
warhammer_2_v3.png,0,-2.025806063075893,1.5680771279732921
warhammer_2_v4.png,0,1.5601684288149043,1.438985576093576
warhammer_2_v5.png,0,1.4487640683521874,1.5258694177054881
warhammer_2_v6.png,0,-0.27526537526436423,1.8269374906295004
warhammer_2_v7.png,0,-2.944851484264783,1.7369769016906578
warhammer_2_v8.png,0,-1.0858397083510785,1.59877942606646
warhammer_2_v9.png,0,1.0946588524575973,1.6425333243107862
warhammer_3_v0.png,0,-1.4665474190945869,1.1999611543418671
warhammer_3_v1.png,0,-1.9849477429017903,1.2853861278382797
warhammer_3_v2.png,0,3.0655891500752332,1.211069794838329
warhammer_3_v3.png,0,-1.6084553919707258,1.183179952477876
warhammer_3_v4.png,0,-1.9544100135981304,1.249362409629257
warhammer_3_v5.png,0,2.696893063921438,1.101460098717899
warhammer_3_v6.png,0,0.34218768865493376,1.129338131406982
warhammer_3_v7.png,0,1.3751649109987547,1.1648911701129407
warhammer_3_v8.png,0,-1.9210607663394552,1.3051809374989907
warhammer_3_v9.png,0,1.1479108915165357,1.2786728725533159
warhammer_4_v0.png,0,-1.833580039777885,1.1136757508399315
warhammer_4_v1.png,0,-1.063941394977814,1.0754729403913788
warhammer_4_v2.png,0,0.2525768096661718,1.4817734311329784
warhammer_4_v3.png,0,-2.472420823519114,1.2870888793338173
warhammer_4_v4.png,0,-2.5800629901139804,1.0892451389322506
warhammer_4_v5.png,0,-0.6245615723551644,1.0749943654559788
warhammer_4_v6.png,0,0.4996582474736819,1.2492447054637192
warhammer_4_v7.png,0,-1.274314396852771,1.3453986909382882
warhammer_4_v8.png,0,1.427490023035338,1.4144498178911782
warhammer_4_v9.png,0,1.6682916188168686,1.2895542226417884
war_pick_0_v0.png,0,2.7337698235850634,1.0133484527164427
war_pick_0_v1.png,0,-0.9502991164742675,1.0584559734581414
war_pick_0_v2.png,0,-1.2736714842646544,1.3281295651500034
war_pick_0_v3.png,0,-0.5150779580971712,1.2579362100698996
war_pick_0_v4.png,0,-2.1965730280895346,1.2397988700099436
war_pick_0_v5.png,0,1.714814630414137,1.2162724583149997
war_pick_0_v6.png,0,1.702702563066167,0.989506294826834
war_pick_0_v7.png,0,0.6968280992238026,1.0639338420617914
war_pick_0_v8.png,0,1.6297600660793252,1.1995695343019943
war_pick_0_v9.png,0,0.2439415366380947,1.1840915229700315
war_pick_1_v0.png,0,-0.6568754883344494,1.0657825389047162
war_pick_1_v1.png,0,2.247553519851091,1.0981048430986646
war_pick_1_v2.png,0,1.8819951039210094,1.0096776573781459
war_pick_1_v3.png,0,-2.569444208048373,1.1235278517821632
war_pick_1_v4.png,0,1.3633344070175482,1.1095368532339214
war_pick_1_v5.png,0,2.4163135138668124,1.3381052630347432
war_pick_1_v6.png,0,1.9853314538589166,1.3784711066666446
war_pick_1_v7.png,0,0.04640064530085686,1.1465048278333707
war_pick_1_v8.png,0,-3.075186536135435,1.3801358828264125
war_pick_1_v9.png,0,1.8993420695117895,1.294998995584106
war_pick_2_v0.png,0,3.0504243105115334,1.1223997324838617
war_pick_2_v1.png,0,2.2605000381025624,1.1397965132291725
war_pick_2_v2.png,0,-2.229443362751224,1.2266958163046102
war_pick_2_v3.png,0,1.6127018412072014,1.0578849908733925
war_pick_2_v4.png,0,1.8920683135978618,1.246240900759816
war_pick_2_v5.png,0,-0.9640119540211635,1.1047375274442024
war_pick_2_v6.png,0,1.4154201977300283,1.2187712041938297
war_pick_2_v7.png,0,-0.4152134866223843,1.271179969106576
war_pick_2_v8.png,0,1.1299864461178017,1.3844198993317773
war_pick_2_v9.png,0,1.1126566986921869,1.010271271284808
war_pick_3_v0.png,0,-1.3917563677429556,1.5746052945668947
war_pick_3_v1.png,0,-3.047716583709298,1.443465941121087
war_pick_3_v2.png,0,-1.3958905887711732,1.5110261690155153
war_pick_3_v3.png,0,-2.713856159291754,1.622434724651025
war_pick_3_v4.png,0,1.2488374970944311,1.4174920997029545
war_pick_3_v5.png,0,-2.912568205965525,1.4874076257898394
war_pick_3_v6.png,0,-0.35642668597785826,1.5335097449123207
war_pick_3_v7.png,0,2.6257593206628353,1.5509570752533355
war_pick_3_v8.png,0,-2.71625679192413,1.579329084633779
war_pick_3_v9.png,0,-2.4529431314337025,1.7577847126133812
witcher_silver_sword_0_v0.png,0,-0.9101472560146604,1.457245579854374
witcher_silver_sword_0_v1.png,0,-2.8931447777655803,1.8192538260476072
witcher_silver_sword_0_v2.png,0,-0.94084076400204,1.905953455303617
witcher_silver_sword_0_v3.png,0,-1.675026620376327,1.6170355291987926
witcher_silver_sword_0_v4.png,0,-1.7768729968104324,1.3748276625107545
witcher_silver_sword_0_v5.png,0,-2.2194982268787413,1.6661461983238632
witcher_silver_sword_0_v6.png,0,-0.005945233992337151,1.4771809786656753
witcher_silver_sword_0_v7.png,0,0.03142492635607086,1.6646338775487826
witcher_silver_sword_0_v8.png,0,1.9050040758791635,1.5271458685661394
witcher_silver_sword_0_v9.png,0,-0.08618128799208691,1.8339205922672908
witcher_silver_sword_1_v0.png,0,2.120432536219201,1.7769786251671205
witcher_silver_sword_1_v1.png,0,-0.04646953403219767,1.8758904834024457
witcher_silver_sword_1_v2.png,0,-1.3234026617428958,1.9069216905498103
witcher_silver_sword_1_v3.png,0,-2.0128320541014313,1.5800829825175982
witcher_silver_sword_1_v4.png,0,-1.3359136266137623,1.5276142709323015
witcher_silver_sword_1_v5.png,0,1.0076707532071096,1.8717857313177626
witcher_silver_sword_1_v6.png,0,2.8994191515763283,2.0439314355824383
witcher_silver_sword_1_v7.png,0,-2.4033009879347658,1.8331000869413914
witcher_silver_sword_1_v8.png,0,-0.5589419566969349,1.84434333376316
witcher_silver_sword_1_v9.png,0,-1.599589834074135,2.015544474399753
witcher_silver_sword_2_v0.png,0,-0.20671102545302622,1.7440574620484883
witcher_silver_sword_2_v1.png,0,0.7897413347696649,1.7621071669184185
witcher_silver_sword_2_v2.png,0,2.5834175990867823,1.9672217895907822
witcher_silver_sword_2_v3.png,0,1.5828459381434379,1.553012204425465
witcher_silver_sword_2_v4.png,0,-1.386152125465217,1.534776626863624
witcher_silver_sword_2_v5.png,0,-1.8194403742751692,1.5802947892220034
witcher_silver_sword_2_v6.png,0,0.5304028762809763,1.950330552867897
witcher_silver_sword_2_v7.png,0,-1.1659751458797576,1.678549270498964
witcher_silver_sword_2_v8.png,0,1.5920931879146232,1.9690300643240406
witcher_silver_sword_2_v9.png,0,-1.2468376403558734,1.5651722486460282
witcher_silver_sword_4_v0.png,0,1.736548753964234,1.3003957486815498
witcher_silver_sword_4_v1.png,0,2.824335703715399,1.7331380599932475
witcher_silver_sword_4_v2.png,0,-0.4619261914007713,1.462376947361353
witcher_silver_sword_4_v3.png,0,-0.8374067247139658,1.592356881181872
witcher_silver_sword_4_v4.png,0,-2.7964635343793867,1.3497023156071262
witcher_silver_sword_4_v5.png,0,-2.4462548734779794,1.3372829553343175
witcher_silver_sword_4_v6.png,0,0.4179977022059471,1.5494666685663552
witcher_silver_sword_4_v7.png,0,1.185172600861773,1.6803882191101185
witcher_silver_sword_4_v8.png,0,-1.3208348491134574,1.5940337505475064
witcher_silver_sword_4_v9.png,0,1.9600823987125724,1.3229669355183777
wrench_0_v0.png,0,1.8510163300699374,1.377928243958796
wrench_0_v1.png,0,-1.014938544268428,1.739499234744612
wrench_0_v2.png,0,-2.384892670856706,1.4767740205146127
wrench_0_v3.png,0,-2.0388570238346126,1.7894722404933783
wrench_0_v4.png,0,-2.9208490339554434,1.5085811490369068
wrench_0_v5.png,0,-2.5092758285921795,1.6922658880542054
wrench_0_v6.png,0,0.3111934608368443,1.4931094451321243
wrench_0_v7.png,0,1.5697325568282412,1.4822489780372226
wrench_0_v8.png,0,-2.3238416778409547,1.7331935030776446
wrench_0_v9.png,0,2.0793939329808007,1.394726189618716
wrench_2_v0.png,0,2.726105952993989,1.2612639972102528
wrench_2_v1.png,0,1.1782304046766008,1.184380435621159
wrench_2_v2.png,0,-1.5396889436084313,1.1014032095795243
wrench_2_v3.png,0,-2.0507028027529945,1.3027639604862262
wrench_2_v4.png,0,-2.9775151015686365,1.1312423791300692
wrench_2_v5.png,0,-2.706506831021576,1.2426815611982889
wrench_2_v6.png,0,-2.360022734681561,1.5092998881750863
wrench_2_v7.png,0,-2.4710392406128783,1.1395455899008535
wrench_2_v8.png,0,-0.7518177073612111,1.2127823242014304
wrench_2_v9.png,0,-1.623023439688944,1.235664664514656
wrench_3_v0.png,0,1.7672817515805044,1.456286790651252
wrench_3_v1.png,0,-1.7339693928137598,1.3237944206150412
wrench_3_v2.png,0,-1.8401383096437989,1.2834969930837308
wrench_3_v3.png,0,-0.41524120562079986,1.7336800596200326
wrench_3_v4.png,0,2.2778072660603,1.3118701780456368
wrench_3_v5.png,0,-0.22498926357691806,1.644949501631143
wrench_3_v6.png,0,1.5585173952960234,1.3823879037983178
wrench_3_v7.png,0,-2.824057122400945,1.407981967974989
wrench_3_v8.png,0,-0.7305434697668395,1.7755688403284855
wrench_3_v9.png,0,-2.6473069283880584,1.4144101308929777
wrench_4_v0.png,0,2.540442316324566,1.1881606012401977
wrench_4_v1.png,0,-2.359504045349134,1.3296560718322907
wrench_4_v2.png,0,1.1757351895913934,1.356597097236074
wrench_4_v3.png,0,1.2226908837245987,1.1885295593496263
wrench_4_v4.png,0,-0.6224623600604511,1.366204071478794
wrench_4_v5.png,0,-0.2162348727102965,1.2514756930315551
wrench_4_v6.png,0,0.9779905371756772,1.3252576535739278
wrench_4_v7.png,0,-2.1693074837743103,1.2882459876189318
wrench_4_v8.png,0,-0.10897513373092182,1.3174023936576686
wrench_4_v9.png,0,-2.6963813989515897,1.423687533753054
yari_spear_0_v0.png,0,-2.498672874951355,1.842335441171325
yari_spear_0_v1.png,0,2.662669071704425,1.4924745611973043
yari_spear_0_v2.png,0,1.5507482619148607,1.670824570171578
yari_spear_0_v3.png,0,0.07406328728049894,1.6044816254789749
yari_spear_0_v4.png,0,-2.5399938375372484,1.7874717343711994
yari_spear_0_v5.png,0,-2.1900157872039143,1.7607515300119843
yari_spear_0_v6.png,0,-2.2672935956017604,1.5595275740628511
yari_spear_0_v7.png,0,2.6526754633380847,1.5790938683227929
yari_spear_0_v8.png,0,-1.751746819673836,1.7018542135469867
yari_spear_0_v9.png,0,0.10901483984521543,1.856126864782607
yari_spear_1_v0.png,0,1.8313130922585674,1.6609100854858445
yari_spear_1_v1.png,0,1.0246943384911087,1.4826817576012985
yari_spear_1_v2.png,0,-1.5770705347429568,1.8272481205445117
yari_spear_1_v3.png,0,1.0577676378177916,1.9278839993829018
yari_spear_1_v4.png,0,-0.5333639652578644,1.4652123133558022
yari_spear_1_v5.png,0,1.9642596229357963,1.504830087429751
yari_spear_1_v6.png,0,-0.5613068034753522,1.5011547732894792
yari_spear_1_v7.png,0,-0.002497156605569595,1.553790522995222
yari_spear_1_v8.png,0,-1.3219377562586963,1.9146924289335034
yari_spear_1_v9.png,0,1.1274770376182401,1.7064881003124766
yari_spear_2_v0.png,0,-0.5239983895378765,1.8483312568270223
yari_spear_2_v1.png,0,1.4987723327133475,1.7663497229299165
yari_spear_2_v2.png,0,-2.775105373545367,1.99452459393709
yari_spear_2_v3.png,0,-2.2155470337558247,1.541317422775223
yari_spear_2_v4.png,0,0.9083997740345917,1.9942821670936102
yari_spear_2_v5.png,0,-2.9621305147833183,1.7854852034507378
yari_spear_2_v6.png,0,2.9869154435188987,1.4258033361783786
yari_spear_2_v7.png,0,2.522295027125753,1.6088846798823755
yari_spear_2_v8.png,0,3.0387181325386035,1.664299651764046
yari_spear_2_v9.png,0,1.7156670708643762,1.9191730439595134
yari_spear_3_v0.png,0,0.9558403918216378,1.5762376695736375
yari_spear_3_v1.png,0,1.605946259180723,1.4719313918252968
yari_spear_3_v2.png,0,2.6894680054358586,1.3562597092594206
yari_spear_3_v3.png,0,2.9182876035570433,1.6732003543107685
yari_spear_3_v4.png,0,2.0330260810564225,1.4337416695492342
yari_spear_3_v5.png,0,-0.3652806631800929,1.8209115585303335
yari_spear_3_v6.png,0,-1.8272596448555163,1.9046293620352384
yari_spear_3_v7.png,0,-1.62846111912161,1.7695277979471131
yari_spear_3_v8.png,0,-1.8479884239700226,1.746465487153867
yari_spear_3_v9.png,0,2.824886142604677,1.374953865465852
yari_spear_4_v0.png,0,0.13168994944424872,1.4246770870088357
yari_spear_4_v1.png,0,-1.0718412400430246,1.570946524219822
yari_spear_4_v2.png,0,-0.49917898144842177,1.4788033756296481
yari_spear_4_v3.png,0,-0.43706281086173826,1.3673687003530606
yari_spear_4_v4.png,0,-1.6913840838195284,1.7427438709357996
yari_spear_4_v5.png,0,1.3470348227345021,1.9031947103599358
yari_spear_4_v6.png,0,1.7540053234185242,1.6789653748349667
yari_spear_4_v7.png,0,2.798268335672568,1.5109159844455653
yari_spear_4_v8.png,0,-3.0415429768827025,1.7117588457917958
yari_spear_4_v9.png,0,-0.4595940548723507,1.5790821674305482
zweihander_0_v0.png,0,-0.10916522176120624,1.8067720536277703
zweihander_0_v1.png,0,-2.1876188670180143,1.921388806262243
zweihander_0_v2.png,0,0.3582091970898893,1.641761798155599
zweihander_0_v3.png,0,-0.6586126296059254,1.691417032585414
zweihander_0_v4.png,0,0.23791517391024852,1.6703482304730226
zweihander_0_v5.png,0,-2.805685212933711,1.6733767199005651
zweihander_0_v6.png,0,-2.665316611610717,1.4864628081572526
zweihander_0_v7.png,0,2.6117136687390654,1.6140852171248217
zweihander_0_v8.png,0,1.7511276058626504,1.6049040658320726
zweihander_0_v9.png,0,0.22810518059071416,1.7071595410914753
zweihander_1_v0.png,0,-1.7926947169234975,1.2958300527074331
zweihander_1_v1.png,0,-2.9955125931226103,1.6077612352481043
zweihander_1_v2.png,0,-2.0122640916593326,1.3761501076410159
zweihander_1_v3.png,0,3.066999223295008,1.3544497106541595
zweihander_1_v4.png,0,-2.132317059055559,1.2965895895697208
zweihander_1_v5.png,0,3.0898931499169957,1.5744931803412274
zweihander_1_v6.png,0,-2.324376356645721,1.7668079578732643
zweihander_1_v7.png,0,0.009515123997861696,1.3281155515528296
zweihander_1_v8.png,0,0.009600234622654913,1.563583003831235
zweihander_1_v9.png,0,2.648224935775381,1.2759231139993148
zweihander_2_v0.png,0,-0.16317777608512163,1.1276217312052854
zweihander_2_v1.png,0,-2.9466859612855307,1.0835344347155371
zweihander_2_v2.png,0,0.8504242264530133,1.050100152301728
zweihander_2_v3.png,0,0.24559222179377782,1.4169195401657841
zweihander_2_v4.png,0,-0.30201723151178106,1.1209432881691341
zweihander_2_v5.png,0,-0.9248872180747565,1.4165652667081876
zweihander_2_v6.png,0,-2.3221107704579973,1.0725217748603626
zweihander_2_v7.png,0,0.5829682930223143,1.347856458183382
zweihander_2_v8.png,0,-0.948530202008385,1.3345449809186793
zweihander_2_v9.png,0,-2.705836843022839,1.4906315924138356
zweihander_3_v0.png,0,2.8536787123482203,1.2668304226179847
zweihander_3_v1.png,0,0.22999858332838619,1.4508540154032508
zweihander_3_v2.png,0,-1.5462187792982096,1.2691983490995737
zweihander_3_v3.png,0,-2.4274324583754554,1.282518371304264
zweihander_3_v4.png,0,-2.7038449471990296,1.5776700532036576
zweihander_3_v5.png,0,-0.9074234101518979,1.7842315247083669
zweihander_3_v6.png,0,2.3132833084520508,1.3519336156086552
zweihander_3_v7.png,0,1.0407916749195525,1.354514756027483
zweihander_3_v8.png,0,3.1384673408017,1.2647686441897104
zweihander_3_v9.png,0,0.773644164640001,1.6207605537682377
zweihander_4_v0.png,0,-0.4774595436820199,1.5303908934401893
zweihander_4_v1.png,0,2.078679706067995,1.5210094372829062
zweihander_4_v2.png,0,-0.9325216552088067,1.5661277524994632
zweihander_4_v3.png,0,-2.9879270939208866,1.9025884197978267
zweihander_4_v4.png,0,0.19170906064740123,1.6659785715785616
zweihander_4_v5.png,0,-2.544557150630638,1.5278431581836003
zweihander_4_v6.png,0,1.0575084797426284,1.9559378243688739
zweihander_4_v7.png,0,0.14837703132023483,1.852149941591151
zweihander_4_v8.png,0,-1.603246824884236,1.7872910424270176
zweihander_4_v9.png,0,-0.1202491772539207,1.5192632408034241
bloodied_cleaver_1_v0.png,0,-2.5510117092765774,1.3090603784959467
bloodied_cleaver_1_v1.png,0,0.027785252729448207,1.208670343395349
bloodied_cleaver_1_v2.png,0,-1.408189142017691,1.2525542580390312
bloodied_cleaver_1_v3.png,0,-1.8807957306511511,1.2791542597400627
bloodied_cleaver_1_v4.png,0,-2.823495488280625,1.5810083434109437
bloodied_cleaver_1_v5.png,0,-2.3670215312865546,1.236765950284193
bloodied_cleaver_1_v6.png,0,-0.32667931449057397,1.1553781324055408
bloodied_cleaver_1_v7.png,0,1.8814099245283484,1.3559764762474913
bloodied_cleaver_1_v8.png,0,2.0234525817344604,1.2365873675812453
bloodied_cleaver_1_v9.png,0,0.851624310476446,1.2458219542969178
bloodied_cleaver_2_v0.png,0,-0.9289632668136569,1.008844523973936
bloodied_cleaver_2_v1.png,0,2.4818637482225356,1.1294093715742435
bloodied_cleaver_2_v2.png,0,-2.092372574648051,1.3535751649893775
bloodied_cleaver_2_v3.png,0,-0.2912478197271957,1.265568435469022
bloodied_cleaver_2_v4.png,0,-2.7893423461228495,1.3344049638048006
bloodied_cleaver_2_v5.png,0,-1.4429366326161066,1.0137668061163603
bloodied_cleaver_2_v6.png,0,-1.4843916380550741,1.3229711006223628
bloodied_cleaver_2_v7.png,0,1.2843705322371524,1.404919691395324
bloodied_cleaver_2_v8.png,0,3.050866178591735,1.1718617326842269
bloodied_cleaver_2_v9.png,0,2.0986558063793765,1.1928793512223592
great_katana_3_v0.png,0,-3.067089133575672,1.5775691412503572
great_katana_3_v1.png,0,-1.8388395032503944,1.5653287847639195
great_katana_3_v2.png,0,-0.5150189711537148,1.4633942571993372
great_katana_3_v3.png,0,-1.0425595253876168,1.34447148962673
great_katana_3_v4.png,0,-2.705646088174384,1.2414368595382061
great_katana_3_v5.png,0,2.157833409089189,1.4581555827504007
great_katana_3_v6.png,0,2.1728623353362635,1.3210734067659204
great_katana_3_v7.png,0,-1.9315745657644028,1.6223124035412642
great_katana_3_v8.png,0,-1.1344191834345425,1.3227461893548444
great_katana_3_v9.png,0,0.5698565545367911,1.4403530945863827
katana_4_v0.png,0,-0.02586176608752533,1.4853699905208915
katana_4_v1.png,0,1.104984960180726,1.2884994547826996
katana_4_v2.png,0,-0.14399370518935717,1.253796774333944
katana_4_v3.png,0,-2.74290428709803,1.4621212238627608
katana_4_v4.png,0,-2.5935463615868137,1.2016973474870039
katana_4_v5.png,0,1.871155504846036,1.2237347120868083
katana_4_v6.png,0,2.5928853009662327,1.1487777914146893
katana_4_v7.png,0,1.9374773865917072,1.5627228059938874
katana_4_v8.png,0,2.913662881891073,1.3576335092347218
katana_4_v9.png,0,2.7697024678673476,1.4242707357730526
sapphire_glaive_3_v0.png,0,1.859190337877647,1.4130525912359997
sapphire_glaive_3_v1.png,0,2.428261603371454,1.456173142077492
sapphire_glaive_3_v2.png,0,2.5264243629180556,1.6119704506168482
sapphire_glaive_3_v3.png,0,1.1659842615500724,1.6079245299778577
sapphire_glaive_3_v4.png,0,1.363963371251839,1.457848866060395
sapphire_glaive_3_v5.png,0,0.1570041763983796,1.3893866197575961
sapphire_glaive_3_v6.png,0,-0.34064185436643113,1.8383875506656628
sapphire_glaive_3_v7.png,0,0.6067994582863299,1.772277799486813
sapphire_glaive_3_v8.png,0,0.9892190016380702,1.3590718624960674
sapphire_glaive_3_v9.png,0,2.7970427912406977,1.3658311862064292
