filename,flip,rotation_radians,scale
ancient_boomerang_0_v0.png,1,-2.6712580396924133,1.4192343070024809
ancient_boomerang_0_v1.png,1,0.6378004700216702,1.1045621408044148
ancient_boomerang_0_v2.png,0,-0.055254329759927216,1.1973100611414773
ancient_boomerang_0_v3.png,1,-1.516452670278402,1.2128297939354369
ancient_boomerang_0_v4.png,1,1.8830360405242434,1.197597753440842
ancient_boomerang_0_v5.png,1,-1.641290281020423,1.1528823917436481
ancient_boomerang_0_v6.png,0,-0.9683734896931434,1.3551636453842677
ancient_boomerang_0_v7.png,1,0.028370505250448985,1.1239574951249585
ancient_boomerang_0_v8.png,0,2.9281269425491483,1.3884664808015166
ancient_boomerang_0_v9.png,1,3.0282128752361013,1.5091312649311126
ancient_boomerang_0_v10.png,1,1.9394760437330039,1.4351733493476142
ancient_boomerang_0_v11.png,1,-1.3389586881037283,1.3912813434181748
ancient_boomerang_0_v12.png,1,-0.44152307546396946,1.1253564974646204
ancient_boomerang_0_v13.png,1,0.40517070259478594,1.1535559904933357
ancient_boomerang_0_v14.png,1,-1.036818560800934,1.2676529625244102
ancient_boomerang_0_v15.png,1,0.06567370973317253,1.328125717834202
ancient_boomerang_0_v16.png,1,0.5410561612742911,1.1651142602891544
ancient_boomerang_0_v17.png,1,0.6788930350678647,1.2471940350937292
ancient_boomerang_0_v18.png,0,-3.066173165473834,1.3318308912566208
ancient_boomerang_0_v19.png,0,0.7214464518047704,1.2591547035758295
ancient_boomerang_1_v0.png,1,-1.4243737037682513,1.4568719554519218
ancient_boomerang_1_v1.png,0,3.1331876082967813,1.4835862744242132
ancient_boomerang_1_v2.png,1,-0.0732352681698966,1.3068981854312924
ancient_boomerang_1_v3.png,1,2.02126326277036,1.5050030762947115
ancient_boomerang_1_v4.png,0,1.9527828992009957,1.3168119519047408
ancient_boomerang_1_v5.png,0,-0.8356959489754222,1.5165901201670218
ancient_boomerang_1_v6.png,0,2.7040406318084704,1.3805659272097628
ancient_boomerang_1_v7.png,1,2.632436113903068,1.5917799209925092
ancient_boomerang_1_v8.png,0,2.0019452352824043,1.7595248127014125
ancient_boomerang_1_v9.png,1,3.0841286077316097,1.4133839085721394
ancient_boomerang_1_v10.png,1,-0.3437242842897902,1.3734670879854414
ancient_boomerang_1_v11.png,1,-1.3375562023850447,1.3493412959772948
ancient_boomerang_1_v12.png,1,0.8695722327512452,1.736260346940053
ancient_boomerang_1_v13.png,1,-2.335015875752334,1.6443461538397273
ancient_boomerang_1_v14.png,0,-0.32762497629827,1.5672296860766475
ancient_boomerang_1_v15.png,1,2.3606193609136352,1.2861281878582522
ancient_boomerang_1_v16.png,0,-1.3581942600444756,1.5245181502815819
ancient_boomerang_1_v17.png,1,0.9178942256984087,1.3814923980292795
ancient_boomerang_1_v18.png,1,1.9965537038405585,1.7777670837737356
ancient_boomerang_1_v19.png,1,-1.2528749331930675,1.4306995208581808
ancient_boomerang_2_v0.png,1,0.5285635023443659,1.4055354961594837
ancient_boomerang_2_v1.png,1,-1.3649641128961707,1.3009023655225633
ancient_boomerang_2_v2.png,0,-0.009138965347977979,1.3970491933629787
ancient_boomerang_2_v3.png,1,-1.345654593609469,1.3517224934258023
ancient_boomerang_2_v4.png,0,-2.9899594968419154,1.5292654876319476
ancient_boomerang_2_v5.png,1,-2.3934516693779155,1.6387582798989273
ancient_boomerang_2_v6.png,0,1.6139063528333732,1.7221302627130919
ancient_boomerang_2_v7.png,1,-0.5167112518442931,1.435678679443585
ancient_boomerang_2_v8.png,1,2.6381918150045376,1.4135081030683725
ancient_boomerang_2_v9.png,0,-1.6095548174732803,1.774537713152794
ancient_boomerang_2_v10.png,0,-0.9535009779371999,1.489963698354462
ancient_boomerang_2_v11.png,0,-0.8790262109097414,1.7691065508227946
ancient_boomerang_2_v12.png,0,3.014013827833655,1.4473684125939146
ancient_boomerang_2_v13.png,0,-1.1576109570246562,1.3327067634819747
ancient_boomerang_2_v14.png,0,1.606311982258779,1.3048935225877067
ancient_boomerang_2_v15.png,0,0.9368540211703856,1.6252517127740431
ancient_boomerang_2_v16.png,0,1.5763906758243484,1.446616128929619
ancient_boomerang_2_v17.png,1,1.651521519119953,1.6280222454907598
ancient_boomerang_2_v18.png,0,-0.9862925598396703,1.4459125171981135
ancient_boomerang_2_v19.png,0,0.6784227084885749,1.6281353996772643
ancient_boomerang_3_v0.png,0,0.5944381064379216,1.6641119068128172
ancient_boomerang_3_v1.png,1,-1.673470618132662,1.7616385332879647
ancient_boomerang_3_v2.png,0,-0.30748447374506155,1.8186863527956894
ancient_boomerang_3_v3.png,0,-0.3678098677810734,1.4124363876156452
ancient_boomerang_3_v4.png,1,0.09365838298795048,1.7084074600311583
ancient_boomerang_3_v5.png,0,-0.13122618459745244,1.387533184336677
ancient_boomerang_3_v6.png,1,2.432297045930484,1.4988162639758738
ancient_boomerang_3_v7.png,1,-1.4468638987120164,1.8331157868182808
ancient_boomerang_3_v8.png,1,-2.253935126685458,1.691190630828874
ancient_boomerang_3_v9.png,0,0.07824374677297574,1.3050815224758572
ancient_boomerang_3_v10.png,0,-0.7761960763026072,1.3137023303793234
ancient_boomerang_3_v11.png,0,-1.1782015090094964,1.8331476736513155
ancient_boomerang_3_v12.png,0,1.8478751298109537,1.457321388869087
ancient_boomerang_3_v13.png,0,1.8116008667866423,1.6300534110033926
ancient_boomerang_3_v14.png,0,-0.3761848476623206,1.6762452949630797
ancient_boomerang_3_v15.png,0,0.06177980943833261,1.51822940984072
ancient_boomerang_3_v16.png,1,0.8365708951609054,1.323789169512265
ancient_boomerang_3_v17.png,1,-2.3213555067791747,1.5959184326651208
ancient_boomerang_3_v18.png,0,-1.278139238890657,1.3908943879220288
ancient_boomerang_3_v19.png,1,1.2165100346586186,1.3659275064202194
ancient_boomerang_4_v0.png,1,-1.1301893866191135,1.1750414594895804
ancient_boomerang_4_v1.png,0,0.9902606092773318,1.5160638173141407
ancient_boomerang_4_v2.png,1,2.36786738252721,1.25923744936966
ancient_boomerang_4_v3.png,0,-1.8663106726229723,1.4384120193784387
ancient_boomerang_4_v4.png,0,2.660952908340783,1.549641693908019
ancient_boomerang_4_v5.png,1,2.620265031561293,1.487318738020638
ancient_boomerang_4_v6.png,0,-2.960992123944374,1.6354648302625538
ancient_boomerang_4_v7.png,0,-0.15685950556834793,1.4774840000155924
ancient_boomerang_4_v8.png,0,1.8433486748753882,1.391021403892013
ancient_boomerang_4_v9.png,0,-0.2370177073664026,1.4009927142247154
ancient_boomerang_4_v10.png,0,-3.0388271492519134,1.2050738002866175
ancient_boomerang_4_v11.png,1,3.0324562363847605,1.35896987142735
ancient_boomerang_4_v12.png,0,3.029324807324868,1.6230514057278282
ancient_boomerang_4_v13.png,0,-1.2841546295303428,1.3915962673338276
ancient_boomerang_4_v14.png,0,-0.7078419266725255,1.1967536669116836
ancient_boomerang_4_v15.png,0,2.23551627823323,1.50506843452136
ancient_boomerang_4_v16.png,0,-2.366855321571618,1.2377405086899342
ancient_boomerang_4_v17.png,0,-1.162543882525038,1.4326809981019804
ancient_boomerang_4_v18.png,1,-2.5849984028303434,1.3810132316206583
ancient_boomerang_4_v19.png,1,-0.2489795607197749,1.2351069241921964
atlantean_trident_0_v0.png,1,-0.15323723721259075,1.5781583658901206
atlantean_trident_0_v1.png,0,-0.01626088449926133,1.5310831585513551
atlantean_trident_0_v2.png,1,1.7183519760094044,1.5068408606922226
atlantean_trident_0_v3.png,0,-2.215047104647468,1.9944969757713558
atlantean_trident_0_v4.png,1,3.1257363208465816,1.5310196844052002
atlantean_trident_0_v5.png,1,0.06911647238603713,1.8241290241177628
atlantean_trident_0_v6.png,1,2.0370694148589847,1.8033775253244921
atlantean_trident_0_v7.png,1,-2.8055004672072847,1.4714529314487488
atlantean_trident_0_v8.png,1,-0.15974598961504416,1.9145415150730167
atlantean_trident_0_v9.png,0,-0.5650887641106572,1.9270336312402043
atlantean_trident_0_v10.png,1,1.6649540607653806,1.716628581003425
atlantean_trident_0_v11.png,1,-1.8834837159620683,1.854316567729714
atlantean_trident_0_v12.png,0,2.7622649952776603,1.4633908833825513
atlantean_trident_0_v13.png,1,1.3426721208041041,1.4967563730090834
atlantean_trident_0_v14.png,1,0.6923604429900931,1.81557509837115
atlantean_trident_0_v15.png,1,0.5739406452441513,1.7411419103461876
atlantean_trident_0_v16.png,0,-1.9847004491478364,1.792345223704844
atlantean_trident_0_v17.png,0,-2.940623201346354,1.5138624117097812
atlantean_trident_0_v18.png,0,2.130160689249309,1.6814288054068092
atlantean_trident_0_v19.png,0,3.065704149404999,1.5171439378132268
atlantean_trident_1_v0.png,0,-1.3032302120136716,1.373373259715524
atlantean_trident_1_v1.png,0,-0.14290998369158814,1.6570006467276037
atlantean_trident_1_v2.png,1,-0.6938336876828117,1.6858044062251158
atlantean_trident_1_v3.png,1,-1.1002310413019334,1.5227720862538974
atlantean_trident_1_v4.png,0,-0.5235871445435087,1.5635521306444315
atlantean_trident_1_v5.png,1,-2.354387889284088,1.4798439339046088
atlantean_trident_1_v6.png,0,-0.7303161638165059,1.3632354502603494
atlantean_trident_1_v7.png,1,-2.170598031572065,1.579377962698046
atlantean_trident_1_v8.png,1,-1.7236484448250557,1.5649268711344477
atlantean_trident_1_v9.png,0,0.13334248208430877,1.3256426375944166
atlantean_trident_1_v10.png,0,0.2336527521604177,1.4199664001904189
atlantean_trident_1_v11.png,1,2.2657562641440756,1.4798857524402822
atlantean_trident_1_v12.png,1,0.5575701113785385,1.5850917670376516
atlantean_trident_1_v13.png,1,-0.959968565203698,1.4951837298838133
atlantean_trident_1_v14.png,0,2.04633896738819,1.2765270173247893
atlantean_trident_1_v15.png,1,3.0096236795596916,1.7504545643128606
atlantean_trident_1_v16.png,1,-0.364340511706545,1.4662823918686574
atlantean_trident_1_v17.png,0,2.1376129678147158,1.595186463624016
atlantean_trident_1_v18.png,1,-1.7915423124477021,1.3484670282780398
atlantean_trident_1_v19.png,1,-1.1505151062578687,1.3545188426727872
atlantean_trident_2_v0.png,1,-1.4202661994846295,1.4890051360591041
atlantean_trident_2_v1.png,0,0.9877733115302776,1.3504966325236376
atlantean_trident_2_v2.png,0,-0.7628900565581818,1.8394013796134734
atlantean_trident_2_v3.png,1,2.282309071439384,1.8009864001950115
atlantean_trident_2_v4.png,1,0.2734719548304909,1.9279249994017504
atlantean_trident_2_v5.png,0,-0.3419243051272174,1.5416722492380723
atlantean_trident_2_v6.png,1,2.127324754675263,1.3974656984134002
atlantean_trident_2_v7.png,1,-0.5151181071744078,1.8978580352004033
atlantean_trident_2_v8.png,0,0.30967009687248215,1.918147831990412
atlantean_trident_2_v9.png,1,2.833924954350074,1.7253669130890066
atlantean_trident_2_v10.png,0,2.620414884900642,1.7491215736899761
atlantean_trident_2_v11.png,1,2.4962971994870564,1.3636093209416589
atlantean_trident_2_v12.png,1,0.03315040790199664,1.7337897374005655
atlantean_trident_2_v13.png,0,1.5342991989134878,1.4520522737549628
atlantean_trident_2_v14.png,1,-3.0327270023879276,1.6937293367831006
atlantean_trident_2_v15.png,1,1.7725758676450454,1.4055304219285438
atlantean_trident_2_v16.png,0,0.6164154684271628,1.5964727904549196
atlantean_trident_2_v17.png,1,-1.5793224183849501,1.7448339897786396
atlantean_trident_2_v18.png,0,1.0184011673173121,1.44785731332913
atlantean_trident_2_v19.png,0,1.0645422585479978,1.50176058842851
atlantean_trident_3_v0.png,1,0.8942623193205641,1.6353271959895022
atlantean_trident_3_v1.png,1,-2.9110950598721477,1.7775476043541902
atlantean_trident_3_v2.png,0,-2.2454655896327633,1.997270614838762
atlantean_trident_3_v3.png,1,-2.2681269641585846,1.465788393880653
atlantean_trident_3_v4.png,0,1.10204059222701,1.4521014843637696
atlantean_trident_3_v5.png,1,2.7407671428096982,1.9521479965376953
atlantean_trident_3_v6.png,0,1.6468754702535908,1.4981265421218952
atlantean_trident_3_v7.png,1,-1.0655420290727609,1.4735244986604394
atlantean_trident_3_v8.png,0,-1.6662081457154168,1.5244834696139469
atlantean_trident_3_v9.png,1,2.238927224340393,1.9120010488997603
atlantean_trident_3_v10.png,0,-0.913241097127564,1.4438713449078924
atlantean_trident_3_v11.png,0,1.7423005126420257,1.8228518266650429
atlantean_trident_3_v12.png,0,-3.0836369618540673,1.9857264767490679
atlantean_trident_3_v13.png,0,0.2199951866726675,1.5636948267362216
atlantean_trident_3_v14.png,1,1.1547999623337142,1.7407259376550979
atlantean_trident_3_v15.png,0,2.5623017710156692,1.728098256119965
atlantean_trident_3_v16.png,1,0.29756031379669823,1.4954135633083656
atlantean_trident_3_v17.png,1,0.9835366926269848,1.96815543697744
atlantean_trident_3_v18.png,1,2.834579886497176,1.4927413445977589
atlantean_trident_3_v19.png,1,1.4591230694465822,1.689453218281588
atlantean_trident_4_v0.png,1,1.6370951478165239,1.7586845661841455
atlantean_trident_4_v1.png,1,-0.9423334874948495,1.6672438275317112
atlantean_trident_4_v2.png,0,-1.3571912846174445,1.5206230746550968
atlantean_trident_4_v3.png,1,2.4443233217684024,1.390936124388553
atlantean_trident_4_v4.png,0,2.101035493598631,1.7756469017224994
atlantean_trident_4_v5.png,1,-2.1371532527469217,1.429236377106637
atlantean_trident_4_v6.png,1,-0.08912383301817606,1.3943682895679634
atlantean_trident_4_v7.png,0,-2.9333273586453252,1.524448103904977
atlantean_trident_4_v8.png,1,2.1551412341182896,1.3400897482134855
atlantean_trident_4_v9.png,0,-0.4368590758894042,1.363449184959968
atlantean_trident_4_v10.png,0,-2.6332416075281317,1.343485437097928
atlantean_trident_4_v11.png,1,-1.2807352913265824,1.4353925979235072
atlantean_trident_4_v12.png,1,2.771223626975384,1.5459188238417203
atlantean_trident_4_v13.png,1,2.758430653283635,1.291992036776808
atlantean_trident_4_v14.png,1,1.6355913554983657,1.4744353497450278
atlantean_trident_4_v15.png,1,-0.07830111906791792,1.5662026193997753
atlantean_trident_4_v16.png,1,1.9924117381077493,1.3263622033271358
atlantean_trident_4_v17.png,1,0.09620049758827465,1.6011819966540144
atlantean_trident_4_v18.png,1,-0.9170050712675035,1.482368387567879
atlantean_trident_4_v19.png,1,2.29621541192889,1.3446462141247706
bamboo_spear_0_v0.png,0,2.129132100422958,1.3852107400600333
bamboo_spear_0_v1.png,0,0.6922883050014359,1.6193855736142526
bamboo_spear_0_v2.png,1,1.4758150562222374,1.4039430131485107
bamboo_spear_0_v3.png,0,1.5877718081359182,1.3676148343959544
bamboo_spear_0_v4.png,0,-2.6236617329243863,1.8363304432863687
bamboo_spear_0_v5.png,0,2.769611585610596,1.507168777833982
bamboo_spear_0_v6.png,1,0.41792367812240006,1.673062491065579
bamboo_spear_0_v7.png,1,-0.21595279898146869,1.3283768812781371
bamboo_spear_0_v8.png,0,0.9634559089553059,1.6686964606811898
bamboo_spear_0_v9.png,0,-2.770719859215336,1.6251022718870785
bamboo_spear_0_v10.png,0,0.6448195395190377,1.401797968674583
bamboo_spear_0_v11.png,0,-0.2124829014173657,1.8330980061601343
bamboo_spear_0_v12.png,0,-2.2322956468931956,1.3790645537577053
bamboo_spear_0_v13.png,1,0.5612283440836412,1.462834917152061
bamboo_spear_0_v14.png,1,0.18572399185701194,1.42022432626786
bamboo_spear_0_v15.png,0,-1.278236460115135,1.3148216376436692
bamboo_spear_0_v16.png,0,3.0234116997628955,1.6516127045540197
bamboo_spear_0_v17.png,1,3.0508180226940915,1.3590617307219186
bamboo_spear_0_v18.png,1,0.16190146889585266,1.7283982947616123
bamboo_spear_0_v19.png,1,-0.5768874746272448,1.3478938503679023
bamboo_spear_1_v0.png,0,0.13879523185415676,1.5477735319460826
bamboo_spear_1_v1.png,1,-0.260833349831326,1.4238091741871548
bamboo_spear_1_v2.png,0,-2.357186282592271,1.6227829527553317
bamboo_spear_1_v3.png,0,0.0767164038925009,1.499943123466343
bamboo_spear_1_v4.png,1,-0.6185580814134444,1.492109835664155
bamboo_spear_1_v5.png,1,-0.7189618265805018,1.8167592976949967
bamboo_spear_1_v6.png,1,-0.849762920076979,1.3605303032310991
bamboo_spear_1_v7.png,1,0.606329088196954,1.548261859165475
bamboo_spear_1_v8.png,1,2.858489655074907,1.883769572881193
bamboo_spear_1_v9.png,0,-1.7369175212236738,1.7054720772338885
bamboo_spear_1_v10.png,0,-2.450951413013716,1.6764505288310112
bamboo_spear_1_v11.png,0,1.4829064586789915,1.4255847076680417
bamboo_spear_1_v12.png,0,0.15764532012006938,1.4061376772857164
bamboo_spear_1_v13.png,0,-0.5468826867982752,1.7642503550441386
bamboo_spear_1_v14.png,1,-1.2299858652283544,1.78945867882888
bamboo_spear_1_v15.png,0,-1.62473358321868,1.4222947718719752
bamboo_spear_1_v16.png,1,0.10111665414079507,1.4194208924066736
bamboo_spear_1_v17.png,0,0.7094380525637346,1.910509548416131
bamboo_spear_1_v18.png,0,1.2695518900093439,1.6554852645238105
bamboo_spear_1_v19.png,1,1.071131694897527,1.4120899992227003
bamboo_spear_2_v0.png,0,2.5306151141952387,1.783061257475375
bamboo_spear_2_v1.png,0,-0.7236989682442889,1.6445145224900186
bamboo_spear_2_v2.png,1,2.562411576002419,1.927888726645701
bamboo_spear_2_v3.png,1,0.23564086209273283,2.0329871303362013
bamboo_spear_2_v4.png,1,1.0750959616371842,1.5147139147970274
bamboo_spear_2_v5.png,0,-0.9443983861285954,1.9794886245584744
bamboo_spear_2_v6.png,1,2.6276966449452965,1.5595853251717646
bamboo_spear_2_v7.png,1,-1.8404970338744544,1.533686289031982
bamboo_spear_2_v8.png,1,3.045618024194331,1.9812308158480447
bamboo_spear_2_v9.png,1,-1.4879019372761295,2.0899217262857492
bamboo_spear_2_v10.png,0,-1.6162833780238994,1.71376620628887
bamboo_spear_2_v11.png,1,-3.0464635409339333,2.0525128266816006
bamboo_spear_2_v12.png,1,2.3545016853901046,1.5247035963861422
bamboo_spear_2_v13.png,0,-1.6932578451929743,1.5111120726380707
bamboo_spear_2_v14.png,1,0.6021363097453161,1.6474662458683522
bamboo_spear_2_v15.png,0,-2.282141273204716,1.9788552279169906
bamboo_spear_2_v16.png,0,1.039235540069395,1.5797426635981562
bamboo_spear_2_v17.png,1,0.015362895144966693,1.7780877142695675
bamboo_spear_2_v18.png,0,0.1575973279078573,1.5251456185458452
bamboo_spear_2_v19.png,1,0.9324437971012267,1.8976337382992345
bamboo_spear_3_v0.png,1,-0.34328901074604135,1.1992410360028016
bamboo_spear_3_v1.png,1,-2.5488504658641364,1.6011936048002362
bamboo_spear_3_v2.png,1,-1.7244085873009078,1.212933389271263
bamboo_spear_3_v3.png,0,-1.5470406680437225,1.433872623078609
bamboo_spear_3_v4.png,0,0.15758200820343848,1.1771971225491553
bamboo_spear_3_v5.png,0,1.507721210897389,1.2495391140080312
bamboo_spear_3_v6.png,1,-2.815682890755907,1.3342226245130928
bamboo_spear_3_v7.png,1,-3.1065253342630372,1.2719187449103944
bamboo_spear_3_v8.png,0,2.0588824751638786,1.5423859042404742
bamboo_spear_3_v9.png,0,-2.0250715729915036,1.3957157368961486
bamboo_spear_3_v10.png,0,1.1968011253864148,1.2790542718235782
bamboo_spear_3_v11.png,1,2.070115796895487,1.5246207825405267
bamboo_spear_3_v12.png,1,1.7343342415708398,1.3659046352966606
bamboo_spear_3_v13.png,0,-1.400988839764068,1.3495498203753362
bamboo_spear_3_v14.png,1,-2.251483483440879,1.2748077895270769
bamboo_spear_3_v15.png,0,1.5484511026588579,1.3134308005734272
bamboo_spear_3_v16.png,1,-0.6794636665061047,1.1725972338770656
bamboo_spear_3_v17.png,1,1.2990203850693598,1.2920944695791095
bamboo_spear_3_v18.png,0,2.2464958331949783,1.3412029327120134
bamboo_spear_3_v19.png,0,1.7184498749150625,1.2805716511084224
bamboo_spear_4_v0.png,0,-0.9670889841293997,1.576641533048998
bamboo_spear_4_v1.png,1,-2.3673182196584994,1.3313526898561956
bamboo_spear_4_v2.png,1,0.46059059325312846,1.8300331886322763
bamboo_spear_4_v3.png,1,2.213572463401379,1.3312065033116722
bamboo_spear_4_v4.png,1,-2.0883215463624154,1.3385801567394602
bamboo_spear_4_v5.png,0,2.064470142459577,1.6562396328602218
bamboo_spear_4_v6.png,0,-0.3378912257595341,1.5955845825817359
bamboo_spear_4_v7.png,1,-2.6351923720673756,1.401254884903545
bamboo_spear_4_v8.png,1,-0.7821470453793822,1.8518886128512417
bamboo_spear_4_v9.png,0,-0.847522174891175,1.6223448978522443
bamboo_spear_4_v10.png,0,-2.0269526575787298,1.7664610994126642
bamboo_spear_4_v11.png,0,2.681706350195827,1.4485485446492468
bamboo_spear_4_v12.png,1,1.619599724847099,1.4528482335343738
bamboo_spear_4_v13.png,1,-3.0976253914564587,1.7932829661378422
bamboo_spear_4_v14.png,0,1.5278351271381858,1.4920215011912648
bamboo_spear_4_v15.png,1,-2.7661850520871685,1.541560206618372
bamboo_spear_4_v16.png,0,1.0279949271015725,1.3246269204429386
bamboo_spear_4_v17.png,1,1.8645764681057062,1.7697066364047032
bamboo_spear_4_v18.png,1,0.9545274281048048,1.3452632073819466
bamboo_spear_4_v19.png,1,-1.0176584678347815,1.5410227312032159
battleaxe_0_v0.png,0,-2.911702249725087,1.1181590812382378
battleaxe_0_v1.png,1,0.35634060979736704,1.2556996289649809
battleaxe_0_v2.png,1,-1.8820529578374392,1.2803563907832085
battleaxe_0_v3.png,0,2.3304378661763017,1.3893360443959417
battleaxe_0_v4.png,0,1.7729388461832545,1.0444001266623337
battleaxe_0_v5.png,0,-1.0529119722640141,1.2219776602326733
battleaxe_0_v6.png,0,0.9046629800867136,1.002554015009808
battleaxe_0_v7.png,1,-2.977149973350324,1.3315637745576718
battleaxe_0_v8.png,1,2.961279604705601,1.340468778083277
battleaxe_0_v9.png,0,-0.6318407220092263,1.4250190684625392
battleaxe_0_v10.png,0,-1.988955004872931,1.2100073414288968
battleaxe_0_v11.png,1,-2.022742718845305,1.371615855031639
battleaxe_0_v12.png,1,1.256606267911592,1.0157411378386423
battleaxe_0_v13.png,1,2.528448710511711,1.1782631158410324
battleaxe_0_v14.png,1,1.8093576046182833,1.0047681264581032
battleaxe_0_v15.png,0,-1.5039790254703769,1.0766863646385465
battleaxe_0_v16.png,0,-0.81534182321409,1.2680730108646834
battleaxe_0_v17.png,0,2.1734211482696995,1.3394245752015115
battleaxe_0_v18.png,1,0.1137855035260662,1.123351790614255
battleaxe_0_v19.png,0,1.151621996037572,1.245118011316017
battleaxe_1_v0.png,1,-0.6724895399132482,1.3240986238521701
battleaxe_1_v1.png,1,1.0753578300097044,1.544202820090301
battleaxe_1_v2.png,1,-0.37725819765861857,1.3458679184560827
battleaxe_1_v3.png,0,1.320972829659931,1.2759845118872974
battleaxe_1_v4.png,1,-2.227948199270264,1.4539374576261404
battleaxe_1_v5.png,0,-0.5672645353748036,1.4764503732205492
battleaxe_1_v6.png,1,2.7447704118505465,1.3261539573458812
battleaxe_1_v7.png,1,-1.8004928892875098,1.166596527470673
battleaxe_1_v8.png,1,-2.282333670281859,1.2387020614785085
battleaxe_1_v9.png,1,2.700632633273724,1.3305372103179038
battleaxe_1_v10.png,0,-1.8360245616836905,1.278230887228672
battleaxe_1_v11.png,0,1.7410805039309574,1.2842567111093974
battleaxe_1_v12.png,1,-2.9853975188863933,1.4188877912463917
battleaxe_1_v13.png,1,-1.4597586912472345,1.2949491455296938
battleaxe_1_v14.png,0,0.31338184088220067,1.4666745323237753
battleaxe_1_v15.png,0,1.2853147362600092,1.2658805335887928
battleaxe_1_v16.png,0,1.8916902793260613,1.3941879911119621
battleaxe_1_v17.png,0,1.907746848117948,1.2020774559227199
battleaxe_1_v18.png,0,1.4514756712548367,1.161184039228747
battleaxe_1_v19.png,0,2.927102296174735,1.5385846408732966
battleaxe_2_v0.png,0,2.229919672485755,1.3902712140400213
battleaxe_2_v1.png,0,0.3509994417191613,1.708528092287172
battleaxe_2_v2.png,0,-0.4374097221093809,1.292162735248853
battleaxe_2_v3.png,0,2.1051731233161024,1.7665089161348804
battleaxe_2_v4.png,1,0.0006652928117489854,1.648666599794349
battleaxe_2_v5.png,1,-0.5034665995744203,1.6186390907393824
battleaxe_2_v6.png,1,2.0641546075880544,1.386075924028252
battleaxe_2_v7.png,1,0.0504434916747708,1.5950054326091665
battleaxe_2_v8.png,0,-0.35942561922828803,1.2753034274560076
battleaxe_2_v9.png,0,1.2724590394347108,1.2520748563523758
battleaxe_2_v10.png,1,-0.8958802969441707,1.6098051847258334
battleaxe_2_v11.png,0,-2.9998150048278833,1.359321279700759
battleaxe_2_v12.png,1,0.8212532899570628,1.2774753338338514
battleaxe_2_v13.png,1,-0.028160898870721707,1.642085444225844
battleaxe_2_v14.png,1,0.13223245675355078,1.497913887677028
battleaxe_2_v15.png,1,1.566619302978502,1.7253669599869867
battleaxe_2_v16.png,0,-0.933715763511754,1.5169344668927014
battleaxe_2_v17.png,0,-1.6241079686591282,1.3049300216425483
battleaxe_2_v18.png,1,-1.5785900091396239,1.3154378771778763
battleaxe_2_v19.png,0,-1.873978008263359,1.334704141330345
battleaxe_3_v0.png,1,-1.811077582132674,1.2326308266504278
battleaxe_3_v1.png,0,-1.2109095207785225,1.2813225694798365
battleaxe_3_v2.png,1,-0.7433124113490817,1.1106210587003134
battleaxe_3_v3.png,1,0.6821357493082807,1.4493699225654233
battleaxe_3_v4.png,0,-2.7784919576849063,1.0530293428674569
battleaxe_3_v5.png,1,0.9065930945099874,1.3254343266389492
battleaxe_3_v6.png,0,1.8357099530934315,1.13510484414928
battleaxe_3_v7.png,0,-1.5722723336311373,1.48077132085967
battleaxe_3_v8.png,0,-2.0176556830928565,1.3190678077260045
battleaxe_3_v9.png,1,1.9432021081975563,1.4755818459784291
battleaxe_3_v10.png,1,-1.040111772695364,1.1080769243869248
battleaxe_3_v11.png,0,0.4269768993273111,1.11832222379744
battleaxe_3_v12.png,0,2.476335916044805,1.082836053818036
battleaxe_3_v13.png,1,-1.7734762310361765,1.2574130654319673
battleaxe_3_v14.png,0,0.8147518608433271,1.4348436757673808
battleaxe_3_v15.png,0,-1.9875324961046605,1.0839705586823705
battleaxe_3_v16.png,1,-1.7082482962229966,1.22877177767609
battleaxe_3_v17.png,0,1.2915176410713498,1.1604680751373533
battleaxe_3_v18.png,0,0.5182382625561655,1.075023512449723
battleaxe_3_v19.png,1,2.5562212784259035,1.0604652799500245
battleaxe_4_v0.png,0,0.8763777149770029,1.3202453006486334
battleaxe_4_v1.png,1,0.1957372324475618,1.471093044714531
battleaxe_4_v2.png,1,-0.03472368031285655,1.534721366783356
battleaxe_4_v3.png,0,-0.46108809419684027,1.3700838894950027
battleaxe_4_v4.png,1,2.9638814277430425,1.5501865443435285
battleaxe_4_v5.png,1,1.9252730479730846,1.6663404326300422
battleaxe_4_v6.png,0,-2.415167715141366,1.568803753412095
battleaxe_4_v7.png,0,2.838572519002904,1.4569972183495798
battleaxe_4_v8.png,0,0.21785894206871204,1.2937797266368747
battleaxe_4_v9.png,0,2.5704723963583067,1.4737228421412116
battleaxe_4_v10.png,0,-1.4138318024317975,1.4643574984984336
battleaxe_4_v11.png,1,-0.37546572505249126,1.3918570382339484
battleaxe_4_v12.png,0,-1.0444463635813088,1.5681355306557483
battleaxe_4_v13.png,0,1.94829762656853,1.255177508311304
battleaxe_4_v14.png,0,-1.4402918162828469,1.2566434972100813
battleaxe_4_v15.png,1,1.2551325069828507,1.54589504028655
battleaxe_4_v16.png,0,-2.2883019532328914,1.2064348800437872
battleaxe_4_v17.png,1,-0.7468958774630432,1.6051651427625298
battleaxe_4_v18.png,0,-2.215199277791603,1.4055939326016176
battleaxe_4_v19.png,1,-0.8908752352278878,1.7008782716938702
blacksmith_hammer_0_v0.png,1,3.0306538201544058,1.4859761834125544
blacksmith_hammer_0_v1.png,1,1.2147448014422562,1.1019584964792521
blacksmith_hammer_0_v2.png,0,-1.4454691579083125,1.3202747693813495
blacksmith_hammer_0_v3.png,1,-0.4414343789508327,1.1562758273974465
blacksmith_hammer_0_v4.png,1,-0.5368982513385764,1.1331897024103326
blacksmith_hammer_0_v5.png,1,1.0489137847811167,1.4228936806032813
blacksmith_hammer_0_v6.png,0,3.137182066135836,1.11120839056508
blacksmith_hammer_0_v7.png,1,2.1828839220048613,1.251830535563296
blacksmith_hammer_0_v8.png,1,1.3151736596862262,1.5098536241444012
blacksmith_hammer_0_v9.png,0,-1.8390590474005748,1.4069280833759064
blacksmith_hammer_0_v10.png,0,1.3149699216124464,1.4791052511366296
blacksmith_hammer_0_v11.png,0,-0.08018528264781588,1.1351874335625578
blacksmith_hammer_0_v12.png,1,1.6840591997554464,1.1595667728756238
blacksmith_hammer_0_v13.png,1,-2.0369168226707566,1.1155691282238824
blacksmith_hammer_0_v14.png,1,1.953039310375246,1.262657987379559
blacksmith_hammer_0_v15.png,0,0.120711976862651,1.5086923730771933
blacksmith_hammer_0_v16.png,0,0.3730511597137395,1.3244835139221594
blacksmith_hammer_0_v17.png,1,1.5315483379531822,1.2305751134723615
blacksmith_hammer_0_v18.png,1,-0.16404994410457208,1.5453791900459362
blacksmith_hammer_0_v19.png,0,-2.775812182672011,1.5658019915864982
blacksmith_hammer_1_v0.png,0,-0.8626703990630477,1.4139043324220388
blacksmith_hammer_1_v1.png,0,-0.5528963536967793,1.1241892485798632
blacksmith_hammer_1_v2.png,1,2.460555180276058,1.4074569977000084
blacksmith_hammer_1_v3.png,1,0.5823626605742728,1.2063479190256454
blacksmith_hammer_1_v4.png,1,3.00197032655784,1.476462671079565
blacksmith_hammer_1_v5.png,0,-1.469233749748378,1.4667905261834069
blacksmith_hammer_1_v6.png,0,0.8523393014651618,1.1271408072131561
blacksmith_hammer_1_v7.png,0,-0.9263372456954848,1.2885928105535425
blacksmith_hammer_1_v8.png,0,0.4319596716221493,1.3334783939868473
blacksmith_hammer_1_v9.png,0,-1.5674672434820691,1.1466412357087383
blacksmith_hammer_1_v10.png,1,2.627322364926898,1.1449784592545011
blacksmith_hammer_1_v11.png,0,-2.2942318115725047,1.1019698217181135
blacksmith_hammer_1_v12.png,0,2.1058493935771807,1.2832404673437305
blacksmith_hammer_1_v13.png,0,-1.5445889473860106,1.4265817727241004
blacksmith_hammer_1_v14.png,0,2.206148809433034,1.3287318227869238
blacksmith_hammer_1_v15.png,0,1.3635120571303245,1.1676429707248768
blacksmith_hammer_1_v16.png,1,1.2359810145829604,1.2681780817592407
blacksmith_hammer_1_v17.png,1,-0.050355665964999186,1.1345997220178377
blacksmith_hammer_1_v18.png,0,2.071900573313798,1.3129754571517802
blacksmith_hammer_1_v19.png,0,-2.256085620000808,1.339096532247443
blacksmith_hammer_2_v0.png,1,1.3343273305013128,2.238611563014934
blacksmith_hammer_2_v1.png,0,-2.543786612818925,2.0685705707459903
blacksmith_hammer_2_v2.png,0,-0.8595428972379722,2.061832681449615
blacksmith_hammer_2_v3.png,1,-1.8096662996149122,1.659618491069935
blacksmith_hammer_2_v4.png,0,3.084400971923756,1.618863439745811
blacksmith_hammer_2_v5.png,0,2.2436550663517263,1.6181397379803377
blacksmith_hammer_2_v6.png,1,-2.1176495631265366,1.9870565856327362
blacksmith_hammer_2_v7.png,1,3.0248596430802994,1.9683536809474451
blacksmith_hammer_2_v8.png,1,2.3775071427482795,1.9460522641944495
blacksmith_hammer_2_v9.png,1,-1.7967302514339107,1.9199445940387598
blacksmith_hammer_2_v10.png,0,-2.844597454067804,1.8940736417883954
blacksmith_hammer_2_v11.png,1,-2.2792313723657758,2.048523192398225
blacksmith_hammer_2_v12.png,1,1.9353607004453302,2.050673717774668
blacksmith_hammer_2_v13.png,1,1.0475446170711602,1.9816665881068956
blacksmith_hammer_2_v14.png,0,-0.6245974545217778,2.026677998391137
blacksmith_hammer_2_v15.png,1,-2.0987375933137535,1.8275387525909421
blacksmith_hammer_2_v16.png,0,-0.5801150948393464,1.607645493481873
blacksmith_hammer_2_v17.png,0,0.03710824233362264,1.8195051817587815
blacksmith_hammer_2_v18.png,0,-0.8318580050805109,2.1374410276409033
blacksmith_hammer_2_v19.png,0,-0.0021592607633222904,1.6374194178762047
blacksmith_hammer_3_v0.png,1,-2.58393174286813,1.5252904093518047
blacksmith_hammer_3_v1.png,1,-1.4283473965292135,1.2325541997007008
blacksmith_hammer_3_v2.png,0,1.3544356889957234,1.4385003735478448
blacksmith_hammer_3_v3.png,0,-2.2379562407674634,1.5699738991163632
blacksmith_hammer_3_v4.png,0,-0.22445490806298907,1.3029831890538262
blacksmith_hammer_3_v5.png,0,-0.8207370178854679,1.558661548483651
blacksmith_hammer_3_v6.png,0,-3.019147375420422,1.5284649467795326
blacksmith_hammer_3_v7.png,0,-1.6289455898840572,1.516978849523683
blacksmith_hammer_3_v8.png,1,2.7044878978589217,1.6362162316582376
blacksmith_hammer_3_v9.png,0,2.2257571829228118,1.2060320935255893
blacksmith_hammer_3_v10.png,0,3.1047838441746913,1.4389373204705918
blacksmith_hammer_3_v11.png,1,2.2978844544155104,1.2942430792064452
blacksmith_hammer_3_v12.png,1,3.068815516331804,1.5878704123194163
blacksmith_hammer_3_v13.png,0,0.3708265871783971,1.1979820669367947
blacksmith_hammer_3_v14.png,1,0.0793537697550939,1.4030263520874238
blacksmith_hammer_3_v15.png,0,3.125303049933687,1.251511792107971
blacksmith_hammer_3_v16.png,0,-1.4142991271974774,1.2893439221542102
blacksmith_hammer_3_v17.png,0,-0.8646187293271579,1.5081863596675527
blacksmith_hammer_3_v18.png,1,0.32125600487291184,1.207524105544565
blacksmith_hammer_3_v19.png,1,2.7979806181196833,1.1726763101910924
blacksmith_hammer_4_v0.png,1,0.05380704750348664,1.464918395632528
blacksmith_hammer_4_v1.png,1,-2.9582930610557963,1.476947301364371
blacksmith_hammer_4_v2.png,0,-0.10559915800360686,1.3208967848411657
blacksmith_hammer_4_v3.png,1,-1.0104626962699348,1.522593291078477
blacksmith_hammer_4_v4.png,0,1.3828186127000734,1.4406878063318345
blacksmith_hammer_4_v5.png,1,0.8172680863869648,1.3242629800505266
blacksmith_hammer_4_v6.png,1,3.130248636820923,1.494918612200552
blacksmith_hammer_4_v7.png,0,1.3371475845810037,1.5025467909115546
blacksmith_hammer_4_v8.png,1,-2.6248381039411597,1.1266063181587609
blacksmith_hammer_4_v9.png,0,-1.400123847023725,1.5349360159526508
blacksmith_hammer_4_v10.png,1,2.477632285734045,1.1624727745944725
blacksmith_hammer_4_v11.png,0,-0.8749697748694131,1.5263253665810608
blacksmith_hammer_4_v12.png,0,-0.04587700469134326,1.1695722659137888
blacksmith_hammer_4_v13.png,1,1.8637630274412078,1.220587410401024
blacksmith_hammer_4_v14.png,0,2.0142257716734333,1.2415342092279098
blacksmith_hammer_4_v15.png,0,-1.2329648933158635,1.1269181759410103
blacksmith_hammer_4_v16.png,1,1.4457444287713745,1.3241524345721922
blacksmith_hammer_4_v17.png,0,0.18999446970653766,1.4396817085163982
blacksmith_hammer_4_v18.png,0,2.0887429017116235,1.1678011234793808
blacksmith_hammer_4_v19.png,1,-3.034345131960028,1.5315512966431901
blades_of_chaos_0_v0.png,0,2.1720709862256973,1.553830472981174
blades_of_chaos_0_v1.png,1,0.1747867983076935,1.3286090909244443
blades_of_chaos_0_v2.png,1,0.1248979204772217,1.1662189587860983
blades_of_chaos_0_v3.png,0,-1.8541477638148862,1.3664586258943572
blades_of_chaos_0_v4.png,0,0.16141278521137137,1.3745737092824855
blades_of_chaos_0_v5.png,1,-0.13591583777945493,1.499336332901153
blades_of_chaos_0_v6.png,1,2.753185329670232,1.3022713467204574
blades_of_chaos_0_v7.png,1,-1.1742886981012135,1.6296588591688503
blades_of_chaos_0_v8.png,0,3.0980935608270346,1.57693626919079
blades_of_chaos_0_v9.png,0,-0.7184664169170889,1.3495545769416306
blades_of_chaos_0_v10.png,0,2.1736068735407157,1.1535524978628446
blades_of_chaos_0_v11.png,0,0.19236021107269585,1.265249355134647
blades_of_chaos_0_v12.png,1,2.591303266932651,1.2445567482900541
blades_of_chaos_0_v13.png,0,-2.5022154707762523,1.316218039961396
blades_of_chaos_0_v14.png,1,-0.030044237136646945,1.2972909273451305
blades_of_chaos_0_v15.png,1,-1.3058133342359757,1.4888662910881538
blades_of_chaos_0_v16.png,1,0.8444935626231117,1.3265085303995803
blades_of_chaos_0_v17.png,0,3.0448220628740192,1.2992429595836628
blades_of_chaos_0_v18.png,0,-2.420395492378391,1.4847402984161298
blades_of_chaos_0_v19.png,1,0.8362624747224382,1.3026496752873715
blades_of_chaos_1_v0.png,0,1.37235372871994,1.5061698137451964
blades_of_chaos_1_v1.png,1,1.9341526422281998,1.5981890615725973
blades_of_chaos_1_v2.png,0,-0.1409532998167463,1.9338512527826313
blades_of_chaos_1_v3.png,1,-2.305523647103768,1.4166439339058423
blades_of_chaos_1_v4.png,0,1.544395701101809,1.425616451984325
blades_of_chaos_1_v5.png,0,-1.901617333486406,1.554769572435603
blades_of_chaos_1_v6.png,1,-0.7742720899419518,1.4048020353375377
blades_of_chaos_1_v7.png,1,-1.9036737693377264,1.693337759038382
blades_of_chaos_1_v8.png,0,0.08673088734237067,1.7990380182570171
blades_of_chaos_1_v9.png,0,0.6171516954738825,1.4521242669105119
blades_of_chaos_1_v10.png,0,0.38206111452178115,1.711054276020781
blades_of_chaos_1_v11.png,0,-1.3530272146734055,1.703315182059888
blades_of_chaos_1_v12.png,0,2.7244751947238113,1.462546476032612
blades_of_chaos_1_v13.png,1,-0.6045699286047433,1.9695542538380668
blades_of_chaos_1_v14.png,0,2.5067911457494425,1.4484219779397818
blades_of_chaos_1_v15.png,1,1.585365701418915,1.4544510574684781
blades_of_chaos_1_v16.png,0,0.8872864620965348,1.4740753856875712
blades_of_chaos_1_v17.png,1,-2.741937822918036,1.5131278517508056
blades_of_chaos_1_v18.png,0,1.7487647225753695,1.4764165599221237
blades_of_chaos_1_v19.png,0,1.203232500142631,1.8896029861077137
blades_of_chaos_2_v0.png,0,-0.9483255956603023,1.2980014995942024
blades_of_chaos_2_v1.png,1,1.3022682752281756,1.4236702479592083
blades_of_chaos_2_v2.png,0,-2.805868578921869,1.4185098056600869
blades_of_chaos_2_v3.png,0,2.5954380014898275,1.6051781841600783
blades_of_chaos_2_v4.png,1,2.677161900704019,1.4086031325647919
blades_of_chaos_2_v5.png,0,2.259868636085655,1.2125253583199391
blades_of_chaos_2_v6.png,0,3.1039910746441106,1.2644417856920216
blades_of_chaos_2_v7.png,1,2.5375658218196717,1.694747074709336
blades_of_chaos_2_v8.png,1,2.278118894641557,1.245013777940233
blades_of_chaos_2_v9.png,1,0.8803178726881374,1.5795520296079875
blades_of_chaos_2_v10.png,0,-2.7010675553860533,1.3982199015813124
blades_of_chaos_2_v11.png,0,2.8950146961894676,1.263417079985856
blades_of_chaos_2_v12.png,1,-0.539582186607739,1.2811836441135036
blades_of_chaos_2_v13.png,0,2.4405861203483825,1.5983704805245937
blades_of_chaos_2_v14.png,0,-1.6363511914400521,1.3890173757519169
blades_of_chaos_2_v15.png,0,0.17305801058960302,1.6267188194934745
blades_of_chaos_2_v16.png,1,-2.6937662606321027,1.568994790919417
blades_of_chaos_2_v17.png,1,0.1831066108274283,1.4933105521415908
blades_of_chaos_2_v18.png,0,3.069208760858817,1.7095798203280574
blades_of_chaos_2_v19.png,1,-2.859302947838501,1.4054187124598307
blades_of_chaos_4_v0.png,0,2.2639274717997604,1.239402857024452
blades_of_chaos_4_v1.png,1,-1.3013494026559673,1.352466540005898
blades_of_chaos_4_v2.png,0,-1.9200889021283833,1.3904087282335704
blades_of_chaos_4_v3.png,1,0.5163173880046712,1.6672752364489487
blades_of_chaos_4_v4.png,1,1.3089646419861818,1.4774411788404245
blades_of_chaos_4_v5.png,1,0.7001037135172585,1.545176471764395
blades_of_chaos_4_v6.png,1,-1.9556667405553592,1.4406922320084887
blades_of_chaos_4_v7.png,1,-0.7733639041322125,1.2369568488603038
blades_of_chaos_4_v8.png,0,0.7882535459541908,1.5659588819938424
blades_of_chaos_4_v9.png,1,-1.3313143288345035,1.3852978819917714
blades_of_chaos_4_v10.png,1,-2.390513084403716,1.4671684057875793
blades_of_chaos_4_v11.png,0,-0.5949439742608074,1.4890711129269543
blades_of_chaos_4_v12.png,1,-1.814816413894011,1.3912822390996513
blades_of_chaos_4_v13.png,0,-1.7809252971514145,1.4619576922838844
blades_of_chaos_4_v14.png,0,-2.5366769599592396,1.4348847466670889
blades_of_chaos_4_v15.png,1,-0.1789513359892605,1.6246964545196487
blades_of_chaos_4_v16.png,0,0.286294273886571,1.534514769130774
blades_of_chaos_4_v17.png,1,-1.1703526056959408,1.3041797659407015
blades_of_chaos_4_v18.png,1,1.025383391006581,1.5230708335665462
blades_of_chaos_4_v19.png,1,2.199169580475074,1.3863084384856295
blade_of_olympus_0_v0.png,1,-2.2566895963069413,1.341314329479816
blade_of_olympus_0_v1.png,1,1.8209247269833186,1.2757417440496925
blade_of_olympus_0_v2.png,0,1.0237427254911278,1.5239639597066033
blade_of_olympus_0_v3.png,0,1.9763974566512696,1.4302160442129226
blade_of_olympus_0_v4.png,1,-1.6068467485017983,1.6923588038716926
blade_of_olympus_0_v5.png,1,-1.1105897785088512,1.2389674602953984
blade_of_olympus_0_v6.png,0,-2.3295573054170826,1.2374675270862776
blade_of_olympus_0_v7.png,0,2.947936954183636,1.6470342225490628
blade_of_olympus_0_v8.png,1,-1.6167930994988549,1.2919875617696972
blade_of_olympus_0_v9.png,0,-0.2956991750330391,1.2652485761855248
blade_of_olympus_0_v10.png,0,0.47214925582587464,1.3188341068792246
blade_of_olympus_0_v11.png,1,-2.4416920644220985,1.49676586429377
blade_of_olympus_0_v12.png,1,0.5150284264706255,1.500762474027052
blade_of_olympus_0_v13.png,0,-1.4488658959062395,1.2054260493623863
blade_of_olympus_0_v14.png,0,1.0517301601526055,1.2246491763003156
blade_of_olympus_0_v15.png,1,2.784018846825877,1.3298253257884027
blade_of_olympus_0_v16.png,1,1.1971876773568524,1.3873755157585554
blade_of_olympus_0_v17.png,0,0.7062942545251762,1.500498481589893
blade_of_olympus_0_v18.png,1,0.10165566084178623,1.4353868968297032
blade_of_olympus_0_v19.png,0,-3.036993319582251,1.4494457912036673
blade_of_olympus_1_v0.png,0,1.6168805909373005,1.2342372415837766
blade_of_olympus_1_v1.png,1,-1.5001006661535081,1.584851830140908
blade_of_olympus_1_v2.png,0,2.884564028650808,1.342815276663626
blade_of_olympus_1_v3.png,0,0.29628684670927274,1.3405804572781763
blade_of_olympus_1_v4.png,0,1.6206199694625372,1.521703539089791
blade_of_olympus_1_v5.png,0,0.7652971503986432,1.6306945645703326
blade_of_olympus_1_v6.png,0,-2.5359494310467543,1.2861541874560467
blade_of_olympus_1_v7.png,1,-0.847323666525015,1.26854250345867
blade_of_olympus_1_v8.png,0,1.6438058241190934,1.4834480587558558
blade_of_olympus_1_v9.png,1,-2.971899863112479,1.4148051313013223
blade_of_olympus_1_v10.png,1,3.0623633778986212,1.583206423209503
blade_of_olympus_1_v11.png,1,0.23594081260368638,1.4116896790934377
blade_of_olympus_1_v12.png,0,-0.3348891911654559,1.2663612821263943
blade_of_olympus_1_v13.png,0,0.5612556816106833,1.3695695948259838
blade_of_olympus_1_v14.png,0,-2.273918425592818,1.5441914130681682
blade_of_olympus_1_v15.png,1,2.8131622950966424,1.708190529354537
blade_of_olympus_1_v16.png,0,-2.0279882904337025,1.4925868986510025
blade_of_olympus_1_v17.png,0,-1.6484240300301352,1.625261052157582
blade_of_olympus_1_v18.png,1,0.22209271387618212,1.5038302821760765
blade_of_olympus_1_v19.png,0,-0.27661905210955107,1.288057322342538
blade_of_olympus_2_v0.png,0,-0.8687527858182396,1.570461628483249
blade_of_olympus_2_v1.png,0,0.22697963431286539,1.493492372165362
blade_of_olympus_2_v2.png,0,0.8180893658532098,1.2798777389823792
blade_of_olympus_2_v3.png,1,3.1291080923218164,1.5326936048209827
blade_of_olympus_2_v4.png,1,-3.0942672846760004,1.7491260737502012
blade_of_olympus_2_v5.png,1,2.717743952082354,1.5770481153543305
blade_of_olympus_2_v6.png,1,-2.490369213525542,1.264643797051446
blade_of_olympus_2_v7.png,0,-0.4837786161062505,1.7831038150565282
blade_of_olympus_2_v8.png,0,-2.5516306971834464,1.6824434477747785
blade_of_olympus_2_v9.png,0,3.1129591720045307,1.6801141103738833
blade_of_olympus_2_v10.png,1,-0.3208864005871135,1.4981381952321322
blade_of_olympus_2_v11.png,1,-1.2736086779822715,1.4512795348782719
blade_of_olympus_2_v12.png,0,2.4719451423222534,1.321609679327912
blade_of_olympus_2_v13.png,0,1.7044619040027649,1.3506126601045327
blade_of_olympus_2_v14.png,1,2.6933167810563954,1.7138990478346867
blade_of_olympus_2_v15.png,0,2.864931530870786,1.301988489878153
blade_of_olympus_2_v16.png,0,-3.000254309202267,1.4913187392496587
blade_of_olympus_2_v17.png,0,0.47163574957966925,1.6157560878200061
blade_of_olympus_2_v18.png,1,2.3327596135978954,1.254480397570581
blade_of_olympus_2_v19.png,0,0.40852523645886296,1.6090196939469803
blade_of_olympus_3_v0.png,1,-2.5968751499569662,1.4247418747560927
blade_of_olympus_3_v1.png,0,2.192358017711383,1.1942398847995523
blade_of_olympus_3_v2.png,0,0.963022575777458,1.5393050604645158
blade_of_olympus_3_v3.png,0,1.0528715216871631,1.5674066581768575
blade_of_olympus_3_v4.png,1,0.6168203542033965,1.2743051021669813
blade_of_olympus_3_v5.png,1,-1.4898138271646886,1.4309990193214204
blade_of_olympus_3_v6.png,0,-1.4778767123113195,1.2532177921266858
blade_of_olympus_3_v7.png,1,-2.9025810746217076,1.3017239510036982
blade_of_olympus_3_v8.png,1,-0.31796793614033225,1.335873226977114
blade_of_olympus_3_v9.png,1,-3.0504574797396407,1.5043120278575062
blade_of_olympus_3_v10.png,1,-0.24463087028092412,1.316767921384294
blade_of_olympus_3_v11.png,0,2.380237682899511,1.4636365353488434
blade_of_olympus_3_v12.png,1,0.3673795460584639,1.5915233796904167
blade_of_olympus_3_v13.png,1,1.2107669687637415,1.4136245205619435
blade_of_olympus_3_v14.png,1,1.2970040509290892,1.3706390991829012
blade_of_olympus_3_v15.png,1,1.7796407209072447,1.535667938312542
blade_of_olympus_3_v16.png,1,0.7758553393783845,1.1697043896069128
blade_of_olympus_3_v17.png,1,-0.767020088245606,1.3186226827675145
blade_of_olympus_3_v18.png,1,-1.3086542986610024,1.391319617367901
blade_of_olympus_3_v19.png,0,-1.7247759818196249,1.3573588226723887
blade_of_olympus_4_v0.png,1,-2.576837129240104,1.6833504687587209
blade_of_olympus_4_v1.png,1,-3.1091300889585756,1.5542605971194712
blade_of_olympus_4_v2.png,1,-0.7101101294326471,1.8208329209051515
blade_of_olympus_4_v3.png,0,1.1041567668403722,1.7181935329470923
blade_of_olympus_4_v4.png,1,2.707541285485456,1.536758408008407
blade_of_olympus_4_v5.png,1,0.5427306084318737,1.5512204913706245
blade_of_olympus_4_v6.png,0,-0.8613350594383729,1.4045004525158882
blade_of_olympus_4_v7.png,0,-1.2939261026516053,1.7551171258144185
blade_of_olympus_4_v8.png,1,1.1569525829961302,1.437738886040043
blade_of_olympus_4_v9.png,1,0.7707144861140753,1.3855922519619333
blade_of_olympus_4_v10.png,0,-3.0723920996086207,1.7307144101235485
blade_of_olympus_4_v11.png,1,-1.1758987111033932,1.628132283113012
blade_of_olympus_4_v12.png,1,1.9259948667386237,1.8345073029571803
blade_of_olympus_4_v13.png,0,0.6513725939806903,1.5967985988378657
blade_of_olympus_4_v14.png,0,-0.05229854867534245,1.511824641256058
blade_of_olympus_4_v15.png,1,0.2616375621543363,1.6717054660565647
blade_of_olympus_4_v16.png,1,1.5871769388982075,1.8078520705739882
blade_of_olympus_4_v17.png,0,-1.0106794262036107,1.5830300133906625
blade_of_olympus_4_v18.png,0,-0.5763006348090007,1.4422917309986725
blade_of_olympus_4_v19.png,1,2.258077925267956,1.6241899457717768
bloodied_cleaver_0_v0.png,1,-0.03605943815412038,1.3722928784255979
bloodied_cleaver_0_v1.png,1,-0.6210554219834896,1.4997507038134663
bloodied_cleaver_0_v2.png,0,1.5918423169333795,1.4952982603504672
bloodied_cleaver_0_v3.png,1,1.0432269787246229,1.4985886714708774
bloodied_cleaver_0_v4.png,1,1.0618261134256284,1.3579532898606193
bloodied_cleaver_0_v5.png,1,2.886375514529021,1.5061369307569075
bloodied_cleaver_0_v6.png,0,0.4514020821378304,1.5042830538489824
bloodied_cleaver_0_v7.png,0,0.37417500113988567,1.5247829824732104
bloodied_cleaver_0_v8.png,0,1.2033024987973984,1.6977911655823574
bloodied_cleaver_0_v9.png,1,2.8487402132902764,1.429006465227728
bloodied_cleaver_0_v10.png,1,1.3472310051469147,1.6182743250965477
bloodied_cleaver_0_v11.png,0,-2.1309384450389617,1.6258337917522696
bloodied_cleaver_0_v12.png,1,0.3409899467735995,1.2986403411366632
bloodied_cleaver_0_v13.png,1,-0.4894190898890196,1.3456526273814768
bloodied_cleaver_0_v14.png,1,0.35388747396755704,1.4015822171532817
bloodied_cleaver_0_v15.png,1,0.5643644380734845,1.6026809759938427
bloodied_cleaver_0_v16.png,0,-1.6215001175047048,1.5147290961887916
bloodied_cleaver_0_v17.png,1,-0.2850119720523283,1.5352207857176476
bloodied_cleaver_0_v18.png,0,0.664717343585562,1.4477886202218126
bloodied_cleaver_0_v19.png,1,2.4284723064727456,1.3390650915752607
bloodied_cleaver_4_v0.png,1,0.49035324837311034,1.41643307244638
bloodied_cleaver_4_v1.png,0,-1.9545641482334934,1.738529927378488
bloodied_cleaver_4_v2.png,1,-2.8178169416737946,1.5965399577266433
bloodied_cleaver_4_v3.png,0,-1.980138251186193,1.6508674100763607
bloodied_cleaver_4_v4.png,0,2.350040286040364,1.4363557199022654
bloodied_cleaver_4_v5.png,0,-1.0125293012921617,1.7131674209525887
bloodied_cleaver_4_v6.png,1,-0.8501399161665129,1.5977005886666185
bloodied_cleaver_4_v7.png,1,2.27123869700599,1.8025464039964112
bloodied_cleaver_4_v8.png,1,2.8921203805724893,1.4771650751683354
bloodied_cleaver_4_v9.png,1,-3.0225654851604915,1.7825882231129515
bloodied_cleaver_4_v10.png,1,-2.296812277708187,1.426789824807752
bloodied_cleaver_4_v11.png,1,-2.524189753881,1.551365259717557
bloodied_cleaver_4_v12.png,1,-1.808505871225293,1.4701649211946757
bloodied_cleaver_4_v13.png,1,2.888649967828821,1.7460330703872435
bloodied_cleaver_4_v14.png,1,2.171492434779169,1.8318144645460674
bloodied_cleaver_4_v15.png,0,2.083520694016441,1.6567052765512802
bloodied_cleaver_4_v16.png,1,0.8105502041436865,1.7331311231471087
bloodied_cleaver_4_v17.png,0,2.435704498613022,1.4998937449525798
bloodied_cleaver_4_v18.png,1,2.756930930063323,1.5772798129286492
bloodied_cleaver_4_v19.png,0,-2.276650957769693,1.7156657534561126
bo_staff_0_v0.png,1,1.8027199389751338,1.6018537742428491
bo_staff_0_v1.png,0,2.722796334921633,1.3308544028764553
bo_staff_0_v2.png,1,-2.0651388044326393,1.3682419349599593
bo_staff_0_v3.png,1,-0.12749100418163828,1.793036642905084
bo_staff_0_v4.png,1,-1.184470564122489,1.404868606558876
bo_staff_0_v5.png,1,-0.854807250178523,1.5226752038385627
bo_staff_0_v6.png,1,1.754179586192298,1.4525876374009994
bo_staff_0_v7.png,0,0.8451209171815671,1.6260475661574452
bo_staff_0_v8.png,0,2.329042071994587,1.3835057185249067
bo_staff_0_v9.png,0,-0.8441602906495924,1.5607308057835148
bo_staff_0_v10.png,0,2.6489026689721085,1.7241774052609815
bo_staff_0_v11.png,1,2.6819782873944864,1.5537879264191037
bo_staff_0_v12.png,1,2.373590931165361,1.3731759075708923
bo_staff_0_v13.png,0,-0.26557009066821824,1.380780340418519
bo_staff_0_v14.png,0,2.540881430796389,1.715897974522459
bo_staff_0_v15.png,1,2.1883420209059983,1.362673825062395
bo_staff_0_v16.png,0,-0.6037331838135439,1.5113696331862383
bo_staff_0_v17.png,0,0.1035870127545504,1.3934596947292468
bo_staff_0_v18.png,1,1.3162386340289816,1.5590117526342635
bo_staff_0_v19.png,0,1.4547984015446174,1.6829317888769209
bo_staff_1_v0.png,1,1.1606811382763453,1.359934157062208
bo_staff_1_v1.png,1,2.537965010469109,1.436345313789015
bo_staff_1_v2.png,1,2.519043177336714,1.8315002951470924
bo_staff_1_v3.png,1,1.820464612147696,1.7703436168137734
bo_staff_1_v4.png,1,0.8460588337632563,1.3763422034877586
bo_staff_1_v5.png,0,-2.7247704631697083,1.3108791519475562
bo_staff_1_v6.png,0,-2.2461912564840967,1.313758395696073
bo_staff_1_v7.png,0,-0.43362557917225947,1.6970297227021587
bo_staff_1_v8.png,1,1.5544317736696747,1.6925157961889732
bo_staff_1_v9.png,0,1.9899823674068458,1.8035615236771354
bo_staff_1_v10.png,1,1.8289078697969252,1.3239953445905304
bo_staff_1_v11.png,1,0.6791508748417684,1.3325039756319499
bo_staff_1_v12.png,0,-1.8617691847091256,1.3109074970918075
bo_staff_1_v13.png,0,-2.213365288028247,1.8550179570266538
bo_staff_1_v14.png,1,0.8113480805347347,1.4951164549048865
bo_staff_1_v15.png,0,0.44134461707288397,1.715729368080483
bo_staff_1_v16.png,1,-0.8916935076820247,1.777437543517872
bo_staff_1_v17.png,0,-2.4393602963243173,1.337355493421629
bo_staff_1_v18.png,0,-1.361203265450412,1.3202092395899712
bo_staff_1_v19.png,0,1.9935245245732216,1.3300500878433257
bo_staff_2_v0.png,1,-1.754059766104231,1.6541554065222372
bo_staff_2_v1.png,0,1.3506574184500708,1.4097087408423534
bo_staff_2_v2.png,1,-1.1781448909048393,1.8023902806598477
bo_staff_2_v3.png,0,-1.0057181803084383,1.471468061529023
bo_staff_2_v4.png,1,2.650759261060336,1.4091002110553261
bo_staff_2_v5.png,1,3.0471277588810572,1.4501071808846422
bo_staff_2_v6.png,0,0.5590086372786296,1.8398421353523131
bo_staff_2_v7.png,1,1.5991968469794384,1.8445022981035473
bo_staff_2_v8.png,1,-0.21725068781882018,1.3613045337623315
bo_staff_2_v9.png,1,-3.0594336156597173,1.8024614227140474
bo_staff_2_v10.png,1,2.480870896868838,1.581888388250236
bo_staff_2_v11.png,1,-2.1467338518048114,1.4172351081110381
bo_staff_2_v12.png,1,2.487255628875851,1.7430510514002833
bo_staff_2_v13.png,0,-1.7536553045413164,1.4690365025886847
bo_staff_2_v14.png,0,0.8772100732467145,1.4197724018530744
bo_staff_2_v15.png,0,0.7054652865407427,1.4084905997364305
bo_staff_2_v16.png,1,2.8898246444082814,1.4545325229499537
bo_staff_2_v17.png,0,-1.156334201756294,1.6175380648721795
bo_staff_2_v18.png,0,3.1257338494279416,1.6474952268773226
bo_staff_2_v19.png,0,-1.574814350259806,1.6277963875802777
bo_staff_3_v0.png,0,2.055026078367354,1.5373540115193995
bo_staff_3_v1.png,0,0.2682858719951904,1.4189590944370924
bo_staff_3_v2.png,0,1.23832575805363,1.6204295193713218
bo_staff_3_v3.png,1,1.737622239365171,1.6292795755906393
bo_staff_3_v4.png,1,0.12162230424553078,1.4202371875071094
bo_staff_3_v5.png,0,-0.18834563751326538,1.4050186842306054
bo_staff_3_v6.png,0,0.16459623699495407,1.6352985358105854
bo_staff_3_v7.png,1,2.655118277666639,1.7948587173096122
bo_staff_3_v8.png,0,1.5334012477777648,1.8731620064643422
bo_staff_3_v9.png,0,-1.111787178278691,1.4291078616763173
bo_staff_3_v10.png,0,-2.9517386709971705,1.972147207069673
bo_staff_3_v11.png,0,0.10946951735444799,1.8486457746893843
bo_staff_3_v12.png,1,-0.3222264235077896,1.459917504551296
bo_staff_3_v13.png,0,1.1759602574228756,1.42716187832115
bo_staff_3_v14.png,0,2.9854092551446536,1.423902127192954
bo_staff_3_v15.png,0,-1.8470771417084413,1.6033577238455252
bo_staff_3_v16.png,1,0.982819043090768,1.4875940854522984
bo_staff_3_v17.png,1,1.4927398274263999,1.6160240374882746
bo_staff_3_v18.png,0,-0.09907644431794949,1.8814492482215923
bo_staff_3_v19.png,1,-2.7551555669954073,1.9461399942865203
bo_staff_4_v0.png,0,2.404568755931714,1.5163494575043912
bo_staff_4_v1.png,1,0.335076170053102,1.7924693796494295
bo_staff_4_v2.png,0,2.8297782080575695,1.385132623923331
bo_staff_4_v3.png,1,-0.4624773810384007,1.6246100339628695
bo_staff_4_v4.png,0,-0.9599552615101863,1.4477538903721923
bo_staff_4_v5.png,0,1.8988745483182379,1.3108794772350403
bo_staff_4_v6.png,1,-1.679753801037335,1.6691211216713215
bo_staff_4_v7.png,0,-2.310999858715481,1.5464738920062406
bo_staff_4_v8.png,0,0.7441462918405917,1.5741327422779219
bo_staff_4_v9.png,0,-0.9736947450904083,1.3861063539384453
bo_staff_4_v10.png,1,-2.402407178250911,1.5750963060346859
bo_staff_4_v11.png,0,-3.1200092331062184,1.5418553066396696
bo_staff_4_v12.png,1,-1.1173365992196451,1.4550973604156272
bo_staff_4_v13.png,1,-2.929930574682908,1.4741730035720362
bo_staff_4_v14.png,0,0.8119677828294571,1.3561572263993042
bo_staff_4_v15.png,1,-0.3299597932404107,1.418113674997849
bo_staff_4_v16.png,0,-2.8654800578475967,1.7414215367000452
bo_staff_4_v17.png,0,-0.5118966407116645,1.3248243989784294
bo_staff_4_v18.png,0,0.374703215187302,1.5954298648585974
bo_staff_4_v19.png,0,0.1071803888411349,1.756445918814715
celestial_staff_0_v0.png,0,-2.39525398146185,1.288851357914804
celestial_staff_0_v1.png,1,1.002260553371844,1.4922903083011947
celestial_staff_0_v2.png,1,1.753469839430199,1.5602445432985812
celestial_staff_0_v3.png,1,0.11815424668051577,1.5056665268560276
celestial_staff_0_v4.png,1,-0.5049784288692923,1.3500666895225835
celestial_staff_0_v5.png,0,-2.4858294256304743,1.5754047659117612
celestial_staff_0_v6.png,0,2.2332787665620577,1.2775355480683006
celestial_staff_0_v7.png,0,1.8633266608763512,1.5286716574621555
celestial_staff_0_v8.png,0,-2.7238491501752278,1.350308002845532
celestial_staff_0_v9.png,0,-1.5545641949606765,1.6058478605704893
celestial_staff_0_v10.png,0,2.8571521168555596,1.4580534438505952
celestial_staff_0_v11.png,0,2.7604866052512134,1.7032412438418019
celestial_staff_0_v12.png,0,-2.0836905712436775,1.4428548094035036
celestial_staff_0_v13.png,1,-0.6419227568894785,1.5350331470350587
celestial_staff_0_v14.png,1,-0.5085451509783332,1.644631590016618
celestial_staff_0_v15.png,1,1.2067306344984479,1.742364657172328
celestial_staff_0_v16.png,0,-1.524710336829449,1.2698750199450637
celestial_staff_0_v17.png,1,2.0736059479124487,1.4496445146537427
celestial_staff_0_v18.png,0,-1.2918639839661203,1.2898568725746686
celestial_staff_0_v19.png,1,1.7015188360262399,1.782501058130539
celestial_staff_1_v0.png,0,-1.0942268315052859,1.3751836405738425
celestial_staff_1_v1.png,0,1.709072602242468,1.6075384403958555
celestial_staff_1_v2.png,0,-0.6694139666097408,1.2904553772762353
celestial_staff_1_v3.png,1,0.3795007013978762,1.5333486592960288
celestial_staff_1_v4.png,1,1.7341289901075034,1.678499873695481
celestial_staff_1_v5.png,0,1.5713665733001385,1.474648778184065
celestial_staff_1_v6.png,1,-2.6844923896120543,1.4534464465969044
celestial_staff_1_v7.png,1,0.9948182427051524,1.7093103233307
celestial_staff_1_v8.png,0,2.233544787298352,1.5447257962816519
celestial_staff_1_v9.png,1,-2.707957808979686,1.368212891563158
celestial_staff_1_v10.png,0,0.8972979721561261,1.313278523550082
celestial_staff_1_v11.png,1,-2.5617200571470864,1.3854702321740393
celestial_staff_1_v12.png,0,-0.15464629741868874,1.263853460112013
celestial_staff_1_v13.png,1,2.682106049579853,1.7612560203204017
celestial_staff_1_v14.png,1,1.9793953357621608,1.3197084082376114
celestial_staff_1_v15.png,0,-0.7008692325598346,1.7365073000737072
celestial_staff_1_v16.png,1,-1.9194178548180874,1.4247494636731648
celestial_staff_1_v17.png,1,-0.3250403898605427,1.5981154099343633
celestial_staff_1_v18.png,1,0.17046016195955982,1.3723072415225677
celestial_staff_1_v19.png,1,-1.6636251224082348,1.6808089093540752
celestial_staff_2_v0.png,0,1.7713214677805256,1.6958639146336185
celestial_staff_2_v1.png,1,2.7780146004591613,1.4022712243428557
celestial_staff_2_v2.png,1,1.944359828148637,1.782106102914616
celestial_staff_2_v3.png,0,-1.4941969017311119,1.5595839818787083
celestial_staff_2_v4.png,0,1.9319981915513946,1.442063344396506
celestial_staff_2_v5.png,0,3.0348029607857434,1.6959123712768027
celestial_staff_2_v6.png,0,-0.9012508590553161,1.6454462848869733
celestial_staff_2_v7.png,0,0.5119895773729832,1.3845639017442948
celestial_staff_2_v8.png,0,1.7127118813762354,1.6967336088046103
celestial_staff_2_v9.png,0,-1.0894917197316114,1.4202006770674844
celestial_staff_2_v10.png,1,-2.319351138221137,1.312110298991945
celestial_staff_2_v11.png,0,0.49860121575349026,1.7582469095752347
celestial_staff_2_v12.png,0,-0.31003683965633677,1.5619966128390597
celestial_staff_2_v13.png,0,2.121889153215384,1.3947397927886562
celestial_staff_2_v14.png,0,-0.3734280128823224,1.5052869790572405
celestial_staff_2_v15.png,0,-2.7646849878459916,1.5885104128359762
celestial_staff_2_v16.png,1,0.7465438644428823,1.5091172916779954
celestial_staff_2_v17.png,1,-2.4695188971492312,1.5385704954951627
celestial_staff_2_v18.png,0,-1.8916159145009794,1.353423331385442
celestial_staff_2_v19.png,1,1.4944679453448872,1.3789018499150776
celestial_staff_3_v0.png,1,1.8939166383154318,1.7813764061048987
celestial_staff_3_v1.png,1,1.022251823806085,1.8866368935771332
celestial_staff_3_v2.png,1,-2.215043153390682,1.8226993381051486
celestial_staff_3_v3.png,0,-1.232207401090588,1.5828446543208408
celestial_staff_3_v4.png,1,1.3504737840153693,1.7777037990765077
celestial_staff_3_v5.png,0,-0.1412635923258846,1.5041923736262186
celestial_staff_3_v6.png,0,1.7405003581297416,1.4782237390178823
celestial_staff_3_v7.png,0,-2.1333020135449545,1.8794994212358778
celestial_staff_3_v8.png,0,-2.8471750179772837,1.651724590129149
celestial_staff_3_v9.png,0,2.931379299902492,1.4110705304656908
celestial_staff_3_v10.png,1,2.3005938379685285,1.4758108898764106
celestial_staff_3_v11.png,0,-2.460119917213175,1.509578828956272
celestial_staff_3_v12.png,0,2.4137789873084037,1.4048422583863927
celestial_staff_3_v13.png,1,0.6535038895487217,1.7675113660598052
celestial_staff_3_v14.png,1,-0.6663955895090335,1.9197414777366113
celestial_staff_3_v15.png,0,-1.208263924762632,1.4753313352733068
celestial_staff_3_v16.png,0,2.9071558971189253,1.409551204883241
celestial_staff_3_v17.png,0,-0.3607266466326161,1.486362570934875
celestial_staff_3_v18.png,1,-2.2799651930834317,1.4296236745964641
celestial_staff_3_v19.png,0,-2.28511611490499,1.4895242869529657
celestial_staff_4_v0.png,0,2.9674414443290758,1.7732005495465384
celestial_staff_4_v1.png,1,-1.266728213571551,1.5261833292552727
celestial_staff_4_v2.png,1,0.34048033264855926,1.3930058357952844
celestial_staff_4_v3.png,1,-2.2769330103463727,1.3598791051743884
celestial_staff_4_v4.png,1,-0.656163902993053,1.4210039004057042
celestial_staff_4_v5.png,1,1.6049178497722674,1.4856224459613798
celestial_staff_4_v6.png,1,-0.795201646244064,1.7515019543398067
celestial_staff_4_v7.png,0,2.036236796526338,1.5553703203244214
celestial_staff_4_v8.png,0,2.08314505380266,1.5483018832073767
celestial_staff_4_v9.png,0,-0.20928937693525163,1.7929366609391224
celestial_staff_4_v10.png,0,-0.4102040435261495,1.3788680387295795
celestial_staff_4_v11.png,1,-2.343906678106463,1.8720261969392524
celestial_staff_4_v12.png,0,1.887573975186666,1.446300337338318
celestial_staff_4_v13.png,0,2.022608467216422,1.3872685506999924
celestial_staff_4_v14.png,0,0.3005457237775844,1.9021393220393814
celestial_staff_4_v15.png,0,0.8823347262529535,1.4560703244866067
celestial_staff_4_v16.png,0,0.6323766606179215,1.6771793100843486
celestial_staff_4_v17.png,0,2.3432111546384364,1.6427083879080173
celestial_staff_4_v18.png,0,-2.749277705424717,1.815585763611844
celestial_staff_4_v19.png,0,0.21712096760431632,1.5295149211253116
chaos_blade_0_v0.png,0,1.3697986544605536,1.4321188849132664
chaos_blade_0_v1.png,1,2.185293997597185,1.573051803272979
chaos_blade_0_v2.png,1,0.9364379283905988,1.589982917003336
chaos_blade_0_v3.png,1,-2.0510199384760526,1.4564759389110862
chaos_blade_0_v4.png,0,0.16717605337895414,1.891516862136097
chaos_blade_0_v5.png,0,-2.8809340272154227,1.659968640871032
chaos_blade_0_v6.png,1,-1.095157524681035,1.4085247183656566
chaos_blade_0_v7.png,0,0.17564610892051924,1.401984324362447
chaos_blade_0_v8.png,0,1.9256783970176743,1.9814251978716766
chaos_blade_0_v9.png,0,2.5009008638065477,1.4629745570774966
chaos_blade_0_v10.png,1,1.2875010553467945,1.7472662516474065
chaos_blade_0_v11.png,1,-0.22076246319935233,1.5692681399118271
chaos_blade_0_v12.png,0,2.5363227701378985,1.68810430453344
chaos_blade_0_v13.png,1,-1.0544423766564521,1.6578499509294564
chaos_blade_0_v14.png,0,-1.4369664749975795,1.7169242987333289
chaos_blade_0_v15.png,0,-1.6145076131680711,1.9488568717896237
chaos_blade_0_v16.png,0,1.4413943823495474,1.6066359484683692
chaos_blade_0_v17.png,1,2.473590294360127,1.6336935794765386
chaos_blade_0_v18.png,1,-0.3105313597292163,1.638616511797154
chaos_blade_0_v19.png,1,1.2815274311235845,1.7289301899099447
chaos_blade_1_v0.png,0,-0.5031628145612572,1.8488254114000169
chaos_blade_1_v1.png,1,2.128923566106181,1.9024488020636408
chaos_blade_1_v2.png,1,0.6007396339341555,1.8537866901698352
chaos_blade_1_v3.png,1,-2.6103356263721964,1.6551748374525197
chaos_blade_1_v4.png,1,1.8937767427770895,1.8546603612629267
chaos_blade_1_v5.png,1,0.6333992836163094,1.5029830101319452
chaos_blade_1_v6.png,0,-3.0681066811043913,1.7127841005828521
chaos_blade_1_v7.png,0,2.6818492037597474,1.4079416023952906
chaos_blade_1_v8.png,0,-3.1364419664411245,1.7944386524460891
chaos_blade_1_v9.png,0,0.714682630465876,1.6614785381592072
chaos_blade_1_v10.png,1,-2.8311141366143198,1.3780133168129767
chaos_blade_1_v11.png,0,1.387579003928701,1.4772903663164272
chaos_blade_1_v12.png,0,-2.771665942812943,1.7071630094524808
chaos_blade_1_v13.png,1,1.999131436737716,1.379021817481506
chaos_blade_1_v14.png,0,-2.333625446084622,1.4133631896007035
chaos_blade_1_v15.png,1,1.713642711282024,1.3726232788257324
chaos_blade_1_v16.png,0,1.104920541146978,1.6693996752850173
chaos_blade_1_v17.png,1,0.7463319563741282,1.5498702014516776
chaos_blade_1_v18.png,1,-1.2781389536047145,1.472002470184572
chaos_blade_1_v19.png,1,2.108081916368507,1.503109696746102
chaos_blade_2_v0.png,0,2.0016990762289124,1.538363345134967
chaos_blade_2_v1.png,0,1.2591405251973904,1.8476892593012346
chaos_blade_2_v2.png,1,-2.0135322688580573,1.4988234986106117
chaos_blade_2_v3.png,1,-0.24350294626286795,1.5706623822877332
chaos_blade_2_v4.png,1,3.1078630763072113,1.4782841708222394
chaos_blade_2_v5.png,0,1.5307230804647922,1.676961772623386
chaos_blade_2_v6.png,0,3.0800556244496597,1.3633518392935193
chaos_blade_2_v7.png,1,-2.4562778910102607,1.4440991648397554
chaos_blade_2_v8.png,0,0.25879945701277185,1.503688200346019
chaos_blade_2_v9.png,1,-3.031846891549553,1.3386913298019412
chaos_blade_2_v10.png,1,2.3062624577538764,1.3040070837761497
chaos_blade_2_v11.png,0,0.4014779111928404,1.5598468497797615
chaos_blade_2_v12.png,1,1.982533102801726,1.3393996756939803
chaos_blade_2_v13.png,0,1.2771826307181873,1.4250868382232622
chaos_blade_2_v14.png,1,1.068790125624009,1.8017474604472399
chaos_blade_2_v15.png,1,-2.029119600624554,1.4383917487935438
chaos_blade_2_v16.png,0,2.89789114902872,1.3737815426993158
chaos_blade_2_v17.png,1,-1.9349218952363643,1.5511527773926803
chaos_blade_2_v18.png,1,2.762227494963442,1.3323204304839384
chaos_blade_2_v19.png,1,-0.5305961123895475,1.6189140972649008
chaos_blade_3_v0.png,0,-2.39120477533653,1.6474395814127045
chaos_blade_3_v1.png,1,3.012725999592879,1.7743000492766567
chaos_blade_3_v2.png,1,-2.0882866119340537,1.533164411212585
chaos_blade_3_v3.png,0,-2.8462679693516657,1.8831041787659895
chaos_blade_3_v4.png,0,0.7890217375590249,1.4547872931681582
chaos_blade_3_v5.png,0,-0.6858775842485385,1.5041399613141246
chaos_blade_3_v6.png,1,-3.1402913611180057,1.8640659963459043
chaos_blade_3_v7.png,0,2.61157868259223,1.9027571082199177
chaos_blade_3_v8.png,1,-2.676840784651894,1.6782379283527402
chaos_blade_3_v9.png,1,-1.1656004352406928,1.4545351210014341
chaos_blade_3_v10.png,0,2.364524862446466,1.400981139443509
chaos_blade_3_v11.png,1,-0.9479049585438268,1.465752863137533
chaos_blade_3_v12.png,0,-0.6748132022289037,1.6547392816680795
chaos_blade_3_v13.png,0,2.613127999320263,1.5014923186354299
chaos_blade_3_v14.png,1,0.15323053028945033,1.3801474813437118
chaos_blade_3_v15.png,1,-2.578491548546158,1.7839776398425775
chaos_blade_3_v16.png,0,1.0984865810972302,1.4848258050433778
chaos_blade_3_v17.png,0,-2.4007091175009547,1.3915549626666122
chaos_blade_3_v18.png,1,2.854919228237662,1.5172166870150963
chaos_blade_3_v19.png,1,-1.690349756826354,1.3847129496204775
chaos_blade_4_v0.png,1,0.3358261392454156,1.7174579485842603
chaos_blade_4_v1.png,1,2.685634058978555,1.5197036708866574
chaos_blade_4_v2.png,1,2.593664732182883,1.6033694880120577
chaos_blade_4_v3.png,1,1.8386060748816209,1.6332815098155804
chaos_blade_4_v4.png,1,2.37656493330335,1.3113420255312191
chaos_blade_4_v5.png,0,1.5575538545397984,1.4453374820112095
chaos_blade_4_v6.png,1,-0.5415998013500749,1.7712650727608943
chaos_blade_4_v7.png,0,-0.5549576397872187,1.5336209243005308
chaos_blade_4_v8.png,1,-1.385206072508761,1.7505590712396282
chaos_blade_4_v9.png,0,0.15487754352102767,1.599329452255032
chaos_blade_4_v10.png,0,1.4350007949397705,1.3536473631106836
chaos_blade_4_v11.png,1,1.5867387377828408,1.5249529972080922
chaos_blade_4_v12.png,1,0.9524103136628188,1.3567650098180621
chaos_blade_4_v13.png,1,-1.6106700877020348,1.4963136504741206
chaos_blade_4_v14.png,0,-2.820390709468979,1.3415947066968748
chaos_blade_4_v15.png,0,-3.0072677866783226,1.3460171812453818
chaos_blade_4_v16.png,0,1.9069880000788897,1.4579774981882638
chaos_blade_4_v17.png,1,2.087633551463711,1.3164600657338432
chaos_blade_4_v18.png,0,0.8486332396820597,1.6236104759514853
chaos_blade_4_v19.png,1,-2.46840335984039,1.3678072159041288
charge_blade_0_v0.png,1,2.420199273567587,1.182648306358105
charge_blade_0_v1.png,0,2.594606982257186,1.2300583624389678
charge_blade_0_v2.png,0,2.3056768517514508,1.3464951882429528
charge_blade_0_v3.png,0,2.0886449059502223,1.1593864002865353
charge_blade_0_v4.png,1,-2.464912969861118,1.2271486805099636
charge_blade_0_v5.png,1,-2.50876649831936,1.2061673167453495
charge_blade_0_v6.png,1,1.5149763024243044,1.3660249909217355
charge_blade_0_v7.png,0,-2.795878348206047,1.0051709273734386
charge_blade_0_v8.png,0,2.664235616538892,1.2075961312665253
charge_blade_0_v9.png,1,2.383920673377012,1.000449931777956
charge_blade_0_v10.png,0,0.4734406502933913,1.289417764939317
charge_blade_0_v11.png,1,0.40108281959674924,1.0626865822239542
charge_blade_0_v12.png,0,0.9440664113492874,1.060397327746073
charge_blade_0_v13.png,0,-0.23574765193433742,1.0946792246285098
charge_blade_0_v14.png,1,-2.0149200739882014,1.2663906218578744
charge_blade_0_v15.png,1,2.9275504106588337,1.0117627233889177
charge_blade_0_v16.png,1,-0.007915741062282045,1.164111303056933
charge_blade_0_v17.png,0,-1.3558876198023864,1.1875630698268795
charge_blade_0_v18.png,1,3.060669664658724,1.1722394665551723
charge_blade_0_v19.png,0,0.5547129275862182,1.3367995787294373
charge_blade_1_v0.png,0,-2.5294351343015653,1.385520599283429
charge_blade_1_v1.png,0,-1.5639836897493407,1.426302346182517
charge_blade_1_v2.png,1,-2.9576045593356577,1.5362695302849718
charge_blade_1_v3.png,0,-1.5277881685241024,1.7016361044188792
charge_blade_1_v4.png,0,0.6436168412447199,1.3707757544686188
charge_blade_1_v5.png,0,-2.0579524256548165,1.8079422493707633
charge_blade_1_v6.png,0,-1.878336126103644,1.6285012041636335
charge_blade_1_v7.png,0,-0.21673150514041817,1.5391716630890067
charge_blade_1_v8.png,1,-1.3335696371841461,1.6465636809776385
charge_blade_1_v9.png,1,-0.9616463768464918,1.9046124376289761
charge_blade_1_v10.png,0,-0.13749689391516462,1.512782957327406
charge_blade_1_v11.png,1,-3.026827299213763,1.5085076636296806
charge_blade_1_v12.png,1,-2.137919301140472,1.5404290297700993
charge_blade_1_v13.png,1,-0.054585707694355445,1.6298652466655692
charge_blade_1_v14.png,0,2.6532825683141508,1.708375704082792
charge_blade_1_v15.png,0,-1.8973811982407378,1.8568212815164276
charge_blade_1_v16.png,1,0.583721823407563,1.637797629142715
charge_blade_1_v17.png,1,0.8160951616797989,1.4038866258965081
charge_blade_1_v18.png,1,1.691357928365981,1.4242741155513308
charge_blade_1_v19.png,1,1.0327979554275217,1.6428334937007953
charge_blade_2_v0.png,1,2.3249184795754574,1.1340499368979053
charge_blade_2_v1.png,0,-0.9130049033512759,1.1268523352434185
charge_blade_2_v2.png,1,2.6252863961992334,1.1977584152554905
charge_blade_2_v3.png,1,-0.824749822132973,1.070510176707691
charge_blade_2_v4.png,0,-1.044036717098768,1.2039714171789726
charge_blade_2_v5.png,1,-2.596075706957774,1.098395937206529
charge_blade_2_v6.png,1,2.7569180885569473,1.0652966896833866
charge_blade_2_v7.png,1,3.039609600069186,1.1767222103399848
charge_blade_2_v8.png,1,-2.5695356885695806,1.2148568576384349
charge_blade_2_v9.png,1,-2.977272679445715,1.3079207030597184
charge_blade_2_v10.png,0,2.719827763794278,1.351425481630424
charge_blade_2_v11.png,1,-1.0786155169899225,1.3835162755951642
charge_blade_2_v12.png,1,-0.4543003495129483,1.1999912361276452
charge_blade_2_v13.png,1,0.5106133165486468,1.222994138277272
charge_blade_2_v14.png,1,0.609908124705413,1.0478971170565259
charge_blade_2_v15.png,1,-0.4839048407778761,1.1804209564691255
charge_blade_2_v16.png,0,2.2697868494936495,1.0956083000461183
charge_blade_2_v17.png,1,2.365025828929051,1.0199154220724722
charge_blade_2_v18.png,0,-1.7170874137753191,1.136294673925589
charge_blade_2_v19.png,1,0.8914276609258505,1.1505229989870933
charge_blade_3_v0.png,0,3.0846821878840887,1.4150354809607883
charge_blade_3_v1.png,0,-0.5176712827200487,1.4276649258859073
charge_blade_3_v2.png,0,1.1200061270053334,1.6799371225776707
charge_blade_3_v3.png,0,2.062128168455072,1.8798226462797896
charge_blade_3_v4.png,1,-0.6606891236688996,1.4866289517969393
charge_blade_3_v5.png,1,-0.8840633292225384,1.6019586986104375
charge_blade_3_v6.png,1,-1.7912455511035645,1.4165196249670249
charge_blade_3_v7.png,0,3.068896030244486,1.5532462665988402
charge_blade_3_v8.png,1,2.795503047308846,1.4762270390115886
charge_blade_3_v9.png,0,-0.7822523834651953,1.4189415400178178
charge_blade_3_v10.png,0,0.519209315176383,1.658433273614623
charge_blade_3_v11.png,1,1.6591311400940632,1.6876441009861756
charge_blade_3_v12.png,1,1.3731652558133536,1.6218411088757583
charge_blade_3_v13.png,1,1.3562315228903723,1.6090302171432702
charge_blade_3_v14.png,1,-1.6142629195728269,1.9122404952851735
charge_blade_3_v15.png,1,1.1581184894628402,1.3795907874118982
charge_blade_3_v16.png,1,1.4672594717779353,1.371201906681563
charge_blade_3_v17.png,1,1.9734301941945989,1.4761902543648553
charge_blade_3_v18.png,0,2.3881942507332723,1.4355122465537262
charge_blade_3_v19.png,0,-1.8772939690117303,1.5410545351813276
charge_blade_4_v0.png,1,0.08474707856333064,1.3222972292289965
charge_blade_4_v1.png,0,-2.417236595930098,1.1867424055033573
charge_blade_4_v2.png,0,-0.69743592972514,1.5996257594277699
charge_blade_4_v3.png,1,-3.0798151171119184,1.5195020548365934
charge_blade_4_v4.png,1,-1.6981221654463958,1.1664484022696857
charge_blade_4_v5.png,1,-1.7706014411686795,1.4162473495526386
charge_blade_4_v6.png,0,1.129244959749878,1.4594946522925574
charge_blade_4_v7.png,1,-1.6015328860084317,1.2218035495566832
charge_blade_4_v8.png,0,-2.9956939795373323,1.2278513707947323
charge_blade_4_v9.png,0,0.8539435727290976,1.5187692306433922
charge_blade_4_v10.png,0,-3.1355989005577465,1.5560464908530574
charge_blade_4_v11.png,1,-2.9265789889286697,1.2015621470599898
charge_blade_4_v12.png,0,2.647983464864515,1.512641273256522
charge_blade_4_v13.png,0,1.4180119304254712,1.162104439871065
charge_blade_4_v14.png,1,-1.7994565503402153,1.5445750171711279
charge_blade_4_v15.png,1,1.361107348395897,1.3764025450527633
charge_blade_4_v16.png,1,-0.7567680649937949,1.607584812965201
charge_blade_4_v17.png,1,-2.9416229693896274,1.1808754172907079
charge_blade_4_v18.png,1,1.3476579243797513,1.3131406214539545
charge_blade_4_v19.png,1,-0.10446241595000139,1.215862175352539
chisel_0_v0.png,1,-2.073213327030298,1.5769756230314043
chisel_0_v1.png,1,-2.3311757426213195,1.8213580488577017
chisel_0_v2.png,0,-2.9149149581919085,1.4537806854292101
chisel_0_v3.png,0,-1.342692151784485,1.4807757579925749
chisel_0_v4.png,1,-2.706494461616172,1.5177589329303915
chisel_0_v5.png,1,-0.2038582272722067,1.8745763676409886
chisel_0_v6.png,0,-2.0166002914765784,1.87144527802854
chisel_0_v7.png,0,-0.8459752873968132,1.699523954406739
chisel_0_v8.png,1,-2.994715564796826,1.5854870420300453
chisel_0_v9.png,1,0.2510740030146632,1.4504774066095607
chisel_0_v10.png,0,0.9269374166153734,1.4795980919887437
chisel_0_v11.png,1,0.7082217863646689,1.8583877149636296
chisel_0_v12.png,1,1.9907560599015819,1.4482203607562067
chisel_0_v13.png,0,2.7675596051692732,1.6059959622612265
chisel_0_v14.png,1,-0.016198798299637662,1.645098479636452
chisel_0_v15.png,0,-2.7306903380429515,1.8376230309916541
chisel_0_v16.png,0,-2.909771327489762,1.7998394713494188
chisel_0_v17.png,0,0.367700853935808,1.906582535058002
chisel_0_v18.png,0,-3.0459815405819897,1.9346047987064359
chisel_0_v19.png,1,-1.3708607760784508,1.7842656462670536
chisel_1_v0.png,1,-1.664305289617869,1.5162747437365345
chisel_1_v1.png,0,-1.6238302844778012,1.487171577736741
chisel_1_v2.png,1,0.4831844816215689,1.610991511482477
chisel_1_v3.png,0,-0.14314780429842422,1.750576285981089
chisel_1_v4.png,0,1.1255622341092977,1.7317051660860063
chisel_1_v5.png,0,-1.9858995231082393,1.7319219548487141
chisel_1_v6.png,1,-1.928459045540277,1.5104589385219755
chisel_1_v7.png,1,2.644585957567731,1.7747708187119098
chisel_1_v8.png,1,1.0597624900217575,1.9382272203979725
chisel_1_v9.png,0,-2.540773644578386,1.4070185985690113
chisel_1_v10.png,0,2.200948677032292,1.8694855178854037
chisel_1_v11.png,1,-1.459881880370427,1.87091361861587
chisel_1_v12.png,0,-1.7530202052255937,1.9997707102771585
chisel_1_v13.png,0,-0.8040667495894089,1.6166448694510924
chisel_1_v14.png,0,2.9015670457471696,1.5619334824952018
chisel_1_v15.png,1,-1.1292030787859062,1.6498845387387904
chisel_1_v16.png,1,-3.0428839541416717,1.511460877636585
chisel_1_v17.png,1,-2.932530964108899,1.6687314105200697
chisel_1_v18.png,0,1.327313310507554,1.5657958895404058
chisel_1_v19.png,0,2.4854579339163605,1.9003053964823335
chisel_2_v0.png,0,2.624608681487461,1.8644925523619518
chisel_2_v1.png,1,-0.45851237348422114,1.6650620104792297
chisel_2_v2.png,0,2.8395870811941846,1.9527004712523885
chisel_2_v3.png,1,-1.268525130737567,1.527381197203748
chisel_2_v4.png,0,-3.0550080557604966,1.4556058711958395
chisel_2_v5.png,0,2.046002230952192,1.570347881025148
chisel_2_v6.png,0,-0.25313827030550007,1.4114530844251862
chisel_2_v7.png,1,-1.3461432600419343,1.7074854057317712
chisel_2_v8.png,1,-1.063072989275879,1.6149992910212199
chisel_2_v9.png,0,-2.163340615404416,1.5061122913031353
chisel_2_v10.png,0,-2.1190960675374626,1.6848947359397028
chisel_2_v11.png,1,2.6238911190787757,1.5026314710962314
chisel_2_v12.png,1,-1.4603944935977609,1.8291868715094104
chisel_2_v13.png,0,-2.62381536915313,1.7983704367799291
chisel_2_v14.png,1,2.576251346825456,1.7798600771533821
chisel_2_v15.png,0,1.7381547966380924,1.7797714257983852
chisel_2_v16.png,0,-2.3188615676978195,1.9400345336831422
chisel_2_v17.png,1,-0.10414386962887168,1.7966641089084954
chisel_2_v18.png,0,2.3770639782771013,1.712790107759715
chisel_2_v19.png,1,-1.0300816123664447,1.5082804202362334
chisel_3_v0.png,0,2.092545957017803,1.6407563331969415
chisel_3_v1.png,1,-0.3912454471498146,1.46793263402889
chisel_3_v2.png,1,-0.9498928387607837,1.4277248151130093
chisel_3_v3.png,1,0.9777092321637366,1.5516126553997214
chisel_3_v4.png,0,-1.06660144127245,1.4310716934496677
chisel_3_v5.png,1,2.7918739838106283,1.4941918313524245
chisel_3_v6.png,1,-1.5702773414207005,1.7432699279717028
chisel_3_v7.png,1,1.2199140479877153,1.5176600261434596
chisel_3_v8.png,1,2.954909086207327,1.4227242429985696
chisel_3_v9.png,0,-2.1822673655081237,1.881078288766972
chisel_3_v10.png,0,2.104794115303186,1.5883925771805218
chisel_3_v11.png,0,-1.9180694759940407,1.7643212803342658
chisel_3_v12.png,1,2.9728392257256964,1.431449847542876
chisel_3_v13.png,0,0.026571082533096924,1.4220761577845742
chisel_3_v14.png,1,1.8177943534438143,1.624482922824428
chisel_3_v15.png,1,-2.3647435344661885,1.423636247028347
chisel_3_v16.png,1,-0.7254184119386298,1.3608559058082035
chisel_3_v17.png,0,-1.0229407064634888,1.453432821125676
chisel_3_v18.png,0,0.09296790620855377,1.427542880285686
chisel_3_v19.png,1,-0.6552941287839467,1.651888457241321
chisel_4_v0.png,1,-0.6375503044448965,1.4137528260423788
chisel_4_v1.png,1,-0.35005054363638743,1.7999858501520611
chisel_4_v2.png,1,-0.4599840373444093,1.5463364928430157
chisel_4_v3.png,1,1.1507087244970688,1.3929070837997144
chisel_4_v4.png,0,1.586735860931804,1.8200151278487748
chisel_4_v5.png,1,-0.6085651476627527,1.4638366943662018
chisel_4_v6.png,0,-3.037003242541779,1.482931782143065
chisel_4_v7.png,1,-1.6719519223847454,1.5921648186971642
chisel_4_v8.png,1,-2.2600322943007445,1.6383686509314035
chisel_4_v9.png,0,0.31454604768185823,1.59188536239981
chisel_4_v10.png,1,1.5282468215792755,1.30436648813507
chisel_4_v11.png,0,-2.987871855490769,1.7761421104461987
chisel_4_v12.png,1,1.811859625501981,1.319365223241177
chisel_4_v13.png,1,1.2903603378955573,1.6708343794054799
chisel_4_v14.png,1,-3.0608630147704923,1.6242343154576666
chisel_4_v15.png,1,3.0258545228300373,1.8347866377606832
chisel_4_v16.png,1,2.991210723941229,1.3118181860439417
chisel_4_v17.png,0,-1.544300923143398,1.7445554109377093
chisel_4_v18.png,1,-1.869864685970887,1.5131103240936046
chisel_4_v19.png,1,2.5348923878097245,1.477125905406168
claymore_0_v0.png,0,1.5438768989648715,1.6957325817394968
claymore_0_v1.png,1,-1.1651547537621223,1.8143388923279569
claymore_0_v2.png,0,2.2727770117148642,1.4275297389784196
claymore_0_v3.png,1,-2.364618444046992,1.8331735964426172
claymore_0_v4.png,1,2.8632165309456314,1.561049119608527
claymore_0_v5.png,0,-1.6728860253584177,1.9386884624496046
claymore_0_v6.png,0,0.53016290397246,1.4616287299191986
claymore_0_v7.png,0,1.0617844150904727,1.4555996267558666
claymore_0_v8.png,1,-2.830910324080638,1.4932887600623577
claymore_0_v9.png,0,-2.442054833119483,1.4400318257968363
claymore_0_v10.png,0,1.6345193311848596,1.9909657940766623
claymore_0_v11.png,1,0.46283228042975555,1.8723461649410047
claymore_0_v12.png,0,-1.6486255502851268,1.8572384116911482
claymore_0_v13.png,1,-1.5789487223615124,1.6254669822440366
claymore_0_v14.png,0,-2.380285157291768,1.5335296940536622
claymore_0_v15.png,1,2.759015540578397,1.5173222593116003
claymore_0_v16.png,0,3.083116859669224,1.778591017666143
claymore_0_v17.png,0,0.2592957630506061,1.979346217022885
claymore_0_v18.png,0,-2.744134767448757,1.6499009071776944
claymore_0_v19.png,1,-1.7185198782801745,1.8084612842669412
claymore_1_v0.png,1,-1.2532101433913887,1.5679164582725698
claymore_1_v1.png,1,-2.5885631481162674,1.5380672796776589
claymore_1_v2.png,0,-0.39883395371041175,1.3719719474776921
claymore_1_v3.png,1,-3.129878290353217,1.6739399658822698
claymore_1_v4.png,1,-1.4350270786181092,1.7546449951107121
claymore_1_v5.png,0,-3.064974779866125,1.420775662425062
claymore_1_v6.png,0,0.6510950610578685,1.8235846793454358
claymore_1_v7.png,0,-2.1796034258529495,1.5249605643877941
claymore_1_v8.png,1,0.698893099466283,1.4926546196569437
claymore_1_v9.png,1,0.30287395860997,1.8333889552345666
claymore_1_v10.png,1,1.755591200940788,1.500138403088412
claymore_1_v11.png,0,1.677715551898261,1.4302466177103683
claymore_1_v12.png,0,-3.1130818517749397,1.767284907700456
claymore_1_v13.png,0,-0.4047563472623028,1.4422842756114571
claymore_1_v14.png,1,2.2826140243363837,1.6380236355718605
claymore_1_v15.png,0,-0.9656132882646453,1.4181878824747443
claymore_1_v16.png,1,-2.0603246301013973,1.8278669113002868
claymore_1_v17.png,0,2.8362335772558147,1.5790809900938731
claymore_1_v18.png,1,1.6045913492203154,1.5302000945568777
claymore_1_v19.png,0,2.028759082491111,1.8551371113542878
claymore_2_v0.png,1,-3.009262762901055,1.5797822831370776
claymore_2_v1.png,0,-3.0983995872624974,1.621089809752329
claymore_2_v2.png,1,1.704952106778527,1.4082859449782903
claymore_2_v3.png,0,0.12469210493800986,1.3922629543391052
claymore_2_v4.png,1,-1.664135885461075,1.4614587429151698
claymore_2_v5.png,0,-2.253572830569362,1.3076653793611852
claymore_2_v6.png,0,0.2743144024327475,1.6199944446318286
claymore_2_v7.png,1,1.121202903499094,1.5032001308171767
claymore_2_v8.png,1,0.8072838540670881,1.4486606036248428
claymore_2_v9.png,1,-1.5180432664254884,1.4553691985534047
claymore_2_v10.png,0,-0.0511380157727257,1.5636516536067953
claymore_2_v11.png,1,2.3187433303409506,1.3465535861172608
claymore_2_v12.png,1,-0.5811181488155892,1.5462143503194494
claymore_2_v13.png,1,2.3495698811105217,1.4510441280047155
claymore_2_v14.png,0,1.1820723037406702,1.6109834656463877
claymore_2_v15.png,0,1.338454384569636,1.5733413509425223
claymore_2_v16.png,0,2.4325459300437644,1.536705858267589
claymore_2_v17.png,1,-2.0995875923053493,1.566599630047053
claymore_2_v18.png,1,-2.159302535825601,1.6603425332916533
claymore_2_v19.png,1,-2.313608921455365,1.4304336321569964
claymore_3_v0.png,1,0.7428424672280307,1.5405001082305563
claymore_3_v1.png,1,0.9110634065974736,1.8601992299440298
claymore_3_v2.png,1,-0.5095341572699503,1.512997552052556
claymore_3_v3.png,0,0.0756986464733802,1.440079399438395
claymore_3_v4.png,1,1.5866317496080735,1.7850897698161106
claymore_3_v5.png,0,2.112166437994542,1.8369758216279692
claymore_3_v6.png,0,-0.6004177358269014,1.6393992081410556
claymore_3_v7.png,1,-2.7714929231704017,1.4036545479637843
claymore_3_v8.png,1,1.1595562145632008,1.4080936948273155
claymore_3_v9.png,0,-2.9897343483491254,1.709544518120131
claymore_3_v10.png,1,0.23778266858227948,1.4022546419775044
claymore_3_v11.png,0,-1.1647138642011088,1.7593789360926109
claymore_3_v12.png,1,-0.5808160942713743,1.6506466212976252
claymore_3_v13.png,1,0.9366024796043262,1.474888134967978
claymore_3_v14.png,0,-2.3799267710738987,1.5782400860788803
claymore_3_v15.png,1,-0.18008172256001842,1.5174747635598973
claymore_3_v16.png,1,2.975446391439851,1.6239294909206274
claymore_3_v17.png,1,-2.163292884439155,1.829176349854043
claymore_3_v18.png,1,2.5515594611781105,1.5305398176553056
claymore_3_v19.png,1,2.293888539658489,1.9661537950064925
claymore_4_v0.png,1,-1.93159255558432,1.5018062946702386
claymore_4_v1.png,0,0.348012665173552,1.503454630785818
claymore_4_v2.png,0,0.5517474708729646,1.6719638575140277
claymore_4_v3.png,0,2.6666840387622237,1.4967452948707585
claymore_4_v4.png,0,0.009513379343760509,1.8805663278876632
claymore_4_v5.png,1,-2.3358629084499625,1.8849811359879938
claymore_4_v6.png,1,-0.3456428149505495,1.7788345401361507
claymore_4_v7.png,1,-2.164951673419946,1.9871841457741506
claymore_4_v8.png,1,0.0048187464503506305,1.5823176477576015
claymore_4_v9.png,0,-1.5101462434546047,1.787622890263312
claymore_4_v10.png,1,-2.713924248778664,1.5830081809729275
claymore_4_v11.png,1,2.292488490071232,1.7983849813244626
claymore_4_v12.png,1,1.9390587398156292,1.8468584654901534
claymore_4_v13.png,1,-1.664936701581869,1.4807088277381724
claymore_4_v14.png,0,-0.6239276162038214,1.4710581598727808
claymore_4_v15.png,0,1.1614761266482099,1.4861339860776166
claymore_4_v16.png,1,-0.0441496804378656,1.8722100678530562
claymore_4_v17.png,1,-2.2345658428647353,1.683600026504956
claymore_4_v18.png,1,1.7801956243552766,1.9180045685488916
claymore_4_v19.png,0,2.2983003897300716,1.6961254664883803
crowbar_0_v0.png,0,2.384262726669993,1.4962423296415865
crowbar_0_v1.png,1,-0.5194796164064359,1.096161765986224
crowbar_0_v2.png,1,1.5873416976080532,1.3879373335931577
crowbar_0_v3.png,0,0.3852459667514221,1.1548481573937517
crowbar_0_v4.png,0,-2.8793310739805342,1.0805135000500579
crowbar_0_v5.png,0,-1.5724136275168454,1.0778248382964866
crowbar_0_v6.png,0,-0.5569435648703082,1.4847363888390246
crowbar_0_v7.png,1,-2.411550621216252,1.3265367995580082
crowbar_0_v8.png,1,-3.118266314074864,1.2386641208895766
crowbar_0_v9.png,0,-2.1218771230610622,1.4429531442415646
crowbar_0_v10.png,0,-2.197895988247739,1.2529985272890152
crowbar_0_v11.png,1,-3.1276606372862403,1.1252914295738725
crowbar_0_v12.png,0,-0.7214749074520822,1.0555247977810325
crowbar_0_v13.png,0,2.389101810889124,1.1258933602484424
crowbar_0_v14.png,0,-1.9053313126109162,1.2615903152980315
crowbar_0_v15.png,0,-1.8890382037494802,1.1181846520978846
crowbar_0_v16.png,0,2.6144920832332277,1.0659468948766337
crowbar_0_v17.png,1,0.42140144140715274,1.1740854036408552
crowbar_0_v18.png,1,2.0251930641600024,1.3320236276022708
crowbar_0_v19.png,1,-1.7499416631578755,1.4349499021862917
crowbar_1_v0.png,1,-2.9154478046173384,1.8868274927865403
crowbar_1_v1.png,1,-2.507963425391974,1.4742598318453175
crowbar_1_v2.png,0,-2.8610343298395975,1.49871209818607
crowbar_1_v3.png,0,-0.061850104003466244,1.548905009305509
crowbar_1_v4.png,0,-0.6077216670174815,1.8276199796747394
crowbar_1_v5.png,1,-2.4276995165114226,1.6257627391529401
crowbar_1_v6.png,1,-1.8505666524871327,1.3714594077841955
crowbar_1_v7.png,1,-2.239401679034681,1.6729899043519818
crowbar_1_v8.png,0,-0.9393781040997746,1.587100783834282
crowbar_1_v9.png,0,-2.751218549924449,1.5065758069459694
crowbar_1_v10.png,0,0.4804562597339912,1.5834162921538386
crowbar_1_v11.png,0,0.9131843039092955,1.765388403928858
crowbar_1_v12.png,1,1.6328650737979291,1.5704398457466546
crowbar_1_v13.png,0,1.5655402281906794,1.525951025529643
crowbar_1_v14.png,0,2.49190757047682,1.4610390983241226
crowbar_1_v15.png,0,-1.6240470803823945,1.4377904894629272
crowbar_1_v16.png,1,-2.2371045474569833,1.6925492250194745
crowbar_1_v17.png,0,0.4976743240375425,1.7090471203885822
crowbar_1_v18.png,1,-1.293622132612009,1.6104402763562693
crowbar_1_v19.png,0,1.8724334986757014,1.8925195552994778
crowbar_2_v0.png,0,-3.048393382595716,1.752284751584914
crowbar_2_v1.png,0,1.083210946827252,1.6957655922113075
crowbar_2_v2.png,0,2.1824607005478103,2.0680375184422295
crowbar_2_v3.png,1,-2.147558760340641,1.9466460825087955
crowbar_2_v4.png,0,0.22492524880793863,1.5206821408840199
crowbar_2_v5.png,1,-2.686708638841975,1.6736605180283244
crowbar_2_v6.png,1,1.5681376203645088,1.799992249495225
crowbar_2_v7.png,1,-0.8032484392710183,1.8387508296823907
crowbar_2_v8.png,0,2.030819161546945,1.7765355017695428
crowbar_2_v9.png,1,-1.9114875764431587,1.5692917356331282
crowbar_2_v10.png,0,-2.121255664104168,1.5748607076306258
crowbar_2_v11.png,1,-1.6794180032391393,1.6060577610905924
crowbar_2_v12.png,0,-1.8383821111743943,2.060303433062558
crowbar_2_v13.png,0,-1.7110681541828496,1.6146496310880991
crowbar_2_v14.png,1,-0.010169772000175437,1.6892912258485493
crowbar_2_v15.png,0,2.149987688667839,1.6426991016970116
crowbar_2_v16.png,1,0.7980625807266212,2.092233319981981
crowbar_2_v17.png,1,-1.4899486732276905,2.1334515865483734
crowbar_2_v18.png,0,-2.1052969117202314,1.5230343900363925
crowbar_2_v19.png,0,1.0527200349393029,2.1239147209490388
crowbar_3_v0.png,1,1.7928312535247828,1.0547920077835367
crowbar_3_v1.png,0,1.3959882605356164,1.0906353873866308
crowbar_3_v2.png,1,-1.2288825811843234,1.1579943499667227
crowbar_3_v3.png,1,2.780453266209117,1.3968337364521188
crowbar_3_v4.png,0,0.8345281323915731,1.1500848915166462
crowbar_3_v5.png,0,-2.4706264803772084,1.4414169840545816
crowbar_3_v6.png,0,0.7687012831834553,1.133951487864719
crowbar_3_v7.png,1,-1.1257761954803942,1.1423191730751716
crowbar_3_v8.png,0,2.910695989961874,1.2369939885526164
crowbar_3_v9.png,1,-0.8192676560064176,1.2624732816661737
crowbar_3_v10.png,1,-2.7537128035120944,1.314802009307283
crowbar_3_v11.png,0,0.7357739713563319,1.4569070223503824
crowbar_3_v12.png,1,1.5313206131438768,1.1944902991389914
crowbar_3_v13.png,0,-0.43015428083581475,1.2307628478780734
crowbar_3_v14.png,0,-0.4662668924046929,1.2675524379762801
crowbar_3_v15.png,0,1.7917057817135116,1.2643501091267186
crowbar_3_v16.png,1,0.561417253868848,1.4462296293986463
crowbar_3_v17.png,0,-1.6163621878693384,1.4091262856285571
crowbar_3_v18.png,1,-0.3265906445804976,1.0884245808648807
crowbar_3_v19.png,1,-0.19251640820427007,1.1755295460368897
crowbar_4_v0.png,1,-1.8354175780403166,1.4967850400658549
crowbar_4_v1.png,0,2.6601608520621904,1.4206632028708588
crowbar_4_v2.png,0,-1.3566325781172894,1.8238159038736041
crowbar_4_v3.png,0,-1.372996335149411,1.8867553618601167
crowbar_4_v4.png,0,-1.499608020566905,1.4112412530754885
crowbar_4_v5.png,0,2.5585761439558463,1.841856515220601
crowbar_4_v6.png,1,0.29008543042210055,1.7130189227136798
crowbar_4_v7.png,1,-0.8516489734038579,1.6066988798477786
crowbar_4_v8.png,0,-1.1477984777806443,1.7762829728393033
crowbar_4_v9.png,1,0.791921866955811,1.582948514558031
crowbar_4_v10.png,0,2.1140408179270747,1.871877844611906
crowbar_4_v11.png,0,2.2145448663577523,1.5160099877512567
crowbar_4_v12.png,0,-0.5918258733725228,1.8474513400520887
crowbar_4_v13.png,0,-2.3906851932703646,1.5145596198136144
crowbar_4_v14.png,0,0.9270710786318097,1.927181666442508
crowbar_4_v15.png,1,3.054708691819753,1.407771410109501
crowbar_4_v16.png,0,2.357986955458175,1.3852819442926136
crowbar_4_v17.png,0,-0.902702146244927,1.78861418723518
crowbar_4_v18.png,1,-0.7525713581543947,1.4115745227979974
crowbar_4_v19.png,1,1.374079188474899,1.3790948243478454
crystal_wand_0_v0.png,1,-1.259995414150211,1.9047555734656907
crystal_wand_0_v1.png,1,-1.7305148305121452,2.094121983933208
crystal_wand_0_v2.png,0,2.1641277047565763,1.5141189568369597
crystal_wand_0_v3.png,1,2.920236907008106,1.69474607341079
crystal_wand_0_v4.png,1,-0.7536197960528657,2.0286066701078505
crystal_wand_0_v5.png,1,1.7343223698299066,2.008627044698217
crystal_wand_0_v6.png,0,0.6849326984262329,1.7905694324467711
crystal_wand_0_v7.png,1,-0.06419064501275906,1.8442284886985558
crystal_wand_0_v8.png,1,0.6422231538454657,1.803868543310194
crystal_wand_0_v9.png,0,-2.647499603295967,2.1417280455348235
crystal_wand_0_v10.png,1,-0.3504786888725386,2.008050816653082
crystal_wand_0_v11.png,1,2.550355637372337,1.5703953936160866
crystal_wand_0_v12.png,0,-2.0597063559323083,1.5589042899869543
crystal_wand_0_v13.png,1,-1.0333621702586069,1.6095564475162907
crystal_wand_0_v14.png,1,-2.391978852294849,1.5476616251583186
crystal_wand_0_v15.png,0,2.596438981554684,2.071722470514702
crystal_wand_0_v16.png,1,1.555840286640321,1.9610435159464024
crystal_wand_0_v17.png,1,0.21188877019618002,2.087272020249946
crystal_wand_0_v18.png,1,0.061239794628269006,1.5299547522757013
crystal_wand_0_v19.png,0,2.1070386922354754,2.122339764538031
crystal_wand_1_v0.png,1,2.969141035941396,1.7284734000940492
crystal_wand_1_v1.png,1,1.061525561957619,1.4131380632339103
crystal_wand_1_v2.png,0,2.605649169331344,1.7908671984137503
crystal_wand_1_v3.png,0,1.5368430731727167,1.409284253426837
crystal_wand_1_v4.png,1,-2.4286770951555945,1.7866559692785307
crystal_wand_1_v5.png,0,0.19827833014164986,1.3961979721351552
crystal_wand_1_v6.png,1,-3.1346812462394418,1.6295612745667813
crystal_wand_1_v7.png,1,-3.001955156360113,1.5268250112421275
crystal_wand_1_v8.png,0,2.9687368656336703,1.8219216522363566
crystal_wand_1_v9.png,0,2.2161386658657216,1.554778598301915
crystal_wand_1_v10.png,1,0.7863394747529595,1.5020253703991688
crystal_wand_1_v11.png,0,-1.0803328728805028,1.676481397316161
crystal_wand_1_v12.png,0,1.4169840929665363,1.6328239959492987
crystal_wand_1_v13.png,1,-2.9361966417358474,1.7354784804665364
crystal_wand_1_v14.png,0,0.8711368837878399,1.3229372602043914
crystal_wand_1_v15.png,0,-0.1767054221450065,1.3282779836428051
crystal_wand_1_v16.png,1,-1.3863730231870346,1.6334280897703637
crystal_wand_1_v17.png,0,-0.9162885615579461,1.7674360875215225
crystal_wand_1_v18.png,0,-2.187434400496983,1.6143130314641647
crystal_wand_1_v19.png,0,-0.04987161521248373,1.3082799649699457
crystal_wand_2_v0.png,1,-3.0442194095738246,1.777199864218514
crystal_wand_2_v1.png,0,-2.5881651320610093,1.5031798332318047
crystal_wand_2_v2.png,0,2.7816407740095395,1.596764381245188
crystal_wand_2_v3.png,1,1.0004386245809958,1.832437217877858
crystal_wand_2_v4.png,1,-1.2678012875050164,1.9062821903878144
crystal_wand_2_v5.png,1,1.0562449358888213,1.5002644669372123
crystal_wand_2_v6.png,0,-1.4808712932036578,1.5886634301824825
crystal_wand_2_v7.png,1,2.747537664471678,1.5863443414620508
crystal_wand_2_v8.png,0,-2.6709910326828674,1.931927944275702
crystal_wand_2_v9.png,0,-0.32880135635323204,1.9723980782731132
crystal_wand_2_v10.png,1,0.13217779024491527,1.7889701343635558
crystal_wand_2_v11.png,1,-0.9785754953916719,1.6873554105597017
crystal_wand_2_v12.png,0,0.29977044965199995,1.9554997037363335
crystal_wand_2_v13.png,0,0.6249106027251332,1.8106969491662723
crystal_wand_2_v14.png,0,-0.653247518375622,1.6895841347673246
crystal_wand_2_v15.png,0,-2.940349896062976,1.6774292898007843
crystal_wand_2_v16.png,1,1.4022856928856047,1.6744269502370748
crystal_wand_2_v17.png,0,-1.409697057886341,1.786771449797598
crystal_wand_2_v18.png,1,1.5904432425341037,1.6053410162012007
crystal_wand_2_v19.png,1,-0.15395920326000523,1.8586643624477215
crystal_wand_3_v0.png,0,-0.5299366393995306,1.8480390111770648
crystal_wand_3_v1.png,0,-0.6192053179005448,1.8626854928387298
crystal_wand_3_v2.png,1,-1.2256377497901643,1.7895351885396718
crystal_wand_3_v3.png,1,-1.8695141933899961,1.9981941483832764
crystal_wand_3_v4.png,1,-2.0889041012041387,1.733784977112781
crystal_wand_3_v5.png,0,1.5211745045389347,1.9629824009807753
crystal_wand_3_v6.png,1,0.4917994915582551,1.753962781280033
crystal_wand_3_v7.png,0,-2.201000164507077,1.8436516167272299
crystal_wand_3_v8.png,0,-0.8229530602164392,1.4685917175821532
crystal_wand_3_v9.png,0,3.000740144530522,1.4899260913816452
crystal_wand_3_v10.png,1,2.3386944809929577,1.8257826476912706
crystal_wand_3_v11.png,0,2.29589281760503,1.4219087110307913
crystal_wand_3_v12.png,1,-2.638722497912282,1.4967949628814978
crystal_wand_3_v13.png,0,1.8435370358482845,1.4538910766716575
crystal_wand_3_v14.png,1,2.3731094038881375,1.7059471114082907
crystal_wand_3_v15.png,1,-2.984955932766849,1.8385555038321586
crystal_wand_3_v16.png,1,-1.3743230277033116,1.556090088709768
crystal_wand_3_v17.png,0,-1.8765090338109371,1.5065786158108172
crystal_wand_3_v18.png,1,-2.9779457486282164,1.5109864413795466
crystal_wand_3_v19.png,0,1.2443709762678739,1.4896008200779043
crystal_wand_4_v0.png,0,0.22576304550900528,1.7024553298427598
crystal_wand_4_v1.png,0,-2.7719006509141813,1.8335576967986198
crystal_wand_4_v2.png,1,-0.6679340553601691,1.707232375079564
crystal_wand_4_v3.png,1,2.815517965026954,1.4482810697614739
crystal_wand_4_v4.png,1,-1.149834660486336,1.730196196382812
crystal_wand_4_v5.png,1,0.01655002654278037,1.359898085912938
crystal_wand_4_v6.png,1,1.2418460976805865,1.8224287438113798
crystal_wand_4_v7.png,1,-0.6814510519044537,1.5412147952280608
crystal_wand_4_v8.png,0,0.5706474851695952,1.5551500783473342
crystal_wand_4_v9.png,0,3.0844463429938656,1.699427274544624
crystal_wand_4_v10.png,1,-1.768199616311151,1.575059313749257
crystal_wand_4_v11.png,0,-2.6220529502139516,1.6117734650975322
crystal_wand_4_v12.png,0,1.2367174953276354,1.633634809840475
crystal_wand_4_v13.png,0,-2.4663839985942335,1.7341689137602994
crystal_wand_4_v14.png,0,-0.34399550548985086,1.708247560891906
crystal_wand_4_v15.png,1,1.1845244239405583,1.5895231429634529
crystal_wand_4_v16.png,1,1.6814202778777712,1.3224956544141033
crystal_wand_4_v17.png,1,-1.0939610768648214,1.761794554140861
crystal_wand_4_v18.png,1,2.7116308665415523,1.4783953069660123
crystal_wand_4_v19.png,0,-2.0136313629631584,1.5082064550666396
dagger_0_v0.png,1,-1.1427617343613723,1.8038435674083368
dagger_0_v1.png,1,-2.07568015394141,1.5556387244410885
dagger_0_v2.png,0,1.959425944241052,1.3527605300487684
dagger_0_v3.png,1,0.7694838635721704,1.4184205524493607
dagger_0_v4.png,0,1.9021912321175654,1.8151054169887075
dagger_0_v5.png,1,1.6685059640219215,1.4137563278330807
dagger_0_v6.png,0,-2.3846825275491943,1.4083442765681633
dagger_0_v7.png,0,2.8765347512830193,1.7701829168141023
dagger_0_v8.png,1,2.7054285330619248,1.3051202167965372
dagger_0_v9.png,0,0.550789610900658,1.6084275551470992
dagger_0_v10.png,1,1.0528370972929357,1.8087099148870343
dagger_0_v11.png,1,-0.10513136768007847,1.7604472553063035
dagger_0_v12.png,0,1.6974468394441535,1.326710376658672
dagger_0_v13.png,1,-1.1533631120336807,1.3706704435366308
dagger_0_v14.png,1,-0.46344908007425367,1.6016660565590675
dagger_0_v15.png,1,-0.04130566225784982,1.849487175550827
dagger_0_v16.png,0,2.722095579525874,1.811289292503662
dagger_0_v17.png,1,-3.0482629907258962,1.7812109975499406
dagger_0_v18.png,1,-1.0591826974388283,1.3697085264488618
dagger_0_v19.png,0,-2.9355283095645563,1.641230160682605
dagger_1_v0.png,1,0.1901545684498709,1.4969262037045479
dagger_1_v1.png,0,-1.4025689774770855,1.5101309819676982
dagger_1_v2.png,1,2.096095040078101,1.539094239021196
dagger_1_v3.png,0,2.4285981199119298,1.71800028848295
dagger_1_v4.png,0,1.278627756885145,1.3538817216079324
dagger_1_v5.png,0,-0.9774351059373481,1.567990089904256
dagger_1_v6.png,1,-3.0171111206813137,1.3886159912128224
dagger_1_v7.png,1,0.8044757592827869,1.4693880232581258
dagger_1_v8.png,0,3.0087983767111313,1.7091620289472576
dagger_1_v9.png,0,-2.7141133034780047,1.4751279858450574
dagger_1_v10.png,1,0.6815478562876285,1.508290049622112
dagger_1_v11.png,1,1.2157906688985625,1.4184565726652651
dagger_1_v12.png,1,0.7816197085140164,1.7907385776736946
dagger_1_v13.png,0,-2.0462688498009505,1.5753285931054442
dagger_1_v14.png,0,-1.7393238544206473,1.6640308293610317
dagger_1_v15.png,0,-1.798118437891031,1.846647262926319
dagger_1_v16.png,0,-0.6072738224927114,1.3489541398394067
dagger_1_v17.png,1,-1.8254178937521042,1.6958848106942401
dagger_1_v18.png,1,-0.011454497617057413,1.3090951777243525
dagger_1_v19.png,0,2.550103884224891,1.424175955553551
dagger_2_v0.png,1,-1.4277989154285837,1.7185732646427352
dagger_2_v1.png,1,1.8865210312968665,1.840083421546844
dagger_2_v2.png,1,2.4379370733351267,1.8432320996346605
dagger_2_v3.png,0,2.187287133760091,1.6367322263629123
dagger_2_v4.png,0,1.0120931279097056,1.5093943837326482
dagger_2_v5.png,0,-3.093553415261913,1.9676815069721207
dagger_2_v6.png,1,1.7870530934826667,2.045356319514274
dagger_2_v7.png,1,3.0886204229406653,1.4989467402152432
dagger_2_v8.png,1,-2.2634024188535378,1.524436404667119
dagger_2_v9.png,0,2.157932273441389,1.4715540951184551
dagger_2_v10.png,1,1.3574116121926048,1.6999899638286262
dagger_2_v11.png,1,-3.0611732229904467,1.4970824119416302
dagger_2_v12.png,1,2.7147795850607777,1.952876480640433
dagger_2_v13.png,1,-0.6409429973597942,1.8187373760660852
dagger_2_v14.png,1,-2.5534727752166306,1.9894299571067628
dagger_2_v15.png,0,-2.4308997558538064,1.5617594917594186
dagger_2_v16.png,1,1.5499207859830462,1.735407834610979
dagger_2_v17.png,1,0.3573037217013635,1.4762005532459412
dagger_2_v18.png,0,-1.4496896997396052,1.5351952686952284
dagger_2_v19.png,1,0.8385669805384128,1.5968763650513045
dagger_3_v0.png,0,1.3363959484239238,1.5798297391520817
dagger_3_v1.png,1,2.252560234003398,1.6493897609348342
dagger_3_v2.png,0,1.98820845290791,1.5242926033812814
dagger_3_v3.png,1,-0.8863455268186868,1.594623889287062
dagger_3_v4.png,1,-1.2018031195746808,2.0262063278928415
dagger_3_v5.png,0,-2.071801645327656,1.5626732412463196
dagger_3_v6.png,1,0.04415645137461288,2.023321310985897
dagger_3_v7.png,0,2.6140948901523298,1.5178403950009776
dagger_3_v8.png,0,1.2079299065240565,1.6850925030034565
dagger_3_v9.png,1,0.3059774103859447,1.9413243726445464
dagger_3_v10.png,1,2.518787357061684,1.775476984359103
dagger_3_v11.png,0,1.6591406852224546,1.49464100362885
dagger_3_v12.png,1,-2.0711893365442755,1.4635103000953158
dagger_3_v13.png,0,2.8428099909566846,1.9027653742335984
dagger_3_v14.png,1,1.3972748357238798,1.900959229040119
dagger_3_v15.png,1,-2.66967853686395,1.522415145040804
dagger_3_v16.png,0,1.2871871740339917,1.5036086023978086
dagger_3_v17.png,1,0.06901103739589542,1.9655270300065102
dagger_3_v18.png,0,-1.7340140908230808,1.9051890883530875
dagger_3_v19.png,0,-0.5151361796918237,1.5247774165552694
dagger_4_v0.png,0,0.6370601187852556,1.5505311517704419
dagger_4_v1.png,0,-2.7473204032723952,1.4803265392417142
dagger_4_v2.png,1,-1.1292122410343826,1.6877742406188985
dagger_4_v3.png,1,1.7033473803928074,1.8837845497745587
dagger_4_v4.png,1,1.6357526693747595,1.4638666739850072
dagger_4_v5.png,0,1.6620560123372323,1.6406339558177392
dagger_4_v6.png,0,0.23026014134959238,1.5583786585372508
dagger_4_v7.png,1,1.9960978091906885,1.8069478005969888
dagger_4_v8.png,1,0.8369181489163782,1.9776130220872608
dagger_4_v9.png,0,2.2991744220530013,1.648297084576914
dagger_4_v10.png,1,-1.8559922146864007,1.6993122755271235
dagger_4_v11.png,0,-2.704363408286138,1.9725745812731086
dagger_4_v12.png,1,-3.067773993644418,1.5789853747365103
dagger_4_v13.png,1,0.25402612128006385,1.4222461935875474
dagger_4_v14.png,0,2.319867040649669,1.6320275328654854
dagger_4_v15.png,1,0.5650728124542823,1.9711943908781067
dagger_4_v16.png,0,2.685737746057442,1.7599582304643289
dagger_4_v17.png,1,0.2804593246409324,1.8431451131995125
dagger_4_v18.png,0,-0.3554712071800261,1.874396056912973
dagger_4_v19.png,1,0.08145122476788824,1.819647094562853
demon_scythe_0_v0.png,1,2.671467733397798,1.2688474984737732
demon_scythe_0_v1.png,1,0.5684511458370829,1.464843851020531
demon_scythe_0_v2.png,1,-1.7175186802925353,1.5363849950574806
demon_scythe_0_v3.png,0,1.645664647777346,1.3035938744181832
demon_scythe_0_v4.png,0,-0.4839002478740513,1.2348003917659984
demon_scythe_0_v5.png,1,1.394700265382651,1.2937158481904014
demon_scythe_0_v6.png,1,-2.2621534862005364,1.4396847443164589
demon_scythe_0_v7.png,1,-2.1345488479779595,1.2424817539453765
demon_scythe_0_v8.png,1,1.1496230879131355,1.3827615230151233
demon_scythe_0_v9.png,1,0.3861171238676535,1.1642547933748775
demon_scythe_0_v10.png,1,2.3418052541057235,1.239324864065784
demon_scythe_0_v11.png,1,1.8293481705957424,1.1592992477791406
demon_scythe_0_v12.png,1,3.13404967760785,1.4971553288798831
demon_scythe_0_v13.png,0,0.6135521922613536,1.231821776896995
demon_scythe_0_v14.png,1,2.0764973318606104,1.218993979217695
demon_scythe_0_v15.png,0,-3.0341878210120212,1.3453736741486912
demon_scythe_0_v16.png,0,-1.6192322823652745,1.2144908688295317
demon_scythe_0_v17.png,0,0.5461847340007489,1.4682889555694245
demon_scythe_0_v18.png,0,0.6295092857126408,1.162332336550349
demon_scythe_0_v19.png,1,1.9604190912695807,1.1832495089042523
demon_scythe_1_v0.png,1,-2.5404447180755345,1.2705400738108996
demon_scythe_1_v1.png,0,0.29325621618436326,1.078643998231947
demon_scythe_1_v2.png,1,1.3741185259636206,1.2509398703984385
demon_scythe_1_v3.png,1,-2.4948230980783075,1.1874647532885816
demon_scythe_1_v4.png,0,0.6293759616825045,1.2373776366159597
demon_scythe_1_v5.png,1,0.7364109050760057,1.1039464301479351
demon_scythe_1_v6.png,0,2.0640304048387437,1.192763036199768
demon_scythe_1_v7.png,1,-0.9642685363338593,1.2088822555814374
demon_scythe_1_v8.png,0,1.436810420647029,1.3999524904044065
demon_scythe_1_v9.png,1,0.18581651020827317,1.1789104863099866
demon_scythe_1_v10.png,1,2.1046352207019536,1.2985408440895394
demon_scythe_1_v11.png,0,-2.5114870465951955,1.2655993655493811
demon_scythe_1_v12.png,0,1.2806895808609047,1.1985729514210495
demon_scythe_1_v13.png,1,0.8890821074136175,1.146399726930546
demon_scythe_1_v14.png,0,-1.2593311734612427,1.0962147968573224
demon_scythe_1_v15.png,0,0.42209263060758784,1.3041353989163962
demon_scythe_1_v16.png,1,-2.6852661726509606,1.3928692309459445
demon_scythe_1_v17.png,1,-2.846794950476947,1.46633728102818
demon_scythe_1_v18.png,0,-1.70835448265533,1.3966826355879323
demon_scythe_1_v19.png,1,-2.4653845100780534,1.3889344994418078
demon_scythe_2_v0.png,1,2.7656598749101797,1.5952083689759196
demon_scythe_2_v1.png,1,1.3964863439807473,1.5340912721146283
demon_scythe_2_v2.png,1,-0.9560337091272324,1.6740742404102325
demon_scythe_2_v3.png,0,-1.3202251780497356,1.783153751621742
demon_scythe_2_v4.png,0,-0.921845935596958,1.4307545652343951
demon_scythe_2_v5.png,1,-1.9001703747869927,1.2558573942492495
demon_scythe_2_v6.png,0,3.0955666642150668,1.282205535408343
demon_scythe_2_v7.png,0,1.448227280728561,1.4551154352402003
demon_scythe_2_v8.png,0,1.2776673212829777,1.598064759896145
demon_scythe_2_v9.png,1,0.4805394986523174,1.428918947760359
demon_scythe_2_v10.png,0,2.7588865748828755,1.2754736475782935
demon_scythe_2_v11.png,0,0.666357446811887,1.2874474420695727
demon_scythe_2_v12.png,1,2.0056901594225214,1.3536440810052228
demon_scythe_2_v13.png,1,-2.9836220897267838,1.587289859959219
demon_scythe_2_v14.png,1,-0.034772569977968515,1.7116080123369022
demon_scythe_2_v15.png,0,-0.7136395177914484,1.5302938703948563
demon_scythe_2_v16.png,1,0.8709183717941923,1.5200453890680927
demon_scythe_2_v17.png,1,-0.35028839022776975,1.3286850344262373
demon_scythe_2_v18.png,0,2.818712182044968,1.5861411489875585
demon_scythe_2_v19.png,0,-2.783700734389923,1.6186913219244818
demon_scythe_3_v0.png,1,3.004711430112157,1.2266770965270863
demon_scythe_3_v1.png,1,0.4593364528550943,1.218826395082023
demon_scythe_3_v2.png,1,-2.727891859188835,1.2537297945862231
demon_scythe_3_v3.png,0,2.825097898114521,1.172755695876762
demon_scythe_3_v4.png,1,-1.498589535752762,1.1797384187084734
demon_scythe_3_v5.png,1,-2.3548546323848067,1.2476752042410122
demon_scythe_3_v6.png,0,1.7972328209759527,1.339028265089748
demon_scythe_3_v7.png,1,2.4707316835387343,1.2595843350970073
demon_scythe_3_v8.png,1,-0.9854919791369439,1.0891255635460955
demon_scythe_3_v9.png,1,-1.4744767777091272,1.290275263425362
demon_scythe_3_v10.png,0,-1.1256473961333457,1.465716367082636
demon_scythe_3_v11.png,1,0.7179803092498752,1.2524824128802974
demon_scythe_3_v12.png,0,-2.753884467518242,1.0812036048452502
demon_scythe_3_v13.png,0,-2.4147668422956836,1.3078853774237695
demon_scythe_3_v14.png,0,-1.0271081775094923,1.236419451988697
demon_scythe_3_v15.png,0,-2.219590780596123,1.061624969409046
demon_scythe_3_v16.png,0,-0.45800219088372973,1.0502283125843126
demon_scythe_3_v17.png,1,-2.8788790706391403,1.2719717818917102
demon_scythe_3_v18.png,0,1.5285952514721834,1.3060951407804615
demon_scythe_3_v19.png,1,-2.3045599316322067,1.3193028836369698
diamond_sword_0_v0.png,1,-0.8530328489867749,1.8300765672454695
diamond_sword_0_v1.png,0,2.605683038540188,1.616622694455651
diamond_sword_0_v2.png,0,-3.138320681216834,1.911469967562366
diamond_sword_0_v3.png,0,0.8451523495895392,1.6094619771482102
diamond_sword_0_v4.png,1,2.9715115393552045,1.505605561451122
diamond_sword_0_v5.png,1,2.1348830711577857,1.784108392184915
diamond_sword_0_v6.png,0,-0.28152966205503116,1.9334929651889818
diamond_sword_0_v7.png,1,1.1293028269981433,1.8779855851654705
diamond_sword_0_v8.png,0,0.4209803496593938,1.4657989190515215
diamond_sword_0_v9.png,0,-0.7637862357674754,1.863220817876493
diamond_sword_0_v10.png,0,2.634351753945544,1.6399014829973422
diamond_sword_0_v11.png,1,-2.65502071024582,1.9412465878904295
diamond_sword_0_v12.png,1,2.565484463046515,1.6584451740965727
diamond_sword_0_v13.png,1,2.7296627594629315,1.4271343970468573
diamond_sword_0_v14.png,1,-2.652514112312038,1.6108822850592825
diamond_sword_0_v15.png,1,-1.989488558926083,1.8089963995853064
diamond_sword_0_v16.png,1,-2.888372396251614,1.676653934867497
diamond_sword_0_v17.png,1,1.5628128904545613,1.4648949857976108
diamond_sword_0_v18.png,0,-2.128838989432124,1.6583455180220015
diamond_sword_0_v19.png,0,2.874637433786499,1.6202226945929488
diamond_sword_1_v0.png,0,-0.4873550412682497,1.6638658821851902
diamond_sword_1_v1.png,0,2.260882951263097,2.110962189505226
diamond_sword_1_v2.png,1,-1.0674651214383744,2.1224566979215744
diamond_sword_1_v3.png,0,0.9881687487447981,1.9257430172652372
diamond_sword_1_v4.png,1,2.8367922150758047,1.5019211781447974
diamond_sword_1_v5.png,0,0.26906300485981127,1.911148996584398
diamond_sword_1_v6.png,1,3.0553926861682843,1.7779990678516118
diamond_sword_1_v7.png,0,-0.24563623849581528,2.1009225474394624
diamond_sword_1_v8.png,1,-2.57348079483569,1.7940504875668475
diamond_sword_1_v9.png,1,1.203472821973113,1.7969989315422803
diamond_sword_1_v10.png,1,-1.0022103208649664,1.7707614269770429
diamond_sword_1_v11.png,0,-2.022743541897994,1.8460951316309753
diamond_sword_1_v12.png,1,-2.319840394675283,1.573565327049543
diamond_sword_1_v13.png,0,-2.1995371780078816,1.709234572646276
diamond_sword_1_v14.png,0,-2.305881040566594,1.7767685095818302
diamond_sword_1_v15.png,0,2.7814533633925764,1.7006224232067249
diamond_sword_1_v16.png,1,1.7013695366952803,1.5964735399672816
diamond_sword_1_v17.png,0,0.4821911003926924,1.5138602995928785
diamond_sword_1_v18.png,0,-0.41255864853392055,1.6513487093467896
diamond_sword_1_v19.png,1,-3.0619281737871034,2.0174898078804535
diamond_sword_2_v0.png,0,3.0699225574661133,1.9824777679030985
diamond_sword_2_v1.png,0,-2.80523906939406,1.6643875837588487
diamond_sword_2_v2.png,0,-1.0784676316080493,1.9614810131785372
diamond_sword_2_v3.png,1,-0.49522924165086435,2.0493659100405233
diamond_sword_2_v4.png,1,0.9317802471977723,1.6157968758031747
diamond_sword_2_v5.png,0,0.8158325262315052,1.704073701643267
diamond_sword_2_v6.png,1,2.092823611928809,1.8220470327819545
diamond_sword_2_v7.png,0,0.4087036602281673,1.675810012695116
diamond_sword_2_v8.png,1,1.147690605033821,1.7026860964077104
diamond_sword_2_v9.png,0,0.24285475245770893,1.8994093368998652
diamond_sword_2_v10.png,0,1.2044371758757793,2.060536349533719
diamond_sword_2_v11.png,1,1.986014684527519,1.6073689840433514
diamond_sword_2_v12.png,0,-2.286557165102475,1.7264730970213855
diamond_sword_2_v13.png,0,-0.8446622008873987,1.7293678164386193
diamond_sword_2_v14.png,0,3.0034057636484417,2.009330117115759
diamond_sword_2_v15.png,0,2.774173503104118,1.5858066568953741
diamond_sword_2_v16.png,1,1.2885374010968615,1.889257660306228
diamond_sword_2_v17.png,1,1.8360566826541462,1.6174376538543793
diamond_sword_2_v18.png,1,-0.46135281838671904,1.7697671801242008
diamond_sword_2_v19.png,0,2.720452319703013,1.6099106475026872
diamond_sword_3_v0.png,0,0.21348963572205237,1.873081317056646
diamond_sword_3_v1.png,0,-2.6117957106927614,1.9973132882038873
diamond_sword_3_v2.png,0,2.5120279217886297,1.8152905507144468
diamond_sword_3_v3.png,0,-2.234527342907464,1.6979830900433484
diamond_sword_3_v4.png,1,-0.2327664283645654,1.5184354469610606
diamond_sword_3_v5.png,0,0.7159539270611626,1.9952596868990433
diamond_sword_3_v6.png,0,1.5382670787218757,2.007679620405796
diamond_sword_3_v7.png,1,1.1473758894290262,2.0130668466897546
diamond_sword_3_v8.png,0,0.8617344963448312,1.5347877876874307
diamond_sword_3_v9.png,1,0.8501274565050116,2.078594377112038
diamond_sword_3_v10.png,1,-2.138030042527875,1.7826644512788816
diamond_sword_3_v11.png,1,-0.13020979588261206,1.8353058204520292
diamond_sword_3_v12.png,0,2.113603868646657,1.5615804301521252
diamond_sword_3_v13.png,1,2.111621626631565,1.5678120132642208
diamond_sword_3_v14.png,1,0.2705097983831313,1.8483178450958122
diamond_sword_3_v15.png,1,2.617441796291326,1.9500539067806497
diamond_sword_3_v16.png,0,-1.495317625549081,2.001395982506278
diamond_sword_3_v17.png,0,-0.30363292722663493,1.5337846037366443
diamond_sword_3_v18.png,1,0.8931910370067873,1.6829297609596703
diamond_sword_3_v19.png,0,-2.7091895220466076,2.0725499838016956
diamond_sword_4_v0.png,0,-1.8122530031732573,1.4887292307697497
diamond_sword_4_v1.png,1,-2.934840307835748,1.5531890122526832
diamond_sword_4_v2.png,1,1.514481482312085,1.8279061819062028
diamond_sword_4_v3.png,0,3.0164590171548613,1.6187665379606098
diamond_sword_4_v4.png,1,1.0791110863819202,1.6180888654862728
diamond_sword_4_v5.png,0,-2.154694875176647,1.4443287482391907
diamond_sword_4_v6.png,0,1.8383674976080835,1.5843236064231474
diamond_sword_4_v7.png,0,-2.8330399171916874,1.446249749915828
diamond_sword_4_v8.png,1,0.15430067190939623,1.696762746124158
diamond_sword_4_v9.png,0,2.009408768035139,1.4931730339633207
diamond_sword_4_v10.png,0,0.5802925837630912,1.796111311603184
diamond_sword_4_v11.png,0,-2.140735519219512,1.7068653855148979
diamond_sword_4_v12.png,0,2.3789310502420076,1.5365504809482518
diamond_sword_4_v13.png,1,-0.548536211177312,1.8694563301141884
diamond_sword_4_v14.png,1,2.6814737711121905,1.4776856984966027
diamond_sword_4_v15.png,1,0.7330612985689724,1.954696466913834
diamond_sword_4_v16.png,0,-0.9264209503968548,1.9140673126617649
diamond_sword_4_v17.png,0,1.5241372589846,1.6318263224151064
diamond_sword_4_v18.png,0,1.3137008401310386,1.8951787026174747
diamond_sword_4_v19.png,0,-0.04524397525741808,1.649746460600866
dirk_0_v0.png,1,-0.08968787672525247,1.9353072233204676
dirk_0_v1.png,1,0.8190328294862979,1.4444336731470897
dirk_0_v2.png,0,-0.8346012077502873,1.4710233690213326
dirk_0_v3.png,1,-1.4623153890878493,1.5406163891336806
dirk_0_v4.png,1,2.4391178961068842,1.496326657267187
dirk_0_v5.png,1,-0.6884621176015044,1.8220974891409463
dirk_0_v6.png,0,-0.13051366940173326,1.7516639997272594
dirk_0_v7.png,1,1.6073349637077712,1.705721437493515
dirk_0_v8.png,0,0.6405739140279254,1.7135736576406324
dirk_0_v9.png,0,-2.981527849910171,1.821116526609419
dirk_0_v10.png,1,-1.490535835307174,1.5117532213387028
dirk_0_v11.png,0,1.8587783835627358,1.8475526570783276
dirk_0_v12.png,1,-2.201758546961135,1.6414708737182275
dirk_0_v13.png,1,2.654095048358035,1.4753018689781925
dirk_0_v14.png,1,2.0770954743294308,1.5223611403575426
dirk_0_v15.png,1,-3.050801818166198,1.637443891034365
dirk_0_v16.png,1,1.6157656090776298,1.709867442877372
dirk_0_v17.png,0,-0.9905395746896275,1.5516573667853417
dirk_0_v18.png,0,2.7747505104170544,1.7885006318812544
dirk_0_v19.png,1,1.3991647422192592,1.6091970722671576
dirk_1_v0.png,0,1.7192698202236416,1.7001521294486073
dirk_1_v1.png,1,-1.3728977775565943,2.052562567699346
dirk_1_v2.png,1,-2.119027819268288,1.7737721396499682
dirk_1_v3.png,1,0.6072282061111618,1.6600766502666717
dirk_1_v4.png,0,1.3827764553172903,1.6275023686894246
dirk_1_v5.png,1,2.463324252652124,1.5085852482553934
dirk_1_v6.png,0,1.3594251944903972,1.5633539428503818
dirk_1_v7.png,1,-1.5681718854594564,1.4878263734784825
dirk_1_v8.png,0,2.7176719306618837,1.6813417499160288
dirk_1_v9.png,0,-2.1600716921815053,1.6755471580271672
dirk_1_v10.png,0,1.8675818197380227,1.9826782640163698
dirk_1_v11.png,0,-2.300737495137542,1.5830662860954672
dirk_1_v12.png,0,2.8504187125973224,1.4869064967216066
dirk_1_v13.png,0,3.13945128676451,1.976876395023123
dirk_1_v14.png,0,0.24136943142149647,1.9173264080048524
dirk_1_v15.png,1,-2.2819953299662963,1.5094564981529488
dirk_1_v16.png,0,2.0398623297105747,1.7797439094519527
dirk_1_v17.png,1,-2.238791715242294,1.8305607790384206
dirk_1_v18.png,1,1.5990329718924765,1.4634977024530227
dirk_1_v19.png,0,2.6996400240241742,1.70865588104048
dirk_2_v0.png,0,2.581845910463527,1.4740851377390256
dirk_2_v1.png,0,1.7993086096481943,1.609054402757586
dirk_2_v2.png,1,0.009818547263149346,1.9029943816417823
dirk_2_v3.png,1,2.580358800127775,1.5145342421451997
dirk_2_v4.png,0,2.61482583909305,1.5558941008971525
dirk_2_v5.png,1,-0.08133376378560075,1.4366732555255375
dirk_2_v6.png,0,-0.2827384256030414,1.6792857165595725
dirk_2_v7.png,0,2.961095609694418,1.6001153351086725
dirk_2_v8.png,0,0.8051468342310142,1.5958433199296918
dirk_2_v9.png,1,-2.726008114090463,1.8883287247400757
dirk_2_v10.png,0,0.1099084517478015,1.42565280978181
dirk_2_v11.png,0,0.8019971691273167,1.7274693998668622
dirk_2_v12.png,1,2.4945560989711666,1.430903372208066
dirk_2_v13.png,0,-2.3064699544062552,1.9410414442703967
dirk_2_v14.png,0,-2.286133687969207,1.754324740586216
dirk_2_v15.png,0,-2.6064597939416725,1.9250698315845007
dirk_2_v16.png,1,1.1222174568084353,1.7683938713528662
dirk_2_v17.png,1,0.053801089065235175,1.9623023869750926
dirk_2_v18.png,0,1.5738605952189404,1.6131527435211326
dirk_2_v19.png,1,2.1283376649758754,1.41367435463476
dirk_3_v0.png,1,1.98996412920981,1.437778028635304
dirk_3_v1.png,1,2.547480395261026,1.6986194786776492
dirk_3_v2.png,0,2.1983067780505787,1.4734780047869627
dirk_3_v3.png,1,-1.9379945758210324,1.6676303489553195
dirk_3_v4.png,0,2.697713999484325,1.8599697546267628
dirk_3_v5.png,0,-1.9978686817104485,1.7150548602578148
dirk_3_v6.png,0,-2.9269844768912163,1.4482239056663317
dirk_3_v7.png,0,-2.366275461934875,1.684925926011616
dirk_3_v8.png,1,2.9654353933378,1.5457517632782363
dirk_3_v9.png,1,-2.4863883824440673,1.6753890776934672
dirk_3_v10.png,1,2.5609013905863742,1.8598900085829706
dirk_3_v11.png,0,2.6215139690897384,1.5205329585529235
dirk_3_v12.png,0,2.6968424688048893,1.5429532767357677
dirk_3_v13.png,0,-2.508206391712358,1.8699080618577295
dirk_3_v14.png,0,-1.0259291484771405,1.8494146910402856
dirk_3_v15.png,1,3.140561715517672,1.62570897919538
dirk_3_v16.png,0,1.532893284198121,1.4663259516621658
dirk_3_v17.png,1,-2.978223964900246,1.3982996912213608
dirk_3_v18.png,1,1.0713758235672433,1.3672451406107673
dirk_3_v19.png,1,-2.60521213552171,1.5702081331876832
dirk_4_v0.png,0,2.5934887202437875,1.9615390244657105
dirk_4_v1.png,0,-0.3370896106021801,1.9396608511671127
dirk_4_v2.png,0,1.4092628549367985,1.868413385392875
dirk_4_v3.png,0,-1.414003594710378,1.447134713063264
dirk_4_v4.png,1,-1.4277983059076185,1.7809741438095765
dirk_4_v5.png,0,-1.6916739953546722,1.6863034009013687
dirk_4_v6.png,1,-1.1034698933593479,1.4264068045964746
dirk_4_v7.png,1,-2.7619583327390953,1.9347817877577005
dirk_4_v8.png,0,1.5928819609449478,1.764121045201687
dirk_4_v9.png,1,1.82704226905297,1.4348519345254125
dirk_4_v10.png,0,-0.2111293521064681,1.4704960974919725
dirk_4_v11.png,1,-0.6004610020260288,1.691505666255164
dirk_4_v12.png,1,2.512627980429233,1.5188865147763635
dirk_4_v13.png,1,1.588412296665357,1.410536556440175
dirk_4_v14.png,0,-2.4595343621398067,1.7385065497334633
dirk_4_v15.png,1,2.9335579391693143,1.6338389033334655
dirk_4_v16.png,1,2.4152785025525763,1.6069418037590548
dirk_4_v17.png,0,-0.22185918400911753,1.6135176550902737
dirk_4_v18.png,1,-1.3439986579497196,1.6067174315952397
dirk_4_v19.png,0,-0.7283882490896705,1.790427651730446
dragonbone_spear_0_v0.png,0,1.6931153427825758,1.3693832710102738
dragonbone_spear_0_v1.png,1,2.3926430361764863,1.4678976538513737
dragonbone_spear_0_v2.png,0,-0.33597100673292246,1.771912035424022
dragonbone_spear_0_v3.png,0,-3.133358920572764,1.8708983380550384
dragonbone_spear_0_v4.png,0,-0.05666359771363405,1.3721945080414621
dragonbone_spear_0_v5.png,1,1.3557140667418417,1.4978029356062792
dragonbone_spear_0_v6.png,0,2.296001486154706,1.6350378203949065
dragonbone_spear_0_v7.png,1,-1.0877644049781683,1.4555526472690101
dragonbone_spear_0_v8.png,1,-0.36185713519554374,1.8512332062397001
dragonbone_spear_0_v9.png,1,1.8977215861938808,1.7240838392322224
dragonbone_spear_0_v10.png,0,0.2760948070786977,1.7979749816810373
dragonbone_spear_0_v11.png,1,-0.3520776932254108,1.8840100809850864
dragonbone_spear_0_v12.png,0,1.8129160309187502,1.3502239149239537
dragonbone_spear_0_v13.png,1,-1.6558969559072754,1.6279781334212156
dragonbone_spear_0_v14.png,0,1.7006289810339938,1.4676640464815014
dragonbone_spear_0_v15.png,1,-1.074365078935358,1.612647137743522
dragonbone_spear_0_v16.png,0,-2.9931967897430365,1.7380942506455623
dragonbone_spear_0_v17.png,0,-2.002668957078214,1.419417775670246
dragonbone_spear_0_v18.png,0,2.9433804451987364,1.5171900597020853
dragonbone_spear_0_v19.png,0,0.14442820279387014,1.847312776183727
dragonbone_spear_1_v0.png,1,-1.9543740501055868,1.6972086122352588
dragonbone_spear_1_v1.png,1,0.062280963929393085,1.4519811550611699
dragonbone_spear_1_v2.png,1,-1.8330415520247607,1.4822576690965046
dragonbone_spear_1_v3.png,0,2.1624281292931933,1.5616444274094614
dragonbone_spear_1_v4.png,0,-0.8354366098792938,1.7369675507906648
dragonbone_spear_1_v5.png,1,-2.3105611823495815,1.909752002674703
dragonbone_spear_1_v6.png,0,2.530462574078015,1.7215553618004127
dragonbone_spear_1_v7.png,1,2.160441313890439,1.602237589359568
dragonbone_spear_1_v8.png,1,-3.1385477612200825,1.9416924889063394
dragonbone_spear_1_v9.png,1,-1.1133216780153425,1.7074786236113715
dragonbone_spear_1_v10.png,1,-1.7125750990230415,1.9024531347855038
dragonbone_spear_1_v11.png,0,-0.0030323280987611945,1.5176476548778475
dragonbone_spear_1_v12.png,1,-0.44047864416849647,1.4900513761436318
dragonbone_spear_1_v13.png,0,1.9116946066637706,1.7822841084112169
dragonbone_spear_1_v14.png,0,0.7439666012103601,1.5150272873568849
dragonbone_spear_1_v15.png,0,2.902548121911325,1.5446791518035474
dragonbone_spear_1_v16.png,0,-0.4928933618586111,1.8119383510049198
dragonbone_spear_1_v17.png,0,-2.6086122960818576,1.877784292852991
dragonbone_spear_1_v18.png,0,-0.6948376021553613,1.808686650145969
dragonbone_spear_1_v19.png,0,-1.7154430102744964,1.5693600840723783
dragonbone_spear_2_v0.png,1,-2.433143221823435,1.6065006214843132
dragonbone_spear_2_v1.png,0,-0.8404477556614776,1.3457066907936692
dragonbone_spear_2_v2.png,0,-1.530011840786103,1.6092545158446896
dragonbone_spear_2_v3.png,1,-2.4661065577986143,1.4626531698394831
dragonbone_spear_2_v4.png,0,-3.0173357043099385,1.3102553446311735
dragonbone_spear_2_v5.png,1,-1.0616884625992178,1.4210137584945663
dragonbone_spear_2_v6.png,1,-1.1332205832823892,1.576423584480967
dragonbone_spear_2_v7.png,1,-3.1107629506832057,1.819299979113854
dragonbone_spear_2_v8.png,1,3.0581343440285083,1.3674675581359257
dragonbone_spear_2_v9.png,0,0.9451752897370118,1.4400254364495555
dragonbone_spear_2_v10.png,1,-2.5780020850677614,1.6132486331699647
dragonbone_spear_2_v11.png,1,-2.0578161124350105,1.3630968820265283
dragonbone_spear_2_v12.png,1,2.533038228479644,1.3881781385496361
dragonbone_spear_2_v13.png,0,-1.4757380568114709,1.7894784139466184
dragonbone_spear_2_v14.png,0,2.6642159352175203,1.432639438523498
dragonbone_spear_2_v15.png,0,-2.4560188346591465,1.461251963932415
dragonbone_spear_2_v16.png,1,3.136240769317996,1.4659024972948809
dragonbone_spear_2_v17.png,1,-2.488639328250476,1.4345964783938592
dragonbone_spear_2_v18.png,1,1.1895570609814219,1.399621662187796
dragonbone_spear_2_v19.png,1,2.724956367922796,1.4824416616654934
dragonbone_spear_3_v0.png,1,2.204039451377827,1.4821145684309482
dragonbone_spear_3_v1.png,0,1.936540296354475,1.4696597760614099
dragonbone_spear_3_v2.png,0,0.15547463729624322,1.5385688623622125
dragonbone_spear_3_v3.png,1,-0.4884492558234026,1.580995450178926
dragonbone_spear_3_v4.png,0,-1.7208105971895797,1.6500353454208172
dragonbone_spear_3_v5.png,0,-2.4374428913954533,1.642657422155678
dragonbone_spear_3_v6.png,0,2.784632202909143,1.6566475503545244
dragonbone_spear_3_v7.png,0,2.165044296754145,1.473325126276251
dragonbone_spear_3_v8.png,1,0.8790066018580549,1.8446795085196968
dragonbone_spear_3_v9.png,1,-0.9450308121126874,1.9800241875836304
dragonbone_spear_3_v10.png,0,-0.2903922530389549,1.532341807594733
dragonbone_spear_3_v11.png,0,2.9851547467566544,1.4725869333852428
dragonbone_spear_3_v12.png,0,-2.046874468431861,1.5993755495397164
dragonbone_spear_3_v13.png,0,-1.0228082348826746,1.897421627044308
dragonbone_spear_3_v14.png,1,-0.9441089432041352,1.5215012531703682
dragonbone_spear_3_v15.png,0,2.5374396550376273,1.737097510337229
dragonbone_spear_3_v16.png,1,-1.2533459391453015,1.5721126806270505
dragonbone_spear_3_v17.png,1,1.8142436940191042,1.4847843872687307
dragonbone_spear_3_v18.png,0,-0.4375013160996284,1.855270881487361
dragonbone_spear_3_v19.png,0,2.703046908945252,1.7361594879732511
dragonbone_spear_4_v0.png,1,-0.4703870851319061,1.5605831523896974
dragonbone_spear_4_v1.png,1,-3.070816264852864,1.4810620550196059
dragonbone_spear_4_v2.png,1,2.415309184161449,1.9116614003847328
dragonbone_spear_4_v3.png,0,-0.773212720236347,1.798612945034385
dragonbone_spear_4_v4.png,1,0.6325090315812167,1.4839908825617842
dragonbone_spear_4_v5.png,0,1.0853481583932396,1.8101993226863216
dragonbone_spear_4_v6.png,0,-3.0707754829587106,1.5149679681528574
dragonbone_spear_4_v7.png,1,-2.501581720855402,1.8443351901137142
dragonbone_spear_4_v8.png,1,3.119610189798233,1.6011186220680171
dragonbone_spear_4_v9.png,1,-0.7201374275860153,1.916603425272791
dragonbone_spear_4_v10.png,1,-1.9912411761826085,1.6195584214948058
dragonbone_spear_4_v11.png,1,0.07807861014881778,1.7501344747839727
dragonbone_spear_4_v12.png,1,-0.9110709809911466,1.6221451566055114
dragonbone_spear_4_v13.png,1,1.7337979471921707,1.5915094497532616
dragonbone_spear_4_v14.png,0,-2.3622159732468493,1.594542600577333
dragonbone_spear_4_v15.png,0,2.8744863417652446,1.511544401562309
dragonbone_spear_4_v16.png,0,-0.6146943388651742,1.6366569131208397
dragonbone_spear_4_v17.png,0,-0.6961819902256692,1.925025396587818
dragonbone_spear_4_v18.png,0,0.9249779018892594,1.9921768165370375
dragonbone_spear_4_v19.png,1,1.5239579876209395,1.8041355042677096
dragonslayer_0_v0.png,1,2.367661741040873,1.9773384500221078
dragonslayer_0_v1.png,0,-2.2614601075047993,1.6010443682710138
dragonslayer_0_v2.png,1,1.7795824935351119,1.807567501533679
dragonslayer_0_v3.png,1,2.1931833685090414,1.9596691725472433
dragonslayer_0_v4.png,0,-0.10382979888007116,1.5523423508654444
dragonslayer_0_v5.png,0,-0.4954910030977735,1.9685658607139311
dragonslayer_0_v6.png,1,-0.24381923592447619,1.5486267170348436
dragonslayer_0_v7.png,0,-1.5521022823945216,1.6880720678205543
dragonslayer_0_v8.png,1,-1.411830962722611,2.047344407961284
dragonslayer_0_v9.png,0,2.366591254860608,2.0892531740635185
dragonslayer_0_v10.png,0,-2.346497180383376,1.594400873986688
dragonslayer_0_v11.png,1,0.04514720921150772,2.0928788787128285
dragonslayer_0_v12.png,1,1.1642532348349526,1.8379914629413516
dragonslayer_0_v13.png,0,2.763150511804164,1.9574569175219008
dragonslayer_0_v14.png,1,0.08294294478550057,1.6259901634593408
dragonslayer_0_v15.png,0,-1.1457650288131909,1.5867813205484895
dragonslayer_0_v16.png,1,-2.7859999052537723,1.6829683056582798
dragonslayer_0_v17.png,1,-0.9145082508674935,1.5128299571473296
dragonslayer_0_v18.png,1,0.2961027523373665,2.088414557151832
dragonslayer_0_v19.png,1,-2.7456425502427098,1.6800651777791134
dragonslayer_1_v0.png,0,-0.3943893908034659,1.8413489798520548
dragonslayer_1_v1.png,1,0.881317107010565,1.641990089490795
dragonslayer_1_v2.png,1,0.011008127132765555,1.6299890121292728
dragonslayer_1_v3.png,0,2.042732623430712,1.7742289006063159
dragonslayer_1_v4.png,0,-2.4798300330949665,1.456122742990148
dragonslayer_1_v5.png,1,1.7264564735265,1.589583245763269
dragonslayer_1_v6.png,1,-0.6171045855837001,1.5985064665337456
dragonslayer_1_v7.png,0,-2.5728939707019345,1.7067427773539945
dragonslayer_1_v8.png,1,-1.124996863597234,1.3705760454129339
dragonslayer_1_v9.png,1,2.236315919983621,1.864419331584541
dragonslayer_1_v10.png,1,1.7477752600677912,1.593824560129384
dragonslayer_1_v11.png,0,-0.09518166299902786,1.544430016958514
dragonslayer_1_v12.png,1,2.9182532720085406,1.83469299522517
dragonslayer_1_v13.png,0,-2.452248225223154,1.8557601595404214
dragonslayer_1_v14.png,1,1.0561105856128723,1.4798682946525277
dragonslayer_1_v15.png,1,-1.1565201345353628,1.4939490891828975
dragonslayer_1_v16.png,1,-2.8509298402427268,1.6061884589119766
dragonslayer_1_v17.png,0,-3.0311968821361983,1.6092759708075517
dragonslayer_1_v18.png,0,2.758547118182278,1.8106009390378002
dragonslayer_1_v19.png,1,-1.9654602527606642,1.7366385128566457
dragonslayer_2_v0.png,1,1.2656171299229042,1.611994859515212
dragonslayer_2_v1.png,1,1.2577505831171012,1.6745687361769421
dragonslayer_2_v2.png,1,0.13686414821960113,1.5182542693749217
dragonslayer_2_v3.png,1,-0.9693042329552597,1.403153402166922
dragonslayer_2_v4.png,1,-2.232193166599031,1.5662136734668555
dragonslayer_2_v5.png,1,2.8361864977366213,1.5971966324533646
dragonslayer_2_v6.png,0,1.9503712410019802,1.2208026139425143
dragonslayer_2_v7.png,1,-1.3735272769184483,1.4454904740844865
dragonslayer_2_v8.png,1,-2.59127925091982,1.2186572761409231
dragonslayer_2_v9.png,1,1.8683724175765226,1.3471615976395872
dragonslayer_2_v10.png,0,0.27447911353237586,1.3320971516821258
dragonslayer_2_v11.png,1,-1.717678528913745,1.3554652585931108
dragonslayer_2_v12.png,0,-2.933922598214699,1.556037039220184
dragonslayer_2_v13.png,1,2.889799662348429,1.5322283256578402
dragonslayer_2_v14.png,0,-1.3483928016373206,1.384324912854516
dragonslayer_2_v15.png,1,-2.531039406417727,1.5274292804059524
dragonslayer_2_v16.png,0,0.3785785138709199,1.2482255354115226
dragonslayer_2_v17.png,1,-2.2945837079660256,1.3966052676847245
dragonslayer_2_v18.png,1,0.9084454962197652,1.6648347642769452
dragonslayer_2_v19.png,1,-2.192783603570275,1.475400273759614
dragonslayer_3_v0.png,1,-0.08384514534391618,1.3522228118449562
dragonslayer_3_v1.png,0,1.9117835884044754,1.2586445061324785
dragonslayer_3_v2.png,0,2.4091630874038974,1.2744545376859133
dragonslayer_3_v3.png,0,-1.2104845544674232,1.5902766954750616
dragonslayer_3_v4.png,1,-2.8173545847979318,1.3460994833332827
dragonslayer_3_v5.png,1,-2.89788219712233,1.305190047244344
dragonslayer_3_v6.png,0,0.09327587122592673,1.3018543026326903
dragonslayer_3_v7.png,1,-0.2290351447504282,1.5344052264886225
dragonslayer_3_v8.png,1,2.9583614127494835,1.7467121799822776
dragonslayer_3_v9.png,1,-1.2908558355271929,1.4574446174159543
dragonslayer_3_v10.png,0,0.9966335678171143,1.6016571820016479
dragonslayer_3_v11.png,0,1.1763172541620408,1.6887218214759565
dragonslayer_3_v12.png,1,0.023466869381002287,1.6760666079288606
dragonslayer_3_v13.png,0,1.4044530990012487,1.291121759652463
dragonslayer_3_v14.png,1,-2.4761170354533286,1.4049115894083615
dragonslayer_3_v15.png,0,-1.572830404080868,1.4744739567846297
dragonslayer_3_v16.png,1,-1.2617215584042292,1.6775299284273615
dragonslayer_3_v17.png,0,-2.382381394407915,1.2573217839715267
dragonslayer_3_v18.png,1,0.7136057332083492,1.460832497376941
dragonslayer_3_v19.png,0,0.11791652295110255,1.6609733591971316
dragonslayer_4_v0.png,0,-2.550276937358652,1.1360616290204466
dragonslayer_4_v1.png,1,1.2219190203151755,1.5294575355809181
dragonslayer_4_v2.png,0,-2.9138658928731593,1.2923433072465222
dragonslayer_4_v3.png,0,-2.2827846323389895,1.3416165965921047
dragonslayer_4_v4.png,1,0.6653244553669189,1.2321334848918062
dragonslayer_4_v5.png,0,-2.2663282212977878,1.1201481409521103
dragonslayer_4_v6.png,1,1.021273012741397,1.116810592094103
dragonslayer_4_v7.png,0,1.5712218499812312,1.4419782282088776
dragonslayer_4_v8.png,1,-1.1521398828174418,1.4522311891473054
dragonslayer_4_v9.png,0,-1.8772478195519469,1.2381875978277554
dragonslayer_4_v10.png,1,-2.334103510352488,1.1326818583022562
dragonslayer_4_v11.png,1,-1.842499713393158,1.4427718064915123
dragonslayer_4_v12.png,0,-2.595467583487278,1.537890291346882
dragonslayer_4_v13.png,0,1.4944535010139028,1.1827747127070023
dragonslayer_4_v14.png,1,-0.5456179987390097,1.3968854015338774
dragonslayer_4_v15.png,0,-1.2014652760296043,1.319374808146343
dragonslayer_4_v16.png,1,0.43197102735570025,1.1305337662789083
dragonslayer_4_v17.png,0,-2.899554889249928,1.1152639042426513
dragonslayer_4_v18.png,0,-3.115223780830445,1.4595944618639625
dragonslayer_4_v19.png,0,-0.864193327907171,1.3665838411302094
elven_longknife_0_v0.png,1,2.7353808318028245,1.545754887407164
elven_longknife_0_v1.png,0,0.06485880194347837,1.398260035556805
elven_longknife_0_v2.png,1,-1.6245079136399632,1.4830296805295367
elven_longknife_0_v3.png,1,-0.1961480158619895,1.7320183450072828
elven_longknife_0_v4.png,1,-1.1373146378603565,1.5184344557648382
elven_longknife_0_v5.png,0,-2.287109859442232,1.7224060730462425
elven_longknife_0_v6.png,0,2.5364289661356625,1.3786916911073324
elven_longknife_0_v7.png,0,2.5738574749429746,1.4982178510807789
elven_longknife_0_v8.png,0,-2.843293912772231,1.617601303007416
elven_longknife_0_v9.png,1,-2.9840604266938517,1.734997623566839
elven_longknife_0_v10.png,0,-2.289199230013499,1.4181011512608357
elven_longknife_0_v11.png,1,-0.5657777524295473,1.6180073709713887
elven_longknife_0_v12.png,0,-0.6380004808001019,1.351019982433869
elven_longknife_0_v13.png,1,-0.8472667937911833,1.5907377895757646
elven_longknife_0_v14.png,1,0.9629249898740817,1.5096841603670859
elven_longknife_0_v15.png,1,0.009721291846651603,1.613731739190214
elven_longknife_0_v16.png,1,2.4488222046191637,1.5201061516728942
elven_longknife_0_v17.png,1,0.8445802003263401,1.6315951186508968
elven_longknife_0_v18.png,1,2.1777180111813927,1.4239156846374834
elven_longknife_0_v19.png,0,-2.999796898955947,1.406198849322066
elven_longknife_1_v0.png,1,2.5269223842130306,1.4827649472216524
elven_longknife_1_v1.png,0,-1.8893975143584072,1.6928661788105146
elven_longknife_1_v2.png,1,0.6905485076415432,1.7049493166441418
elven_longknife_1_v3.png,1,2.839266888874999,1.8686284653761986
elven_longknife_1_v4.png,1,-0.4442483241332953,1.8581037528165418
elven_longknife_1_v5.png,1,-1.170819291185996,1.5122861061255393
elven_longknife_1_v6.png,1,1.2351129783179895,1.7742459863978683
elven_longknife_1_v7.png,1,-2.7105390030823955,1.5219441783146481
elven_longknife_1_v8.png,1,2.524187059722263,1.792150390353067
elven_longknife_1_v9.png,1,1.7928945614085585,1.5526208263861545
elven_longknife_1_v10.png,1,-2.8918502056367723,1.6790107760532018
elven_longknife_1_v11.png,1,1.3309014777004862,1.4458754921644523
elven_longknife_1_v12.png,1,-0.007216440363301935,1.9139534785860768
elven_longknife_1_v13.png,0,1.3834642774837222,1.8598388150867977
elven_longknife_1_v14.png,1,2.281877054129929,1.46246891058426
elven_longknife_1_v15.png,1,-1.5385952607962938,1.6033507431026595
elven_longknife_1_v16.png,0,-2.8126644701092065,1.4235559572621008
elven_longknife_1_v17.png,0,0.5332786423388582,1.8103863085246603
elven_longknife_1_v18.png,1,1.893991797495842,1.6784432997888603
elven_longknife_1_v19.png,0,-0.023576415445049737,1.670752794631139
elven_longknife_2_v0.png,1,1.9578894035527155,1.6549007207938122
elven_longknife_2_v1.png,1,-0.4292950017453756,1.5777615834811887
elven_longknife_2_v2.png,1,-1.8536290826331001,1.6161541907110764
elven_longknife_2_v3.png,1,1.3835677940289843,1.6699220322914035
elven_longknife_2_v4.png,0,-0.42068572811280003,1.9855561278879454
elven_longknife_2_v5.png,0,-2.3094940791068375,1.9069236303521608
elven_longknife_2_v6.png,1,-3.019265700768743,1.5067490101948986
elven_longknife_2_v7.png,0,0.5325862972736006,1.5375610656952632
elven_longknife_2_v8.png,0,0.5768286496706507,1.90483465832449
elven_longknife_2_v9.png,0,0.2071784292821719,1.4003912710637203
elven_longknife_2_v10.png,0,3.1338647011733443,1.7430302272240532
elven_longknife_2_v11.png,0,-1.0222840271184124,1.7754840256334818
elven_longknife_2_v12.png,0,-2.5712856324938382,1.4810468830688035
elven_longknife_2_v13.png,0,2.0191556074446053,1.7125846626667398
elven_longknife_2_v14.png,0,1.2389006977787063,1.449131854192785
elven_longknife_2_v15.png,0,1.9114576375216425,1.6122190719550509
elven_longknife_2_v16.png,0,-1.7507384279588747,1.6123015398793117
elven_longknife_2_v17.png,1,1.449850590224108,1.7666382482181815
elven_longknife_2_v18.png,1,-1.9845935528318686,1.9200783947713047
elven_longknife_2_v19.png,1,-0.32294854696532616,1.5201974540401582
elven_longknife_3_v0.png,1,-1.06707721699809,1.7270282931695988
elven_longknife_3_v1.png,0,0.26383812482913926,1.5463335758932106
elven_longknife_3_v2.png,0,-2.2243129734782894,1.5202857608376086
elven_longknife_3_v3.png,0,-2.2301452974167795,1.7136063037003006
elven_longknife_3_v4.png,1,-1.9135033060437037,1.6665182474763454
elven_longknife_3_v5.png,0,0.3275112286228663,1.8099537750531725
elven_longknife_3_v6.png,1,1.5510188369723388,1.5872170756095199
elven_longknife_3_v7.png,0,0.8379794851689548,1.8627402574405094
elven_longknife_3_v8.png,0,2.650378220066133,1.5302344254603844
elven_longknife_3_v9.png,1,-1.2371040741007233,1.7061425102459924
elven_longknife_3_v10.png,1,0.9518475888835176,1.9282014707786435
elven_longknife_3_v11.png,0,-2.844143101909868,1.587057246906193
elven_longknife_3_v12.png,1,-1.2980893077143962,1.8153579759113208
elven_longknife_3_v13.png,1,3.0915618239535276,1.6234635001860678
elven_longknife_3_v14.png,1,-2.8540657393388047,1.775817354608662
elven_longknife_3_v15.png,1,-0.9486486554096594,1.7074541612199934
elven_longknife_3_v16.png,1,-1.9216153045154005,2.06737448287328
elven_longknife_3_v17.png,0,-1.92751977603936,1.7969306146343007
elven_longknife_3_v18.png,1,0.7788086624387782,1.8930187695653473
elven_longknife_3_v19.png,0,-1.9855576057143063,1.7767980255623421
elven_longknife_4_v0.png,0,-1.146883422058938,1.9755140318363178
elven_longknife_4_v1.png,1,0.40702343375687744,1.4178504897612711
elven_longknife_4_v2.png,0,0.025703078943618785,1.5487057973296965
elven_longknife_4_v3.png,0,-2.3420118734942053,1.5422970358077455
elven_longknife_4_v4.png,0,2.5809359497537026,1.8230856496998054
elven_longknife_4_v5.png,0,-2.4173416660791305,1.5309141637499473
elven_longknife_4_v6.png,0,2.8202071047848847,1.6144696249745898
elven_longknife_4_v7.png,0,1.5949432181526952,1.7838533540434653
elven_longknife_4_v8.png,0,-0.06498917725847386,1.957017572964464
elven_longknife_4_v9.png,1,-0.9318764464834528,1.6245197254560553
elven_longknife_4_v10.png,0,-2.1969855996491274,1.9486604857459018
elven_longknife_4_v11.png,1,-0.04810341203160107,1.6928637548971899
elven_longknife_4_v12.png,0,0.883145044344255,1.6230131475167093
elven_longknife_4_v13.png,1,0.6002444260920945,1.616936145879076
elven_longknife_4_v14.png,0,1.8302475952623203,1.7672764438588668
elven_longknife_4_v15.png,1,-0.43770928933600084,1.8398494069359832
elven_longknife_4_v16.png,0,1.244669721567363,1.6914353615602877
elven_longknife_4_v17.png,0,-1.3384623163971554,1.5043732567801371
elven_longknife_4_v18.png,1,1.7211472244805717,1.8858847933244507
elven_longknife_4_v19.png,0,-1.5067449765603982,1.6427966599151473
emerald_halberd_0_v0.png,1,2.393176720788391,1.7919227164525826
emerald_halberd_0_v1.png,1,-0.7288975036095402,1.4075763554205019
emerald_halberd_0_v2.png,1,0.7645314763655262,1.8009639185044855
emerald_halberd_0_v3.png,1,2.374426994683935,1.8938313052347666
emerald_halberd_0_v4.png,1,2.9945508042895073,1.4484816593565908
emerald_halberd_0_v5.png,1,1.8299680090486277,1.7365997344112962
emerald_halberd_0_v6.png,0,1.9144390421043962,1.608379845215162
emerald_halberd_0_v7.png,1,0.8644032419444434,1.6929027024187817
emerald_halberd_0_v8.png,0,-2.2750332981695864,1.5328632653824876
emerald_halberd_0_v9.png,1,3.011162737375943,1.4664789326982495
emerald_halberd_0_v10.png,1,2.185868113123393,1.4159937854409543
emerald_halberd_0_v11.png,0,0.0003417326868948578,1.7118740326505206
emerald_halberd_0_v12.png,0,0.7134453183525395,1.7163486677972486
emerald_halberd_0_v13.png,1,-0.5815406689308977,1.9191644696322407
emerald_halberd_0_v14.png,0,1.1046387676097744,1.43471016417149
emerald_halberd_0_v15.png,0,-0.5787505628828242,1.35215725865557
emerald_halberd_0_v16.png,0,-0.29919983555218543,1.536001094708888
emerald_halberd_0_v17.png,1,-2.256140321469407,1.6638995949164392
emerald_halberd_0_v18.png,0,1.6684066247051117,1.475151124016836
emerald_halberd_0_v19.png,1,0.8168620731096301,1.586268218400597
emerald_halberd_1_v0.png,1,2.412248999213363,1.5540698205901726
emerald_halberd_1_v1.png,0,2.045469207270283,1.7941594560046576
emerald_halberd_1_v2.png,1,2.628877006222439,1.577457856485905
emerald_halberd_1_v3.png,1,2.496260538849228,1.7619797425316714
emerald_halberd_1_v4.png,1,-1.3384717502263213,1.452344272989601
emerald_halberd_1_v5.png,0,-0.9721351281018986,1.3709543255152359
emerald_halberd_1_v6.png,0,-0.3598576253179453,1.7995591697984867
emerald_halberd_1_v7.png,1,1.9911614406515845,1.6651059763815992
emerald_halberd_1_v8.png,0,2.554829086043884,1.5013630051071085
emerald_halberd_1_v9.png,0,2.5934045460744226,1.505341350441254
emerald_halberd_1_v10.png,1,2.703765721004846,1.7818545367516043
emerald_halberd_1_v11.png,1,2.1732195661024156,1.391579839708724
emerald_halberd_1_v12.png,1,2.8818192212347973,1.6256172783365572
emerald_halberd_1_v13.png,0,-2.1061893812954953,1.334630772927363
emerald_halberd_1_v14.png,0,2.4079157574258003,1.770845661986734
emerald_halberd_1_v15.png,0,0.7929953632744837,1.671380041507367
emerald_halberd_1_v16.png,1,-2.6847840499254763,1.4091674121427384
emerald_halberd_1_v17.png,1,1.1165957248643759,1.3729896263736716
emerald_halberd_1_v18.png,1,-1.0227927253531286,1.3150712214630669
emerald_halberd_1_v19.png,0,-1.407900719577464,1.4342957271861392
emerald_halberd_2_v0.png,0,2.5247334891840953,1.3653178157760457
emerald_halberd_2_v1.png,1,1.1394394107180852,1.3493952192055285
emerald_halberd_2_v2.png,0,-1.3924120885557825,1.3819600984911138
emerald_halberd_2_v3.png,1,2.657857956669981,1.3153485178312685
emerald_halberd_2_v4.png,1,-3.112626505239046,1.4184062985456718
emerald_halberd_2_v5.png,1,2.184212244885022,1.3644125850272795
emerald_halberd_2_v6.png,0,-1.2410412447540917,1.2207571260838217
emerald_halberd_2_v7.png,0,0.5942813767417978,1.2318008507153853
emerald_halberd_2_v8.png,1,-2.876437655381266,1.2421224041637529
emerald_halberd_2_v9.png,0,-0.541634069424699,1.270407441118269
emerald_halberd_2_v10.png,0,-1.512016423911163,1.1938256474411961
emerald_halberd_2_v11.png,0,-0.7807244521695917,1.5420026329006473
emerald_halberd_2_v12.png,1,-1.909872369774508,1.4365944427704285
emerald_halberd_2_v13.png,1,0.5025743375754628,1.304929332931076
emerald_halberd_2_v14.png,0,0.7381348915719386,1.216201539705415
emerald_halberd_2_v15.png,0,-2.5522133508213423,1.4676849504363427
emerald_halberd_2_v16.png,0,-0.445431803949381,1.121931209947306
emerald_halberd_2_v17.png,1,0.03399806163243824,1.3773678962839628
emerald_halberd_2_v18.png,0,0.008441197784172516,1.3342950916013006
emerald_halberd_2_v19.png,0,-0.19218421972873578,1.201225484912639
emerald_halberd_3_v0.png,0,1.433827014299573,1.7548886927816703
emerald_halberd_3_v1.png,0,-0.3687566147366277,1.6212125872883543
emerald_halberd_3_v2.png,1,1.8013011820143126,1.5136189980291725
emerald_halberd_3_v3.png,1,-1.462920494958821,1.9950394385778751
emerald_halberd_3_v4.png,0,0.7542421654096598,1.9092217360558277
emerald_halberd_3_v5.png,0,2.3151295532895224,1.5271802858123
emerald_halberd_3_v6.png,0,0.14327104582945305,1.5065609767661827
emerald_halberd_3_v7.png,0,-2.6901053330311937,1.594869963045769
emerald_halberd_3_v8.png,0,-2.558813096121913,1.7679067400463386
emerald_halberd_3_v9.png,0,2.5597645245255007,1.9642151033789632
emerald_halberd_3_v10.png,0,-1.951147905788039,1.9330338780727685
emerald_halberd_3_v11.png,1,-1.060975077135483,1.6172159331416704
emerald_halberd_3_v12.png,0,-2.6119208608973987,1.5673421546285566
emerald_halberd_3_v13.png,1,2.3254668643717924,1.419401180512666
emerald_halberd_3_v14.png,1,3.02272356522292,1.5379762062671205
emerald_halberd_3_v15.png,0,-3.0682351532680974,1.5358812885216013
emerald_halberd_3_v16.png,0,-0.7766370470429687,1.7757615210381064
emerald_halberd_3_v17.png,1,-1.803941353943145,1.7258411273756284
emerald_halberd_3_v18.png,1,2.132346476195267,1.9545032795747144
emerald_halberd_3_v19.png,0,-0.014893099155898426,1.549474164736048
emerald_halberd_4_v0.png,0,-2.4430073829755408,1.6923980080466736
emerald_halberd_4_v1.png,0,-0.778899398038817,1.370992015933973
emerald_halberd_4_v2.png,0,-0.19807468660912475,1.9154366762131838
emerald_halberd_4_v3.png,0,-2.7063503390611423,1.6232827138608474
emerald_halberd_4_v4.png,1,-1.69608746436856,1.8163231016014825
emerald_halberd_4_v5.png,0,-1.385231937968772,1.7765155652310696
emerald_halberd_4_v6.png,1,2.257949763877954,1.5327409848246798
emerald_halberd_4_v7.png,1,-1.1160729376066154,1.7061612870589653
emerald_halberd_4_v8.png,0,3.0370469055401648,1.5831986046426223
emerald_halberd_4_v9.png,0,2.5095902434269295,1.5794843972274109
emerald_halberd_4_v10.png,1,-1.0518323723667393,1.383834032613854
emerald_halberd_4_v11.png,1,0.5271144199603539,1.6967992243884626
emerald_halberd_4_v12.png,0,-0.7692548910151942,1.410291893412689
emerald_halberd_4_v13.png,0,0.6509958726594325,1.3584033533303004
emerald_halberd_4_v14.png,0,1.2354367878632582,1.9077058470517676
emerald_halberd_4_v15.png,0,-0.14705469273422445,1.4436828019494756
emerald_halberd_4_v16.png,1,-2.3506895899507567,1.6785673695788852
emerald_halberd_4_v17.png,0,0.2745222223322745,1.9131623760113465
emerald_halberd_4_v18.png,0,-1.4626327752875898,1.8668578409309848
emerald_halberd_4_v19.png,0,-2.2790149862525144,1.8214372726771
energy_lance_0_v0.png,0,-2.6188773773078315,1.5047480353737108
energy_lance_0_v1.png,0,3.0801765532181324,1.5196272635280499
energy_lance_0_v2.png,1,-2.8493912434541615,1.685012122352257
energy_lance_0_v3.png,0,0.9608474639555384,1.6285698901471726
energy_lance_0_v4.png,0,-0.9176844225215732,1.8612507168751402
energy_lance_0_v5.png,1,2.759058955643833,1.8137117438079597
energy_lance_0_v6.png,1,0.42302028346831344,1.873289843268683
energy_lance_0_v7.png,1,0.9439532303743503,1.748414928756062
energy_lance_0_v8.png,1,2.4624979061410217,1.8627823454849277
energy_lance_0_v9.png,1,-1.3823568326668267,1.47982450027734
energy_lance_0_v10.png,1,2.6283892101509734,1.7621129692150326
energy_lance_0_v11.png,1,2.4986317935994524,1.9614262355266832
energy_lance_0_v12.png,0,0.8257264221870946,1.6313800542106116
energy_lance_0_v13.png,1,-3.0852160400714483,1.629597066162426
energy_lance_0_v14.png,1,2.407750663044548,1.4156623666223511
energy_lance_0_v15.png,1,1.689117168474444,1.4027779982967357
energy_lance_0_v16.png,0,0.24857925511065915,1.7278802289344624
energy_lance_0_v17.png,1,-2.629515402216809,1.7625739283358715
energy_lance_0_v18.png,1,1.6363547430047098,1.680408555119874
energy_lance_0_v19.png,1,-1.4979558106124369,1.9981544353695477
energy_lance_1_v0.png,1,-0.686558584250052,1.4610321245876499
energy_lance_1_v1.png,1,0.3680204160636522,1.6568847206192094
energy_lance_1_v2.png,1,-2.8587267230066695,1.4339380729450992
energy_lance_1_v3.png,1,2.1849144941268497,1.5163936576044552
energy_lance_1_v4.png,1,0.933539785623779,1.417071813340335
energy_lance_1_v5.png,1,1.7005287623580514,1.6367347417530447
energy_lance_1_v6.png,0,2.1446095138241104,1.4129016293427297
energy_lance_1_v7.png,1,-1.088660095051896,1.5613629778378395
energy_lance_1_v8.png,1,1.093406908735519,1.8674170138925081
energy_lance_1_v9.png,1,0.04217911696488719,1.8986613709571467
energy_lance_1_v10.png,0,-1.164281428817048,1.5119923804899762
energy_lance_1_v11.png,1,-2.84045886996108,1.6402030637477787
energy_lance_1_v12.png,1,0.17654425907886495,1.7830096745589725
energy_lance_1_v13.png,1,1.6024843003964218,1.4060729341923417
energy_lance_1_v14.png,0,2.406476033998608,1.3822392185069698
energy_lance_1_v15.png,0,2.2955672096808204,1.4268119179641476
energy_lance_1_v16.png,0,1.9757296005724496,1.4046719362394473
energy_lance_1_v17.png,0,-2.42373632157741,1.82277584000463
energy_lance_1_v18.png,0,2.4949351464503176,1.6952055892972548
energy_lance_1_v19.png,1,-0.3637896835543153,1.500023786612518
energy_lance_2_v0.png,1,-0.5004582619162077,1.664256563751162
energy_lance_2_v1.png,0,0.5330996387395213,1.4727672510880023
energy_lance_2_v2.png,1,1.56571555423857,1.7060128528683947
energy_lance_2_v3.png,0,1.8259712670767556,1.4876189015343644
energy_lance_2_v4.png,1,1.7455384443358117,1.498211487571091
energy_lance_2_v5.png,0,-0.9748141884027856,1.5665819163530206
energy_lance_2_v6.png,0,-0.2508811191127839,1.653816982582816
energy_lance_2_v7.png,1,0.6642701910250386,1.4662445528361676
energy_lance_2_v8.png,0,2.751320650078342,1.7054887258736107
energy_lance_2_v9.png,1,-0.33496291196260874,1.9036745534823494
energy_lance_2_v10.png,1,-0.1480457199537787,1.7846114779533622
energy_lance_2_v11.png,0,-0.28612523649454247,1.5606788836194398
energy_lance_2_v12.png,0,-0.14674719880241804,1.5343788636228248
energy_lance_2_v13.png,1,-2.8933639532046618,1.5176182694245248
energy_lance_2_v14.png,0,-1.666786464333035,1.511326501958372
energy_lance_2_v15.png,1,1.2969448866465692,1.8942078422885846
energy_lance_2_v16.png,0,0.26454839451070256,1.9685064884497103
energy_lance_2_v17.png,0,-1.7878963416232858,1.7707890091197585
energy_lance_2_v18.png,0,-2.4606007222212236,1.5106639017842494
energy_lance_2_v19.png,0,2.38389955806835,1.5014351238561903
energy_lance_3_v0.png,1,-0.8562443994639732,1.924872499358496
energy_lance_3_v1.png,1,1.9214533353326129,1.7036860838563832
energy_lance_3_v2.png,1,-0.3283242807154316,1.352331536371446
energy_lance_3_v3.png,1,1.261070847758228,1.4097551396175652
energy_lance_3_v4.png,1,0.741239625229819,1.718267025842035
energy_lance_3_v5.png,1,2.2281521166752953,1.640205005520848
energy_lance_3_v6.png,1,-2.6549253963022075,1.4291635486616132
energy_lance_3_v7.png,0,-0.3376677519453475,1.372169188405654
energy_lance_3_v8.png,1,3.1412816205421965,1.5645538234399468
energy_lance_3_v9.png,0,-1.4404582902804846,1.426225566607756
energy_lance_3_v10.png,1,-1.700340033630253,1.9064005345930144
energy_lance_3_v11.png,0,-1.5340535679787761,1.5474708815992486
energy_lance_3_v12.png,1,2.475531348008117,1.6979363824793672
energy_lance_3_v13.png,0,-0.4398017024217844,1.4379371198153816
energy_lance_3_v14.png,1,1.37794548527492,1.4091494530050186
energy_lance_3_v15.png,0,-1.2879311096380537,1.4890120686989747
energy_lance_3_v16.png,0,-1.466453865067086,1.8577734941101565
energy_lance_3_v17.png,0,-2.956365920612466,1.4016980656198887
energy_lance_3_v18.png,1,1.817443618962773,1.7652455708563637
energy_lance_3_v19.png,1,-1.5342074891618438,1.8129185997376507
energy_lance_4_v0.png,1,-2.5900650177424285,1.3803091641136036
energy_lance_4_v1.png,1,-2.6559240785005294,1.389393459086815
energy_lance_4_v2.png,1,0.7808419023208425,1.5559302537502493
energy_lance_4_v3.png,0,0.2752545146800768,1.3014314528865636
energy_lance_4_v4.png,1,-2.9893668214980846,1.3185289985349586
energy_lance_4_v5.png,1,-1.6895572946476918,1.437895887941976
energy_lance_4_v6.png,1,-2.242520194677732,1.6875055577719305
energy_lance_4_v7.png,0,-2.703597727823286,1.6765876973941307
energy_lance_4_v8.png,0,1.3228653876428598,1.814817388221218
energy_lance_4_v9.png,0,-0.6339375240801259,1.5147877248252455
energy_lance_4_v10.png,1,0.7149439990461458,1.3353952802018716
energy_lance_4_v11.png,0,2.391212467123465,1.3457707910951717
energy_lance_4_v12.png,1,-2.022152818457498,1.7143373206130996
energy_lance_4_v13.png,0,0.012172511355725613,1.4144043432066002
energy_lance_4_v14.png,0,-2.3032666443419014,1.7108444801106253
energy_lance_4_v15.png,0,-0.3710741653342524,1.3992212030278177
energy_lance_4_v16.png,0,1.1065480759045094,1.579748615357969
energy_lance_4_v17.png,0,-3.0945316240603797,1.3486297706948613
energy_lance_4_v18.png,0,-2.754684991879305,1.6301788990601054
energy_lance_4_v19.png,0,-2.993393992574316,1.5307450588460187
energy_sword_0_v0.png,0,-1.6435607432791124,1.5138487346018394
energy_sword_0_v1.png,1,2.4038098127506298,1.3246792967134777
energy_sword_0_v2.png,0,-0.15186652119647093,1.4990384694871104
energy_sword_0_v3.png,0,-2.0243819003758654,1.6470378465867426
energy_sword_0_v4.png,1,2.2893614699321905,1.6902531027127137
energy_sword_0_v5.png,0,0.5594076915538553,1.5380865875688987
energy_sword_0_v6.png,1,-3.130566172200712,1.3824691707676697
energy_sword_0_v7.png,1,3.0974943182246792,1.7258240983903335
energy_sword_0_v8.png,0,-2.3153034005142192,1.7543615658989604
energy_sword_0_v9.png,0,-3.0442914437651,1.410141508103248
energy_sword_0_v10.png,1,-0.8565277909516809,1.482695318091768
energy_sword_0_v11.png,0,-2.675127964227314,1.3979063328901158
energy_sword_0_v12.png,0,2.9559157252007484,1.7165599533774578
energy_sword_0_v13.png,1,1.8234046788467149,1.6360074255592467
energy_sword_0_v14.png,0,1.2322783118203775,1.7110302875643413
energy_sword_0_v15.png,0,-1.3957803949693535,1.382326451541692
energy_sword_0_v16.png,1,1.3565275886717547,1.3271404191772473
energy_sword_0_v17.png,0,1.1546390015329422,1.313812231349553
energy_sword_0_v18.png,1,0.15862651778172854,1.8020213524716149
energy_sword_0_v19.png,1,2.8871475874268606,1.5420245244981745
energy_sword_1_v0.png,0,0.44888077446523544,1.6389813631256365
energy_sword_1_v1.png,1,-0.03200355587257864,1.5023483838129201
energy_sword_1_v2.png,1,-1.8948734030996963,1.6046735470384224
energy_sword_1_v3.png,0,-0.9211562298126861,1.6090592011314515
energy_sword_1_v4.png,0,1.9049652557179377,1.5527579720143647
energy_sword_1_v5.png,1,0.2923636281662727,1.4218203221545334
energy_sword_1_v6.png,1,-0.9543416329091556,1.3053012526399674
energy_sword_1_v7.png,0,-0.20541464251518482,1.3321263218074797
energy_sword_1_v8.png,1,-1.566976861176677,1.4528382221914564
energy_sword_1_v9.png,1,1.3917190524134404,1.560803013095289
energy_sword_1_v10.png,0,-1.0712607498168918,1.5783558747624424
energy_sword_1_v11.png,1,0.7426690564242717,1.6117249185075797
energy_sword_1_v12.png,0,-2.19068672385315,1.319144413203015
energy_sword_1_v13.png,0,1.6527444816835049,1.4074574283883374
energy_sword_1_v14.png,0,0.47245637434381993,1.3584683488264422
energy_sword_1_v15.png,0,-0.6014587494405319,1.612552092375533
energy_sword_1_v16.png,0,0.8269108062135062,1.448834619360822
energy_sword_1_v17.png,1,-0.3119544441428559,1.545584246468977
energy_sword_1_v18.png,1,2.029203356442064,1.725857824619535
energy_sword_1_v19.png,1,-0.12660941043650853,1.8357247577567026
energy_sword_3_v0.png,1,0.36671451349082806,1.4665138852945472
energy_sword_3_v1.png,1,0.8717754409227183,1.7644877602630242
energy_sword_3_v2.png,1,1.8344805561537885,1.454368411417838
energy_sword_3_v3.png,0,-1.7525772927403462,1.4838508989268133
energy_sword_3_v4.png,0,-2.7805654714569843,1.4229727343739025
energy_sword_3_v5.png,1,-0.5293259022613261,1.8672821126626582
energy_sword_3_v6.png,1,1.3687148717313127,1.701708154544314
energy_sword_3_v7.png,0,-2.37219289204565,1.5763894039001716
energy_sword_3_v8.png,1,-2.1546736000977864,1.9073314040264258
energy_sword_3_v9.png,1,-0.6616921795423476,1.4553817995860892
energy_sword_3_v10.png,1,-2.8015746726422086,1.8760782152165176
energy_sword_3_v11.png,0,-2.083747612271874,1.4427184817635594
energy_sword_3_v12.png,1,-1.4145212688902458,1.6420140385046171
energy_sword_3_v13.png,0,0.4752921875244087,1.4874980820713124
energy_sword_3_v14.png,1,2.694478104308065,1.9914527456006887
energy_sword_3_v15.png,0,-3.0657411846171305,1.7928718696532093
energy_sword_3_v16.png,0,2.349049057971675,1.554642333649107
energy_sword_3_v17.png,1,1.0492840520903457,1.8763234476548243
energy_sword_3_v18.png,0,2.6074865542932737,1.7233838643570165
energy_sword_3_v19.png,0,2.5895716332664405,1.927308159937487
energy_sword_4_v0.png,1,0.9017917014310761,1.3913182765289878
energy_sword_4_v1.png,0,0.15949608985679165,1.3530736071867275
energy_sword_4_v2.png,1,-0.539947081873378,1.5221146577769797
energy_sword_4_v3.png,1,-0.4899369550937873,1.834022557363026
energy_sword_4_v4.png,1,0.5147463337758096,1.433406925499345
energy_sword_4_v5.png,1,1.051456184307772,1.429878985150822
energy_sword_4_v6.png,0,-1.9687047562892364,1.4134257458152948
energy_sword_4_v7.png,1,-2.365963341166232,1.6310616819592223
energy_sword_4_v8.png,1,-3.057112445196976,1.508194840613492
energy_sword_4_v9.png,0,-0.4421207793494766,1.6453415285238375
energy_sword_4_v10.png,0,-0.23655074759681582,1.516775488247677
energy_sword_4_v11.png,1,-2.795675922336697,1.4232628754160725
energy_sword_4_v12.png,0,-1.003142384287413,1.4144521135065935
energy_sword_4_v13.png,0,-2.055128511566971,1.4670962791003888
energy_sword_4_v14.png,0,-2.366212472969692,1.4878186192816567
energy_sword_4_v15.png,0,-1.888247063167265,1.6028498828269173
energy_sword_4_v16.png,0,-2.0579113606361705,1.7188553960471775
energy_sword_4_v17.png,1,1.983246948511323,1.388409886253216
energy_sword_4_v18.png,1,0.5705750865134982,1.9150359937796286
energy_sword_4_v19.png,1,-1.1186821481467106,1.731400030037055
excalibur_0_v0.png,1,-0.4716878690146826,1.5976493128303966
excalibur_0_v1.png,1,1.6538690109178853,1.4353745077568365
excalibur_0_v2.png,1,1.8711257548545495,1.4656147630654435
excalibur_0_v3.png,1,-2.6611305587465797,1.499022574783366
excalibur_0_v4.png,0,-0.8687677142092891,1.5650610327803551
excalibur_0_v5.png,1,-2.0002097145839555,1.8772743549279294
excalibur_0_v6.png,0,0.7343554938056149,1.5292038008219657
excalibur_0_v7.png,1,-2.1379890052815904,1.574753592872758
excalibur_0_v8.png,0,-0.9984741809868956,1.5437598179958274
excalibur_0_v9.png,1,-1.7422031745034072,1.4606145417139127
excalibur_0_v10.png,0,3.119805169625298,1.5197682108105217
excalibur_0_v11.png,0,0.3264265103695405,1.733373988052811
excalibur_0_v12.png,0,-0.8330474460513404,1.7735120785391325
excalibur_0_v13.png,0,1.7884977540948295,1.87012347422171
excalibur_0_v14.png,1,-0.2809754122251076,1.484634689565585
excalibur_0_v15.png,1,1.5487036820418485,1.660668815570068
excalibur_0_v16.png,0,-1.3828256871290456,1.9032019951926595
excalibur_0_v17.png,1,0.22585245314102176,1.4872675233253767
excalibur_0_v18.png,1,0.22010966751931882,1.5316596593069134
excalibur_0_v19.png,1,3.093032239644844,1.854424842567304
excalibur_1_v0.png,1,-2.1045304537852125,1.4833673174844066
excalibur_1_v1.png,0,-3.09925504345104,1.9006742506543646
excalibur_1_v2.png,1,0.277925890164195,1.8320274210650163
excalibur_1_v3.png,1,1.4646688976917053,1.4361676105912735
excalibur_1_v4.png,0,-2.952007833943434,1.901224856207447
excalibur_1_v5.png,1,-0.09186137578453257,1.6527568066814995
excalibur_1_v6.png,1,-1.928572417681032,1.8400620765836144
excalibur_1_v7.png,1,-0.6148596865223626,1.801506523970646
excalibur_1_v8.png,1,-2.1402963100199264,1.4399768435999685
excalibur_1_v9.png,1,1.2270091230338507,1.474668239762656
excalibur_1_v10.png,1,-2.314676904264708,1.6437748845161808
excalibur_1_v11.png,1,-1.7715736328689253,1.5917156162716992
excalibur_1_v12.png,1,0.696983609034729,1.4931680487861136
excalibur_1_v13.png,1,-2.1468041563846576,1.7182652194795167
excalibur_1_v14.png,0,-1.923391563617181,1.7034769733001485
excalibur_1_v15.png,0,-0.4467023541449291,1.7228796255472243
excalibur_1_v16.png,1,1.2850299747464355,1.810500256135643
excalibur_1_v17.png,1,-2.9916968333333553,1.8886867427533516
excalibur_1_v18.png,0,-0.7189224241993952,1.746713968390211
excalibur_1_v19.png,0,-2.317327603163484,1.589418507993688
excalibur_2_v0.png,1,2.4060835470723325,1.6067612220204954
excalibur_2_v1.png,1,3.0554665401621706,1.384283471601886
excalibur_2_v2.png,1,1.549942012745359,1.6129891778164465
excalibur_2_v3.png,1,0.6287310457428528,1.873751041846599
excalibur_2_v4.png,1,-0.24922914445433753,1.4260589148501808
excalibur_2_v5.png,1,0.9978698368463237,1.715784062526326
excalibur_2_v6.png,0,-0.06931498552645587,1.7395676431667475
excalibur_2_v7.png,0,-3.123081635443973,1.497508745043878
excalibur_2_v8.png,0,-0.7282545293747007,1.8385369011869779
excalibur_2_v9.png,1,-1.1758169081153618,1.4904456381807842
excalibur_2_v10.png,1,1.116496051553151,1.6013138105334943
excalibur_2_v11.png,0,0.8716707481265515,1.4254777736218103
excalibur_2_v12.png,0,1.744361048590219,1.3585587120213338
excalibur_2_v13.png,1,0.3429447514452537,1.7353503817668123
excalibur_2_v14.png,1,-0.9701191658399626,1.8276821823415126
excalibur_2_v15.png,0,-1.8352209373753157,1.3546460453329472
excalibur_2_v16.png,1,2.8109243446130536,1.769621867378016
excalibur_2_v17.png,0,0.40313266168957274,1.6930763565326283
excalibur_2_v18.png,1,-1.8249679957410976,1.7581371641804053
excalibur_2_v19.png,1,1.6499323997379096,1.7204410094998426
excalibur_3_v0.png,0,-2.3797700966806086,1.6101471430278478
excalibur_3_v1.png,1,-0.20567914228543271,1.7531643671337398
excalibur_3_v2.png,0,-0.65168409479829,1.7579903718500547
excalibur_3_v3.png,1,2.125556227241872,1.5820610370221893
excalibur_3_v4.png,1,2.351373228030892,1.583863522486076
excalibur_3_v5.png,1,2.163036329102989,1.4217134259422661
excalibur_3_v6.png,1,0.9081706677183794,1.7577611934250374
excalibur_3_v7.png,0,-1.533996053122328,1.5537640988917012
excalibur_3_v8.png,1,-0.5909014695689714,1.4734121981172492
excalibur_3_v9.png,1,2.6792318486580515,1.472235562558969
excalibur_3_v10.png,0,-0.5885863937289249,1.7895436851814912
excalibur_3_v11.png,1,-0.49763499386657806,1.7692201720998095
excalibur_3_v12.png,0,-3.040295713592425,1.7288152540778619
excalibur_3_v13.png,0,3.08238160168771,1.4787015869773534
excalibur_3_v14.png,0,1.6102508407719127,1.70986708419013
excalibur_3_v15.png,1,-1.7364017113083108,1.5853813810879915
excalibur_3_v16.png,1,0.5509721219615882,1.4007377435015576
excalibur_3_v17.png,1,1.301351116798197,1.7275910136420485
excalibur_3_v18.png,1,1.0758897866436692,1.5629226604851154
excalibur_3_v19.png,0,2.7777850210625394,1.8801871981058464
excalibur_4_v0.png,0,2.266406125614448,2.065581765759118
excalibur_4_v1.png,1,0.3098611339317858,1.4791811336407426
excalibur_4_v2.png,1,-1.8883926700789395,1.6945912606665239
excalibur_4_v3.png,1,0.7181075732120266,1.6030095271997478
excalibur_4_v4.png,0,2.5375227400526583,2.062056970355873
excalibur_4_v5.png,0,-2.7746092338975274,1.5142167127648738
excalibur_4_v6.png,0,1.7068509971898398,1.683288810448345
excalibur_4_v7.png,0,-1.6676943552426557,2.0389839040489193
excalibur_4_v8.png,1,-2.634213292856687,1.7881377064014001
excalibur_4_v9.png,0,0.8538737304511472,1.578727185445707
excalibur_4_v10.png,0,-1.57623564597872,2.0122383290266237
excalibur_4_v11.png,0,1.494665308735739,1.7195958587282036
excalibur_4_v12.png,0,0.9752065155184226,2.06493107767942
excalibur_4_v13.png,1,1.9533683222646685,2.0414867642910726
excalibur_4_v14.png,0,-1.0693033812166828,1.6575847435886
excalibur_4_v15.png,1,0.05263298464331001,1.6107010852484218
excalibur_4_v16.png,1,-3.1086098473182626,1.5885995145391296
excalibur_4_v17.png,1,-1.6314470993012016,2.0418055131258774
excalibur_4_v18.png,0,-0.5236039719523773,1.799258336921772
excalibur_4_v19.png,0,1.4485975120096999,2.027273747558073
flail_0_v0.png,1,-1.398314834427004,1.8242545293991632
flail_0_v1.png,0,2.261430139044224,1.4902216226803469
flail_0_v2.png,1,0.4134772088402222,1.5089044591434524
flail_0_v3.png,0,2.758594024343064,1.9995681080832461
flail_0_v4.png,0,-1.7984844515921514,1.6116139611183022
flail_0_v5.png,1,2.86293752654405,1.5508334399934265
flail_0_v6.png,0,-2.964505997364233,1.885475519193026
flail_0_v7.png,0,-1.3959934629067257,1.554003871865661
flail_0_v8.png,0,-1.3798711482384491,1.4072443796334917
flail_0_v9.png,0,-0.12012340490948337,1.7366629996047085
flail_0_v10.png,0,-0.757942153877109,1.7998394460712213
flail_0_v11.png,0,1.0672281200367366,1.8985972705638363
flail_0_v12.png,0,-0.33700355180544606,1.5907827676084243
flail_0_v13.png,0,-2.1812079987609674,1.5660772894213835
flail_0_v14.png,0,1.3004783554505122,1.5307360853565015
flail_0_v15.png,0,1.5241459993255,1.9508069470829867
flail_0_v16.png,0,-1.171397991467325,1.7529230590120133
flail_0_v17.png,1,2.3537031914231217,1.815130714149961
flail_0_v18.png,1,-2.9818839386264466,1.84962352502056
flail_0_v19.png,1,-2.13313917212327,1.93795934097053
flail_1_v0.png,1,1.811084187435424,1.545801162370797
flail_1_v1.png,0,-2.703317635613046,1.5136336948145581
flail_1_v2.png,0,1.007879597139666,1.5135462211321802
flail_1_v3.png,1,-1.0259338280156394,1.3811020717478417
flail_1_v4.png,1,1.5728083422060928,1.4343076721495416
flail_1_v5.png,1,1.8236396308022391,1.356834209233215
flail_1_v6.png,1,-2.4432470119361405,1.3492419355065897
flail_1_v7.png,1,-1.25787569444889,1.7650462951202597
flail_1_v8.png,1,-0.23612168389946808,1.4914027842206363
flail_1_v9.png,1,-0.40983990460176595,1.384967700766168
flail_1_v10.png,1,1.3845596726636245,1.2622465947629313
flail_1_v11.png,1,-2.4280031772606296,1.348443833941459
flail_1_v12.png,1,-1.4767238664283213,1.433680452297649
flail_1_v13.png,1,-0.2523218634473834,1.7659916670320266
flail_1_v14.png,1,-2.827102169823843,1.5390183750917237
flail_1_v15.png,0,-1.5202045799953314,1.4087286919255435
flail_1_v16.png,0,-2.3225676309495396,1.570278801520576
flail_1_v17.png,1,1.4995364903566684,1.2511055583025064
flail_1_v18.png,1,2.8699806352682797,1.690654541932922
flail_1_v19.png,0,-0.999713143554171,1.3344527236109949
flail_2_v0.png,1,-1.0064030372788686,1.5620643994339247
flail_2_v1.png,0,-0.3542000634171827,1.3561545572073506
flail_2_v2.png,1,-2.97957194764728,1.8530376478256227
flail_2_v3.png,1,0.6719049741804828,1.5014783681446087
flail_2_v4.png,1,-0.02931444449250309,1.8264354388699326
flail_2_v5.png,0,-1.447866366160106,1.768578961389448
flail_2_v6.png,0,-1.0290079645712584,1.395779278733856
flail_2_v7.png,0,-2.424862515272546,1.5125186674304372
flail_2_v8.png,0,0.4135908125467771,1.8195784612476833
flail_2_v9.png,0,0.8265434882288121,1.3034000828435772
flail_2_v10.png,1,1.6815126146197057,1.6201770688632093
flail_2_v11.png,1,0.23684511572843814,1.6445366216879524
flail_2_v12.png,1,-1.9383929897603407,1.484485503388569
flail_2_v13.png,1,1.4669703697260386,1.4130693574907218
flail_2_v14.png,0,-1.521347130321196,1.434968301954205
flail_2_v15.png,0,1.8760846430447637,1.495589601415435
flail_2_v16.png,1,1.5012347599019722,1.7845845753798582
flail_2_v17.png,1,-1.4180759352240173,1.4212944730103607
flail_2_v18.png,1,-0.6572301278692647,1.3464187007283126
flail_2_v19.png,1,0.3685669719125664,1.8185709592039652
flail_3_v0.png,1,2.172777463539247,1.2406444053382852
flail_3_v1.png,0,-0.6797498058741192,1.4648344211862454
flail_3_v2.png,0,0.260472255680697,1.2636717228658867
flail_3_v3.png,0,0.5744575312404286,1.2397602896304123
flail_3_v4.png,1,-2.31552135139912,1.3465108319730301
flail_3_v5.png,0,-1.111495134511411,1.323272963545916
flail_3_v6.png,0,-2.532285491377235,1.1575185503511274
flail_3_v7.png,0,2.161462421450003,1.1491725208437902
flail_3_v8.png,1,0.2207564122824578,1.2668940545694634
flail_3_v9.png,1,2.0757100387467253,1.4523139613167604
flail_3_v10.png,1,3.015651929218345,1.1011519733901292
flail_3_v11.png,1,-0.858023035842943,1.2522484030634897
flail_3_v12.png,1,-2.0997071260352556,1.388521877284863
flail_3_v13.png,0,-2.011707728526351,1.3468823380111175
flail_3_v14.png,1,1.7648046777280961,1.0764473672208765
flail_3_v15.png,1,-2.872375547681074,1.085655832208094
flail_3_v16.png,1,2.5773321929505255,1.050487049607728
flail_3_v17.png,0,-0.7895529257114675,1.2524917440628873
flail_3_v18.png,1,1.8572957484668504,1.2169707173356399
flail_3_v19.png,1,-2.5359905497263524,1.1040066075624235
flail_4_v0.png,1,3.054369694673996,1.604874833274221
flail_4_v1.png,1,-2.9925744372808456,1.8169082311401323
flail_4_v2.png,1,-0.244523631407918,1.7057453562806828
flail_4_v3.png,0,-2.353445795719704,1.6293812028215446
flail_4_v4.png,1,2.245016249985703,1.6937110689849486
flail_4_v5.png,1,-2.859743150177109,1.9882064347122825
flail_4_v6.png,0,3.133406375477078,1.4305410936030218
flail_4_v7.png,0,-2.4670428298650666,1.9486434197146478
flail_4_v8.png,0,0.09826040261990587,1.6112847861631967
flail_4_v9.png,0,3.089022153628581,1.650237691031347
flail_4_v10.png,0,-2.0087189686379743,1.6929719072189073
flail_4_v11.png,0,-0.3110261942045459,1.8415864613891015
flail_4_v12.png,1,-2.3958798633156153,1.4162763714087536
flail_4_v13.png,0,-1.670223686077728,1.4491386686507468
flail_4_v14.png,1,-0.8073602702835752,1.8914639654151757
flail_4_v15.png,1,0.4159565790101547,1.4070510457985337
flail_4_v16.png,0,-1.0547567078537166,1.9827645710995871
flail_4_v17.png,0,-0.5616566992776033,1.607448135221158
flail_4_v18.png,1,-2.90970152219643,1.5462678179285296
flail_4_v19.png,0,-1.1680406525789928,1.4261723489646556
frostmourne_0_v0.png,0,1.8795112085323833,1.4981280823249143
frostmourne_0_v1.png,1,0.9238093314155602,1.308412478844236
frostmourne_0_v2.png,1,-1.7654921597688102,1.56236431167461
frostmourne_0_v3.png,1,0.8301307321892297,1.5421373244251648
frostmourne_0_v4.png,1,2.115290329101179,1.5462704016424158
frostmourne_0_v5.png,1,2.5303922594756454,1.5638110575510489
frostmourne_0_v6.png,0,-0.15735218544613083,1.6672545143614002
frostmourne_0_v7.png,1,0.3216406528894753,1.300283888271165
frostmourne_0_v8.png,1,-0.9045500012523697,1.5527486128649806
frostmourne_0_v9.png,1,-1.2095041903676824,1.3373667840171146
frostmourne_0_v10.png,0,0.4087893980921935,1.4483301146872232
frostmourne_0_v11.png,1,-2.7056783191537517,1.6918487451104665
frostmourne_0_v12.png,1,-1.6076067345797251,1.5840641635892554
frostmourne_0_v13.png,1,-1.9796866829603197,1.3559082402849458
frostmourne_0_v14.png,1,1.4421078320724545,1.462865640610476
frostmourne_0_v15.png,1,1.1383250707193042,1.6732444906001342
frostmourne_0_v16.png,0,1.2874038925156501,1.8403987350935058
frostmourne_0_v17.png,1,0.777666373671364,1.377273374634063
frostmourne_0_v18.png,1,0.4549388472255167,1.4490392261578922
frostmourne_0_v19.png,0,-0.8161494083820462,1.3193509272752075
frostmourne_1_v0.png,1,1.3388212692735468,1.6903537747952957
frostmourne_1_v1.png,0,-1.069886748748663,1.5373189630186979
frostmourne_1_v2.png,1,0.4861307376056425,1.53281203875193
frostmourne_1_v3.png,0,2.154617338839886,1.892150367282647
frostmourne_1_v4.png,1,1.0775756166351504,1.8171028376872447
frostmourne_1_v5.png,1,2.6386584374120576,1.6732450190515609
frostmourne_1_v6.png,1,-2.6423068941002414,1.7086811493267153
frostmourne_1_v7.png,1,1.299168997853445,1.618076808522335
frostmourne_1_v8.png,1,-2.671905468753414,1.8482144295153096
frostmourne_1_v9.png,0,-2.939238318647096,2.0065805114989597
frostmourne_1_v10.png,1,-1.4343841250016687,1.6535658404699407
frostmourne_1_v11.png,0,-1.6677453671108133,2.0522685795391955
frostmourne_1_v12.png,1,1.6050165198798005,1.6802588958432336
frostmourne_1_v13.png,0,1.1363993091152285,1.4751433478270222
frostmourne_1_v14.png,0,2.268150320625973,1.8461019050273206
frostmourne_1_v15.png,1,2.1768431253716543,1.4939346218934146
frostmourne_1_v16.png,0,2.2191951157906837,1.5367786578154539
frostmourne_1_v17.png,1,-1.9776503284684248,1.4988370618023854
frostmourne_1_v18.png,1,2.8493940781339733,1.6036562674705155
frostmourne_1_v19.png,1,2.113065088533709,1.4581737189406105
frostmourne_2_v0.png,0,-0.6517544044867254,1.7361591243663206
frostmourne_2_v1.png,0,1.2741412585907241,1.6325268966426465
frostmourne_2_v2.png,0,2.8127612938340487,1.684500159544897
frostmourne_2_v3.png,0,1.3974106939534963,1.546473323690556
frostmourne_2_v4.png,0,-1.129423296626591,1.6967706146995212
frostmourne_2_v5.png,0,0.43182936359196233,1.7311383712275
frostmourne_2_v6.png,0,0.28552907550998796,1.4620858349229453
frostmourne_2_v7.png,0,0.4174119766607971,1.760869639204651
frostmourne_2_v8.png,0,2.9314317808520216,1.714608633448409
frostmourne_2_v9.png,1,-0.9562557521075141,1.8692922218199222
frostmourne_2_v10.png,0,-1.7380813981994496,1.661766132139352
frostmourne_2_v11.png,0,-1.9591943848630229,1.9002528774817045
frostmourne_2_v12.png,1,-0.314915965880755,1.428305641971413
frostmourne_2_v13.png,0,1.5816179622612454,1.5850953485866364
frostmourne_2_v14.png,0,-1.77836567789943,1.5243992305502814
frostmourne_2_v15.png,1,-1.3571882603899188,1.6260802255301643
frostmourne_2_v16.png,1,2.975625390417496,1.5540023242904923
frostmourne_2_v17.png,1,1.5984511866625475,1.499011418905931
frostmourne_2_v18.png,0,-1.022933399066487,1.4809660922913204
frostmourne_2_v19.png,1,1.633552723795355,1.953095245634488
frostmourne_3_v0.png,1,-2.149707212005273,1.9889979932893926
frostmourne_3_v1.png,1,-2.3739225021061525,1.4858814050787104
frostmourne_3_v2.png,0,-1.8677275015040076,1.61693406599435
frostmourne_3_v3.png,1,1.4614341872796963,1.8015049387788635
frostmourne_3_v4.png,1,0.445826886311675,1.9647564568136189
frostmourne_3_v5.png,0,0.9986687772613534,1.651371465491349
frostmourne_3_v6.png,0,0.8460140968266465,1.4533910508629568
frostmourne_3_v7.png,1,0.6937438263533098,1.7451112524714973
frostmourne_3_v8.png,0,2.3567231931990995,1.5892880791703632
frostmourne_3_v9.png,1,1.0908397305783684,1.8827389305107227
frostmourne_3_v10.png,1,-1.2112708389836735,1.7779445656564026
frostmourne_3_v11.png,1,1.2323333376064607,1.6658244693427147
frostmourne_3_v12.png,1,1.0620205257561288,1.4969171300053334
frostmourne_3_v13.png,0,-1.0851836584739694,1.4344485892636134
frostmourne_3_v14.png,0,-3.044643880781723,1.4818475885499032
frostmourne_3_v15.png,0,-0.1096362354963496,1.4777154521175022
frostmourne_3_v16.png,1,-2.7809428987244864,1.9640536994322968
frostmourne_3_v17.png,0,-1.883295651965772,1.491825483947948
frostmourne_3_v18.png,1,-0.008748098688035277,1.415789439559884
frostmourne_3_v19.png,0,1.4176667949962303,1.6630374731004922
frostmourne_4_v0.png,0,2.754773204528789,2.042691769096298
frostmourne_4_v1.png,0,2.2208549960583275,1.801638409421502
frostmourne_4_v2.png,0,2.004079101127955,2.1410739995992727
frostmourne_4_v3.png,1,-2.0941394943075244,2.0336689930287073
frostmourne_4_v4.png,1,-2.2439437249413516,1.5090501767890319
frostmourne_4_v5.png,1,-1.0934110843333338,1.9220903850881836
frostmourne_4_v6.png,0,-1.5433221768679983,1.5126323481931057
frostmourne_4_v7.png,1,-2.0360433445929984,1.6816885937569241
frostmourne_4_v8.png,0,-2.1583753123186495,1.7493870274111332
frostmourne_4_v9.png,0,3.1169677462601797,1.9701202261626702
frostmourne_4_v10.png,1,-2.7225288265971974,2.0615828671086853
frostmourne_4_v11.png,0,-2.0841742516096162,1.573335895952164
frostmourne_4_v12.png,0,0.09579131323349976,1.8782732694860285
frostmourne_4_v13.png,0,2.5218075531659507,1.5521405356281495
frostmourne_4_v14.png,0,-1.5931571417929216,1.8856927382202466
frostmourne_4_v15.png,0,-2.9093552943427765,1.7907207391513782
frostmourne_4_v16.png,1,-0.25874684226849,1.8042241139530082
frostmourne_4_v17.png,0,1.8802843322009037,1.5809771887226272
frostmourne_4_v18.png,1,0.6007770652986162,1.7105541614957223
frostmourne_4_v19.png,1,0.07660429886486142,1.551549301869806
garden_fork_0_v0.png,1,-1.7739546258238035,1.4546370384558491
garden_fork_0_v1.png,1,-2.5589261050923926,1.3934316301784884
garden_fork_0_v2.png,0,1.2058532480117845,1.4280182777226669
garden_fork_0_v3.png,1,1.4115190594595626,1.5923555801000893
garden_fork_0_v4.png,0,1.9768714389421012,1.3553637123386517
garden_fork_0_v5.png,0,2.0608040884863623,1.54232144190635
garden_fork_0_v6.png,0,-0.6791869020279027,1.737045745171825
garden_fork_0_v7.png,1,1.210214353856767,1.3975626846610156
garden_fork_0_v8.png,1,-2.357548022429514,1.3558950615240188
garden_fork_0_v9.png,1,-1.1366456177895659,1.699958529322256
garden_fork_0_v10.png,0,2.191798340551415,1.3972446082300296
garden_fork_0_v11.png,1,2.929874923249481,1.5959484148838876
garden_fork_0_v12.png,1,-0.7161199179424318,1.4593611968488598
garden_fork_0_v13.png,1,2.4260023169350537,1.6814007420773092
garden_fork_0_v14.png,1,3.056361166290568,1.3004565714941936
garden_fork_0_v15.png,0,0.517847117202112,1.2872530179644315
garden_fork_0_v16.png,0,2.5437301034705557,1.4315982459286751
garden_fork_0_v17.png,1,-1.0661983152031358,1.3334979227586083
garden_fork_0_v18.png,0,2.0511636731408682,1.4562026743459062
garden_fork_0_v19.png,1,-1.5374861611655815,1.5800571114530344
garden_fork_1_v0.png,1,2.931605138411621,1.273540199053759
garden_fork_1_v1.png,1,-2.93439985222684,1.6996424299486077
garden_fork_1_v2.png,0,1.2054814588962504,1.4622174075636842
garden_fork_1_v3.png,0,1.6800264105124396,1.3952105411720623
garden_fork_1_v4.png,1,0.6180700841467095,1.4652242548247774
garden_fork_1_v5.png,0,2.636168903042451,1.4991229839324947
garden_fork_1_v6.png,1,2.7498361749540035,1.2410674463735147
garden_fork_1_v7.png,1,0.19979420148716587,1.3000239742272524
garden_fork_1_v8.png,1,2.929846232654346,1.3630838156751888
garden_fork_1_v9.png,0,2.0757050502403676,1.5279899374315002
garden_fork_1_v10.png,0,-0.3322854064948337,1.4757434348334615
garden_fork_1_v11.png,0,1.5909468790824801,1.3010108259808815
garden_fork_1_v12.png,0,2.8214579550818453,1.49248177811178
garden_fork_1_v13.png,0,2.1980919421078804,1.2706537830450608
garden_fork_1_v14.png,0,-1.5087146096338975,1.5346619099680094
garden_fork_1_v15.png,1,2.658887812979634,1.6868454333092415
garden_fork_1_v16.png,1,-1.5472418543759603,1.43515257523843
garden_fork_1_v17.png,1,-0.9538147040186763,1.379580020665282
garden_fork_1_v18.png,1,-2.667149195608724,1.3872397447970388
garden_fork_1_v19.png,1,2.2478761015973463,1.628820808431521
garden_fork_2_v0.png,1,-0.6739150381422471,1.8511900631917249
garden_fork_2_v1.png,1,2.928388721846666,1.6194110145665426
garden_fork_2_v2.png,1,1.864433532690079,1.703448222654021
garden_fork_2_v3.png,0,0.95376870167818,1.6879769575305255
garden_fork_2_v4.png,0,-1.2730537564659477,1.8821328818617566
garden_fork_2_v5.png,0,-0.1339448710731368,1.5432852726466146
garden_fork_2_v6.png,0,-1.9838988974433396,1.476345496293935
garden_fork_2_v7.png,0,-1.7726211699968653,1.3863572550953869
garden_fork_2_v8.png,1,-1.1260739029429465,1.579191860576778
garden_fork_2_v9.png,0,-1.3088552564596434,1.8466716783724682
garden_fork_2_v10.png,0,-0.2884172713279636,1.3868117400590168
garden_fork_2_v11.png,0,-2.32484450748992,1.6326362492145121
garden_fork_2_v12.png,1,-1.1562404302637432,1.8138664617369402
garden_fork_2_v13.png,0,-0.050194941450493524,1.75441582670318
garden_fork_2_v14.png,1,0.640728430501821,1.4199875297700237
garden_fork_2_v15.png,1,-2.8779179246632145,1.8466938964081854
garden_fork_2_v16.png,0,-1.046045979051385,1.5542950520590009
garden_fork_2_v17.png,0,-2.1045586760831894,1.8951209040082564
garden_fork_2_v18.png,0,2.2486323343176577,1.864937044381271
garden_fork_2_v19.png,1,-0.642033718553068,1.380346472247959
garden_fork_3_v0.png,0,0.7583445786756793,1.7851821377845858
garden_fork_3_v1.png,1,0.013505470813054199,1.3754280647752206
garden_fork_3_v2.png,0,3.079373547875317,1.3659766457536937
garden_fork_3_v3.png,0,-1.0843320119134705,1.478490293272118
garden_fork_3_v4.png,1,-1.5622764016569801,1.843151468897376
garden_fork_3_v5.png,0,-0.45375329575621715,1.3301017542246183
garden_fork_3_v6.png,1,-0.6541778441807484,1.555995593665841
garden_fork_3_v7.png,0,-0.5232592240724636,1.6067202995939396
garden_fork_3_v8.png,0,-0.8347874617472458,1.472519963158906
garden_fork_3_v9.png,0,-2.0622382539918176,1.8360311450062454
garden_fork_3_v10.png,0,2.3010517430490243,1.7732822393753085
garden_fork_3_v11.png,1,-1.2524591923961834,1.3474290040112669
garden_fork_3_v12.png,1,0.9405659363657703,1.5357232856060077
garden_fork_3_v13.png,1,0.8184694859072843,1.5006384193658677
garden_fork_3_v14.png,0,2.4237938578243865,1.475333430385983
garden_fork_3_v15.png,0,2.593770765610241,1.5593941691296938
garden_fork_3_v16.png,1,-2.279184317811004,1.6192081367519302
garden_fork_3_v17.png,1,-2.824173029705631,1.6677342435222622
garden_fork_3_v18.png,0,3.0995873009608577,1.7227959576316538
garden_fork_3_v19.png,1,-0.6113742598716534,1.6240009154806752
garden_fork_4_v0.png,1,-2.1038966306139786,1.7004237255094559
garden_fork_4_v1.png,1,-0.9996552873352857,1.3598660159144242
garden_fork_4_v2.png,0,-2.847901654401676,1.545692465067382
garden_fork_4_v3.png,1,1.6205076879303677,1.5286529445049393
garden_fork_4_v4.png,0,0.12098225862658674,1.3100656571501563
garden_fork_4_v5.png,1,-2.8660766563002107,1.4134872880065719
garden_fork_4_v6.png,0,0.8509212490955068,1.321820484808006
garden_fork_4_v7.png,1,1.9356375980495684,1.3987053164834826
garden_fork_4_v8.png,1,0.19911875505669696,1.703394712672534
garden_fork_4_v9.png,1,2.902486559080287,1.3343874862982472
garden_fork_4_v10.png,0,-0.8739539791325301,1.5499250345870672
garden_fork_4_v11.png,0,-1.9480876210329985,1.475393511641753
garden_fork_4_v12.png,1,1.9210281119923671,1.6065718426830033
garden_fork_4_v13.png,1,1.8305475847929231,1.4767288177674762
garden_fork_4_v14.png,1,2.5115980213502977,1.524491221924157
garden_fork_4_v15.png,1,-1.9070681316508984,1.7852361694155279
garden_fork_4_v16.png,0,-1.1485262537822307,1.2940993730967145
garden_fork_4_v17.png,0,-2.850988694438373,1.5767743867206772
garden_fork_4_v18.png,1,-0.4857335660679669,1.3638121880388916
garden_fork_4_v19.png,0,-0.5072703655834602,1.274238423080946
gauntlet_of_power_0_v0.png,1,0.67276158832167,1.5042508748136127
gauntlet_of_power_0_v1.png,1,1.1977876059993575,1.2972911534793004
gauntlet_of_power_0_v2.png,1,-2.0197633241946513,1.2944149247988124
gauntlet_of_power_0_v3.png,0,3.006040928699292,1.6183341942358966
gauntlet_of_power_0_v4.png,0,0.839964701392736,1.401510397955362
gauntlet_of_power_0_v5.png,0,2.7363993156412514,1.4804821404003072
gauntlet_of_power_0_v6.png,1,-1.025797619351297,1.3888703430649016
gauntlet_of_power_0_v7.png,0,-1.3043519446138763,1.4325295836272796
gauntlet_of_power_0_v8.png,1,2.7569106784146635,1.2728898856362396
gauntlet_of_power_0_v9.png,1,-2.882833543652832,1.4196827502767355
gauntlet_of_power_0_v10.png,0,2.3903643882598544,1.5674600816899358
gauntlet_of_power_0_v11.png,0,0.9524565830480711,1.711921261472576
gauntlet_of_power_0_v12.png,0,-1.4501348418909372,1.2521673853712914
gauntlet_of_power_0_v13.png,0,-0.4650540344462291,1.6384815050637627
gauntlet_of_power_0_v14.png,0,-1.7851532376696013,1.468166208966101
gauntlet_of_power_0_v15.png,0,-0.8363832229113048,1.2375110537282075
gauntlet_of_power_0_v16.png,1,1.4519918418440028,1.3635527007482198
gauntlet_of_power_0_v17.png,1,1.9978673340749482,1.2491897897097384
gauntlet_of_power_0_v18.png,0,0.3406555964469282,1.6512147140682214
gauntlet_of_power_0_v19.png,0,2.777061350382791,1.3619661222947
gauntlet_of_power_1_v0.png,1,1.6139020503490626,1.6258973223893585
gauntlet_of_power_1_v1.png,0,-0.4416191264915514,1.6657423021366262
gauntlet_of_power_1_v2.png,1,0.11629307662813992,1.347239880559936
gauntlet_of_power_1_v3.png,1,0.6100628592042528,1.5211368498118158
gauntlet_of_power_1_v4.png,0,-2.7174844433316356,1.461575911518281
gauntlet_of_power_1_v5.png,1,1.5948089874658447,1.388835117316164
gauntlet_of_power_1_v6.png,0,-2.8357846131565516,1.7171989846971805
gauntlet_of_power_1_v7.png,1,-1.4019243058957787,1.5178536405378387
gauntlet_of_power_1_v8.png,0,0.4648176525606932,1.5592305506728739
gauntlet_of_power_1_v9.png,1,1.2282748716914735,1.3767184222937634
gauntlet_of_power_1_v10.png,1,0.1504913240162633,1.7310756251479322
gauntlet_of_power_1_v11.png,1,0.8017855116189964,1.6439369225312717
gauntlet_of_power_1_v12.png,1,-0.6456383629749735,1.4651127149982834
gauntlet_of_power_1_v13.png,0,-3.039080123502002,1.527397458784089
gauntlet_of_power_1_v14.png,0,-3.1208488701341093,1.7380023148424555
gauntlet_of_power_1_v15.png,0,-1.4875278129385843,1.3386607801021213
gauntlet_of_power_1_v16.png,0,0.8756083774145224,1.8206380369928423
gauntlet_of_power_1_v17.png,0,-2.214682106940845,1.3302687425477058
gauntlet_of_power_1_v18.png,1,-0.04177442889255811,1.748692872168153
gauntlet_of_power_1_v19.png,0,1.9110488900342921,1.4100516017326135
gauntlet_of_power_2_v0.png,0,3.085412495872293,0.9841010391963032
gauntlet_of_power_2_v1.png,1,0.3897491741461355,1.259111687912583
gauntlet_of_power_2_v2.png,0,-2.9902638979788136,1.0070459270590062
gauntlet_of_power_2_v3.png,1,-2.4855058722635808,0.9868604664167105
gauntlet_of_power_2_v4.png,1,2.8168700764789576,0.986941593481328
gauntlet_of_power_2_v5.png,0,-1.2970975192451444,1.0638104551745309
gauntlet_of_power_2_v6.png,1,-2.5335939257656452,1.2812975621954603
gauntlet_of_power_2_v7.png,1,-0.1551249379209051,1.1861707989594836
gauntlet_of_power_2_v8.png,0,-0.03423030203207256,0.9666636186215791
gauntlet_of_power_2_v9.png,1,-1.9116473509083498,1.2831285480453434
gauntlet_of_power_2_v10.png,1,-1.3325656446187018,1.2286831726982956
gauntlet_of_power_2_v11.png,1,1.8837875895738887,1.10614779883656
gauntlet_of_power_2_v12.png,1,0.6181705597652648,1.2786007397548598
gauntlet_of_power_2_v13.png,1,0.06384973085942036,0.9959235797201375
gauntlet_of_power_2_v14.png,1,2.503474391554487,1.2681853946640447
gauntlet_of_power_2_v15.png,0,1.2497972010941014,1.1468950715264297
gauntlet_of_power_2_v16.png,1,-1.0945456927948558,1.2562722877416082
gauntlet_of_power_2_v17.png,1,-0.7329847276062849,1.1424469085556568
gauntlet_of_power_2_v18.png,1,1.374740693210431,1.163740089509602
gauntlet_of_power_2_v19.png,0,1.058464411876121,1.0295819390061423
gauntlet_of_power_3_v0.png,0,-1.8058419055324373,1.392270047084773
gauntlet_of_power_3_v1.png,1,0.8906476559037311,1.5640982921312565
gauntlet_of_power_3_v2.png,1,1.851325974100947,1.4632489506879924
gauntlet_of_power_3_v3.png,0,0.15334768230157414,1.6012456559600532
gauntlet_of_power_3_v4.png,0,-2.493458496409346,1.3787971712059233
gauntlet_of_power_3_v5.png,1,-0.7210064662650748,1.3945877442005896
gauntlet_of_power_3_v6.png,0,-1.9322254346304182,1.3139608240832734
gauntlet_of_power_3_v7.png,0,2.3325930284265057,1.3691375944663442
gauntlet_of_power_3_v8.png,1,2.3427627038387184,1.5804528920427943
gauntlet_of_power_3_v9.png,1,-2.4899267986027245,1.3139090977766235
gauntlet_of_power_3_v10.png,1,-0.5957914851112432,1.4263801333305708
gauntlet_of_power_3_v11.png,1,-1.9643871989718813,1.5383323374750826
gauntlet_of_power_3_v12.png,1,1.460402886651744,1.4873483845496884
gauntlet_of_power_3_v13.png,1,0.7598160562205925,1.5318171644211434
gauntlet_of_power_3_v14.png,0,-3.138420854689035,1.7228455982480488
gauntlet_of_power_3_v15.png,0,-3.0802421969832388,1.7394073957275922
gauntlet_of_power_3_v16.png,0,1.140596609765425,1.7166345030047614
gauntlet_of_power_3_v17.png,0,-2.3970799187667824,1.393653154768243
gauntlet_of_power_3_v18.png,0,-1.0078151788069611,1.385133165704395
gauntlet_of_power_3_v19.png,1,-0.4264761266538117,1.6187382331199507
gauntlet_of_power_4_v0.png,1,2.0417892983634385,1.3281311688491113
gauntlet_of_power_4_v1.png,1,1.986868106907674,1.2225328169684928
gauntlet_of_power_4_v2.png,1,3.02776206792176,1.108084316391105
gauntlet_of_power_4_v3.png,0,-2.684651628160094,1.4891604790847615
gauntlet_of_power_4_v4.png,0,2.2843008986975155,1.427971336110566
gauntlet_of_power_4_v5.png,1,-0.6678850093744605,1.3546062281524973
gauntlet_of_power_4_v6.png,0,2.894011932561157,1.5242916413865046
gauntlet_of_power_4_v7.png,0,2.0676555209956646,1.413339556464288
gauntlet_of_power_4_v8.png,0,2.7115982111652306,1.1093730371103183
gauntlet_of_power_4_v9.png,1,0.5330759608512228,1.2412238768996644
gauntlet_of_power_4_v10.png,1,-0.7897431036236062,1.5598832056751109
gauntlet_of_power_4_v11.png,0,1.7784529197470385,1.5201363471416824
gauntlet_of_power_4_v12.png,1,-1.8390859281779766,1.3506991611841497
gauntlet_of_power_4_v13.png,0,2.701871446098303,1.460433294962435
gauntlet_of_power_4_v14.png,1,-1.6212855032039744,1.1208912024503177
gauntlet_of_power_4_v15.png,0,-1.8243434730608654,1.459471450151357
gauntlet_of_power_4_v16.png,0,-2.7831469140556697,1.2749624551081769
gauntlet_of_power_4_v17.png,1,-1.129945368538903,1.319788994514754
gauntlet_of_power_4_v18.png,1,-2.5902987624336866,1.3252891470135155
gauntlet_of_power_4_v19.png,1,2.6014135745209934,1.3498179541831312
glaive_0_v0.png,0,2.1344730833715584,1.590691141601131
glaive_0_v1.png,1,2.239866342435038,1.9024201038419297
glaive_0_v2.png,0,-1.309946993122466,1.8429204421129535
glaive_0_v3.png,0,-1.459036518423206,1.5047828724556684
glaive_0_v4.png,1,-0.06380408975514573,1.5725208252092036
glaive_0_v5.png,1,-1.6150361806984872,1.7193545676862436
glaive_0_v6.png,0,1.5545212772651062,1.7473397332507474
glaive_0_v7.png,0,0.45549540496075114,1.4686247902332124
glaive_0_v8.png,1,-0.8922593253120095,1.4773554656492935
glaive_0_v9.png,0,-2.928474119529059,1.520244602714607
glaive_0_v10.png,1,2.6600834006242184,1.645589915629862
glaive_0_v11.png,1,0.306827009576661,1.9843406332073057
glaive_0_v12.png,1,1.350396890219094,1.7184673696899526
glaive_0_v13.png,1,-2.9196562921791056,1.757189159968114
glaive_0_v14.png,1,0.47489372101749394,1.9873675318997062
glaive_0_v15.png,0,2.5125315497413516,1.5012607338936856
glaive_0_v16.png,1,0.6494688392404822,1.4151915390470438
glaive_0_v17.png,1,2.356085958225119,1.96917314883033
glaive_0_v18.png,1,-1.4254848829713742,1.5242612350135436
glaive_0_v19.png,1,0.20688629899122102,1.9906403996495863
glaive_1_v0.png,0,-2.254578247040443,1.562124316868363
glaive_1_v1.png,0,3.033575378585828,1.6950753437621857
glaive_1_v2.png,1,-0.28523378068968164,1.6851510973924788
glaive_1_v3.png,1,0.3168080553107444,1.513080140423591
glaive_1_v4.png,0,0.94774767219912,1.7130999297102305
glaive_1_v5.png,1,-2.133022987180759,1.9527264933530426
glaive_1_v6.png,0,2.6446961552243553,1.9073053065545613
glaive_1_v7.png,0,-0.4559716189305574,1.6986839139121643
glaive_1_v8.png,0,-0.5279644992022217,1.648307671585696
glaive_1_v9.png,1,1.9001692744779914,1.7746302217267855
glaive_1_v10.png,1,-2.723904775752973,1.9717475081452394
glaive_1_v11.png,0,2.6643950510978014,1.8819494133740753
glaive_1_v12.png,1,-2.6481612884731165,1.7518428047545869
glaive_1_v13.png,1,-1.8892915562681307,1.9840314573257103
glaive_1_v14.png,1,1.207022602848972,1.8357430941380748
glaive_1_v15.png,1,1.113847956508268,1.5566032196151012
glaive_1_v16.png,1,-0.16133170592356727,1.4981393176953357
glaive_1_v17.png,1,1.902988341288867,1.5529192918271473
glaive_1_v18.png,1,-2.0234480173552387,1.8468536441019456
glaive_1_v19.png,1,1.901029482314006,1.990775673475132
glaive_2_v0.png,1,2.064972814543143,1.7668791026994588
glaive_2_v1.png,0,-1.605585920102783,1.5674923121442677
glaive_2_v2.png,0,0.4096409193339494,1.4814717487619704
glaive_2_v3.png,1,2.068078337258621,1.9841583770314117
glaive_2_v4.png,0,-0.050919377609340954,1.5821084315843617
glaive_2_v5.png,1,-0.5240672369973692,1.5991072184515112
glaive_2_v6.png,0,-0.019733969928426354,1.4699510076739186
glaive_2_v7.png,0,1.5717942824843922,1.710862785505153
glaive_2_v8.png,1,-1.4289723342563492,1.4656011769135382
glaive_2_v9.png,0,0.12030130657052152,1.7676095008469561
glaive_2_v10.png,1,-0.6287643645265011,1.8786782396726687
glaive_2_v11.png,1,-2.7565639910380915,1.6317267980831112
glaive_2_v12.png,1,0.3379748611582125,1.8843596066929638
glaive_2_v13.png,1,-1.83670553235397,1.4614618881864518
glaive_2_v14.png,1,-2.507404280454434,1.6652683958573615
glaive_2_v15.png,1,0.05755622898323831,1.8326852910143978
glaive_2_v16.png,0,-1.2202649334334579,1.6194475520347902
glaive_2_v17.png,1,-1.4751688721325835,1.4010062558525749
glaive_2_v18.png,1,2.55979418875544,1.682367752934201
glaive_2_v19.png,0,-3.0163655085719405,1.7375320532661125
glaive_3_v0.png,1,-0.19341064258443907,1.7188840366474578
glaive_3_v1.png,1,0.4051528077476121,1.6359997551767975
glaive_3_v2.png,0,2.6796229661116957,1.4178837455286273
glaive_3_v3.png,0,-3.103732751987417,1.585923856104007
glaive_3_v4.png,1,-1.5742967011673317,1.8436579773882305
glaive_3_v5.png,0,-1.2320162525709222,1.8161673060794572
glaive_3_v6.png,0,2.1239423484893267,1.7058228799541264
glaive_3_v7.png,0,0.07053140643270872,1.4292953826710546
glaive_3_v8.png,1,-0.851965608082554,1.7916541653034979
glaive_3_v9.png,1,1.5064387451077401,1.5143572360502635
glaive_3_v10.png,1,0.4187416259266463,1.4239967759523002
glaive_3_v11.png,1,-1.7491716496515979,1.9177221221779335
glaive_3_v12.png,1,-2.487456142752749,1.4656839241086645
glaive_3_v13.png,1,-1.7424233092268464,1.4682078075861555
glaive_3_v14.png,1,-0.03262883049543763,1.6773996551706356
glaive_3_v15.png,0,1.6941459584912453,1.9585907336826365
glaive_3_v16.png,1,-0.5567527117532531,1.6232594902090318
glaive_3_v17.png,1,-0.4671013846904071,1.4258494092481606
glaive_3_v18.png,1,-0.7792143280046577,1.5399591983569323
glaive_3_v19.png,0,3.0664077932597844,1.7077401142234776
glaive_4_v0.png,0,0.7669522426048463,1.3069178616075514
glaive_4_v1.png,0,-2.8354477062437216,1.486291932887751
glaive_4_v2.png,1,-1.973508958671812,1.5813102775348793
glaive_4_v3.png,0,0.8981528983095863,1.4629641056385203
glaive_4_v4.png,0,1.8229536517121039,1.699564541595376
glaive_4_v5.png,1,-2.3790392794707422,1.5267171538237005
glaive_4_v6.png,1,0.3601961462403853,1.2852104361356158
glaive_4_v7.png,1,-0.6600903757663197,1.5208294274436807
glaive_4_v8.png,1,-2.5561086835942692,1.5098933603896125
glaive_4_v9.png,1,-2.1643134285653938,1.4433904295186537
glaive_4_v10.png,0,-1.3469402415991132,1.7713136684837982
glaive_4_v11.png,0,-1.2039401272342074,1.257222453856828
glaive_4_v12.png,0,-0.5241627906395419,1.7169430549101927
glaive_4_v13.png,0,-1.9591899580500196,1.7441403732102874
glaive_4_v14.png,0,2.8179419341290766,1.7199908492456393
glaive_4_v15.png,1,1.164481329038992,1.449813306265403
glaive_4_v16.png,0,-2.5117104299647393,1.5428009583346791
glaive_4_v17.png,1,2.1974559889263716,1.3193548931829173
glaive_4_v18.png,1,0.17956335235002374,1.6371638382145084
glaive_4_v19.png,0,-0.4144455122569859,1.4749740479397424
glaive_of_artanis_0_v0.png,0,-3.081161947950087,1.1557723373012025
glaive_of_artanis_0_v1.png,1,1.44567108586544,1.3726296394047435
glaive_of_artanis_0_v2.png,1,-1.3091386173227608,1.0952739330639538
glaive_of_artanis_0_v3.png,1,-0.35211936802605504,1.2845024401477636
glaive_of_artanis_0_v4.png,0,-3.114366613746285,1.1502867821448848
glaive_of_artanis_0_v5.png,0,0.5312278062088884,1.1987262765115223
glaive_of_artanis_0_v6.png,0,-2.954966764112718,1.1632651257700377
glaive_of_artanis_0_v7.png,1,2.0611411147072785,1.0312249043487565
glaive_of_artanis_0_v8.png,1,-1.7001965900700902,1.115741060922947
glaive_of_artanis_0_v9.png,1,-1.3079297325780312,1.2488575299900744
glaive_of_artanis_0_v10.png,1,0.9989018647854557,1.0197639840049326
glaive_of_artanis_0_v11.png,0,-1.1208864095913138,1.2996967970556466
glaive_of_artanis_0_v12.png,0,-3.0680078128079047,1.1264860540899229
glaive_of_artanis_0_v13.png,0,-1.1717779569728246,1.1533159228579908
glaive_of_artanis_0_v14.png,0,-2.797526002677454,1.3816149705611658
glaive_of_artanis_0_v15.png,1,-0.29621141109513527,1.2229782023035058
glaive_of_artanis_0_v16.png,1,-0.4554470484106954,1.0203637747584522
glaive_of_artanis_0_v17.png,1,1.3707748726540352,1.027034786157338
glaive_of_artanis_0_v18.png,0,-1.762883035600761,1.351075988317206
glaive_of_artanis_0_v19.png,1,-1.9740708662362993,1.0303850254219364
glaive_of_artanis_1_v0.png,0,-0.5401408508899754,1.0832428944680446
glaive_of_artanis_1_v1.png,0,1.0781372062030687,1.1948632085383588
glaive_of_artanis_1_v2.png,1,-0.7201201765533476,1.0908244777723606
glaive_of_artanis_1_v3.png,0,0.6114806805333695,1.028483158339931
glaive_of_artanis_1_v4.png,0,2.346642000924714,1.2539621932551042
glaive_of_artanis_1_v5.png,1,-2.3647500173862204,1.1122031539213142
glaive_of_artanis_1_v6.png,0,0.6746649700275196,1.0195086006782297
glaive_of_artanis_1_v7.png,1,2.642073128643511,1.0742881348402111
glaive_of_artanis_1_v8.png,1,1.4130319426050626,1.006334872057509
glaive_of_artanis_1_v9.png,0,-0.1043247749320475,1.3114216524704834
glaive_of_artanis_1_v10.png,0,-2.281681426974094,1.2888747778124257
glaive_of_artanis_1_v11.png,0,-1.9800292778827493,1.2311204581154795
glaive_of_artanis_1_v12.png,1,2.1467123083932025,1.2188660860994152
glaive_of_artanis_1_v13.png,1,2.953487421115285,1.347665658094482
glaive_of_artanis_1_v14.png,0,0.5866736355600644,1.0616676477240163
glaive_of_artanis_1_v15.png,1,0.8086647653363626,1.2051071240528264
glaive_of_artanis_1_v16.png,1,-0.40968320858836016,1.245436249264402
glaive_of_artanis_1_v17.png,0,-0.20775784348562887,1.0527882795560919
glaive_of_artanis_1_v18.png,0,2.0551712137693325,1.2519588053711164
glaive_of_artanis_1_v19.png,1,2.4581335757077625,1.1135726748056098
glaive_of_artanis_2_v0.png,1,2.531421662503435,1.2862793860558523
glaive_of_artanis_2_v1.png,1,-2.7881506942241137,1.1867181547811834
glaive_of_artanis_2_v2.png,1,-1.1570663440804223,1.4511504519967606
glaive_of_artanis_2_v3.png,1,0.6154352289536416,1.6216461394217903
glaive_of_artanis_2_v4.png,1,0.5174487428219976,1.4819487262377944
glaive_of_artanis_2_v5.png,0,2.891248557543854,1.1828172334858185
glaive_of_artanis_2_v6.png,1,-0.7509188056802252,1.4663405428170826
glaive_of_artanis_2_v7.png,0,0.3144008020085689,1.2949400531282678
glaive_of_artanis_2_v8.png,0,-0.49887341090708137,1.3601844981639335
glaive_of_artanis_2_v9.png,0,-0.46329475075952864,1.1879199279167345
glaive_of_artanis_2_v10.png,1,-2.378370887828099,1.231576763334758
glaive_of_artanis_2_v11.png,0,2.331125658306016,1.6104459191912277
glaive_of_artanis_2_v12.png,0,1.4225115791573666,1.2922316079133482
glaive_of_artanis_2_v13.png,0,0.5935459314250835,1.1787392532840426
glaive_of_artanis_2_v14.png,0,-1.3618004170932445,1.1742855022311096
glaive_of_artanis_2_v15.png,0,0.2351428946091607,1.3234232010837073
glaive_of_artanis_2_v16.png,0,-3.129602949748708,1.2636034624568604
glaive_of_artanis_2_v17.png,0,-2.571018999091587,1.2246322258022873
glaive_of_artanis_2_v18.png,0,2.122152699605935,1.5786583750286094
glaive_of_artanis_2_v19.png,1,0.478691248403198,1.4222937443074408
glaive_of_artanis_3_v0.png,0,1.2643589415895367,1.3296318299470613
glaive_of_artanis_3_v1.png,1,0.33546192567982214,1.2197491294034088
glaive_of_artanis_3_v2.png,1,1.9265851125181346,1.3400611043088246
glaive_of_artanis_3_v3.png,1,-0.944779916354475,1.6120449510664518
glaive_of_artanis_3_v4.png,0,-1.282631234202627,1.600536833386958
glaive_of_artanis_3_v5.png,1,-1.6279682871869707,1.1890302594534536
glaive_of_artanis_3_v6.png,1,-0.9704711677052309,1.1910762838240707
glaive_of_artanis_3_v7.png,0,0.32488313326756657,1.424680016597081
glaive_of_artanis_3_v8.png,0,2.1502434678647235,1.2609113083178358
glaive_of_artanis_3_v9.png,0,2.0250929810052725,1.3486153862107728
glaive_of_artanis_3_v10.png,1,-2.2531169008295353,1.2077000202270634
glaive_of_artanis_3_v11.png,1,1.693943011482098,1.232859213328851
glaive_of_artanis_3_v12.png,1,0.10212490255559104,1.177096105973036
glaive_of_artanis_3_v13.png,0,-1.350881017846982,1.5600739146645561
glaive_of_artanis_3_v14.png,0,-3.0440214463059334,1.5446340987267282
glaive_of_artanis_3_v15.png,1,1.6694818981625064,1.5079082457637223
glaive_of_artanis_3_v16.png,0,1.1219306457863558,1.5919156229138818
glaive_of_artanis_3_v17.png,0,1.58649289516155,1.5698743344927657
glaive_of_artanis_3_v18.png,1,1.259931961281823,1.3171360741644131
glaive_of_artanis_3_v19.png,1,-2.9626268280156483,1.4508230722287991
glaive_of_artanis_4_v0.png,0,1.0598945578373904,1.285563143497116
glaive_of_artanis_4_v1.png,1,-1.0900269954130741,1.0137917747914327
glaive_of_artanis_4_v2.png,0,-0.9178913763028742,1.1075307240710968
glaive_of_artanis_4_v3.png,0,-1.1952486820428585,1.017873607093634
glaive_of_artanis_4_v4.png,1,2.5650593962780532,1.1391097305090425
glaive_of_artanis_4_v5.png,1,-2.365532371890061,1.0315281882280902
glaive_of_artanis_4_v6.png,0,-2.8067544835442897,1.4218086911013086
glaive_of_artanis_4_v7.png,1,-0.3895436230931395,1.1705178050850473
glaive_of_artanis_4_v8.png,0,2.2278054888776095,1.3747779728311835
glaive_of_artanis_4_v9.png,1,2.1177368274106847,1.0412407117686384
glaive_of_artanis_4_v10.png,0,-1.4617378243700059,1.2002028526159951
glaive_of_artanis_4_v11.png,1,-0.3133654398378205,1.3542604768596234
glaive_of_artanis_4_v12.png,0,-0.14882930309371378,1.2352897007150092
glaive_of_artanis_4_v13.png,1,2.8095900839180006,1.2204742311384176
glaive_of_artanis_4_v14.png,0,1.7687682681526065,1.0366727796651867
glaive_of_artanis_4_v15.png,0,-0.9755096368396097,1.1034609749424567
glaive_of_artanis_4_v16.png,0,-2.8561678411246447,1.0097981118206056
glaive_of_artanis_4_v17.png,1,-0.5149389105475954,1.318703245615692
glaive_of_artanis_4_v18.png,1,-2.2693525918487594,1.1373364513739062
glaive_of_artanis_4_v19.png,1,2.583329370346379,1.197630745247435
glaive_of_krull_0_v0.png,0,1.9997172031711425,1.50788352585333
glaive_of_krull_0_v1.png,1,-2.5162768844766523,1.7127454679074727
glaive_of_krull_0_v2.png,1,1.3415618082126368,1.4735878687739221
glaive_of_krull_0_v3.png,1,2.5623452290848934,1.4664201684938398
glaive_of_krull_0_v4.png,1,-1.495973435972731,1.4982182829730777
glaive_of_krull_0_v5.png,1,-0.49326079132833023,1.599618071364884
glaive_of_krull_0_v6.png,0,0.673806960432259,1.4690888573209757
glaive_of_krull_0_v7.png,1,0.14325068865183432,1.3413172947553709
glaive_of_krull_0_v8.png,0,-2.2769007889078807,1.517341599379871
glaive_of_krull_0_v9.png,1,-0.5397185014618389,1.6142252334541098
glaive_of_krull_0_v10.png,0,-0.8196255914584993,1.3638460040431999
glaive_of_krull_0_v11.png,1,-1.644744002911195,1.5377679162497215
glaive_of_krull_0_v12.png,0,0.47298777640742173,1.361534654907748
glaive_of_krull_0_v13.png,1,1.498516413584066,1.57684600601016
glaive_of_krull_0_v14.png,1,2.399835040628881,1.5496978225379638
glaive_of_krull_0_v15.png,0,-2.1164283435297597,1.7195366196346713
glaive_of_krull_0_v16.png,1,2.186535401805327,1.8024675422393812
glaive_of_krull_0_v17.png,0,-1.1680379056913268,1.805363915228535
glaive_of_krull_0_v18.png,0,2.196194230488689,1.5779562229404376
glaive_of_krull_0_v19.png,1,2.1559853880295874,1.4006604323775391
glaive_of_krull_1_v0.png,0,0.4860986313364536,1.5792622694966483
glaive_of_krull_1_v1.png,1,-2.6018715898742446,1.508138770930592
glaive_of_krull_1_v2.png,1,-0.8760611200043066,1.263587257823804
glaive_of_krull_1_v3.png,1,0.3472669279706092,1.5857237682606307
glaive_of_krull_1_v4.png,0,2.667740552735504,1.4520855569484845
glaive_of_krull_1_v5.png,1,1.4304534084846172,1.5615024601206595
glaive_of_krull_1_v6.png,1,-0.7293933790834204,1.5052922850608124
glaive_of_krull_1_v7.png,1,-0.8274248101630911,1.3332275010070207
glaive_of_krull_1_v8.png,1,1.791180340376334,1.334636310423987
glaive_of_krull_1_v9.png,1,-2.465014516302328,1.6201308993666823
glaive_of_krull_1_v10.png,0,-0.09314019194668932,1.5975891768599109
glaive_of_krull_1_v11.png,1,2.1713094951974345,1.3502445034564532
glaive_of_krull_1_v12.png,0,2.358742618149745,1.2658601616035086
glaive_of_krull_1_v13.png,0,2.6605342922820183,1.6425535168714342
glaive_of_krull_1_v14.png,0,-2.9974853625012496,1.3363307714575765
glaive_of_krull_1_v15.png,1,-0.934993888284345,1.1608958769161912
glaive_of_krull_1_v16.png,0,2.0127180285455015,1.2424273839878102
glaive_of_krull_1_v17.png,1,2.709615413660911,1.5845059348966426
glaive_of_krull_1_v18.png,1,-1.0529275150389836,1.6041227120286468
glaive_of_krull_1_v19.png,1,-0.04939758457842791,1.4302607339405338
glaive_of_krull_2_v0.png,0,-0.8484618830014385,1.7418849142421085
glaive_of_krull_2_v1.png,1,-0.9099183353816216,1.7926045940291473
glaive_of_krull_2_v2.png,1,0.2029002187233343,1.507149960482564
glaive_of_krull_2_v3.png,0,2.576002911437957,1.6639006556844371
glaive_of_krull_2_v4.png,0,1.029688589564795,1.4875343094211757
glaive_of_krull_2_v5.png,0,-2.3355650956151166,1.4662082200706639
glaive_of_krull_2_v6.png,0,0.14571038923006185,1.8630926247577375
glaive_of_krull_2_v7.png,1,0.5912872969681784,1.4684433864760984
glaive_of_krull_2_v8.png,0,2.5553716414252774,1.7008594998857267
glaive_of_krull_2_v9.png,1,-1.7441376544317506,1.4565860273888642
glaive_of_krull_2_v10.png,0,-0.9058832312981168,1.853608263501876
glaive_of_krull_2_v11.png,1,2.59350408475884,1.513954104642046
glaive_of_krull_2_v12.png,1,0.5173749709847131,1.7795073993949797
glaive_of_krull_2_v13.png,0,-0.09978951683317472,1.5408036664313463
glaive_of_krull_2_v14.png,1,-1.765800400258766,1.7318201892489522
glaive_of_krull_2_v15.png,1,-0.33004628939673947,1.6183358822036962
glaive_of_krull_2_v16.png,1,2.0847761126121735,1.6700069692448911
glaive_of_krull_2_v17.png,1,1.671169273744454,1.5852649592345445
glaive_of_krull_2_v18.png,0,2.2043617886882343,1.4373754865138395
glaive_of_krull_2_v19.png,1,2.2298316064422847,1.898009920147904
glaive_of_krull_3_v0.png,0,-2.907866976633705,1.113343123745708
glaive_of_krull_3_v1.png,1,1.909232311472337,1.1844789451929698
glaive_of_krull_3_v2.png,0,2.116400035966981,1.373318875259988
glaive_of_krull_3_v3.png,0,-2.1482205199619386,1.2867132642514927
glaive_of_krull_3_v4.png,0,-1.9063035740397585,1.0384217114070389
glaive_of_krull_3_v5.png,0,0.20634067751564267,1.010957236426569
glaive_of_krull_3_v6.png,0,2.1137394446136195,1.0386366316080364
glaive_of_krull_3_v7.png,0,2.479529979932738,1.1580688391185128
glaive_of_krull_3_v8.png,1,-3.0790092744484077,1.3768380517726881
glaive_of_krull_3_v9.png,0,0.9110810561157816,1.006929898062989
glaive_of_krull_3_v10.png,1,1.573465530367491,1.1526574908853315
glaive_of_krull_3_v11.png,0,-0.697856221359924,1.1698597160031716
glaive_of_krull_3_v12.png,0,-1.0570914393412858,1.0097702010821605
glaive_of_krull_3_v13.png,0,2.491416903225237,1.145778244572225
glaive_of_krull_3_v14.png,1,2.585449307480873,1.0058637125380556
glaive_of_krull_3_v15.png,1,-2.9482973666439256,1.3428964325594044
glaive_of_krull_3_v16.png,1,0.08303398622618641,1.3305835780212505
glaive_of_krull_3_v17.png,0,-0.5356127735087299,1.0507935563990358
glaive_of_krull_3_v18.png,0,2.5331442718989394,1.0836528790218654
glaive_of_krull_3_v19.png,1,-0.1415027120098853,1.0240111342077736
glaive_of_krull_4_v0.png,1,-2.3439865479400277,1.440265418960405
glaive_of_krull_4_v1.png,1,-3.026036665110857,1.879257964755579
glaive_of_krull_4_v2.png,1,-2.640323137616694,1.4475358415763497
glaive_of_krull_4_v3.png,0,2.035549359732353,1.8979233904949826
glaive_of_krull_4_v4.png,1,0.06686702117773535,1.745844663841985
glaive_of_krull_4_v5.png,1,3.061460122751096,1.5936191129613604
glaive_of_krull_4_v6.png,1,1.8873723819285981,1.721501465628744
glaive_of_krull_4_v7.png,0,2.458505120177069,1.5793356700451573
glaive_of_krull_4_v8.png,0,-2.43995941335423,1.6452071279462623
glaive_of_krull_4_v9.png,1,1.5913976990253156,1.4625836534783856
glaive_of_krull_4_v10.png,0,-2.457300406355313,1.3844632168661664
glaive_of_krull_4_v11.png,0,1.5216310402903979,1.475650745566541
glaive_of_krull_4_v12.png,1,1.5290779334129905,1.5534141984888747
glaive_of_krull_4_v13.png,1,0.6002462336821175,1.4667547641422416
glaive_of_krull_4_v14.png,1,-2.9292051623881883,1.5321084195593095
glaive_of_krull_4_v15.png,1,-1.7948794962626748,1.433657556127433
glaive_of_krull_4_v16.png,0,0.10642096936065215,1.6308649380525082
glaive_of_krull_4_v17.png,0,-2.3169136802897023,1.7326915997310746
glaive_of_krull_4_v18.png,0,-2.295512324955665,1.6489592703277394
glaive_of_krull_4_v19.png,1,1.5544206150114501,1.8587824993653188
great_katana_0_v0.png,0,-3.108972634442014,1.2442562487280038
great_katana_0_v1.png,1,1.1843981283107823,1.0579639582143228
great_katana_0_v2.png,1,-2.4127960801659047,1.1401607667961238
great_katana_0_v3.png,1,-0.2544654552388881,1.4288354616920038
great_katana_0_v4.png,1,0.44469359814290055,1.361748833479068
great_katana_0_v5.png,1,-1.798910823211175,1.1760239699847237
great_katana_0_v6.png,1,2.0385156847103847,1.4044039196421438
great_katana_0_v7.png,0,2.5826491889226624,1.1711540265038893
great_katana_0_v8.png,1,0.40709044032070985,1.1013684559740806
great_katana_0_v9.png,0,-2.6906794611178606,1.0673809164408063
great_katana_0_v10.png,0,-1.4986379891496036,1.2857763104783986
great_katana_0_v11.png,1,0.32531532156395215,1.4350725729882252
great_katana_0_v12.png,0,-1.1637086561426369,1.3336644103532787
great_katana_0_v13.png,0,2.699173683202564,1.4623468820300112
great_katana_0_v14.png,0,-2.093862533216356,1.0959533073774157
great_katana_0_v15.png,0,1.2382687883252794,1.4008540047569422
great_katana_0_v16.png,0,0.9045495597186113,1.35719573443477
great_katana_0_v17.png,1,0.9000995429838063,1.1574253083966697
great_katana_0_v18.png,1,0.41133204914700805,1.3465339079004248
great_katana_0_v19.png,1,2.23594575842508,1.3278082450511286
great_katana_1_v0.png,1,-0.47861763047088335,1.5656783610823979
great_katana_1_v1.png,1,-2.1508884620408466,1.669407614523479
great_katana_1_v2.png,0,-1.4914172001799253,1.9108248348705401
great_katana_1_v3.png,0,-2.1089947176576764,1.8194073349154136
great_katana_1_v4.png,1,1.9161304978705633,1.5958854083969167
great_katana_1_v5.png,1,-0.4712100972951019,1.3764468177227969
great_katana_1_v6.png,1,-0.6412360856918795,1.3501554886265532
great_katana_1_v7.png,0,-2.3332865057168037,1.6783621464447462
great_katana_1_v8.png,0,-0.2014718995673599,1.8552642840548246
great_katana_1_v9.png,0,-0.33245629626673967,1.564799302945722
great_katana_1_v10.png,1,-2.102874283787163,1.826483315899168
great_katana_1_v11.png,1,0.18401893001214553,1.3920807266812205
great_katana_1_v12.png,0,-2.7272508648899936,1.6321082570645604
great_katana_1_v13.png,0,-1.9533479726104148,1.8590021555732545
great_katana_1_v14.png,1,2.0629038191023064,1.755396911481705
great_katana_1_v15.png,1,-1.7199861066088387,1.3751050700444987
great_katana_1_v16.png,1,0.12532912777792493,1.58290975794461
great_katana_1_v17.png,0,0.683627936672007,1.6016899006783685
great_katana_1_v18.png,1,-0.1551632949863997,1.4222279014190549
great_katana_1_v19.png,0,-1.5501832220810106,1.4699712930217974
great_katana_2_v0.png,0,0.5640410793317763,1.3895096087853787
great_katana_2_v1.png,0,-0.9850367433456628,1.6150685532172648
great_katana_2_v2.png,1,-1.9352686957665557,1.4749059904675426
great_katana_2_v3.png,1,-0.8850874064463516,1.7675540367492593
great_katana_2_v4.png,1,2.3568991240299124,1.4773228833775467
great_katana_2_v5.png,0,-1.9132651148985302,1.5475879364753624
great_katana_2_v6.png,1,2.5265748224804274,1.6159550946550878
great_katana_2_v7.png,0,0.4709991566854965,1.670484428327037
great_katana_2_v8.png,0,2.826194635996067,1.7384123393745667
great_katana_2_v9.png,0,0.16090340124369362,1.490842083690885
great_katana_2_v10.png,1,-0.14844000048142547,1.3591172280380732
great_katana_2_v11.png,1,-1.8089752496331202,1.433241797570006
great_katana_2_v12.png,0,0.4509841063182032,1.7270155015780921
great_katana_2_v13.png,1,2.9580139785541926,1.6946737164162509
great_katana_2_v14.png,0,-2.5377831799977386,1.593892771887706
great_katana_2_v15.png,1,-0.37643460350101066,1.7605378513599412
great_katana_2_v16.png,1,-0.33977436410499173,1.8898696733146094
great_katana_2_v17.png,0,-2.484435200422388,1.7152101348942146
great_katana_2_v18.png,0,1.558868026821413,1.388479957680479
great_katana_2_v19.png,1,-1.8970783794334576,1.6067522738408686
great_katana_4_v0.png,0,-2.8359011092939195,1.6959636000147829
great_katana_4_v1.png,0,1.2551473353617864,1.3524542942776636
great_katana_4_v2.png,0,1.6133875007020686,1.3639833334993428
great_katana_4_v3.png,1,1.1172689102789484,1.3580855779817118
great_katana_4_v4.png,0,-2.9419953954324365,1.4837317586139611
great_katana_4_v5.png,1,-1.5401268925420624,1.7866915272619062
great_katana_4_v6.png,0,0.7505534577178175,1.9091431684416924
great_katana_4_v7.png,1,-0.12748976166124315,1.4750676704451415
great_katana_4_v8.png,1,0.33909465867229116,1.7424996657787812
great_katana_4_v9.png,1,2.8395134719652795,1.3572931269559618
great_katana_4_v10.png,0,1.5414708662170948,1.7057688392646295
great_katana_4_v11.png,0,0.8681418093319415,1.7213975126960985
great_katana_4_v12.png,0,3.0970041512910083,1.535753744657763
great_katana_4_v13.png,1,-3.0644395511135176,1.3601122956185738
great_katana_4_v14.png,0,-2.0189814759900395,1.519457417170697
great_katana_4_v15.png,1,-2.1534621853705844,1.4073162212927006
great_katana_4_v16.png,1,0.3818367710898869,1.6015900444031568
great_katana_4_v17.png,0,0.5083816816950435,1.385584651798637
great_katana_4_v18.png,1,2.3237960390826546,1.6366697142149482
great_katana_4_v19.png,1,2.705088414906575,1.8235418473694305
halberd_0_v0.png,0,-1.7760193639701307,1.670035471225368
halberd_0_v1.png,1,-0.17135007350950993,1.6328991996031528
halberd_0_v2.png,1,1.1620072365247367,1.4813740540960665
halberd_0_v3.png,0,-0.5834065015201944,1.4696762243511132
halberd_0_v4.png,1,-1.2713025695298805,1.384894038907396
halberd_0_v5.png,1,-2.035300788610878,1.38429158127298
halberd_0_v6.png,1,-2.9183433202963496,1.3261383353654341
halberd_0_v7.png,0,-0.5564160053303846,1.6931856835264583
halberd_0_v8.png,0,-1.8627800721209784,1.61505425134864
halberd_0_v9.png,0,-1.706670447013774,1.7113348279015124
halberd_0_v10.png,1,1.162263912936866,1.334791073201634
halberd_0_v11.png,0,1.4888310964258178,1.492479626259758
halberd_0_v12.png,0,0.6386653909865974,1.3393918443860044
halberd_0_v13.png,1,0.567952174142131,1.5614605875946266
halberd_0_v14.png,0,2.7624227471130807,1.4861923803704444
halberd_0_v15.png,1,-2.406371866206557,1.3376465789702536
halberd_0_v16.png,0,-1.8153248443151044,1.578131884019831
halberd_0_v17.png,1,-2.965917212694306,1.7727815027363258
halberd_0_v18.png,0,3.011580839776679,1.500712769927825
halberd_0_v19.png,0,0.36672431905448466,1.612003514606107
halberd_1_v0.png,1,0.19266048826585724,1.3851151344287786
halberd_1_v1.png,1,-1.9819402594726063,1.3227603818166878
halberd_1_v2.png,0,-1.9876706614595578,1.551398817014014
halberd_1_v3.png,0,1.0742620705786985,1.2349428275453385
halberd_1_v4.png,1,0.7602285740680638,1.3564662243681525
halberd_1_v5.png,0,0.21561411596847013,1.5872979627592483
halberd_1_v6.png,0,2.0601998356835205,1.3757491922737821
halberd_1_v7.png,1,0.3304560200501473,1.4436795541293608
halberd_1_v8.png,0,-1.0984705108949888,1.6461008325484794
halberd_1_v9.png,0,-2.60831517171609,1.3117986876780914
halberd_1_v10.png,1,2.1202495195353404,1.2249222482185305
halberd_1_v11.png,1,-0.5654864221691814,1.336950153974488
halberd_1_v12.png,0,2.7653437002205186,1.452229786320874
halberd_1_v13.png,1,2.147539748820646,1.3619724468723624
halberd_1_v14.png,0,-1.678361343543561,1.3540753911126089
halberd_1_v15.png,0,-2.1352345240441606,1.611130675662045
halberd_1_v16.png,0,-0.22720145398945985,1.6564446657689649
halberd_1_v17.png,0,2.253426754014349,1.3555387215984627
halberd_1_v18.png,1,1.9348369545675599,1.3732209203241519
halberd_1_v19.png,1,-0.23255541729543805,1.4746112155601585
halberd_2_v0.png,0,-2.244442891551052,1.133566994924374
halberd_2_v1.png,0,2.3167717196688677,1.3369217115833163
halberd_2_v2.png,1,-0.7989850946796122,1.4363794328596355
halberd_2_v3.png,1,-2.3280876727742994,1.5255070645990116
halberd_2_v4.png,1,-1.064182757729406,1.2769406552552203
halberd_2_v5.png,0,-2.2929563685041106,1.1805297439272613
halberd_2_v6.png,1,-2.162062080377505,1.1737988100118137
halberd_2_v7.png,1,0.0197911385087135,1.232143010745101
halberd_2_v8.png,1,-2.2824527610035528,1.2155256866988686
halberd_2_v9.png,0,0.2887857579550417,1.2150323814052546
halberd_2_v10.png,1,-2.9488438989993244,1.2350820336327728
halberd_2_v11.png,1,-3.064807851533675,1.1243591874059102
halberd_2_v12.png,1,1.9838363577104623,1.4580341877991303
halberd_2_v13.png,1,-1.1366552527690725,1.5709481575229916
halberd_2_v14.png,1,2.7467818621237683,1.311563580531794
halberd_2_v15.png,1,-2.5736660160492346,1.4909133118648754
halberd_2_v16.png,1,-2.9315919152596774,1.2010123281255036
halberd_2_v17.png,0,2.6758650191919844,1.437925276840176
halberd_2_v18.png,1,0.8463017862972659,1.1319634989015908
halberd_2_v19.png,1,0.4933899764020957,1.16754387763919
halberd_3_v0.png,1,-0.9527893294008831,1.810536555240619
halberd_3_v1.png,1,1.0589810600473495,1.482948022920545
halberd_3_v2.png,1,-1.1417251871925123,1.6163567976945237
halberd_3_v3.png,0,-1.9746422568247124,1.8343207030318327
halberd_3_v4.png,0,2.942572449185017,1.40393700230951
halberd_3_v5.png,1,-1.377557030596849,1.4264572043266197
halberd_3_v6.png,0,1.3268493241716426,1.6227605388904156
halberd_3_v7.png,0,-0.5609209847388232,1.917489388978316
halberd_3_v8.png,1,2.0329484614256517,1.8975625575736255
halberd_3_v9.png,0,0.583120466923468,1.8382423416774412
halberd_3_v10.png,0,-1.2694608922230772,1.6951556906473757
halberd_3_v11.png,1,0.3036761793357101,1.414841949392802
halberd_3_v12.png,1,0.8147972837610808,1.548641933022488
halberd_3_v13.png,1,1.2184300351722577,1.522738043490527
halberd_3_v14.png,1,-1.402995110436394,1.4067177897786443
halberd_3_v15.png,0,-2.002788173120601,1.8206832607392214
halberd_3_v16.png,1,-2.535049183498812,1.9348164158128252
halberd_3_v17.png,1,-0.3495567563848567,1.750201882961957
halberd_3_v18.png,1,1.8275002425745779,1.644287319486307
halberd_3_v19.png,1,1.6190404725382965,1.5550834204365995
halberd_4_v0.png,1,1.934948159305793,1.1565388937579126
halberd_4_v1.png,1,0.7664258440074665,1.174540232278981
halberd_4_v2.png,1,0.36947378009487597,1.1188839994514037
halberd_4_v3.png,0,-2.242620369059087,1.3047276831580907
halberd_4_v4.png,1,2.374380050067365,1.126143425600192
halberd_4_v5.png,0,1.5495555419188873,1.1792195020992158
halberd_4_v6.png,0,0.9359561352057897,1.193131704586579
halberd_4_v7.png,1,-2.8975900840521067,1.0010109653282282
halberd_4_v8.png,0,2.948054990793473,1.3821488412575764
halberd_4_v9.png,1,0.27893608722812147,1.3365797589326227
halberd_4_v10.png,0,-0.8216558890711521,1.2113542996053617
halberd_4_v11.png,0,-2.7032111295579013,1.1388742376638001
halberd_4_v12.png,0,-1.5481642778738653,1.0782915822516659
halberd_4_v13.png,0,1.525919452763791,1.0672298493301045
halberd_4_v14.png,1,-1.5430119719200621,1.3560697982850016
halberd_4_v15.png,0,1.8554776779684907,1.3462051353175748
halberd_4_v16.png,0,-2.1560756702244137,1.1428245143405382
halberd_4_v17.png,1,-1.035850575251032,1.02107479046671
halberd_4_v18.png,1,-3.082508769795552,1.040660867457947
halberd_4_v19.png,0,0.30059030898203787,1.0372557122692878
hammer_0_v0.png,1,1.2467979343227193,1.3341321592968993
hammer_0_v1.png,0,-0.7559780229600218,1.1505535865067111
hammer_0_v2.png,1,-1.1445541092930362,1.4313735419620262
hammer_0_v3.png,0,0.5914664618600989,1.5200312902139066
hammer_0_v4.png,0,-2.6597001024463878,1.6074536401274033
hammer_0_v5.png,0,0.18107074222598252,1.2389720852284394
hammer_0_v6.png,1,-0.5626763561223636,1.546128406516444
hammer_0_v7.png,1,-1.6455342762501646,1.2833566575401067
hammer_0_v8.png,0,-0.02012937547436877,1.2641499418016326
hammer_0_v9.png,1,2.42681007902055,1.5278473541046365
hammer_0_v10.png,0,0.7713899576422985,1.4994543363353525
hammer_0_v11.png,1,-0.5434779423674136,1.5983577842255177
hammer_0_v12.png,1,-0.7331425731430006,1.171736666620332
hammer_0_v13.png,0,-3.104361526841811,1.558892083087044
hammer_0_v14.png,0,-1.0146093396088838,1.640100406493733
hammer_0_v15.png,0,3.0139594130421843,1.547514377619406
hammer_0_v16.png,1,2.7110236459732926,1.3904501804242668
hammer_0_v17.png,1,-1.3404410602969703,1.6213822933566766
hammer_0_v18.png,1,-1.4765078799551494,1.1880732869430473
hammer_0_v19.png,1,1.633569825528505,1.4286622394503457
hammer_1_v0.png,0,-0.6222963994896511,1.3560657409128958
hammer_1_v1.png,0,0.7084651791836004,1.4904730668260584
hammer_1_v2.png,1,0.6809096065076922,1.153482890444679
hammer_1_v3.png,0,-0.7577128693856524,1.2089633313897226
hammer_1_v4.png,0,-1.7797755146675112,1.1786252668396586
hammer_1_v5.png,0,-0.0699362410547213,1.2182047527928466
hammer_1_v6.png,1,-0.45667185716760356,1.2599014606995693
hammer_1_v7.png,0,0.40399518074379015,1.1763363444644115
hammer_1_v8.png,1,-2.878367861002129,1.2641615926494265
hammer_1_v9.png,1,1.5206037075664867,1.224474960471991
hammer_1_v10.png,1,2.963268352224323,1.5202686515411923
hammer_1_v11.png,0,-0.3308887213510373,1.3789311326231068
hammer_1_v12.png,0,-0.005748081407530914,1.6084841755752857
hammer_1_v13.png,1,0.6494631832261565,1.2242365989042656
hammer_1_v14.png,0,2.3657692995804434,1.4701768356589333
hammer_1_v15.png,0,0.30026110057431066,1.5037537624198738
hammer_1_v16.png,1,0.6950647774712312,1.3304173533429784
hammer_1_v17.png,0,1.5284383584558636,1.567151848055803
hammer_1_v18.png,0,-0.9713018233761421,1.5787630923580542
hammer_1_v19.png,1,3.11287061113297,1.1885394595443632
hammer_2_v0.png,0,2.4394652208350314,1.676197978850286
hammer_2_v1.png,1,-3.0114987471773134,1.6444208823921571
hammer_2_v2.png,0,-0.060899805602888546,1.319000763241841
hammer_2_v3.png,0,-0.3234526966664164,1.4847908779288768
hammer_2_v4.png,0,-0.6839219683293434,1.3815755029017904
hammer_2_v5.png,1,2.2243419535838607,1.3878450284044836
hammer_2_v6.png,1,-1.060436365486071,1.643039645730389
hammer_2_v7.png,1,-2.2481668887271766,1.558508126391839
hammer_2_v8.png,1,-1.8226026879167145,1.275992065777498
hammer_2_v9.png,0,0.5833942505088507,1.2983084060689776
hammer_2_v10.png,0,2.04050863350857,1.3643194204467428
hammer_2_v11.png,0,1.4605928294225425,1.5280828639101118
hammer_2_v12.png,1,-0.5107704659826051,1.6152768774750068
hammer_2_v13.png,1,2.3329791668672657,1.2599956486556958
hammer_2_v14.png,0,-2.1243739081859125,1.554630844236699
hammer_2_v15.png,0,-1.4341377701345703,1.5810521343503408
hammer_2_v16.png,1,-2.6850230214639392,1.6693197890812097
hammer_2_v17.png,0,3.0770626025138172,1.7820289433066419
hammer_2_v18.png,1,-0.6099559492113701,1.327014907171028
hammer_2_v19.png,0,-0.6493353581845671,1.264774572984523
hammer_3_v0.png,1,-0.6021667962994826,1.279458010515136
hammer_3_v1.png,0,-0.44637866609145577,1.4094578877039867
hammer_3_v2.png,1,-0.2767745684680883,1.5950017825994152
hammer_3_v3.png,1,0.00592454650243357,1.668095896227632
hammer_3_v4.png,0,-2.4051394719575736,1.6208416045030025
hammer_3_v5.png,1,1.471093413810717,1.3356201726008152
hammer_3_v6.png,1,-0.15073689938862644,1.3345462197661488
hammer_3_v7.png,1,0.4417407840855409,1.444594869199062
hammer_3_v8.png,1,0.30542342003801387,1.7077613887467564
hammer_3_v9.png,1,0.516870973138255,1.491426277908189
hammer_3_v10.png,0,0.6606409679331355,1.6784141506468795
hammer_3_v11.png,1,0.8331688857777688,1.2100082029996022
hammer_3_v12.png,0,-1.9468598977431202,1.2989775551640894
hammer_3_v13.png,1,-0.0017215390366994154,1.220145031888599
hammer_3_v14.png,1,-2.0195194814598536,1.5639360486652811
hammer_3_v15.png,0,2.322843742447749,1.4232012174691109
hammer_3_v16.png,0,2.5997814699887685,1.5165834861106724
hammer_3_v17.png,0,2.548229476099882,1.6517919703665687
hammer_3_v18.png,1,-0.6619223752609134,1.3503247254510116
hammer_3_v19.png,1,2.4758697024468255,1.6348095084992031
hammer_4_v0.png,1,-0.9952278229002798,1.5647995803364068
hammer_4_v1.png,1,-1.737827438367713,1.4835704825030769
hammer_4_v2.png,1,-2.2161830466298933,1.832643066110361
hammer_4_v3.png,1,2.135840059606638,1.8008774104873473
hammer_4_v4.png,1,0.8014306586226458,1.7569824550469832
hammer_4_v5.png,1,-2.726853119963051,1.5221327704557412
hammer_4_v6.png,1,0.049977152034657024,1.3638038689467467
hammer_4_v7.png,0,-1.6283342514933272,1.583806761373632
hammer_4_v8.png,0,-0.39646790235831414,1.5758847790207926
hammer_4_v9.png,0,0.00621404646902024,1.5910912808225754
hammer_4_v10.png,0,0.8477118723866979,1.6188280382642595
hammer_4_v11.png,1,3.0195026739724566,1.6379365193414206
hammer_4_v12.png,0,-0.8150374841074373,1.5117369120615072
hammer_4_v13.png,1,-0.6585909120418645,1.4791759501459611
hammer_4_v14.png,0,-0.9037809031144797,1.5457200323901203
hammer_4_v15.png,1,-2.2493002031375866,1.7542963458782628
hammer_4_v16.png,1,-0.4873122977687073,1.8060409326480475
hammer_4_v17.png,1,-2.755417721346631,1.8411771621263842
hammer_4_v18.png,1,2.758870551158739,1.8723001905071583
hammer_4_v19.png,0,1.5623007252622443,1.4630307174071122
hand_axe_0_v0.png,1,-2.453571653712635,1.1715578443509849
hand_axe_0_v1.png,0,2.9171064171603858,1.191171685003529
hand_axe_0_v2.png,1,-0.4451002348167629,1.2885214862789711
hand_axe_0_v3.png,0,2.9699740312830203,1.332012676455974
hand_axe_0_v4.png,1,-1.3547342360976977,1.5096150238532167
hand_axe_0_v5.png,0,2.326710691726221,1.3955672396765786
hand_axe_0_v6.png,1,0.4636247715421139,1.3303316253609523
hand_axe_0_v7.png,1,1.5002078844078583,1.5116222618370376
hand_axe_0_v8.png,1,-2.5088402596660586,1.6084308229095607
hand_axe_0_v9.png,1,2.2270144364604194,1.3379917907049361
hand_axe_0_v10.png,0,0.4360475609000626,1.5847998401494292
hand_axe_0_v11.png,0,2.805556338719019,1.2149873923861163
hand_axe_0_v12.png,1,1.5025972370166003,1.1685636589003763
hand_axe_0_v13.png,0,0.6304573684739723,1.4183269745589864
hand_axe_0_v14.png,0,-0.03267717976934392,1.1928086502741946
hand_axe_0_v15.png,0,-1.7090812004685052,1.5022203737697561
hand_axe_0_v16.png,1,0.9528832417857851,1.1561775759262474
hand_axe_0_v17.png,1,-1.8040292576371908,1.2119698246715533
hand_axe_0_v18.png,1,-2.459125760683251,1.4564537090686196
hand_axe_0_v19.png,0,3.099686314071782,1.512015539204704
hand_axe_1_v0.png,1,0.3700830441496621,1.5236651043473182
hand_axe_1_v1.png,1,-2.411243828732389,1.611579607787121
hand_axe_1_v2.png,1,-0.08948945573701383,1.6651260211821894
hand_axe_1_v3.png,1,1.3754374023397549,1.6122931116038366
hand_axe_1_v4.png,1,-1.395399848434916,1.4490745650695886
hand_axe_1_v5.png,0,0.7946057645337559,1.6154113447198595
hand_axe_1_v6.png,0,-0.955774906161977,1.5844790268229882
hand_axe_1_v7.png,0,0.45740158149963084,1.4029804325855035
hand_axe_1_v8.png,0,0.3187391602534557,1.8467935410122633
hand_axe_1_v9.png,1,3.1151001402374066,1.6435611272524178
hand_axe_1_v10.png,0,0.6625472018767533,1.575033645122
hand_axe_1_v11.png,0,1.741542040442129,1.8597736982542368
hand_axe_1_v12.png,0,0.7871839867580861,1.6010148979181318
hand_axe_1_v13.png,0,-1.5533825593240667,1.5568319357301361
hand_axe_1_v14.png,1,1.3273992291326884,1.6690705741593108
hand_axe_1_v15.png,0,-0.916138215667598,1.5353022130630112
hand_axe_1_v16.png,1,0.6380524258910751,1.7047348644966602
hand_axe_1_v17.png,0,-1.8049707601427853,1.6878891004204215
hand_axe_1_v18.png,0,-2.6715223867533693,1.426653315122314
hand_axe_1_v19.png,1,-3.0773522036943346,1.5166745822104144
hand_axe_2_v0.png,0,2.881768728313226,1.4146133055099595
hand_axe_2_v1.png,1,2.3042314828864683,1.6085793429729502
hand_axe_2_v2.png,0,0.9209267352090234,1.2123261126025877
hand_axe_2_v3.png,0,-2.312877707203718,1.4826692259352692
hand_axe_2_v4.png,1,2.1063832949945924,1.3100993194386592
hand_axe_2_v5.png,1,-3.138992194279317,1.4395235906918264
hand_axe_2_v6.png,1,-3.0942503486360717,1.504561208260093
hand_axe_2_v7.png,1,-1.7715713331399667,1.4430465430931965
hand_axe_2_v8.png,1,0.14991680522343853,1.459804911349994
hand_axe_2_v9.png,1,-2.7423842330148354,1.2298220695733788
hand_axe_2_v10.png,1,1.1284556524845446,1.343525666430363
hand_axe_2_v11.png,0,-2.797803859943381,1.154417893160822
hand_axe_2_v12.png,1,-0.6584858339698455,1.469138064652099
hand_axe_2_v13.png,1,-2.5649961292946326,1.2253785211028898
hand_axe_2_v14.png,0,-3.0313556994040676,1.1907975774337554
hand_axe_2_v15.png,0,1.1746326022959186,1.3006311817241658
hand_axe_2_v16.png,1,-0.6350151397088771,1.2989909539452953
hand_axe_2_v17.png,1,1.1348169869991789,1.5557404666197394
hand_axe_2_v18.png,0,-1.0203594388701283,1.2315260233010255
hand_axe_2_v19.png,0,0.6157589831326937,1.5819108559079247
hand_axe_3_v0.png,1,0.9680806833894313,1.756154253808777
hand_axe_3_v1.png,0,-0.26366846057210314,1.5743846433027517
hand_axe_3_v2.png,1,2.163583764933718,1.500918179469083
hand_axe_3_v3.png,0,2.772934815484442,1.6375285928873065
hand_axe_3_v4.png,0,1.2553655275954696,1.7032983210237886
hand_axe_3_v5.png,0,-1.046247837841221,1.361542938621402
hand_axe_3_v6.png,1,1.836941615242505,1.4218043608508475
hand_axe_3_v7.png,0,2.308224259616459,1.7040676733209785
hand_axe_3_v8.png,1,1.858858450142553,1.6011397181981462
hand_axe_3_v9.png,1,-1.6517820063560196,1.577918372618861
hand_axe_3_v10.png,1,2.1393941362839612,1.5018509021361708
hand_axe_3_v11.png,1,1.4776683645584068,1.334915923813276
hand_axe_3_v12.png,0,-3.0248295626490265,1.7224706215062149
hand_axe_3_v13.png,0,-2.6088751030090798,1.39871512796733
hand_axe_3_v14.png,0,-2.5323675480051038,1.4387773844896246
hand_axe_3_v15.png,1,-2.2809486770584493,1.5584213150881905
hand_axe_3_v16.png,1,-1.8301155969103784,1.301352435982628
hand_axe_3_v17.png,0,-2.775136407585588,1.461858310766012
hand_axe_3_v18.png,1,-1.963941981344601,1.2989548992923277
hand_axe_3_v19.png,1,1.3851444305213507,1.5968491396194648
hand_axe_4_v0.png,1,0.7960539731632614,1.1503536919232265
hand_axe_4_v1.png,1,-0.062079238888303356,1.0823481092098957
hand_axe_4_v2.png,1,-0.521182791270018,1.038156425779691
hand_axe_4_v3.png,1,-0.7371270708086847,1.3981982504219868
hand_axe_4_v4.png,1,2.700146407227094,1.1776956829514456
hand_axe_4_v5.png,1,2.488079071962402,1.3873409937573407
hand_axe_4_v6.png,1,1.16164814317684,1.3142497306760774
hand_axe_4_v7.png,1,-2.926534020019832,1.104122550263088
hand_axe_4_v8.png,1,-0.3645802953471029,1.0121006820320535
hand_axe_4_v9.png,0,-2.231465248181151,1.2274657086844962
hand_axe_4_v10.png,1,-0.062201295913283605,1.2808036174584763
hand_axe_4_v11.png,1,1.5196344932068537,1.3483422756482286
hand_axe_4_v12.png,0,3.13680134667395,1.0209804323807226
hand_axe_4_v13.png,1,-2.3373718163699837,1.336768490644895
hand_axe_4_v14.png,0,0.6233754753362628,1.151098175586504
hand_axe_4_v15.png,0,-2.135066552174521,1.1479172512910312
hand_axe_4_v16.png,0,0.8223070712703218,1.2255201511938643
hand_axe_4_v17.png,1,0.07834579681244325,1.039783964427343
hand_axe_4_v18.png,0,0.6126074410518056,1.3025915032391941
hand_axe_4_v19.png,0,2.350800963678834,1.0024214844709778
harry_potter_wand_0_v0.png,0,-0.0006040975101767598,1.521695607569363
harry_potter_wand_0_v1.png,1,2.692705246474906,1.5219609450997436
harry_potter_wand_0_v2.png,1,1.0949003281533507,1.605004248535307
harry_potter_wand_0_v3.png,0,-2.933546239741516,1.8596270367398733
harry_potter_wand_0_v4.png,0,1.6586777106586688,1.780351622712137
harry_potter_wand_0_v5.png,0,-0.8694272733106273,1.558807561156864
harry_potter_wand_0_v6.png,1,0.6866084118415018,1.840291725237741
harry_potter_wand_0_v7.png,0,0.8467099426606163,1.5832438701525866
harry_potter_wand_0_v8.png,0,-1.1426606085754951,1.864614018508747
harry_potter_wand_0_v9.png,0,-1.7234900566099967,1.4304597978569962
harry_potter_wand_0_v10.png,1,-3.076770607898484,1.8819651297161808
harry_potter_wand_0_v11.png,0,2.0559937341869325,1.7045413596484673
harry_potter_wand_0_v12.png,0,-1.4456487354935459,1.5348468340525796
harry_potter_wand_0_v13.png,1,-1.7310422070877598,1.7500918411319353
harry_potter_wand_0_v14.png,1,2.3145072847440384,1.6526967673138002
harry_potter_wand_0_v15.png,1,2.4198332396919384,1.578986687094371
harry_potter_wand_0_v16.png,0,1.6057733121138171,1.9566246260342524
harry_potter_wand_0_v17.png,1,2.3730001393237523,1.9786201551187
harry_potter_wand_0_v18.png,0,2.839270234411013,1.4030323391724333
harry_potter_wand_0_v19.png,0,-2.2469598078277504,1.6553463889929274
harry_potter_wand_1_v0.png,0,-1.4596897711436225,1.7562834672197716
harry_potter_wand_1_v1.png,1,0.5788748718608274,1.3051310200407715
harry_potter_wand_1_v2.png,0,-2.077841439537019,1.4382313123215225
harry_potter_wand_1_v3.png,0,1.2653181369135378,1.6930110588487424
harry_potter_wand_1_v4.png,0,0.23238717626856364,1.585738413280263
harry_potter_wand_1_v5.png,0,-1.4023130655431402,1.495157615927662
harry_potter_wand_1_v6.png,0,-0.21271200084674735,1.7541260943752777
harry_potter_wand_1_v7.png,0,-0.2398786657101586,1.3544142170903157
harry_potter_wand_1_v8.png,0,1.3801692899551676,1.566749949731062
harry_potter_wand_1_v9.png,0,1.395943373100437,1.2509578927391332
harry_potter_wand_1_v10.png,0,-2.519269968666578,1.5348804662614477
harry_potter_wand_1_v11.png,1,0.07278512143316818,1.6262383253982249
harry_potter_wand_1_v12.png,1,-3.0645244156065043,1.7259061266867117
harry_potter_wand_1_v13.png,1,2.9665551032681563,1.3343515380729645
harry_potter_wand_1_v14.png,1,-2.8951034236643096,1.4021125158488918
harry_potter_wand_1_v15.png,1,2.016701453274436,1.3894050151894366
harry_potter_wand_1_v16.png,0,-2.309227502276644,1.369299098718225
harry_potter_wand_1_v17.png,1,-2.1137295951906405,1.3465240849778204
harry_potter_wand_1_v18.png,0,0.06324437168934804,1.298610132277054
harry_potter_wand_1_v19.png,1,0.3391803208173707,1.4996746673415464
harry_potter_wand_2_v0.png,1,-0.5515476635180101,1.7638613367281382
harry_potter_wand_2_v1.png,0,0.6746763210818534,1.69793326654469
harry_potter_wand_2_v2.png,1,-2.039816252323762,1.4535815094120699
harry_potter_wand_2_v3.png,1,-1.2812852035509428,1.42170510910543
harry_potter_wand_2_v4.png,0,-1.422050670509915,1.6017722000390309
harry_potter_wand_2_v5.png,0,-0.16376937615472775,1.424885028824237
harry_potter_wand_2_v6.png,0,0.7833368942790981,1.4458530533970884
harry_potter_wand_2_v7.png,1,-2.4697580947395457,1.6777732207872538
harry_potter_wand_2_v8.png,1,-2.391930021556261,1.4313301707338202
harry_potter_wand_2_v9.png,0,-1.5151550679351025,1.652361331509046
harry_potter_wand_2_v10.png,1,2.0401990490002184,1.3632782628017546
harry_potter_wand_2_v11.png,1,-3.0230415183474646,1.8132326470581448
harry_potter_wand_2_v12.png,0,1.2577267692051974,1.8434132379336567
harry_potter_wand_2_v13.png,1,1.509226440463295,1.725761845693867
harry_potter_wand_2_v14.png,1,0.7589657988211116,1.318296597727661
harry_potter_wand_2_v15.png,0,0.6776316485452936,1.8153847448070621
harry_potter_wand_2_v16.png,1,2.6812270021232028,1.6458063931506492
harry_potter_wand_2_v17.png,0,2.5233120463825855,1.7047733824736901
harry_potter_wand_2_v18.png,0,2.391122666468739,1.7706234396111762
harry_potter_wand_2_v19.png,1,0.9812015700171037,1.4625923373200438
harry_potter_wand_3_v0.png,0,-0.33812937509634494,1.769696261099931
harry_potter_wand_3_v1.png,0,1.9950735414435454,1.5648320043015922
harry_potter_wand_3_v2.png,0,0.1812725338490755,1.977830072726523
harry_potter_wand_3_v3.png,0,0.9086087711695663,2.0380699312886046
harry_potter_wand_3_v4.png,0,-0.1379136564736373,1.905506293782618
harry_potter_wand_3_v5.png,1,-1.9410528438498915,1.6918559497469725
harry_potter_wand_3_v6.png,0,-2.9522170647613013,2.09219610379814
harry_potter_wand_3_v7.png,1,-1.7859457641766299,2.1038461574736957
harry_potter_wand_3_v8.png,0,-0.0014451559131277714,2.1396287416198496
harry_potter_wand_3_v9.png,1,0.763106231963276,2.0438237552367435
harry_potter_wand_3_v10.png,0,1.8034896841154435,2.0677801472459607
harry_potter_wand_3_v11.png,0,-1.4622811441075156,2.0419403084054863
harry_potter_wand_3_v12.png,1,-1.0123707806936546,1.6704914158098139
harry_potter_wand_3_v13.png,1,0.958361806948191,1.5609468212983728
harry_potter_wand_3_v14.png,0,1.4400741472022223,1.9069320899295443
harry_potter_wand_3_v15.png,0,-2.6765839658331583,1.5466912276133562
harry_potter_wand_3_v16.png,0,-2.6308916636157047,1.5456437043520863
harry_potter_wand_3_v17.png,0,-1.9775723032902477,1.5492167895399227
harry_potter_wand_3_v18.png,1,-1.6132430243978424,1.7324653113101263
harry_potter_wand_3_v19.png,0,0.6702430384273141,1.8938125264479633
harry_potter_wand_4_v0.png,1,0.1783231343935343,1.619613104643138
harry_potter_wand_4_v1.png,0,-1.707993188983568,1.3744008974700352
harry_potter_wand_4_v2.png,1,1.3420483514665469,1.5394902333674396
harry_potter_wand_4_v3.png,0,0.02030249662571837,1.2540670640141482
harry_potter_wand_4_v4.png,0,0.5917841603287639,1.5863892016934578
harry_potter_wand_4_v5.png,1,1.5939631905278222,1.2278962981002972
harry_potter_wand_4_v6.png,1,0.5412790776724343,1.4516537932422775
harry_potter_wand_4_v7.png,0,0.04283873863866894,1.3856513015984147
harry_potter_wand_4_v8.png,0,-1.5492191091717595,1.2104395663639815
harry_potter_wand_4_v9.png,1,-0.6870142360497224,1.32395286936887
harry_potter_wand_4_v10.png,1,2.8816640113981755,1.2360583618532466
harry_potter_wand_4_v11.png,0,-0.7101934286476154,1.4524956937991516
harry_potter_wand_4_v12.png,0,0.12520489893620956,1.4492167245783905
harry_potter_wand_4_v13.png,0,-0.6437066847807839,1.4292173529427794
harry_potter_wand_4_v14.png,0,-1.75279083766031,1.3762711623897124
harry_potter_wand_4_v15.png,0,1.6163832999166032,1.703977397343733
harry_potter_wand_4_v16.png,0,2.6798996768685113,1.3473717789981143
harry_potter_wand_4_v17.png,0,-2.198857660938263,1.3652062647985865
harry_potter_wand_4_v18.png,1,1.2373935894176624,1.2440314173771714
harry_potter_wand_4_v19.png,0,-1.9951354898960525,1.3249219939220755
hoe_0_v0.png,1,1.165766507548558,1.6727943221023525
hoe_0_v1.png,1,2.2877745262014253,1.4884093743417959
hoe_0_v2.png,1,-0.381910262158452,1.573948795304813
hoe_0_v3.png,0,1.0075034274642132,1.7085973999952146
hoe_0_v4.png,0,-0.13509462896381574,1.751448801483723
hoe_0_v5.png,0,1.729279491301841,1.3152443598365255
hoe_0_v6.png,0,0.8075268580102174,1.2716676823410888
hoe_0_v7.png,1,1.2403931097789287,1.2783301297960692
hoe_0_v8.png,0,-0.4050690077574405,1.5746388472442123
hoe_0_v9.png,1,-1.753258681144942,1.288864671740546
hoe_0_v10.png,1,0.886900586181644,1.4744573919524657
hoe_0_v11.png,0,-2.3296683412789188,1.3256749691245409
hoe_0_v12.png,0,2.146291684793668,1.6401130688152117
hoe_0_v13.png,0,1.7379745132777007,1.5628195870496686
hoe_0_v14.png,0,2.787288131598478,1.6258561390630308
hoe_0_v15.png,0,0.7145047910095045,1.2710715857293775
hoe_0_v16.png,0,-0.12259180760595745,1.423718586262614
hoe_0_v17.png,0,1.1325933307680263,1.325254589883651
hoe_0_v18.png,0,0.30719958061169506,1.2712566409701744
hoe_0_v19.png,1,-0.23688134554980245,1.4275901439239447
hoe_1_v0.png,1,3.1315811242483926,1.518498836057754
hoe_1_v1.png,0,0.8720788749299688,1.5092269407617909
hoe_1_v2.png,1,-0.11365465565306387,1.4241744243015355
hoe_1_v3.png,0,1.686735881772709,1.6865742486324653
hoe_1_v4.png,0,-0.555173663525707,1.8349597107815943
hoe_1_v5.png,1,-1.3484473872635703,1.5744843864678748
hoe_1_v6.png,0,3.059460360415361,1.6566263575967908
hoe_1_v7.png,0,-0.20284707973220784,1.701076128685275
hoe_1_v8.png,0,-1.5078819197902522,1.8104003976706011
hoe_1_v9.png,0,-0.12372281810447239,1.8150642313574323
hoe_1_v10.png,1,2.5855657685014855,1.6868549703972564
hoe_1_v11.png,0,1.5166879763868837,1.7895567269635024
hoe_1_v12.png,0,-2.500271814753752,1.8524049580403001
hoe_1_v13.png,1,2.561502393640284,1.7067926674043994
hoe_1_v14.png,0,-1.4781967462666206,1.6762100541484874
hoe_1_v15.png,0,2.964179293877682,1.6815808733079067
hoe_1_v16.png,1,-0.44453765742386014,1.4849622791641741
hoe_1_v17.png,1,2.179554218750268,1.8985716803803476
hoe_1_v18.png,0,-1.8733279369671072,1.5084636864448953
hoe_1_v19.png,0,0.7009315100729658,1.4224881301456287
hoe_2_v0.png,0,0.8842909967150285,1.3436267554311498
hoe_2_v1.png,0,1.1403545503878227,1.595409330827789
hoe_2_v2.png,1,-2.2826091234232666,1.4275978477120923
hoe_2_v3.png,0,0.23337017139183747,1.4533702126964245
hoe_2_v4.png,1,-0.20832182059494542,1.5375612862204306
hoe_2_v5.png,1,0.3872624766362194,1.3124223743803942
hoe_2_v6.png,0,2.9287918760841896,1.5718799105279513
hoe_2_v7.png,0,-2.434485687305191,1.489838514921329
hoe_2_v8.png,0,-2.9002368399542666,1.2901899393910752
hoe_2_v9.png,0,0.8489701944706669,1.615969096527433
hoe_2_v10.png,1,-2.533598792096746,1.2884992554014447
hoe_2_v11.png,1,-2.1183368556082454,1.6994967000557664
hoe_2_v12.png,0,-1.190712568917409,1.3972288875986134
hoe_2_v13.png,0,1.845766074051918,1.2653289625445183
hoe_2_v14.png,1,1.5697360595313257,1.6613283027938321
hoe_2_v15.png,0,-0.6967507689037356,1.2396902013331468
hoe_2_v16.png,0,3.0013341093487647,1.3350849497496535
hoe_2_v17.png,1,2.5686437134596645,1.2875434188838808
hoe_2_v18.png,1,2.8585336800989367,1.6734397582677771
hoe_2_v19.png,0,0.3397500783874723,1.513188481863998
hoe_3_v0.png,1,0.34647026621962085,1.3826700238226615
hoe_3_v1.png,0,0.887191357287105,1.3975965599307516
hoe_3_v2.png,1,0.3154712277675412,1.3075002624398024
hoe_3_v3.png,0,2.010153134902232,1.714094555364678
hoe_3_v4.png,1,-1.3932802834538296,1.316536945942711
hoe_3_v5.png,0,-0.3360641783154578,1.6632064099596153
hoe_3_v6.png,0,1.3543843925689902,1.3921075886327345
hoe_3_v7.png,0,2.040867018997433,1.41102872081928
hoe_3_v8.png,1,1.8806575863229669,1.6643305281584884
hoe_3_v9.png,0,-2.5589980776861556,1.5111008144874305
hoe_3_v10.png,0,-2.64262372985297,1.656694134312251
hoe_3_v11.png,0,-2.918442568023745,1.475985786276684
hoe_3_v12.png,0,-0.9046811139703406,1.5175655929012843
hoe_3_v13.png,1,2.0947736787380147,1.3046313386039088
hoe_3_v14.png,1,1.0803532442821986,1.4026239500771989
hoe_3_v15.png,1,2.2091983005606384,1.3006807636764797
hoe_3_v16.png,0,0.9540919509650144,1.6583105788070824
hoe_3_v17.png,1,-0.5898695864193775,1.5972726819155858
hoe_3_v18.png,0,1.473567001697861,1.4220192573257464
hoe_3_v19.png,0,1.8314304388613905,1.3022805049476718
hoe_4_v0.png,0,-0.22814765678765403,1.7100967761133266
hoe_4_v1.png,0,0.6309448833204099,1.2507810093150435
hoe_4_v2.png,1,0.644182177250221,1.5046756359350348
hoe_4_v3.png,0,2.7967485206107643,1.6867869208572486
hoe_4_v4.png,0,0.5087117342213525,1.230452606155841
hoe_4_v5.png,1,1.5499621494029368,1.678895633715527
hoe_4_v6.png,0,1.0829813889328457,1.4902431587645828
hoe_4_v7.png,0,-1.6560900968572594,1.3668523082125834
hoe_4_v8.png,0,-0.8819410026551855,1.4454765489940116
hoe_4_v9.png,1,0.03158706891921892,1.2099479041779744
hoe_4_v10.png,0,0.945276404872273,1.3907059775183035
hoe_4_v11.png,1,-1.6057430133745347,1.5721370558535743
hoe_4_v12.png,0,-2.252283772967175,1.6671085981444802
hoe_4_v13.png,0,-1.8553851363026843,1.5980210674317765
hoe_4_v14.png,0,-2.1140294783367732,1.229266305893102
hoe_4_v15.png,1,3.047937805105546,1.2249059739995487
hoe_4_v16.png,1,2.67841496731062,1.4505876187645441
hoe_4_v17.png,0,-3.1315617279614756,1.648605917151049
hoe_4_v18.png,0,2.813900832261841,1.591542458808742
hoe_4_v19.png,1,-1.78658952545773,1.2560749456185756
ice_pick_0_v0.png,0,-0.34938275396359497,1.537769742912938
ice_pick_0_v1.png,0,-1.519240939436342,1.9039075053702013
ice_pick_0_v2.png,1,-2.954444136691857,1.8821079051490486
ice_pick_0_v3.png,0,0.7636210635555977,1.440223820181959
ice_pick_0_v4.png,0,-1.9369071330344054,1.6114524786905273
ice_pick_0_v5.png,0,0.5796780763728681,1.6275524119764364
ice_pick_0_v6.png,1,-2.6441392054047426,1.4188311732745584
ice_pick_0_v7.png,1,0.07815615422635747,1.5124490233507226
ice_pick_0_v8.png,0,-3.081431000575083,1.906864905688528
ice_pick_0_v9.png,1,1.3269810248996787,1.7342505986654058
ice_pick_0_v10.png,1,1.8417066247568115,1.6562067158446827
ice_pick_0_v11.png,1,0.2745557499449446,1.9367559724604146
ice_pick_0_v12.png,1,-0.3249615831127304,1.4105146057419757
ice_pick_0_v13.png,1,3.0241415325481054,1.5618439110781666
ice_pick_0_v14.png,1,2.987165795170853,1.966466424051146
ice_pick_0_v15.png,0,1.3182567704220989,1.437242208334936
ice_pick_0_v16.png,1,2.291079067368433,1.6555095926825345
ice_pick_0_v17.png,0,2.7321852722868627,1.7023775652636537
ice_pick_0_v18.png,1,-0.3009455313326723,1.5005338310718632
ice_pick_0_v19.png,0,0.6834792204290444,1.4040866325531718
ice_pick_1_v0.png,1,0.6509893035813695,1.5047606379483758
ice_pick_1_v1.png,0,-3.0483407054036995,1.2651293148282776
ice_pick_1_v2.png,1,1.267338095655377,1.174369909178858
ice_pick_1_v3.png,0,-2.4814830349548718,1.178479013316887
ice_pick_1_v4.png,0,-1.7245923488210506,1.2113490634384239
ice_pick_1_v5.png,1,0.6291361477151017,1.2184214989435083
ice_pick_1_v6.png,0,-1.3547725345578696,1.4019003774960348
ice_pick_1_v7.png,1,-0.7372242590096247,1.57477130069583
ice_pick_1_v8.png,1,0.20860349224641073,1.262297109806587
ice_pick_1_v9.png,1,0.8848978830843989,1.4593729288864878
ice_pick_1_v10.png,1,-1.2954783253334945,1.4260444115458157
ice_pick_1_v11.png,1,0.40837211596714196,1.2368184757199963
ice_pick_1_v12.png,0,2.995747828384697,1.5446492733153778
ice_pick_1_v13.png,1,-2.288163851329251,1.2419849254744446
ice_pick_1_v14.png,0,-0.6101875032549867,1.3250155897065379
ice_pick_1_v15.png,0,-0.9825461960268439,1.5129477234469835
ice_pick_1_v16.png,1,2.3270823264547675,1.206185672294907
ice_pick_1_v17.png,1,-2.535877226573152,1.2410893967906902
ice_pick_1_v18.png,0,-2.8872770745812635,1.2313240145138127
ice_pick_1_v19.png,1,3.0113109428445375,1.4608311808975383
ice_pick_2_v0.png,0,3.037142755813613,1.4668305431895543
ice_pick_2_v1.png,1,-2.2144491978597376,1.7753539104056504
ice_pick_2_v2.png,1,2.9505271329447966,1.4320158599543837
ice_pick_2_v3.png,0,-1.595007783017656,1.4236506773913322
ice_pick_2_v4.png,0,-1.998364190973163,1.4144937064384928
ice_pick_2_v5.png,1,-2.8453203984569075,1.6009637867231779
ice_pick_2_v6.png,1,0.7715885895449908,1.954335533650429
ice_pick_2_v7.png,1,1.4202181848196644,1.6765207269171218
ice_pick_2_v8.png,0,-0.1128362291681777,1.583654550957327
ice_pick_2_v9.png,0,-0.19945021777545913,1.7078869578087996
ice_pick_2_v10.png,1,2.786348946468509,1.4212020862333796
ice_pick_2_v11.png,1,-1.1705346984763336,1.6482278380428763
ice_pick_2_v12.png,1,1.4221428188367142,1.739793934576155
ice_pick_2_v13.png,0,-2.0936900484453984,1.5644857390719744
ice_pick_2_v14.png,0,-0.8705216177060766,1.6723968268452478
ice_pick_2_v15.png,0,-0.2687686299834645,1.5364376045652397
ice_pick_2_v16.png,1,-0.18356200967543213,1.4129251793226383
ice_pick_2_v17.png,1,1.7372489341635242,1.5439079514181377
ice_pick_2_v18.png,1,1.364044362215244,1.8318395938493643
ice_pick_2_v19.png,1,-1.052868109311134,1.6829091212306022
ice_pick_3_v0.png,0,2.359917667266064,1.367904273817663
ice_pick_3_v1.png,0,0.7146604416694495,1.3483780492135702
ice_pick_3_v2.png,1,0.8856983927634208,1.447334828734179
ice_pick_3_v3.png,1,0.19914366120452165,1.5297714342152264
ice_pick_3_v4.png,0,-2.1323410576061486,1.4421590962339756
ice_pick_3_v5.png,1,0.1942840974157054,1.404473917301288
ice_pick_3_v6.png,1,-1.4344621662770356,1.304694769868
ice_pick_3_v7.png,0,-2.4775773981705207,1.5780116341938197
ice_pick_3_v8.png,1,-1.240521875264384,1.5654148544219795
ice_pick_3_v9.png,1,1.8793569431451862,1.6203202931811105
ice_pick_3_v10.png,0,1.3661968420076371,1.3339426441092597
ice_pick_3_v11.png,0,3.037146031759157,1.582028519491883
ice_pick_3_v12.png,0,-1.2511627901751954,1.3961618956194535
ice_pick_3_v13.png,0,-0.7515801244597591,1.490287459089067
ice_pick_3_v14.png,1,-0.5699653662527098,1.6526120906048374
ice_pick_3_v15.png,1,-1.9172264408240784,1.766939592349816
ice_pick_3_v16.png,0,-1.8574474058856865,1.302779446091382
ice_pick_3_v17.png,0,-0.34258945869174384,1.3204422489962073
ice_pick_3_v18.png,0,-3.1226259316810054,1.3730417359009603
ice_pick_3_v19.png,0,0.550164882123624,1.328772567397425
ice_pick_4_v0.png,1,-1.1698616579544825,1.272996972874015
ice_pick_4_v1.png,0,-1.7065479445319154,1.3090690616488896
ice_pick_4_v2.png,1,-0.05037953135348028,1.2731608234846554
ice_pick_4_v3.png,1,-2.957182127226607,1.5303205785599288
ice_pick_4_v4.png,1,2.0991860901443036,1.5267026017856844
ice_pick_4_v5.png,0,0.06356334269647079,1.5576683775221023
ice_pick_4_v6.png,0,2.5952125535382082,1.3323479858961071
ice_pick_4_v7.png,0,-1.424913675908642,1.693388427650044
ice_pick_4_v8.png,1,-1.7011016746377152,1.7688500155999003
ice_pick_4_v9.png,0,-2.141581787470265,1.4148181542609266
ice_pick_4_v10.png,0,1.374073909101027,1.5599835559538262
ice_pick_4_v11.png,1,1.847200833983881,1.6926567573133888
ice_pick_4_v12.png,0,-2.9027469379300403,1.6447164347127616
ice_pick_4_v13.png,1,-0.8499322652488306,1.548763319501739
ice_pick_4_v14.png,0,-2.992019686016906,1.7193554371414503
ice_pick_4_v15.png,0,1.0174157308306344,1.3066669653427145
ice_pick_4_v16.png,0,-2.6985859230628004,1.530655143430773
ice_pick_4_v17.png,1,-1.4231379809033444,1.5438796883260035
ice_pick_4_v18.png,0,-0.8492593266707481,1.7814630560225364
ice_pick_4_v19.png,0,-1.6791623093841093,1.3877274303499312
infinity_katana_0_v0.png,1,-1.4418090940922963,1.7682077019596754
infinity_katana_0_v1.png,1,-0.32765178487167645,1.6214516194012347
infinity_katana_0_v2.png,1,-2.5258164643063994,1.5809193723464843
infinity_katana_0_v3.png,1,-1.7919873855143096,1.7303077598001417
infinity_katana_0_v4.png,1,-2.651210931896663,1.4271686505743042
infinity_katana_0_v5.png,0,-2.816301049553722,1.7133181995089375
infinity_katana_0_v6.png,1,0.6779842508950695,1.48137074204189
infinity_katana_0_v7.png,1,1.4366204933118798,1.5999993506804506
infinity_katana_0_v8.png,0,-0.12403268036062798,1.8715420201390536
infinity_katana_0_v9.png,1,3.0761393144562295,1.415153157442114
infinity_katana_0_v10.png,1,2.9629797961227995,1.463582201253613
infinity_katana_0_v11.png,0,-2.0988955781775496,1.6204573225771717
infinity_katana_0_v12.png,1,0.1572775532810038,1.7625420865350914
infinity_katana_0_v13.png,1,0.996953572022262,1.8809813678715708
infinity_katana_0_v14.png,0,2.1974051918333544,1.5860078251888383
infinity_katana_0_v15.png,1,0.02274889208530162,1.6397214649443712
infinity_katana_0_v16.png,1,-2.2019298755481604,1.8471784463405982
infinity_katana_0_v17.png,1,0.2935894764642919,1.5647326445507723
infinity_katana_0_v18.png,0,-0.09146092601263867,1.6984736910231641
infinity_katana_0_v19.png,0,-0.42690113180076583,1.6221967330711378
infinity_katana_1_v0.png,0,-2.3663937185461905,1.426175981927503
infinity_katana_1_v1.png,0,1.0149291243276277,1.7922129142772933
infinity_katana_1_v2.png,1,-3.077606221843358,1.700840361003241
infinity_katana_1_v3.png,1,0.8046686403368515,1.8426714437583724
infinity_katana_1_v4.png,0,-1.2270107324551445,1.4967348936380283
infinity_katana_1_v5.png,1,1.232679665560262,1.5514494172751636
infinity_katana_1_v6.png,1,2.353547590535545,1.9629957133615203
infinity_katana_1_v7.png,0,-0.027383377273942244,1.43429248753506
infinity_katana_1_v8.png,0,1.6261537021931467,1.6408676925861632
infinity_katana_1_v9.png,1,-3.0149879445206524,1.8982364260550564
infinity_katana_1_v10.png,1,-1.6266652421956582,1.764378264548338
infinity_katana_1_v11.png,1,-1.0487156069157204,1.7896487952842666
infinity_katana_1_v12.png,0,-0.2817281369449329,1.4322254053518602
infinity_katana_1_v13.png,1,0.6491621874376552,1.7561816218481003
infinity_katana_1_v14.png,1,0.5308628508649997,1.5171378642621887
infinity_katana_1_v15.png,0,-1.468485354230241,1.7763301566814498
infinity_katana_1_v16.png,1,2.477146601123558,1.5478035807085178
infinity_katana_1_v17.png,1,0.9611124136856706,1.5222131917213122
infinity_katana_1_v18.png,0,0.3490534466626869,1.4112217413846448
infinity_katana_1_v19.png,1,-0.5256492193580096,1.505742609878488
infinity_katana_2_v0.png,1,3.0014783570199963,1.6912179487507388
infinity_katana_2_v1.png,0,-0.1455373803707758,1.845213535355548
infinity_katana_2_v2.png,0,0.7305119244741416,1.8248369730740663
infinity_katana_2_v3.png,1,-1.0390535251730202,1.501067135696833
infinity_katana_2_v4.png,1,-0.23415171496639964,1.3997830178387332
infinity_katana_2_v5.png,1,2.8089497267143315,1.4999387034761722
infinity_katana_2_v6.png,0,-2.8811130516107024,1.8762955126323906
infinity_katana_2_v7.png,1,1.784498994895893,1.4649331068902127
infinity_katana_2_v8.png,0,1.2752992236573908,1.6715757628097505
infinity_katana_2_v9.png,0,-0.816919135547828,1.879199921243702
infinity_katana_2_v10.png,0,1.7481324988758118,1.5188320460460978
infinity_katana_2_v11.png,1,-0.44492907287157557,1.4256763490912794
infinity_katana_2_v12.png,1,-1.098295873783198,1.4973251853019067
infinity_katana_2_v13.png,1,1.6459578242341983,1.5609274336074555
infinity_katana_2_v14.png,0,1.3600747328292409,1.3559471361340911
infinity_katana_2_v15.png,1,2.411116947792122,1.3948553634292655
infinity_katana_2_v16.png,1,1.3157178661961986,1.5457750491708793
infinity_katana_2_v17.png,1,-0.274822831807751,1.7315546297212066
infinity_katana_2_v18.png,0,-2.052376876820214,1.4345542201078234
infinity_katana_2_v19.png,1,1.381100865975358,1.786305840921798
infinity_katana_3_v0.png,1,-1.1451070432110906,1.4308752930052673
infinity_katana_3_v1.png,1,2.381921597189235,1.557459185780089
infinity_katana_3_v2.png,1,0.8465602120935536,1.6605889427952154
infinity_katana_3_v3.png,1,0.47857817392458823,1.8397740235843159
infinity_katana_3_v4.png,0,-2.5032743994754894,1.5355861963902881
infinity_katana_3_v5.png,0,-0.6288168719455705,1.797496797386067
infinity_katana_3_v6.png,1,2.322795380363745,1.545062877395429
infinity_katana_3_v7.png,1,-2.3496999886371484,1.9148047519970297
infinity_katana_3_v8.png,1,-2.561639205320107,1.847685338706367
infinity_katana_3_v9.png,0,2.9440732277285355,1.5864114871888682
infinity_katana_3_v10.png,1,-2.240881543220892,1.8642934366084065
infinity_katana_3_v11.png,0,0.5063009487440189,1.7454258364705764
infinity_katana_3_v12.png,0,-2.6704598438955642,1.3507900952971235
infinity_katana_3_v13.png,1,-2.4052875314546185,1.77343881134489
infinity_katana_3_v14.png,1,-2.0324257533674026,1.8115833195343896
infinity_katana_3_v15.png,0,-2.3659498400488976,1.4385540122548004
infinity_katana_3_v16.png,0,-2.7848788461355047,1.9026364724903448
infinity_katana_3_v17.png,0,0.44031666832474414,1.575337435083719
infinity_katana_3_v18.png,0,-2.551611300044191,1.7833676386049977
infinity_katana_3_v19.png,0,2.990292430125087,1.5202033639909307
infinity_katana_4_v0.png,0,1.6704260725037319,1.9089252376319155
infinity_katana_4_v1.png,1,-1.9576077291402763,1.4835921745242837
infinity_katana_4_v2.png,1,-1.0327568912814153,1.6976793977214502
infinity_katana_4_v3.png,0,-2.326925159147626,1.8858612352296251
infinity_katana_4_v4.png,1,-1.0182565619111257,1.9310290189023265
infinity_katana_4_v5.png,0,-2.263002288961635,1.6368199604919742
infinity_katana_4_v6.png,1,-1.9480145814372933,1.6460690545235768
infinity_katana_4_v7.png,1,2.0479330666601836,1.7711061140762858
infinity_katana_4_v8.png,0,2.234944385183896,1.680563450043544
infinity_katana_4_v9.png,0,0.5395022152175244,1.627730616468562
infinity_katana_4_v10.png,0,2.260050115379583,1.9279635646394588
infinity_katana_4_v11.png,0,-1.2629107674232967,1.611409085915414
infinity_katana_4_v12.png,0,1.9632779253508144,1.9220993250723666
infinity_katana_4_v13.png,0,0.37811817790134317,1.4952337181947923
infinity_katana_4_v14.png,1,1.1729096212852719,1.5951512241412429
infinity_katana_4_v15.png,0,1.5311624635594026,1.8579953443921717
infinity_katana_4_v16.png,0,-0.03733319246376254,1.8302784398596477
infinity_katana_4_v17.png,0,-1.618065958203342,1.779191775008655
infinity_katana_4_v18.png,1,-3.0416744420921793,1.583002907991171
infinity_katana_4_v19.png,1,0.09676108966091768,1.820066143895244
jade_katana_1_v0.png,0,-1.7659505208820336,1.7366800684025734
jade_katana_1_v1.png,0,-1.3191532809518431,1.7182216212925003
jade_katana_1_v2.png,1,-0.5678287058222695,1.4633877506665005
jade_katana_1_v3.png,1,-1.1512233486307482,1.4858599166738722
jade_katana_1_v4.png,0,-1.0542205977659078,1.9593204208993484
jade_katana_1_v5.png,1,2.3949530109434556,1.6851542596431817
jade_katana_1_v6.png,1,-1.908119753046643,1.9240916298522461
jade_katana_1_v7.png,1,-1.8107977229253174,1.492575223336624
jade_katana_1_v8.png,1,2.1776773160849396,1.5690184089693442
jade_katana_1_v9.png,1,0.3674604529618515,1.646374224823012
jade_katana_1_v10.png,1,0.9575184844135904,1.6259353191234107
jade_katana_1_v11.png,1,-2.2872750864933566,1.9626190707050701
jade_katana_1_v12.png,0,1.0037836991250746,1.5265497073870282
jade_katana_1_v13.png,0,1.1220518898240242,1.5251191940118076
jade_katana_1_v14.png,0,0.07105117303308894,1.9328778758741865
jade_katana_1_v15.png,1,2.617158036637697,1.7507586123165577
jade_katana_1_v16.png,0,-2.868781617805128,1.7816144337581656
jade_katana_1_v17.png,1,-0.4387986392970191,1.9594296523598647
jade_katana_1_v18.png,0,-2.335735457892561,1.454394979613727
jade_katana_1_v19.png,1,1.9086447412717273,1.4619533059237961
jade_katana_2_v0.png,1,-0.8957524429647639,1.7047565152878283
jade_katana_2_v1.png,1,2.3436836346354135,1.9837328226288415
jade_katana_2_v2.png,0,-0.4504633579910404,1.5114156255175946
jade_katana_2_v3.png,1,-0.07935102875474342,1.7378644436076878
jade_katana_2_v4.png,0,1.061022160390265,1.8344680584639308
jade_katana_2_v5.png,0,-3.137495885242076,1.4631295822996258
jade_katana_2_v6.png,0,-1.7090767826397366,2.0404649126603616
jade_katana_2_v7.png,0,-1.1777441782694353,1.697674166354214
jade_katana_2_v8.png,1,-2.085502746682669,1.6242753936220362
jade_katana_2_v9.png,0,2.231434508120871,1.8148258280600693
jade_katana_2_v10.png,0,0.4504563669607764,1.457689072535076
jade_katana_2_v11.png,0,2.913067083067655,1.9958614496195968
jade_katana_2_v12.png,1,-1.50210817114522,1.6951167062963062
jade_katana_2_v13.png,0,-2.176917914561608,1.6167584195624913
jade_katana_2_v14.png,0,1.7514394775916315,1.7580963875846893
jade_katana_2_v15.png,0,1.5019396595978236,1.6252036820380302
jade_katana_2_v16.png,1,1.8591578936888524,1.6886510499339118
jade_katana_2_v17.png,0,0.8574461708329375,1.6662106341200489
jade_katana_2_v18.png,0,-2.6520493132269856,1.708125509033937
jade_katana_2_v19.png,1,1.7535195488926165,1.8288200907323835
jade_katana_3_v0.png,1,-2.6028453240617995,1.4958978197796304
jade_katana_3_v1.png,1,2.854415441269354,1.6330578141808167
jade_katana_3_v2.png,0,-1.360772911831798,1.8737017156205416
jade_katana_3_v3.png,0,-1.0105720508903024,1.4760311305785443
jade_katana_3_v4.png,1,3.1257185750483716,1.925283155756028
jade_katana_3_v5.png,0,-0.6891556349595289,1.9212985687488322
jade_katana_3_v6.png,1,0.9814859655802071,1.7568110729203004
jade_katana_3_v7.png,0,-2.809621160927983,1.8331200637165406
jade_katana_3_v8.png,1,-2.358663484415777,1.8333480549913983
jade_katana_3_v9.png,1,-1.5940301652595772,1.785105598418995
jade_katana_3_v10.png,1,0.5161143143495135,1.7091034118337156
jade_katana_3_v11.png,0,-1.1738698650370463,1.4078692848875887
jade_katana_3_v12.png,0,-0.1568744611836621,1.641116215490712
jade_katana_3_v13.png,0,-2.994705602352008,1.785764399145977
jade_katana_3_v14.png,1,-1.1576977264057602,1.7708648217597058
jade_katana_3_v15.png,0,2.569673474911314,1.7101295261547913
jade_katana_3_v16.png,1,2.3161826251908084,1.4006226369641488
jade_katana_3_v17.png,1,-0.7467667354157541,1.5081060648200266
jade_katana_3_v18.png,0,2.535904133731541,1.493391193489177
jade_katana_3_v19.png,0,2.4232701226563202,1.7677042497359998
jade_katana_4_v0.png,1,-2.2769111561177113,1.4564448681905595
jade_katana_4_v1.png,1,-1.3719289171214553,1.4879987728108146
jade_katana_4_v2.png,1,2.578271690017782,1.421696059295443
jade_katana_4_v3.png,1,-0.3772476833156766,1.6466481779340933
jade_katana_4_v4.png,0,-2.1396529029586375,1.485754864168507
jade_katana_4_v5.png,1,-2.6885501882170213,1.4881065312278066
jade_katana_4_v6.png,1,-2.012384926212277,1.8231127819160684
jade_katana_4_v7.png,1,2.833054307891989,1.57899933441037
jade_katana_4_v8.png,0,1.9100259494798788,1.6980389532477975
jade_katana_4_v9.png,1,-1.2124593876712075,1.67973044190161
jade_katana_4_v10.png,0,-0.5788989885849478,1.6813152214395868
jade_katana_4_v11.png,0,-1.2111381277091153,1.452416453775831
jade_katana_4_v12.png,0,-0.03603034174727249,1.3836379656567137
jade_katana_4_v13.png,0,0.8106255376076072,1.6005284919339613
jade_katana_4_v14.png,0,2.190131820948375,1.5534803052887134
jade_katana_4_v15.png,0,0.4626975137665532,1.565150920919437
jade_katana_4_v16.png,0,0.6114769295415847,1.7951637337470787
jade_katana_4_v17.png,0,0.5604993592814891,1.79106463087516
jade_katana_4_v18.png,0,-1.2333623474517523,1.3878870922886
jade_katana_4_v19.png,0,2.0340190352603535,1.3775991130661076
katana_0_v0.png,1,1.8131792979578556,1.5675209651690476
katana_0_v1.png,0,0.212593410231114,1.5159349020392499
katana_0_v2.png,1,2.634809685310861,1.867219139508268
katana_0_v3.png,1,2.712102280666355,1.8224148199331225
katana_0_v4.png,1,1.1080390946194827,1.7956785675549085
katana_0_v5.png,0,-0.7084280434147123,1.9531218415710918
katana_0_v6.png,0,1.4115417797464929,1.4420047413836317
katana_0_v7.png,1,0.8942659027278967,1.483250365648279
katana_0_v8.png,1,-1.3487466527475904,1.7672090134702285
katana_0_v9.png,1,-1.5383220423246518,1.6551406619342157
katana_0_v10.png,0,-3.1409536391136603,1.9617744485573412
katana_0_v11.png,1,-1.393783060164333,1.555800747604545
katana_0_v12.png,0,-0.2660983609773204,1.7897187814230373
katana_0_v13.png,0,-3.0198449748084863,1.610009576924376
katana_0_v14.png,0,-2.9907993912760285,1.4356320525447988
katana_0_v15.png,0,-0.8689792525347819,1.5326963428505402
katana_0_v16.png,0,-0.9980008344855062,1.9427924221372372
katana_0_v17.png,1,-0.23536655342619905,1.593815074875918
katana_0_v18.png,0,2.0225313988531672,1.4442689360848076
katana_0_v19.png,0,-1.5769975964062954,1.9102638449601395
katana_1_v0.png,0,-2.3518056358036232,1.8478570111092176
katana_1_v1.png,1,0.2076237179394278,1.5492437488402626
katana_1_v2.png,1,-1.6184291120264165,1.888012448286167
katana_1_v3.png,1,1.5888682383869863,1.5276367276798486
katana_1_v4.png,1,0.663356035518702,1.5641654505970826
katana_1_v5.png,1,-1.044453140015999,1.4418387102185632
katana_1_v6.png,1,-2.0525337568428776,1.8348944839126824
katana_1_v7.png,1,-0.7663433194113374,1.6775754895821235
katana_1_v8.png,1,2.8214840851161105,1.4974095637603135
katana_1_v9.png,0,-1.8397578018924108,1.4586613042573426
katana_1_v10.png,1,-1.0611378734206833,1.3511023707806815
katana_1_v11.png,0,0.5549693524881247,1.806348195501254
katana_1_v12.png,1,2.3748503252282203,1.4516172118793125
katana_1_v13.png,0,-1.8852263778330127,1.5487212087220878
katana_1_v14.png,0,1.4030587089831243,1.8047617859858127
katana_1_v15.png,0,-1.357354758650573,1.8485349029890608
katana_1_v16.png,1,1.961779651521196,1.8866847392869763
katana_1_v17.png,1,1.6476011781721782,1.8095590002307498
katana_1_v18.png,1,1.5809800972662433,1.8903257127936615
katana_1_v19.png,0,0.5142153344670408,1.6627619315800755
katana_2_v0.png,0,-1.4933920584610116,1.5266102469798124
katana_2_v1.png,1,1.5944391510214215,1.890674010334937
katana_2_v2.png,0,2.9290272603116905,1.909033971268326
katana_2_v3.png,1,-3.032643768922982,1.4551851332869652
katana_2_v4.png,1,1.2972410092149387,1.5887805937241968
katana_2_v5.png,0,-0.596908753063353,1.3923037720403062
katana_2_v6.png,0,-2.534015480038606,1.7136016808628298
katana_2_v7.png,1,-3.0420657671630904,1.7627573862377646
katana_2_v8.png,1,-0.9951892445211565,1.3678425276383432
katana_2_v9.png,1,-0.6323586873195595,1.9093475281804368
katana_2_v10.png,1,-2.6410221044694207,1.4677359921061115
katana_2_v11.png,1,-1.066122503684194,1.857597246413653
katana_2_v12.png,0,-2.9493642661405692,1.491019083480711
katana_2_v13.png,0,0.6192579338216433,1.7275514895920614
katana_2_v14.png,0,0.7251795994163199,1.685672904879267
katana_2_v15.png,1,-0.6609854633996104,1.424522279544676
katana_2_v16.png,1,1.2562880033524113,1.501295856357173
katana_2_v17.png,1,2.4149784612076997,1.819599999969898
katana_2_v18.png,1,1.0175096136973236,1.7339461697202898
katana_2_v19.png,1,-0.7417170600389014,1.5279702107298898
katana_3_v0.png,1,-0.5784904739962933,1.8172389311863861
katana_3_v1.png,1,0.467380937432905,1.7575405523304795
katana_3_v2.png,0,2.112433141114245,1.5875590203475047
katana_3_v3.png,1,3.0544622853846297,1.8375484461268332
katana_3_v4.png,0,2.7943472960596614,1.3442500850313068
katana_3_v5.png,1,1.2664278350187788,1.5089923991976615
katana_3_v6.png,0,-2.3043934158445705,1.7017995798810626
katana_3_v7.png,1,0.015567333747267043,1.7857331601604203
katana_3_v8.png,0,0.9164143344169222,1.5537705131433175
katana_3_v9.png,1,0.6087482461961242,1.415141315021481
katana_3_v10.png,0,-1.6188905723076585,1.316421493191894
katana_3_v11.png,0,1.4284602215623874,1.7279987298119444
katana_3_v12.png,1,2.658668793857185,1.4815892249577816
katana_3_v13.png,0,1.1090722740455465,1.36289849802078
katana_3_v14.png,0,-2.094600880333841,1.407156935780799
katana_3_v15.png,1,-3.056912447405317,1.3275932251286013
katana_3_v16.png,1,-3.0996259011153278,1.4636020030336403
katana_3_v17.png,0,2.832106785753744,1.4396747095055882
katana_3_v18.png,0,-0.45072163865882864,1.6813214964743666
katana_3_v19.png,1,-1.4139422225246951,1.7895601685175562
keyblade_0_v0.png,0,-0.9692850352957216,1.4418471119172305
keyblade_0_v1.png,0,0.9557023595055432,1.3637974826799057
keyblade_0_v2.png,0,-2.542680063965469,1.7253129425564877
keyblade_0_v3.png,0,2.8833381194853955,1.8235408570407587
keyblade_0_v4.png,0,-2.6484823749309316,1.8809927312649644
keyblade_0_v5.png,1,0.23051625813376742,1.3691661675413018
keyblade_0_v6.png,1,-1.486582972855088,1.786441552923842
keyblade_0_v7.png,0,0.524506274127515,1.363439013822336
keyblade_0_v8.png,0,-1.705672885689217,1.8401638922414065
keyblade_0_v9.png,1,0.969669083307128,1.8930113312611587
keyblade_0_v10.png,1,-1.3596392637980026,1.8630296512129998
keyblade_0_v11.png,0,-1.22789375281135,1.5249976275828974
keyblade_0_v12.png,1,-0.9738719500294,1.4925619448967424
keyblade_0_v13.png,1,-1.0265204210285073,1.6070619613956534
keyblade_0_v14.png,1,1.1670232720989127,1.5483839560924013
keyblade_0_v15.png,0,1.9827612619594284,1.4835572810023092
keyblade_0_v16.png,0,-1.1986839858819383,1.5996547796026102
keyblade_0_v17.png,0,1.861139034419355,1.5309157595483052
keyblade_0_v18.png,1,2.6806519618428304,1.6184569313427373
keyblade_0_v19.png,0,1.7146174441829238,1.751794721950084
keyblade_1_v0.png,1,-1.8086117974308422,1.2062741796409917
keyblade_1_v1.png,1,-2.2682442100902556,1.699759709572662
keyblade_1_v2.png,1,-2.622404076822243,1.4044386077019844
keyblade_1_v3.png,0,-2.0225046171423138,1.3016522923841756
keyblade_1_v4.png,0,0.6649634532852746,1.4400583811382237
keyblade_1_v5.png,1,-1.3950291082218857,1.2400026200190888
keyblade_1_v6.png,1,-2.637942866367876,1.5511982370147261
keyblade_1_v7.png,0,-1.549963420916649,1.4366444065153705
keyblade_1_v8.png,0,-0.15885736110855575,1.5878954658143918
keyblade_1_v9.png,0,-0.6932984610938608,1.6275483095100094
keyblade_1_v10.png,0,-2.2095803184070437,1.4417062500269258
keyblade_1_v11.png,1,2.332200330022708,1.2697491520073352
keyblade_1_v12.png,1,0.7223611701273389,1.2244906823412263
keyblade_1_v13.png,0,-2.913040740544531,1.284496290594149
keyblade_1_v14.png,0,2.161691806912624,1.220913846702089
keyblade_1_v15.png,0,-1.6016089270565033,1.2484395109145292
keyblade_1_v16.png,1,1.364506838279664,1.7095560613421124
keyblade_1_v17.png,1,0.5452041187720156,1.3106117741190402
keyblade_1_v18.png,1,0.3952049969553082,1.3508679657745186
keyblade_1_v19.png,0,-2.7914416684263204,1.2844834837147834
keyblade_2_v0.png,0,0.21023596592291693,1.9147516987417363
keyblade_2_v1.png,1,0.7198460399748187,1.4395711880240492
keyblade_2_v2.png,0,1.5799726020317508,1.7942226619260302
keyblade_2_v3.png,0,0.6778617414988387,1.5372344207118593
keyblade_2_v4.png,1,0.17042835438357107,1.4782930373808436
keyblade_2_v5.png,1,-0.5043288204406425,1.9697698536484878
keyblade_2_v6.png,1,-2.8145840141465666,1.5645533205212891
keyblade_2_v7.png,1,-0.4002177808075888,1.5710429617600223
keyblade_2_v8.png,1,-2.8085900501018712,1.7150827983048829
keyblade_2_v9.png,0,0.9954815076545168,1.4497067308218945
keyblade_2_v10.png,1,3.023506149593918,1.5033513520099024
keyblade_2_v11.png,0,0.25201241327701107,1.7898085162475934
keyblade_2_v12.png,0,-1.3610783810600227,1.4805158302142964
keyblade_2_v13.png,0,-2.069284908293454,1.8769870819095875
keyblade_2_v14.png,1,0.7752335262280542,1.849568204547489
keyblade_2_v15.png,0,-0.07860020016446989,1.620406926435947
keyblade_2_v16.png,1,2.5044651698638556,1.4187769429300356
keyblade_2_v17.png,0,1.5601865306369023,1.509017323853677
keyblade_2_v18.png,1,0.902318996665829,1.860693029027346
keyblade_2_v19.png,1,-1.5647357633923373,1.6474933297643983
keyblade_3_v0.png,1,-1.3599463224949373,1.312962645045219
keyblade_3_v1.png,0,-2.4627413704173136,1.353167734658682
keyblade_3_v2.png,0,-2.8375912301824617,1.3612802859169475
keyblade_3_v3.png,1,-0.9559049434038265,1.596712079293084
keyblade_3_v4.png,0,2.023935027966714,1.7427799028239974
keyblade_3_v5.png,1,0.8940956921788636,1.6091909711652765
keyblade_3_v6.png,0,0.4503857781170053,1.5608914975691695
keyblade_3_v7.png,0,-1.28000547498401,1.2693246213127904
keyblade_3_v8.png,0,-2.04629169325671,1.5947201928990002
keyblade_3_v9.png,0,-2.7897402492631223,1.4435162082060178
keyblade_3_v10.png,0,1.9072024718086809,1.4477057534798767
keyblade_3_v11.png,0,0.16971091056293375,1.4415507743628417
keyblade_3_v12.png,0,-1.495916769347883,1.7237403306427252
keyblade_3_v13.png,1,2.2894053214296317,1.6378364520321
keyblade_3_v14.png,0,1.7408935837720492,1.6991987216614024
keyblade_3_v15.png,0,-2.483023799037852,1.6979998578327469
keyblade_3_v16.png,1,2.2283275077071885,1.369996207827865
keyblade_3_v17.png,1,1.4363987499193351,1.32973915051222
keyblade_3_v18.png,1,-2.9564163393512444,1.4696368688193169
keyblade_3_v19.png,1,-3.040671330310685,1.4990396589414805
keyblade_4_v0.png,0,-0.03453463693810477,1.751168707476667
keyblade_4_v1.png,0,-0.6961685983568868,1.4279134143337535
keyblade_4_v2.png,0,-1.534913204325644,1.7008946956924247
keyblade_4_v3.png,0,2.4430394059367426,1.6353632540709018
keyblade_4_v4.png,0,0.0015012120743880253,1.745671224760902
keyblade_4_v5.png,0,1.1963351101390116,1.633861500401153
keyblade_4_v6.png,1,-1.0437571109789001,1.7705017945913875
keyblade_4_v7.png,1,-2.4547799397814423,1.4366126145876186
keyblade_4_v8.png,1,-0.9641088973715561,1.601755996727061
keyblade_4_v9.png,0,1.159629532091137,1.7146602239252986
keyblade_4_v10.png,1,1.0526811219316852,1.8569318732492777
keyblade_4_v11.png,0,-2.662503094294811,1.406962334374823
keyblade_4_v12.png,0,-2.5461857923074915,1.8518008960211232
keyblade_4_v13.png,1,3.036958814239843,1.6281752765245172
keyblade_4_v14.png,0,2.087117199878772,1.6398353177919405
keyblade_4_v15.png,0,-1.1171128970771171,1.4297304495191279
keyblade_4_v16.png,1,2.8687193462763942,1.8707877234372832
keyblade_4_v17.png,1,-2.3999817529615206,1.9641884471165403
keyblade_4_v18.png,1,-0.017135545856012957,1.4284580295817881
keyblade_4_v19.png,0,-2.318538537420204,1.7894582597874529
kopesh_1_v0.png,1,-2.191879733310019,1.5119522945381045
kopesh_1_v1.png,0,-0.5696565286269903,1.7593513960294573
kopesh_1_v2.png,0,-0.8771852825294619,1.6013746727035125
kopesh_1_v3.png,1,-2.6395601539495197,1.8390724973159085
kopesh_1_v4.png,0,0.2757576912156674,1.6774270559989977
kopesh_1_v5.png,1,1.2609359390298172,1.8120595176558474
kopesh_1_v6.png,0,0.18712655643982945,1.4655925569676505
kopesh_1_v7.png,0,1.639011280261504,1.7117970020594688
kopesh_1_v8.png,0,1.2669300126020724,1.4019739932793351
kopesh_1_v9.png,1,-0.28036273269630785,1.4650655340186307
kopesh_1_v10.png,1,-2.1703183757601696,1.4775409769862595
kopesh_1_v11.png,1,1.3238542589725295,1.511431536078179
kopesh_1_v12.png,1,2.837246559311058,1.626611767899764
kopesh_1_v13.png,1,0.7882360706836178,1.9497886776247981
kopesh_1_v14.png,1,1.250925934238143,1.7303988032138977
kopesh_1_v15.png,0,1.2544497211628234,1.6503606598441876
kopesh_1_v16.png,0,-2.1720492975355263,1.549252676807601
kopesh_1_v17.png,0,0.2263116189423955,1.4484267758747826
kopesh_1_v18.png,1,0.9330575276733264,1.5388755140983814
kopesh_1_v19.png,1,2.7660533883218226,1.7939291872860872
kopesh_2_v0.png,0,2.0121934131300536,1.4415435746387033
kopesh_2_v1.png,1,-0.06147038946249683,1.7404950155222594
kopesh_2_v2.png,1,-1.5581137602020148,1.466393461200355
kopesh_2_v3.png,1,-2.6398020521149084,1.6951268711098122
kopesh_2_v4.png,0,2.271487362041321,1.9316169364856288
kopesh_2_v5.png,1,-1.5165041670338888,1.9681819165894483
kopesh_2_v6.png,0,-1.1578405629486457,1.4674501048925608
kopesh_2_v7.png,0,-2.8286929945741695,1.5489238558313452
kopesh_2_v8.png,0,1.8284486823959316,1.6322059255589498
kopesh_2_v9.png,1,2.0171513757546577,1.7849757035442955
kopesh_2_v10.png,0,2.8947710032333824,1.8096807341247125
kopesh_2_v11.png,1,0.3009665602870166,1.5412576693743427
kopesh_2_v12.png,0,2.6780522869636068,1.4373110914939142
kopesh_2_v13.png,1,2.2296518743896785,1.9135672606080776
kopesh_2_v14.png,1,-2.588744294602895,1.4589375492482919
kopesh_2_v15.png,1,-1.8640546264901428,1.4272779075073443
kopesh_2_v16.png,0,0.8682245239815547,1.4927851089040949
kopesh_2_v17.png,1,-0.5277707126652249,1.7929221152286705
kopesh_2_v18.png,0,-2.8025713839887505,1.8472704755914706
kopesh_2_v19.png,0,2.6182665548575184,1.4101620673760984
kopesh_3_v0.png,0,1.3243468912005696,2.0070724014927324
kopesh_3_v1.png,0,-1.3293557444568402,1.5170956561676385
kopesh_3_v2.png,1,-2.9126570487319654,1.7437247139881007
kopesh_3_v3.png,0,-2.010189921712984,1.9017291782264958
kopesh_3_v4.png,1,0.5729480354224314,1.8878598782784806
kopesh_3_v5.png,0,1.7544266568223783,1.4553555573929962
kopesh_3_v6.png,0,-1.9573038393590814,1.907085682466081
kopesh_3_v7.png,1,-1.9394247305410093,1.8737511750195213
kopesh_3_v8.png,1,2.9926492084783534,1.7769480145351406
kopesh_3_v9.png,1,-2.4643700733620664,1.7140854205803968
kopesh_3_v10.png,1,-0.1946331275963562,1.8345707013855033
kopesh_3_v11.png,1,-2.542983949999,1.6670272756781326
kopesh_3_v12.png,1,0.22107309237187334,1.6782653984201619
kopesh_3_v13.png,1,-2.0675035381992997,1.8594330849026641
kopesh_3_v14.png,0,-2.720637993484703,1.7698170020743944
kopesh_3_v15.png,0,-2.3406953247752122,1.5514256445341958
kopesh_3_v16.png,1,0.7036203644982839,1.515460930421684
kopesh_3_v17.png,0,-0.09095787680119383,1.5575254805153795
kopesh_3_v18.png,0,2.7822284616940505,2.056928099509714
kopesh_3_v19.png,0,-0.1301900327961425,1.7798947002894852
kopesh_4_v0.png,0,1.8342265177263792,1.3369326176829273
kopesh_4_v1.png,1,0.643029352556086,1.7332852528474798
kopesh_4_v2.png,1,1.2577652148274368,1.450337744205595
kopesh_4_v3.png,0,-2.3797580135647998,1.5204042181221256
kopesh_4_v4.png,0,-0.1470869267409185,1.6393048691119685
kopesh_4_v5.png,1,2.424878731685472,1.6504892698647247
kopesh_4_v6.png,1,2.9129069778705388,1.5551629809007605
kopesh_4_v7.png,0,-2.3734055088291885,1.6565387481065608
kopesh_4_v8.png,1,-0.9927491148143668,1.8056718566289554
kopesh_4_v9.png,1,2.931141348840365,1.5045165311174233
kopesh_4_v10.png,0,-2.5583878683218177,1.7972847755928398
kopesh_4_v11.png,0,-2.106358759702447,1.3434947353941122
kopesh_4_v12.png,0,-0.5904649639596702,1.5175446288980508
kopesh_4_v13.png,1,-2.2090191408548954,1.3078264010407858
kopesh_4_v14.png,1,-1.6617734623765372,1.5299881317172894
kopesh_4_v15.png,0,-2.8227305987811504,1.4043469276571516
kopesh_4_v16.png,0,3.125178821063831,1.4471784326306643
kopesh_4_v17.png,1,-0.22883682053016585,1.6847868106470372
kopesh_4_v18.png,1,2.464094907940374,1.5363416417424776
kopesh_4_v19.png,1,-2.6329840719905464,1.3093003796246134
kukri_0_v0.png,1,-1.2066841647224624,1.552628936615664
kukri_0_v1.png,1,1.199299438372736,1.8969459059671256
kukri_0_v2.png,0,-2.6014767808337034,1.961152972753725
kukri_0_v3.png,0,2.7613314655037633,1.6120906365099252
kukri_0_v4.png,1,-2.1088076843534944,1.8922878306867257
kukri_0_v5.png,1,2.521233183838185,1.4311519111523725
kukri_0_v6.png,0,-2.885289845123186,1.9001298636082873
kukri_0_v7.png,0,3.0642524240836586,1.8271971898218757
kukri_0_v8.png,0,-0.29863306394431355,1.6091206696679998
kukri_0_v9.png,0,1.2846764937126938,1.8959097713608206
kukri_0_v10.png,1,1.9827799135746536,1.8450295189558013
kukri_0_v11.png,0,2.611436569893617,1.8628917411139634
kukri_0_v12.png,1,0.1873616513153289,1.4568181378085812
kukri_0_v13.png,0,0.7919219167818141,1.7574895480557207
kukri_0_v14.png,1,-1.223744006234453,1.534300629471794
kukri_0_v15.png,1,-0.06627379229984243,1.8839595864019523
kukri_0_v16.png,1,-1.1463748471720248,1.4242916619288748
kukri_0_v17.png,0,2.9424707593442583,1.856304245663285
kukri_0_v18.png,1,2.4782135417587017,1.4584156525894376
kukri_0_v19.png,1,-1.0868906138513186,1.7640179998249272
kukri_1_v0.png,1,1.284799377701059,1.06042680792733
kukri_1_v1.png,0,-1.8966309008554951,1.2857803019777132
kukri_1_v2.png,1,0.14773307732652263,1.1570015619765028
kukri_1_v3.png,0,2.277961460318327,1.2711278146144755
kukri_1_v4.png,1,3.114626919368969,1.0444753471552504
kukri_1_v5.png,1,-2.675073093196311,1.0138863627571266
kukri_1_v6.png,1,1.9996692884423872,1.4187800290211412
kukri_1_v7.png,1,-0.4372726439931922,1.2499211375854111
kukri_1_v8.png,0,-0.8292872187417082,1.1494324822539081
kukri_1_v9.png,1,-1.5435141354596782,1.140142354828352
kukri_1_v10.png,0,-0.4425208817742603,1.3423675900979954
kukri_1_v11.png,0,1.7990598777970437,1.084059181781355
kukri_1_v12.png,1,-2.0099162326865923,1.0815410557174268
kukri_1_v13.png,1,-2.170700175004704,1.3143211394281007
kukri_1_v14.png,0,-2.9634833103285123,1.3376618948880894
kukri_1_v15.png,1,-0.5273041269836214,1.028786403389414
kukri_1_v16.png,1,-1.4267208179292492,1.2795944897472278
kukri_1_v17.png,0,2.1245553492416955,1.1829124087423226
kukri_1_v18.png,0,2.3833985345553934,1.0160243266006193
kukri_1_v19.png,1,-2.923602001011758,1.4226958371822387
kukri_2_v0.png,1,3.0441862790936103,1.69928492180724
kukri_2_v1.png,1,2.000977860265459,1.5664244911139664
kukri_2_v2.png,1,-2.5477710271250684,1.9645425329481525
kukri_2_v3.png,1,1.7947640793911184,1.4108896670511466
kukri_2_v4.png,1,0.03859728786218897,1.9265474470050998
kukri_2_v5.png,0,2.415216331065647,1.8804776733876871
kukri_2_v6.png,0,1.1951227892088925,1.7706571034751437
kukri_2_v7.png,0,1.7840341102461912,1.4733411435539847
kukri_2_v8.png,1,0.32166848692917593,1.6037790305705448
kukri_2_v9.png,0,-1.1299220328189508,1.5638915970957425
kukri_2_v10.png,0,0.5271973225084259,1.7347596063974466
kukri_2_v11.png,0,-0.9853756716421014,1.8828915160384354
kukri_2_v12.png,0,-3.114660344340616,1.9189100212419856
kukri_2_v13.png,1,-0.46819794762435807,1.5459918025918826
kukri_2_v14.png,1,-2.112585228568223,1.8144400881819251
kukri_2_v15.png,1,-2.097020203188398,1.7052291663043961
kukri_2_v16.png,1,-0.07914366576424348,1.5604221686670263
kukri_2_v17.png,0,0.530834229163089,1.7661434124010487
kukri_2_v18.png,1,0.7546858834545731,1.8667617785326442
kukri_2_v19.png,1,3.010355252825174,1.450767641359564
kukri_3_v0.png,1,-1.378456234353337,1.193602055461068
kukri_3_v1.png,0,-0.14993337474115365,1.2669359763955732
kukri_3_v2.png,0,1.0828054002125351,1.086429389872833
kukri_3_v3.png,0,2.4987517095552385,1.053966003380876
kukri_3_v4.png,1,-3.0147325168372916,0.9735233287403806
kukri_3_v5.png,1,-1.869054367177222,1.1329344677392874
kukri_3_v6.png,0,-0.7107164846435585,1.21252921330754
kukri_3_v7.png,0,3.125484334660243,1.2351818141220814
kukri_3_v8.png,0,-2.0335838209664057,1.0124284828284382
kukri_3_v9.png,1,-0.7933606625204588,1.0684814436105776
kukri_3_v10.png,0,-0.5008012993778284,1.1593702478469028
kukri_3_v11.png,0,-1.3474123495812338,0.9706308474983703
kukri_3_v12.png,1,-0.4409549994531462,1.2512299463378476
kukri_3_v13.png,0,-2.136773025838026,1.2161798194906341
kukri_3_v14.png,1,-0.9737783291044664,1.1057404509566864
kukri_3_v15.png,0,-0.3542966104531483,1.2118799937530012
kukri_3_v16.png,1,2.6197338384376057,0.9756629881381532
kukri_3_v17.png,1,-2.263184549115616,1.0733854238935268
kukri_3_v18.png,1,-1.913452392083744,1.3506518780547447
kukri_3_v19.png,1,1.1092185875901204,1.2829581608703156
kukri_4_v0.png,1,1.7067888588685762,1.7907481171951032
kukri_4_v1.png,0,-0.225753473313977,1.9828576507194755
kukri_4_v2.png,1,1.2083984509928407,1.5218670847883864
kukri_4_v3.png,0,0.6515157696189131,1.904587695571768
kukri_4_v4.png,0,0.18918332835616125,1.795594450437976
kukri_4_v5.png,1,1.2998558250783356,1.4868613429201516
kukri_4_v6.png,0,0.8208048991433639,1.6371768688288664
kukri_4_v7.png,0,-0.5983551589790181,1.7546343756125946
kukri_4_v8.png,0,0.12915266122123903,1.6391346963664297
kukri_4_v9.png,1,-2.862399551312893,1.8479018453970062
kukri_4_v10.png,0,-2.9607006295473566,1.9954898976776099
kukri_4_v11.png,0,2.253432333166377,1.4651330563780907
kukri_4_v12.png,1,2.850528017344371,1.7827694929399631
kukri_4_v13.png,1,2.2051057401673275,1.5728100592307221
kukri_4_v14.png,0,-1.0308135124024123,1.5253355525303345
kukri_4_v15.png,0,0.26552669806462337,1.9362879252939365
kukri_4_v16.png,0,-0.7147576991321016,1.5477240400473355
kukri_4_v17.png,1,1.5856742082658526,2.0458526116484146
kukri_4_v18.png,1,-1.3462787170501862,1.8364401351204718
kukri_4_v19.png,1,2.2080488584705096,1.7083012354046936
leviathan_axe_0_v0.png,0,1.8996786267110144,1.5759400454724404
leviathan_axe_0_v1.png,0,-1.174419996155082,1.712207235808959
leviathan_axe_0_v2.png,1,-2.238977717946474,1.2817628360056934
leviathan_axe_0_v3.png,1,-0.016904051176510282,1.3444573592449436
leviathan_axe_0_v4.png,0,0.256479014272463,1.4144884785296086
leviathan_axe_0_v5.png,1,0.3769357074531804,1.301524858040567
leviathan_axe_0_v6.png,1,-1.5295095918375359,1.6350350505246913
leviathan_axe_0_v7.png,0,-2.631471335197688,1.484937675226886
leviathan_axe_0_v8.png,0,-1.1069183629668373,1.650940606480626
leviathan_axe_0_v9.png,0,0.4470031500124506,1.3266681853913531
leviathan_axe_0_v10.png,0,-1.118799049155629,1.2824609080862759
leviathan_axe_0_v11.png,0,1.5752928004995281,1.465645065658437
leviathan_axe_0_v12.png,0,1.6113000575434975,1.29353238872787
leviathan_axe_0_v13.png,0,0.4947883169934987,1.257492542416079
leviathan_axe_0_v14.png,1,-0.27495990462060327,1.6761178448955034
leviathan_axe_0_v15.png,1,-2.0010738536377,1.6243673564056336
leviathan_axe_0_v16.png,0,-1.6321890998643163,1.43163339914929
leviathan_axe_0_v17.png,0,1.076562205243199,1.5268589660375513
leviathan_axe_0_v18.png,0,-2.0261390454734194,1.4945535783875388
leviathan_axe_0_v19.png,0,-2.4550220136815057,1.2317070552007194
leviathan_axe_1_v0.png,1,1.2516720825250003,1.3584532033584622
leviathan_axe_1_v1.png,0,-1.8094154031429488,1.094211428798664
leviathan_axe_1_v2.png,1,1.634339680618471,1.4378631832982722
leviathan_axe_1_v3.png,0,-0.7908868696310953,1.1949561023525346
leviathan_axe_1_v4.png,1,0.06170646373480304,1.2724538849624076
leviathan_axe_1_v5.png,1,2.3182777041628677,1.4586802740501155
leviathan_axe_1_v6.png,0,-1.7270152207876324,1.0732934076665188
leviathan_axe_1_v7.png,1,-2.5123422436011618,1.3078752592829515
leviathan_axe_1_v8.png,0,-1.9821830374602447,1.147225973178316
leviathan_axe_1_v9.png,0,1.368977937634262,1.4969714465579917
leviathan_axe_1_v10.png,1,1.0469856179029216,1.2138936039683639
leviathan_axe_1_v11.png,0,-1.7330744128159417,1.1113494241649107
leviathan_axe_1_v12.png,1,-2.494270563173557,1.3043663491368058
leviathan_axe_1_v13.png,1,-3.06771063240247,1.4681139526839524
leviathan_axe_1_v14.png,0,0.7283218528390996,1.2053753300143566
leviathan_axe_1_v15.png,0,-2.129162585276327,1.461581335345366
leviathan_axe_1_v16.png,1,-2.120575544808097,1.2254475611303517
leviathan_axe_1_v17.png,0,0.2814689360763387,1.1959114488279656
leviathan_axe_1_v18.png,1,2.5060350734746497,1.4608756356914752
leviathan_axe_1_v19.png,1,1.3258960481943365,1.2023310188184078
leviathan_axe_2_v0.png,0,-3.0956352337792374,1.7659588036034983
leviathan_axe_2_v1.png,1,-2.7851597164113295,1.3876803395252857
leviathan_axe_2_v2.png,0,-0.0036761158445148823,1.3232468005545521
leviathan_axe_2_v3.png,0,-1.515877264760686,1.5581481419514847
leviathan_axe_2_v4.png,1,2.9037989207264796,1.4089885144108572
leviathan_axe_2_v5.png,1,2.828652696131373,1.461997039603106
leviathan_axe_2_v6.png,1,2.1237586684462118,1.7813459468688064
leviathan_axe_2_v7.png,0,-2.7471012245610797,1.8454209420445555
leviathan_axe_2_v8.png,1,0.011869670265940435,1.7554776707222446
leviathan_axe_2_v9.png,0,-2.1234726027813764,1.4065765637889163
leviathan_axe_2_v10.png,1,0.07629922540064227,1.7045567733884153
leviathan_axe_2_v11.png,0,-0.26826135889433855,1.3344331063537576
leviathan_axe_2_v12.png,0,3.02427532874315,1.4518319385779193
leviathan_axe_2_v13.png,1,-2.0391700803170103,1.63594982668046
leviathan_axe_2_v14.png,1,-2.6246922155487997,1.4251999234279131
leviathan_axe_2_v15.png,0,3.0217853894334885,1.4622412174558264
leviathan_axe_2_v16.png,1,-2.9725576311713238,1.3672846239541516
leviathan_axe_2_v17.png,1,1.8151045832490733,1.3203929344044967
leviathan_axe_2_v18.png,1,-2.608826480801881,1.7474777394513785
leviathan_axe_2_v19.png,0,0.12716839969831684,1.325814552486989
leviathan_axe_3_v0.png,1,-0.3294333419241384,1.0100267375839074
leviathan_axe_3_v1.png,0,-2.4465541764490966,1.3309401513549282
leviathan_axe_3_v2.png,0,-0.7030952261395816,1.2168964588787137
leviathan_axe_3_v3.png,0,1.5762436259865504,1.3116194943936017
leviathan_axe_3_v4.png,0,0.00047906914062145756,1.3082366446347191
leviathan_axe_3_v5.png,0,0.6072948193026676,1.0206530330700474
leviathan_axe_3_v6.png,1,2.258031865383097,1.054514699919017
leviathan_axe_3_v7.png,0,2.0890676384690092,1.1883127884992126
leviathan_axe_3_v8.png,1,0.1518391053523923,1.3289894833896674
leviathan_axe_3_v9.png,0,-1.4678630714385676,1.132585402823884
leviathan_axe_3_v10.png,1,-2.7153122076029064,1.0003256314014444
leviathan_axe_3_v11.png,1,-2.885687979223513,1.376424366055498
leviathan_axe_3_v12.png,0,0.4508052979782541,1.399208312669402
leviathan_axe_3_v13.png,1,2.8689337742671426,1.1071690918139079
leviathan_axe_3_v14.png,1,-0.39423933260173016,1.1732571843737551
leviathan_axe_3_v15.png,1,1.9674904522294394,1.1452366244211762
leviathan_axe_3_v16.png,1,-1.1261342091303703,1.3146950654900327
leviathan_axe_3_v17.png,0,1.7867624534155162,1.392783333390447
leviathan_axe_3_v18.png,0,-1.7014168387546023,1.3267739425176828
leviathan_axe_3_v19.png,1,-1.9944527670389132,1.2299801179423642
leviathan_axe_4_v0.png,1,-1.9235876840466304,1.244215059137683
leviathan_axe_4_v1.png,0,-2.118411461885791,1.5207336788128742
leviathan_axe_4_v2.png,1,1.9594967079123409,1.7058175873675976
leviathan_axe_4_v3.png,1,-0.3136536549888811,1.6381848767444955
leviathan_axe_4_v4.png,0,0.263583309908871,1.2018698438237208
leviathan_axe_4_v5.png,0,-1.3781788702770101,1.4665296180050265
leviathan_axe_4_v6.png,1,-1.4701428679291744,1.4541172751422353
leviathan_axe_4_v7.png,1,0.5473554286500363,1.3714229773917432
leviathan_axe_4_v8.png,1,3.027292158363972,1.5329667162494562
leviathan_axe_4_v9.png,1,-1.0075235832728142,1.6923260641229931
leviathan_axe_4_v10.png,1,-1.2586257659659383,1.4651785505143726
leviathan_axe_4_v11.png,1,-0.8922658801085731,1.2722809997543372
leviathan_axe_4_v12.png,0,2.7291229203954863,1.3650771231054786
leviathan_axe_4_v13.png,0,-1.2179000715216033,1.454769806296174
leviathan_axe_4_v14.png,0,2.863730444271394,1.3743575305360272
leviathan_axe_4_v15.png,1,2.4272546544845532,1.2924345365489964
leviathan_axe_4_v16.png,0,-0.16088796564705132,1.2667901372479196
leviathan_axe_4_v17.png,1,1.232805656103106,1.2836893473367545
leviathan_axe_4_v18.png,1,-2.355593735594287,1.6636846834223094
leviathan_axe_4_v19.png,0,-0.3387235315817666,1.3456177137326937
lightsaber_0_v0.png,1,1.30404316857554,1.663802538628934
lightsaber_0_v1.png,1,-0.13281234050209623,1.5593449206775996
lightsaber_0_v2.png,1,-0.29532379053854196,1.447036261687436
lightsaber_0_v3.png,1,1.905735600144964,1.5678196658611128
lightsaber_0_v4.png,1,-0.404518297034437,1.7269934722985352
lightsaber_0_v5.png,0,-1.9495167761243346,1.6252749149666912
lightsaber_0_v6.png,1,-0.9391045938244647,1.4433374601330704
lightsaber_0_v7.png,1,2.5339636199613893,1.7374800725109751
lightsaber_0_v8.png,0,-0.3126171719465023,1.8351221388582803
lightsaber_0_v9.png,0,-2.0567754279005372,1.4258304477099706
lightsaber_0_v10.png,1,2.4115435156483405,1.409471187417834
lightsaber_0_v11.png,0,0.8580736213483937,1.5472617614013384
lightsaber_0_v12.png,0,-2.7300533155177913,1.4851459991043414
lightsaber_0_v13.png,1,-0.9361612999347173,1.8214642570495596
lightsaber_0_v14.png,1,1.2699875176134172,1.6556412562557319
lightsaber_0_v15.png,0,0.5175560311164511,1.4292408407594084
lightsaber_0_v16.png,1,-1.6502835103901,1.9024325307700545
lightsaber_0_v17.png,1,0.22396183750377308,1.4943290929863908
lightsaber_0_v18.png,1,2.9673624840476487,1.5839899451433614
lightsaber_0_v19.png,0,-2.5254590628453926,1.4684006006230592
lightsaber_1_v0.png,0,1.8076552854959194,1.6597510339058605
lightsaber_1_v1.png,1,-2.0912895851017996,1.4196447438558633
lightsaber_1_v2.png,0,1.78491145412777,1.9930659098766645
lightsaber_1_v3.png,0,-2.7626451801370444,1.5660740885757574
lightsaber_1_v4.png,0,-2.8862063503101982,1.4887745294268577
lightsaber_1_v5.png,1,0.4130841270167127,1.7913709005913587
lightsaber_1_v6.png,0,-1.6295021102440863,1.8028308314293389
lightsaber_1_v7.png,0,-2.9110231761848455,1.8449630407251842
lightsaber_1_v8.png,1,1.7849768639867198,1.6393605285467219
lightsaber_1_v9.png,1,2.3221149332705506,1.7497354619197565
lightsaber_1_v10.png,1,-0.6473358153773305,1.4634156766863393
lightsaber_1_v11.png,0,-1.603217069155976,1.4241390143538157
lightsaber_1_v12.png,1,1.046407197882757,1.4290381614291678
lightsaber_1_v13.png,1,2.5613627784441335,1.483705603000864
lightsaber_1_v14.png,1,0.7217607753066804,1.5403171966321014
lightsaber_1_v15.png,1,-1.582975999469948,1.773658853306312
lightsaber_1_v16.png,1,-0.98823876656955,1.7752584929573634
lightsaber_1_v17.png,1,0.20368986599852112,1.6221538785075706
lightsaber_1_v18.png,1,2.638679293249056,1.9232556073490057
lightsaber_1_v19.png,1,-3.1071809141792857,1.6947460672310992
lightsaber_2_v0.png,1,-1.0386808498691278,1.4180596900077154
lightsaber_2_v1.png,0,1.431057650257502,1.7373205123717694
lightsaber_2_v2.png,1,2.4778128135427746,1.7649998686237922
lightsaber_2_v3.png,1,-0.07374462881347554,1.6989162194298273
lightsaber_2_v4.png,0,3.1344652720006563,1.817133563524832
lightsaber_2_v5.png,0,-2.032242919627312,1.4150113737402648
lightsaber_2_v6.png,0,-0.9880054224518879,1.5969565661034617
lightsaber_2_v7.png,0,-1.3549541433413932,1.7836800608554184
lightsaber_2_v8.png,0,1.34754216668858,1.859997429700643
lightsaber_2_v9.png,0,0.2294166870838863,1.6383471342840024
lightsaber_2_v10.png,1,-1.4158158945195254,1.4889112658028933
lightsaber_2_v11.png,1,-2.3988984674549334,1.7137189859547104
lightsaber_2_v12.png,0,-0.6064568562420334,1.6056135857498548
lightsaber_2_v13.png,1,2.4286504475902744,1.901469709578589
lightsaber_2_v14.png,1,1.4271719928076534,1.3881507172394787
lightsaber_2_v15.png,1,-1.3237930015978128,1.3709500420679082
lightsaber_2_v16.png,1,-0.7823218244454728,1.5860245340077201
lightsaber_2_v17.png,1,1.2609357199827862,1.723304847887777
lightsaber_2_v18.png,0,1.5998302683181977,1.6797425114751097
lightsaber_2_v19.png,0,1.5341344588694348,1.8962595569893075
lightsaber_3_v0.png,1,-1.116814916749325,1.4620188159974323
lightsaber_3_v1.png,1,-0.6942360020047635,1.6868246987786881
lightsaber_3_v2.png,0,0.42769254493967623,1.7588383530415423
lightsaber_3_v3.png,1,-2.2125295954254005,1.6394212704811006
lightsaber_3_v4.png,1,2.8028223734876425,1.565246481876051
lightsaber_3_v5.png,0,-2.4579819930902675,1.7262956221726737
lightsaber_3_v6.png,0,-1.824821133491496,1.4037598702348382
lightsaber_3_v7.png,1,2.7799226210452748,1.5832553707853187
lightsaber_3_v8.png,0,-2.6842846290608344,1.4905957714578304
lightsaber_3_v9.png,1,-0.6907436666563851,1.6511474478387265
lightsaber_3_v10.png,1,-2.0320474726349804,1.486570593222511
lightsaber_3_v11.png,1,1.5145497081323744,1.4482642799460883
lightsaber_3_v12.png,0,2.9176757607258264,1.5446840057223796
lightsaber_3_v13.png,1,1.019431940511801,1.5722306707205382
lightsaber_3_v14.png,1,2.4387177917302942,1.8170098968504393
lightsaber_3_v15.png,0,-0.9016667698232954,1.4659502232546417
lightsaber_3_v16.png,0,-1.632975575594518,1.5344418924656078
lightsaber_3_v17.png,1,2.035863262732025,1.8811339280088795
lightsaber_3_v18.png,0,0.7695231685925903,1.4811104268576352
lightsaber_3_v19.png,1,1.5576596358290014,1.4856519574359046
lightsaber_4_v0.png,1,-1.6095656352532401,1.6114710348119292
lightsaber_4_v1.png,0,1.3043349911293196,1.7588228258369378
lightsaber_4_v2.png,1,-2.1669987650968823,1.5162857708052362
lightsaber_4_v3.png,0,2.5975985972084104,1.5455736217303413
lightsaber_4_v4.png,1,-0.09307232926154896,1.9293204284846766
lightsaber_4_v5.png,0,-0.5266483915945215,2.091973229194252
lightsaber_4_v6.png,1,2.7717129651054946,1.768447763592962
lightsaber_4_v7.png,0,0.8397811666268096,1.5597627569587635
lightsaber_4_v8.png,0,-0.6947828774595504,2.0396321961636246
lightsaber_4_v9.png,1,2.89417535176433,2.0599431668346995
lightsaber_4_v10.png,1,-0.41494460391439647,1.7573709336179004
lightsaber_4_v11.png,0,0.7448749660700327,1.5866542392704863
lightsaber_4_v12.png,0,0.4141068683830751,2.031666971437052
lightsaber_4_v13.png,1,2.841772125669823,1.5370437157035803
lightsaber_4_v14.png,1,1.518962825308996,1.7184133319456543
lightsaber_4_v15.png,1,3.135830477082978,1.5358653351177856
lightsaber_4_v16.png,1,1.5980316133065282,1.749046716881909
lightsaber_4_v17.png,1,-0.9807133109295467,1.5148291937957186
lightsaber_4_v18.png,1,-2.308958476066353,1.6302402051995346
lightsaber_4_v19.png,1,2.680571817455708,1.9916629633160632
longbow_0_v0.png,1,0.6432630307357792,1.2608441509995332
longbow_0_v1.png,0,1.7632212557757274,1.3620484045524708
longbow_0_v2.png,1,1.8954235183134664,1.4872989140082662
longbow_0_v3.png,1,-0.8147262615272324,1.5368406378891044
longbow_0_v4.png,0,0.07056055845840492,1.6491371597320377
longbow_0_v5.png,1,1.4788740539209568,1.337153209269101
longbow_0_v6.png,0,1.5951802206282828,1.3411735157614804
longbow_0_v7.png,1,-0.8520672363149382,1.6466593906879003
longbow_0_v8.png,1,-1.6876327032920986,1.5276516085202838
longbow_0_v9.png,1,-2.467928484679171,1.3794295537993735
longbow_0_v10.png,1,2.9004193718469216,1.4701889029502542
longbow_0_v11.png,1,0.2987231520101482,1.304115799806596
longbow_0_v12.png,1,0.07307888546213992,1.4243607866167185
longbow_0_v13.png,1,1.2024822264271435,1.5866906898864015
longbow_0_v14.png,1,-2.828409783680149,1.7585043503494542
longbow_0_v15.png,1,1.9798324605872728,1.335665399375766
longbow_0_v16.png,0,1.1521969224193085,1.688763246292021
longbow_0_v17.png,0,-2.5632006229836364,1.2779008236592477
longbow_0_v18.png,0,0.7724159473512624,1.401100509285582
longbow_0_v19.png,0,-0.026745598685443794,1.4668948106562583
longbow_1_v0.png,0,-0.999225213081255,2.140074420622626
longbow_1_v1.png,1,-3.0228705429132896,1.9430035187530972
longbow_1_v2.png,1,-2.767024436417095,1.5832321821432545
longbow_1_v3.png,1,0.7108205220725791,2.0132969328593586
longbow_1_v4.png,1,-2.7348091739100817,1.6809606535365569
longbow_1_v5.png,1,0.6107785584593244,1.9034266496399233
longbow_1_v6.png,0,-2.2705330394529786,1.8385346276316594
longbow_1_v7.png,1,1.0032920463557955,1.8625256823605252
longbow_1_v8.png,0,1.6065527033924336,1.6017481432924137
longbow_1_v9.png,1,-1.47740890128827,1.5121421321314432
longbow_1_v10.png,1,2.4912222198975726,2.1063062618756527
longbow_1_v11.png,0,0.8618214013763257,1.8899090343527358
longbow_1_v12.png,0,1.8594427896118673,1.8176520774787759
longbow_1_v13.png,1,1.0657857806674758,1.8964664381182001
longbow_1_v14.png,0,1.2809022299076678,1.5497490116706822
longbow_1_v15.png,0,-2.0664064358027185,1.8085879840237862
longbow_1_v16.png,1,0.31839167952893666,2.0560441307374644
longbow_1_v17.png,1,0.17282920034773008,1.9273458348627623
longbow_1_v18.png,0,-0.6716838202928912,2.0007566025229777
longbow_1_v19.png,0,1.075370196982773,1.9438931684150882
longbow_2_v0.png,0,-0.04817403283041222,1.4544767021422174
longbow_2_v1.png,1,-2.462022856927524,1.2380275419262468
longbow_2_v2.png,1,-1.2378744657890017,1.2109634567486351
longbow_2_v3.png,0,1.7911442787658893,1.168853706473976
longbow_2_v4.png,0,1.5100809724893278,1.479243103877258
longbow_2_v5.png,1,3.1089472051249727,1.30216292711857
longbow_2_v6.png,1,1.512565252500482,1.070273487510634
longbow_2_v7.png,0,-2.6821973780036847,1.409586418401691
longbow_2_v8.png,1,-0.43133143279314434,1.3456260703991711
longbow_2_v9.png,0,3.061933694796588,1.4111775078311664
longbow_2_v10.png,1,2.5877567810451767,1.1005194338194888
longbow_2_v11.png,0,-2.588117016452715,1.3044034128421755
longbow_2_v12.png,1,-2.804820122445717,1.2267632853884805
longbow_2_v13.png,1,-2.3237311106048057,1.4974021820557533
longbow_2_v14.png,0,2.0927502271755465,1.4126182008898132
longbow_2_v15.png,1,1.4862914723041645,1.1042309753212411
longbow_2_v16.png,0,3.0141544852748083,1.2670357236034278
longbow_2_v17.png,1,-2.5108948819427273,1.1266307680023129
longbow_2_v18.png,1,1.109287874963749,1.3718542661769215
longbow_2_v19.png,1,1.947467704474157,1.4229598418177505
longbow_3_v0.png,0,2.4498494988380215,1.5263386854008214
longbow_3_v1.png,1,0.5128101642129611,1.6002036915530897
longbow_3_v2.png,0,-2.8753600515800577,1.5109065598069797
longbow_3_v3.png,0,0.37740070102352913,1.5063982060002126
longbow_3_v4.png,0,2.0287052522305613,1.67992735790639
longbow_3_v5.png,1,-2.008914297101656,1.8224108421202898
longbow_3_v6.png,1,-1.0485265984718646,1.5894880019213458
longbow_3_v7.png,0,-2.221608487262763,1.429807715186344
longbow_3_v8.png,0,-1.651961809474765,1.738215734058646
longbow_3_v9.png,1,1.0636040613741082,1.4715074913771384
longbow_3_v10.png,1,0.8216893987749607,1.5580018318746096
longbow_3_v11.png,0,-2.438098022403757,1.372530148154414
longbow_3_v12.png,0,-0.053438556089346556,1.579856760662944
longbow_3_v13.png,1,2.740476022647363,1.4366932120812013
longbow_3_v14.png,1,-0.6743008386973615,1.774667498337952
longbow_3_v15.png,1,-2.2773950921959134,1.4228440506815083
longbow_3_v16.png,0,2.374413468605905,1.3691758320660306
longbow_3_v17.png,1,1.4140663417927044,1.6861219682018815
longbow_3_v18.png,1,0.32709431445887993,1.4886972571914874
longbow_3_v19.png,1,-3.081068340550838,1.4081905181982524
lunar_war_fan_0_v0.png,0,-0.6985384227726903,1.209293027729959
lunar_war_fan_0_v1.png,1,-1.527120026102252,1.4511678028085622
lunar_war_fan_0_v2.png,1,1.127046456976935,1.530380900141315
lunar_war_fan_0_v3.png,1,0.31819740535538543,1.5451115408025755
lunar_war_fan_0_v4.png,0,1.979370699193499,1.5325003498543055
lunar_war_fan_0_v5.png,1,-1.3764812812201064,1.6412896382924578
lunar_war_fan_0_v6.png,0,-1.3669473607623162,1.3597015160831627
lunar_war_fan_0_v7.png,0,-2.909535747399293,1.294450359710882
lunar_war_fan_0_v8.png,0,-2.2473245016766397,1.2359556774611957
lunar_war_fan_0_v9.png,0,1.2754496169282286,1.3681839406059588
lunar_war_fan_0_v10.png,1,-2.663902826192615,1.451277141610494
lunar_war_fan_0_v11.png,0,0.5396283422984093,1.49179596087365
lunar_war_fan_0_v12.png,1,-1.3830939852984838,1.3436268212072062
lunar_war_fan_0_v13.png,1,1.663561745111641,1.3466838985655538
lunar_war_fan_0_v14.png,0,0.8280229862731131,1.1913121556869757
lunar_war_fan_0_v15.png,0,-2.452176722655428,1.3963921851649148
lunar_war_fan_0_v16.png,1,0.15369755604340207,1.464622623002183
lunar_war_fan_0_v17.png,1,0.10568798454544115,1.3120179701810595
lunar_war_fan_0_v18.png,1,-2.2899836441442525,1.533482069845193
lunar_war_fan_0_v19.png,0,2.767112161739274,1.2075416904598506
mace_0_v0.png,1,2.2253239878649484,1.4433815400762613
mace_0_v1.png,0,0.8187673850596955,1.5301410320668867
mace_0_v2.png,0,-2.347119654105306,1.5091661904819211
mace_0_v3.png,1,3.0377812150647747,1.6508263375611474
mace_0_v4.png,0,-0.4301436866514534,1.3646735473741105
mace_0_v5.png,1,-0.670829990610974,1.712988353740286
mace_0_v6.png,0,-2.8529488197864508,1.4531486422811146
mace_0_v7.png,0,1.3375484442613763,1.7085775961104772
mace_0_v8.png,0,-0.4403690999943638,1.4405998216792655
mace_0_v9.png,0,-1.8674497191236465,1.4398289835110036
mace_0_v10.png,1,1.8037400721031147,1.3388343598936499
mace_0_v11.png,1,2.5524199277491313,1.3412489194889297
mace_0_v12.png,1,-1.9235969809003712,1.5469820761968456
mace_0_v13.png,1,1.053984839661107,1.310482096991547
mace_0_v14.png,1,-1.0386693813052368,1.405228900041802
mace_0_v15.png,1,-0.028305841593478376,1.391550842868999
mace_0_v16.png,0,-1.285703505786551,1.346705005464384
mace_0_v17.png,0,1.0030449554263285,1.7754696068190083
mace_0_v18.png,1,1.3533621638238482,1.7394322628923005
mace_0_v19.png,1,-0.5884680700945165,1.7224886449100176
mace_1_v0.png,0,-2.756938756014466,1.8058825817875326
mace_1_v1.png,1,1.6997024237421978,1.5422550407362554
mace_1_v2.png,0,1.7738638801207227,1.47795899649598
mace_1_v3.png,0,-1.2768623075629386,1.489699325984654
mace_1_v4.png,1,0.7437074486164064,1.3888529365269098
mace_1_v5.png,0,1.0962284318416256,1.3861396393737253
mace_1_v6.png,0,0.2440214108058758,1.9252538342313736
mace_1_v7.png,0,2.3634852687580743,1.379025606915815
mace_1_v8.png,1,-2.3843079770287243,1.7319212035614298
mace_1_v9.png,0,2.4104279889001035,1.8211936834673392
mace_1_v10.png,0,-1.4340461859127636,1.4277662542323728
mace_1_v11.png,0,-1.2273535603554895,1.630151078500719
mace_1_v12.png,0,0.03391736302553483,1.5972861105276717
mace_1_v13.png,1,-1.2236078354382043,1.8653863895612632
mace_1_v14.png,0,-2.0584118924316654,1.4699782347866273
mace_1_v15.png,0,-1.6188897953850319,1.677619416628447
mace_1_v16.png,0,-0.359013708088681,1.4142458120033663
mace_1_v17.png,1,1.6895578345142221,1.6394377712984336
mace_1_v18.png,1,-0.41940879665663877,1.4809913403692545
mace_1_v19.png,0,0.8825807242120911,1.4558106927394865
mace_2_v0.png,0,-0.5825277626850204,1.8015654109067907
mace_2_v1.png,1,1.6474226646147334,1.4820095807750178
mace_2_v2.png,0,1.449552996786456,1.4455118233822375
mace_2_v3.png,0,0.46764702540929326,1.4691982504055006
mace_2_v4.png,1,0.7758866229577952,1.4716062178229206
mace_2_v5.png,1,-0.2090505959011012,1.6812649228134566
mace_2_v6.png,1,3.085447808700062,1.8445297352320993
mace_2_v7.png,1,0.7381134000554248,1.442404131733048
mace_2_v8.png,1,0.969554284803962,1.3542098528546866
mace_2_v9.png,0,-2.3505076286411266,1.860814850618285
mace_2_v10.png,1,-1.8924741843017174,1.5695440277172907
mace_2_v11.png,0,-1.5570242805505823,1.7662164291452251
mace_2_v12.png,0,2.3983958122236615,1.4335608408609484
mace_2_v13.png,0,-0.31858156354144085,1.4698238709935636
mace_2_v14.png,1,-2.528497736244153,1.387371679305917
mace_2_v15.png,1,-1.099996755013451,1.8344581952551906
mace_2_v16.png,1,2.6391050464353283,1.6971350726284302
mace_2_v17.png,1,2.800421534764908,1.3569037790256406
mace_2_v18.png,0,1.0119048493102998,1.8082697828512924
mace_2_v19.png,0,-3.1399683650161974,1.6004834320112213
mace_3_v0.png,0,-1.007346165930572,2.038636868333175
mace_3_v1.png,1,-2.0840752018089512,1.9374813321469484
mace_3_v2.png,1,2.014996823464501,1.586698792210439
mace_3_v3.png,1,-1.3496808593958645,2.021315050194148
mace_3_v4.png,0,-3.0239701224028845,1.9023388973592736
mace_3_v5.png,0,-0.4672241019894447,1.7920249990403119
mace_3_v6.png,1,-0.09175457091924888,1.472002427368565
mace_3_v7.png,1,-0.25586818417156565,1.5797385733003573
mace_3_v8.png,1,2.283805629815843,1.730375958130434
mace_3_v9.png,0,2.6638866551393248,2.0696130726785698
mace_3_v10.png,0,0.5490947323151827,1.8610036198150641
mace_3_v11.png,1,2.531752474004133,1.5710207359833985
mace_3_v12.png,1,-1.6583699573195916,1.982602124290398
mace_3_v13.png,1,1.9686223774366514,1.6102778627076817
mace_3_v14.png,1,1.814731705161322,1.4873619729467704
mace_3_v15.png,1,1.835204349159037,1.8474403538347104
mace_3_v16.png,1,1.6541598867525533,1.7032044897908558
mace_3_v17.png,0,0.23725834222659015,1.6766197097550606
mace_3_v18.png,0,1.667414419961643,1.4614754592774521
mace_3_v19.png,1,-2.402458739091388,2.0137150180114642
mace_4_v0.png,0,2.458656811081892,1.5515990932641202
mace_4_v1.png,1,1.02442553168603,1.3931774615403232
mace_4_v2.png,1,-3.113622593746828,1.7046230041927672
mace_4_v3.png,0,0.7135150504868597,1.5273011858580026
mace_4_v4.png,0,-2.2964669067211463,1.4379351746511517
mace_4_v5.png,0,-3.1310244856466145,1.6810706100117538
mace_4_v6.png,1,1.002593096718967,1.537665838175605
mace_4_v7.png,1,0.21340588738888377,1.4561005678572636
mace_4_v8.png,0,0.27927329631642794,1.7515871360064057
mace_4_v9.png,0,1.9998292259310462,1.4465211971292269
mace_4_v10.png,1,2.5595476765704763,1.5194921904095646
mace_4_v11.png,1,-2.3366013292655117,1.620323011416981
mace_4_v12.png,1,1.6566341349454519,1.3044496442438729
mace_4_v13.png,0,0.7473017006925629,1.3573187370326127
mace_4_v14.png,0,-1.9708379634524693,1.3952236462765975
mace_4_v15.png,0,0.7725169852057554,1.561245673228905
mace_4_v16.png,0,3.030642548444141,1.812061051826732
mace_4_v17.png,0,1.9640927035590774,1.7965642201639946
mace_4_v18.png,1,0.837906582220884,1.346775506686333
mace_4_v19.png,1,-2.9519151869986544,1.513168794807625
mallet_0_v0.png,1,-0.5534952237186245,1.35291047463752
mallet_0_v1.png,0,-0.5592696899387121,1.4776186859352862
mallet_0_v2.png,1,3.1199055815306207,1.3278985958062917
mallet_0_v3.png,1,2.5568429658417693,1.3922857649919886
mallet_0_v4.png,1,-2.459287518925216,1.3279722238811513
mallet_0_v5.png,1,0.9376143167454352,1.5638161217538142
mallet_0_v6.png,1,1.3576847421298788,1.2940478846545724
mallet_0_v7.png,1,-1.6255089274531198,1.5478587219998012
mallet_0_v8.png,0,0.4073444059530815,1.3738940832978654
mallet_0_v9.png,1,1.3413371613127607,1.5873158898087267
mallet_0_v10.png,0,2.524759770059262,1.371984673322525
mallet_0_v11.png,0,-1.1479713041068158,1.3208819834028573
mallet_0_v12.png,0,-2.727979966197686,1.3161401051835566
mallet_0_v13.png,1,-1.680527420047662,1.5331780472102732
mallet_0_v14.png,1,-1.2197559832354603,1.5802362553273708
mallet_0_v15.png,1,2.8963152674761807,1.5381590701740546
mallet_0_v16.png,0,3.08109180619473,1.7612034230619389
mallet_0_v17.png,1,0.2700796258920467,1.4476427699852166
mallet_0_v18.png,1,-2.895938467058665,1.635017220644457
mallet_0_v19.png,0,1.423233015348968,1.610945283205571
mallet_1_v0.png,0,1.947798132709233,1.7630292624018284
mallet_1_v1.png,1,2.877520612042249,2.0646833901327857
mallet_1_v2.png,0,0.4852674352202154,1.6207359094648268
mallet_1_v3.png,1,-0.638871617282772,2.161803837520781
mallet_1_v4.png,1,-2.4323131899709103,1.9884923564120438
mallet_1_v5.png,0,-2.880396175515107,1.9041113733998194
mallet_1_v6.png,0,-3.1351751777120973,2.207594226526168
mallet_1_v7.png,1,2.1859358476639406,1.89336555186398
mallet_1_v8.png,0,0.2521301387195468,1.8074671084492429
mallet_1_v9.png,0,2.7169192794613237,2.026464276072464
mallet_1_v10.png,1,2.2849266882351813,1.8545502892179282
mallet_1_v11.png,1,2.9487161488469424,1.7382227173853706
mallet_1_v12.png,1,-0.9536180669133569,1.680936083531647
mallet_1_v13.png,0,-0.8621314979957008,1.8605912098809745
mallet_1_v14.png,0,-1.533801906361329,1.7293269975631935
mallet_1_v15.png,1,3.069100784791737,1.7191820996982303
mallet_1_v16.png,1,-2.933312672075988,2.059599353161497
mallet_1_v17.png,1,-0.43418692582496526,1.9956253714158867
mallet_1_v18.png,0,2.7586763120011004,1.8601555810409551
mallet_1_v19.png,0,2.3315020717664034,1.8493926822340028
mallet_2_v0.png,1,1.7532412032751963,1.5958657326205703
mallet_2_v1.png,0,0.0057616266296977026,1.6017128137215086
mallet_2_v2.png,0,1.6238601257874241,1.638664684458074
mallet_2_v3.png,1,1.1515235198222835,1.5666864526054503
mallet_2_v4.png,1,-1.1333347847207005,1.4466010466410604
mallet_2_v5.png,0,1.3581683427439084,1.6995408550335303
mallet_2_v6.png,1,0.9676467564392418,1.5045974288364317
mallet_2_v7.png,0,2.5611414849076013,1.443179431852519
mallet_2_v8.png,1,2.1671726949320873,1.4185856191491037
mallet_2_v9.png,0,-0.31870331637666577,1.4658328417831894
mallet_2_v10.png,0,0.5076011743702099,1.6517072184106505
mallet_2_v11.png,0,2.135076820093525,1.4048835412373974
mallet_2_v12.png,1,-1.283676786478535,1.4091724248866122
mallet_2_v13.png,1,-1.2563415991449043,1.4871233540030684
mallet_2_v14.png,0,1.1039195967065125,1.9247442732518405
mallet_2_v15.png,0,-0.6729779345981488,1.4250034235751552
mallet_2_v16.png,1,-1.0205465660298643,1.805281295234791
mallet_2_v17.png,0,1.5892706422487874,1.5743719093520911
mallet_2_v18.png,1,2.9647720381699454,1.848029029404321
mallet_2_v19.png,0,0.8691941215353384,1.6893003714019108
mallet_3_v0.png,1,2.3465819529978997,1.4481150673870973
mallet_3_v1.png,0,3.112926959773835,1.4939184352879498
mallet_3_v2.png,0,0.03138227912557068,1.4489511237117918
mallet_3_v3.png,0,-1.1118107323357702,1.7090480018516379
mallet_3_v4.png,0,-1.0586867447893475,1.4186779330296528
mallet_3_v5.png,0,-2.960424706729379,1.4062946275383297
mallet_3_v6.png,0,1.7731612636628942,1.3756913368832375
mallet_3_v7.png,0,1.5079344632599807,1.4533400839572588
mallet_3_v8.png,1,-1.2517087099161506,1.5612372487733248
mallet_3_v9.png,1,-0.42234799126505507,1.5864544039349637
mallet_3_v10.png,1,1.7072050345111789,1.257444600316907
mallet_3_v11.png,1,2.1278516988747143,1.4614056697653508
mallet_3_v12.png,0,-2.2204468930357715,1.5414437835019974
mallet_3_v13.png,0,-2.4138486699489317,1.325850213467538
mallet_3_v14.png,1,-1.3702153004298596,1.702762282440102
mallet_3_v15.png,1,-2.3108378999225727,1.2016961987317398
mallet_3_v16.png,0,2.4494013382660724,1.295941989730197
mallet_3_v17.png,0,-0.8050818848812344,1.3537187190768243
mallet_3_v18.png,1,-0.6956056419417466,1.6325893041506565
mallet_3_v19.png,1,1.6894541344367515,1.5447521272600526
mallet_4_v0.png,1,-0.4322879933817126,1.7857725376949487
mallet_4_v1.png,1,-0.4485523668601378,1.7234714274046754
mallet_4_v2.png,0,-2.212635785133064,1.6368052130828297
mallet_4_v3.png,1,-2.715062147700748,1.5176327785904518
mallet_4_v4.png,1,-2.190613241271028,1.6040037498105797
mallet_4_v5.png,0,0.6033237072545886,1.8867196381692088
mallet_4_v6.png,1,-2.7444001161584417,1.8057524521210095
mallet_4_v7.png,0,-0.10480236989568892,1.847225695133191
mallet_4_v8.png,1,1.6334166900240086,1.6377154814603418
mallet_4_v9.png,1,0.6308019062109612,1.831999888698393
mallet_4_v10.png,0,1.8613901611832282,1.449319186635856
mallet_4_v11.png,0,-1.7043139429405367,1.4544954209509633
mallet_4_v12.png,0,3.1320106433900663,1.4860069062510903
mallet_4_v13.png,1,1.1169413158442874,1.8568739638175518
mallet_4_v14.png,0,-1.4605220736193152,1.8179572010301128
mallet_4_v15.png,1,1.7943967433080767,1.5064889103436143
mallet_4_v16.png,0,2.144353028424998,1.538371964621534
mallet_4_v17.png,1,-0.08003923013777114,1.9943687365329614
mallet_4_v18.png,1,-1.069456074144068,1.5288114928846166
mallet_4_v19.png,1,1.238875086722953,1.480436397562107
master_sword_0_v0.png,1,-2.308155460144363,1.7674605302339124
master_sword_0_v1.png,0,1.0897323621996327,1.405222524238887
master_sword_0_v2.png,0,1.3999720945394456,1.3147385765988198
master_sword_0_v3.png,0,1.3216879144034959,1.5437693707954554
master_sword_0_v4.png,1,-0.6754965625957752,1.5598625922795213
master_sword_0_v5.png,0,-2.065916895678253,1.366837808401634
master_sword_0_v6.png,0,1.5230549710332442,1.7213454724448098
master_sword_0_v7.png,0,0.5553393500613275,1.3113567051445851
master_sword_0_v8.png,0,-2.7093601887103023,1.381687722443287
master_sword_0_v9.png,0,2.353085069414466,1.3891905784127494
master_sword_0_v10.png,0,-1.433817580693793,1.3302080693399798
master_sword_0_v11.png,0,-0.05240948465687545,1.6876089047028264
master_sword_0_v12.png,0,-1.1475239653889373,1.6486230315343697
master_sword_0_v13.png,1,0.6907281194865345,1.4991039247018818
master_sword_0_v14.png,1,2.3640478837822245,1.413910471175744
master_sword_0_v15.png,1,1.1242658224545234,1.6358767993506562
master_sword_0_v16.png,0,2.2039164626379666,1.7661910353153418
master_sword_0_v17.png,0,2.2105675777115126,1.6199251867113262
master_sword_0_v18.png,0,1.1065555366636932,1.5357948354096647
master_sword_0_v19.png,1,-0.8906056321781293,1.68026232587301
master_sword_1_v0.png,0,1.450937475087695,1.8934000221644518
master_sword_1_v1.png,1,-1.6203035425063512,1.5618321345718251
master_sword_1_v2.png,0,-2.1910551812130796,1.627615686546078
master_sword_1_v3.png,0,0.07327444475723865,1.8151466538474477
master_sword_1_v4.png,0,0.10561341332448304,1.3704199396735584
master_sword_1_v5.png,1,2.641207595799315,1.5393774254837729
master_sword_1_v6.png,0,-2.5605416543285555,1.6659653827920937
master_sword_1_v7.png,1,-1.2519275556624594,1.9246882575176105
master_sword_1_v8.png,1,1.938615702335177,1.606454203744864
master_sword_1_v9.png,0,-2.9301447086174948,1.3622636866361686
master_sword_1_v10.png,1,-1.6733112143272413,1.3874446299181957
master_sword_1_v11.png,0,-0.40960201822826914,1.4412059168122489
master_sword_1_v12.png,0,2.5292218014817234,1.8986704209370049
master_sword_1_v13.png,0,-1.760092325219977,1.6748267249824615
master_sword_1_v14.png,0,1.7951246055976933,1.4798251724356626
master_sword_1_v15.png,0,2.6593873739271405,1.5985049990162177
master_sword_1_v16.png,0,-2.7176095956497246,1.6591528015930792
master_sword_1_v17.png,0,2.723563195672034,1.4144446874773773
master_sword_1_v18.png,0,-1.497421830584726,1.4868025822811606
master_sword_1_v19.png,0,0.4006417237644939,1.8053010865490564
master_sword_2_v0.png,1,-2.1188850788589457,1.3518381627276135
master_sword_2_v1.png,0,-1.596879095214362,1.817968376395133
master_sword_2_v2.png,1,1.9812401460362896,1.7019518803349794
master_sword_2_v3.png,0,-2.746060693401331,1.4587540514121815
master_sword_2_v4.png,1,-1.1899124203935791,1.3617837916096913
master_sword_2_v5.png,0,2.691088146718055,1.7729075995702621
master_sword_2_v6.png,1,0.88135809378706,1.7066139449850983
master_sword_2_v7.png,0,-3.0305723866025893,1.5859122602242028
master_sword_2_v8.png,1,-1.6699020593967138,1.5098782016581567
master_sword_2_v9.png,0,1.440717835608469,1.612727133109473
master_sword_2_v10.png,0,1.1728444086826881,1.851916615213883
master_sword_2_v11.png,0,-0.6003263691695042,1.5529443565926313
master_sword_2_v12.png,1,-2.9508795152836527,1.522361656627912
master_sword_2_v13.png,1,-0.512140452847567,1.5892492683365784
master_sword_2_v14.png,0,1.8417049762004942,1.5650429726984525
master_sword_2_v15.png,1,-1.438740861164315,1.5343245700400172
master_sword_2_v16.png,0,0.2671333703667811,1.475976050003231
master_sword_2_v17.png,0,-1.0753757470109022,1.5102311045223655
master_sword_2_v18.png,0,0.5275402233515063,1.5736922191011515
master_sword_2_v19.png,1,2.3346289025781295,1.5179465136423567
master_sword_3_v0.png,1,-1.7616799364984086,1.5339026863626615
master_sword_3_v1.png,1,0.533787888607048,1.4813429316084552
master_sword_3_v2.png,1,1.1388935627470667,1.748989689634359
master_sword_3_v3.png,1,-0.487943186249828,1.7107344193426055
master_sword_3_v4.png,1,2.403525546134056,1.6074342992247224
master_sword_3_v5.png,0,-0.03977961085532744,1.8995548568138687
master_sword_3_v6.png,0,2.763938649196809,1.7907341400454952
master_sword_3_v7.png,0,-0.5716768068699798,1.6448752349191929
master_sword_3_v8.png,0,-1.1539915626960084,1.610087281446414
master_sword_3_v9.png,1,-2.003179574629142,1.9026583613097992
master_sword_3_v10.png,1,1.9856733314556045,1.7455152865841272
master_sword_3_v11.png,0,0.11636254458583872,1.3740976805445653
master_sword_3_v12.png,1,-2.100992846433143,1.900139479646284
master_sword_3_v13.png,1,0.10419545117720919,1.8907680131708116
master_sword_3_v14.png,0,2.88039248383962,1.4013498619940388
master_sword_3_v15.png,1,0.6672027965268725,1.4788263371012584
master_sword_3_v16.png,1,-1.2055054606056483,1.9118841409634004
master_sword_3_v17.png,0,-3.073673290866524,1.4318011705011597
master_sword_3_v18.png,0,-2.9703495645802938,1.8450450900441366
master_sword_3_v19.png,1,-0.1279884889518872,1.6688630856680429
master_sword_4_v0.png,1,-2.4442086826617158,1.5343198746348734
master_sword_4_v1.png,0,1.61605018303178,1.5615582500081981
master_sword_4_v2.png,1,-1.2346915057124521,1.618005879688482
master_sword_4_v3.png,1,2.762459311677631,1.454644861342926
master_sword_4_v4.png,0,-2.4173659755458856,1.53420095530897
master_sword_4_v5.png,1,-2.0772194505152033,1.5331801173776187
master_sword_4_v6.png,1,1.3142191877263636,1.8111590808093043
master_sword_4_v7.png,0,1.988774058511337,1.9060863829197863
master_sword_4_v8.png,0,-1.467358147764278,1.6047594693106257
master_sword_4_v9.png,0,2.815197085686431,1.8805221982866034
master_sword_4_v10.png,0,-1.5208204739730125,1.5438660080175266
master_sword_4_v11.png,1,0.1491178050244808,1.499012686208372
master_sword_4_v12.png,0,1.2859904960858395,1.9021167567042832
master_sword_4_v13.png,1,-0.1686826986724963,1.824612507331125
master_sword_4_v14.png,1,2.231320661888853,1.676703893737735
master_sword_4_v15.png,0,-0.23420290574809943,1.5851332401163614
master_sword_4_v16.png,1,2.217076487219188,1.935858270402446
master_sword_4_v17.png,0,2.1367625360152753,1.8205623052119884
master_sword_4_v18.png,1,-1.304025456893383,1.89468899799587
master_sword_4_v19.png,0,0.7243157834040093,1.5688920343713797
meteor_pick_0_v0.png,1,0.7367210475098837,1.4478335501286683
meteor_pick_0_v1.png,0,-1.7422157391069708,1.2701979935141694
meteor_pick_0_v2.png,0,3.1070689733953745,1.1745145049792471
meteor_pick_0_v3.png,0,1.53700805067706,1.2379374585968312
meteor_pick_0_v4.png,0,-2.8922837661056455,1.1540453454295638
meteor_pick_0_v5.png,1,-1.3802920909792324,1.2702638261597774
meteor_pick_0_v6.png,1,-1.13206482838601,1.4923973898069094
meteor_pick_0_v7.png,1,3.1185244837703996,1.1423780029427109
meteor_pick_0_v8.png,1,0.7067638874809377,1.3373115705835983
meteor_pick_0_v9.png,1,2.2740044274420734,1.2815465166844537
meteor_pick_0_v10.png,0,-0.11180752317275298,1.0618825205890468
meteor_pick_0_v11.png,0,-1.946135444782199,1.1604407540476351
meteor_pick_0_v12.png,0,0.3717909655584854,1.3785164935423886
meteor_pick_0_v13.png,0,2.1377082564403644,1.184482697289246
meteor_pick_0_v14.png,0,0.6119010587056999,1.3112976748657925
meteor_pick_0_v15.png,1,-2.126583377854479,1.2503742666329092
meteor_pick_0_v16.png,1,-1.0819298228610974,1.1790938453519257
meteor_pick_0_v17.png,1,0.6748580389693073,1.0975395053143804
meteor_pick_0_v18.png,1,-1.7236722958922583,1.0881687508878533
meteor_pick_0_v19.png,1,3.1200678133148703,1.205753712257676
meteor_pick_1_v0.png,1,2.143354291759371,1.7621864055524288
meteor_pick_1_v1.png,0,-1.8338988435716803,1.5645126235529279
meteor_pick_1_v2.png,1,2.052482440470275,1.5259217341641378
meteor_pick_1_v3.png,0,-1.7450541131103616,1.992751139725637
meteor_pick_1_v4.png,1,-1.4870912339809041,1.7758228487524221
meteor_pick_1_v5.png,0,2.9134765074143925,1.778621460529034
meteor_pick_1_v6.png,0,-2.7684310428424057,1.7294848491868562
meteor_pick_1_v7.png,1,-1.1745306895124752,1.4617254351548505
meteor_pick_1_v8.png,0,-2.7230410379440384,1.4541500846808137
meteor_pick_1_v9.png,1,0.11684361577494085,1.5431761525266068
meteor_pick_1_v10.png,0,1.8715374140793206,1.6300470021744546
meteor_pick_1_v11.png,1,-2.5350551627991154,1.858110161714013
meteor_pick_1_v12.png,1,-3.080518512189034,1.932585685107027
meteor_pick_1_v13.png,0,-1.5163983680832134,1.729825577232191
meteor_pick_1_v14.png,1,1.7487840624389062,1.478628668919107
meteor_pick_1_v15.png,1,-1.2940707332449832,2.022536985981289
meteor_pick_1_v16.png,0,-2.65105508920604,1.7641037989741
meteor_pick_1_v17.png,0,-1.9574578358623609,1.4812651944883701
meteor_pick_1_v18.png,0,2.4598625650314343,1.4554162908202481
meteor_pick_1_v19.png,0,1.2994829819256637,1.889546912090368
meteor_pick_2_v0.png,1,3.077989410349507,1.899069491939438
meteor_pick_2_v1.png,0,-0.5026847031076471,1.7121653375652675
meteor_pick_2_v2.png,1,-2.418983911088008,1.8729037333675342
meteor_pick_2_v3.png,1,-0.5482589828020817,1.930804988231805
meteor_pick_2_v4.png,0,0.9745366766540995,1.8289214649194103
meteor_pick_2_v5.png,1,-1.6165226687161076,1.6173059223538275
meteor_pick_2_v6.png,1,-0.8676125754405665,1.7387088406058682
meteor_pick_2_v7.png,1,0.772600593634684,1.6465460754292496
meteor_pick_2_v8.png,0,-2.732841501235872,1.65497245681013
meteor_pick_2_v9.png,0,2.930827038106229,1.9454741809835616
meteor_pick_2_v10.png,1,1.798739221776124,2.035910853099347
meteor_pick_2_v11.png,0,-2.2804752015866545,1.6165457514792523
meteor_pick_2_v12.png,0,3.1040920404670094,1.9253883516797992
meteor_pick_2_v13.png,1,3.076171037923327,2.001939520333081
meteor_pick_2_v14.png,0,0.4166870495001367,1.780065257406033
meteor_pick_2_v15.png,1,2.703133435688003,1.6640833275199838
meteor_pick_2_v16.png,0,1.9455088543504533,1.9231590678366535
meteor_pick_2_v17.png,0,-1.94818240114109,1.7857476289400953
meteor_pick_2_v18.png,0,1.1275797916021322,1.868595493966777
meteor_pick_2_v19.png,0,1.7821247073185482,1.8234511272175848
meteor_pick_3_v0.png,0,1.653391509774665,1.4829004678952846
meteor_pick_3_v1.png,1,-2.188032376937957,1.2253435563813937
meteor_pick_3_v2.png,0,-0.164590312148708,1.5178801111365647
meteor_pick_3_v3.png,0,2.355422699887531,1.3099655033143947
meteor_pick_3_v4.png,1,0.0017052498532169613,1.1715394534642696
meteor_pick_3_v5.png,1,0.04093573183108168,1.1595945425551237
meteor_pick_3_v6.png,1,-2.041357328400845,1.3593264535577068
meteor_pick_3_v7.png,0,-1.5163191591834626,1.2607990691928244
meteor_pick_3_v8.png,1,0.8437656768166579,1.1943064798304226
meteor_pick_3_v9.png,0,0.8199621073484646,1.1155764443093314
meteor_pick_3_v10.png,1,-1.450206820175166,1.4964291294854855
meteor_pick_3_v11.png,1,2.5653086281372453,1.4523683152739575
meteor_pick_3_v12.png,0,-2.11386667788169,1.3674358174786356
meteor_pick_3_v13.png,0,0.32541682884198275,1.5091785700910019
meteor_pick_3_v14.png,1,2.979858063099864,1.28833650527557
meteor_pick_3_v15.png,1,2.388635941041315,1.118444214709793
meteor_pick_3_v16.png,0,-0.9010613075473074,1.1066562482582338
meteor_pick_3_v17.png,1,1.776177295505301,1.2068066641809536
meteor_pick_3_v18.png,1,1.9208839926720034,1.1264608706959873
meteor_pick_3_v19.png,0,0.23923717323178906,1.3810031329588384
meteor_pick_4_v0.png,0,-0.6623552499184191,1.5784665277289565
meteor_pick_4_v1.png,1,1.3086515948940807,1.3046229148074573
meteor_pick_4_v2.png,0,-1.7269434250600897,1.3433747046139137
meteor_pick_4_v3.png,0,1.9342660443164603,1.1792611578221075
meteor_pick_4_v4.png,0,-1.9160215432123042,1.5880355071730436
meteor_pick_4_v5.png,1,0.8519483631258555,1.2336264532808328
meteor_pick_4_v6.png,1,2.7279480329582673,1.2587354515017108
meteor_pick_4_v7.png,1,-2.6526872245444792,1.2470403155424277
meteor_pick_4_v8.png,1,-2.66367674967314,1.3672097234516236
meteor_pick_4_v9.png,1,2.518020064131162,1.1770468756264587
meteor_pick_4_v10.png,1,-2.2124745893536564,1.2448714745491898
meteor_pick_4_v11.png,0,-1.218128670900551,1.1793564022294183
meteor_pick_4_v12.png,0,-1.2226685441119787,1.472192148743067
meteor_pick_4_v13.png,1,-1.4700081590476457,1.1982345980592313
meteor_pick_4_v14.png,0,-0.9915698050084096,1.4519679173355609
meteor_pick_4_v15.png,1,0.01133859510508548,1.215717621340127
meteor_pick_4_v16.png,0,0.46807478416412307,1.52419325911871
meteor_pick_4_v17.png,1,1.544938578902044,1.6011971519767885
meteor_pick_4_v18.png,0,0.7813793010072063,1.5519678925995986
meteor_pick_4_v19.png,1,-1.2260836725201514,1.2583670639979663
mjolnir_0_v0.png,1,2.3891617619570793,1.2170710135216105
mjolnir_0_v1.png,0,1.7585743011334205,1.1880836436509425
mjolnir_0_v2.png,1,-3.1406991594186993,1.4067920002474104
mjolnir_0_v3.png,1,-2.3516702797568927,1.402569959318415
mjolnir_0_v4.png,1,2.00034984932046,1.4202925220446045
mjolnir_0_v5.png,0,2.526957151012658,1.2976345845076798
mjolnir_0_v6.png,0,0.963931134333369,1.4269566248591912
mjolnir_0_v7.png,1,-2.641566194151788,1.2881651902802835
mjolnir_0_v8.png,0,-1.3038651968282244,1.1456203385487886
mjolnir_0_v9.png,0,-1.1585152159326768,1.5004406583672236
mjolnir_0_v10.png,0,1.8484952062002937,1.542176987016331
mjolnir_0_v11.png,1,1.4053095528915416,1.5407549599422514
mjolnir_0_v12.png,1,-1.7026798973417758,1.1965108694761817
mjolnir_0_v13.png,0,-1.7420493596357756,1.2492938170269754
mjolnir_0_v14.png,0,1.6270534309743707,1.1024281682224821
mjolnir_0_v15.png,1,-0.18519880365832608,1.5226756586007377
mjolnir_0_v16.png,0,2.61174712531954,1.158971805443928
mjolnir_0_v17.png,1,0.8205921344213987,1.1065988877518165
mjolnir_0_v18.png,1,-1.6401538210081625,1.1323013248517322
mjolnir_0_v19.png,1,-2.226076780132765,1.4869794962365555
mjolnir_1_v0.png,1,1.79390941232105,1.4270791624558867
mjolnir_1_v1.png,1,-3.1241723291463255,1.3597724791268637
mjolnir_1_v2.png,1,-2.6650581504061415,1.3007610883134983
mjolnir_1_v3.png,0,-0.0041427766217149165,1.1101328615607957
mjolnir_1_v4.png,1,-2.718074869662637,1.2476185765791992
mjolnir_1_v5.png,1,-1.5416614892817195,1.2795169751339368
mjolnir_1_v6.png,0,-0.030262117767289376,1.1769811278541242
mjolnir_1_v7.png,1,-1.8406348949627969,1.4400677509537736
mjolnir_1_v8.png,0,1.01848936453796,1.5087636790736332
mjolnir_1_v9.png,1,3.086290023665675,1.1167122931598883
mjolnir_1_v10.png,1,-2.4610230524819654,1.1737265597701687
mjolnir_1_v11.png,0,0.15596658827387033,1.5314438577907714
mjolnir_1_v12.png,0,-1.8351438796348876,1.1798864309588852
mjolnir_1_v13.png,1,1.075320691521759,1.3396790821235707
mjolnir_1_v14.png,0,0.7236076229426859,1.1828972390975072
mjolnir_1_v15.png,0,1.113661537632722,1.108911952440993
mjolnir_1_v16.png,0,-1.9419889151659806,1.295648446441983
mjolnir_1_v17.png,1,2.810897574118664,1.102519089460812
mjolnir_1_v18.png,1,0.23726613873545455,1.4146843410509653
mjolnir_1_v19.png,1,0.9528101822332077,1.2098878275800917
mjolnir_2_v0.png,1,1.0329526021408455,1.8032524566095884
mjolnir_2_v1.png,0,1.0121202271143703,1.7785782209271597
mjolnir_2_v2.png,0,1.2801812101462406,1.4961491414862746
mjolnir_2_v3.png,1,1.8510645641172787,1.6113349162886361
mjolnir_2_v4.png,0,-2.7291354399513295,1.7044574016818614
mjolnir_2_v5.png,1,-1.5581748309973809,1.5581392542137842
mjolnir_2_v6.png,0,2.056674227036828,1.421360907340889
mjolnir_2_v7.png,1,-1.9041491192963904,1.6691871398620703
mjolnir_2_v8.png,0,-2.5738398471755644,1.831376860116383
mjolnir_2_v9.png,1,1.5565919130074954,1.5482822415696706
mjolnir_2_v10.png,0,-0.4766222870822444,1.7040574065089464
mjolnir_2_v11.png,1,0.21838639720207798,1.5154919702824308
mjolnir_2_v12.png,1,-1.2850349147780096,1.664991079332965
mjolnir_2_v13.png,0,1.2242194566024538,1.379392893303032
mjolnir_2_v14.png,1,-1.1665709571300558,1.3956706578411353
mjolnir_2_v15.png,0,-1.7422862446662557,1.505253502012033
mjolnir_2_v16.png,1,-0.41455339210452574,1.4751144581695612
mjolnir_2_v17.png,1,1.6280013178509756,1.827292047759406
mjolnir_2_v18.png,1,1.1843554700669552,1.3200659244087876
mjolnir_2_v19.png,0,1.5105732940805243,1.8230988510801667
mjolnir_3_v0.png,1,-1.0560352428875295,1.296652575763713
mjolnir_3_v1.png,0,-0.36090084474083267,1.3250067178860856
mjolnir_3_v2.png,1,1.9527309186199937,1.4196228856718662
mjolnir_3_v3.png,1,0.45395037066006994,1.7461653170881677
mjolnir_3_v4.png,0,-0.43898497604508524,1.6088901749190576
mjolnir_3_v5.png,1,0.9758033867312844,1.4762387328922217
mjolnir_3_v6.png,1,2.0447444910973633,1.6615242678087474
mjolnir_3_v7.png,0,1.4363204380250107,1.311180319425752
mjolnir_3_v8.png,1,2.8257613023925705,1.2686173231520514
mjolnir_3_v9.png,0,1.7758457507193044,1.6499449634433758
mjolnir_3_v10.png,0,-0.443253153128079,1.7602157690386113
mjolnir_3_v11.png,0,-0.6099461356293425,1.70899474259324
mjolnir_3_v12.png,1,-1.3480580687733865,1.3128568203542268
mjolnir_3_v13.png,1,2.4105404174911915,1.3414296990151562
mjolnir_3_v14.png,1,1.5269915638718303,1.4589844859477614
mjolnir_3_v15.png,0,-0.08382626991378372,1.5985230223317979
mjolnir_3_v16.png,1,-2.531346261406645,1.7672812134167781
mjolnir_3_v17.png,1,-1.1512265701918456,1.4532876615170016
mjolnir_3_v18.png,1,-0.23379284126168354,1.264591602129444
mjolnir_3_v19.png,0,1.3600710937741298,1.7454701520161302
mjolnir_4_v0.png,1,-2.8132322519374933,1.7120229011486496
mjolnir_4_v1.png,0,1.101161268732149,1.884063497676046
mjolnir_4_v2.png,1,2.5109826070005976,1.4116400833731237
mjolnir_4_v3.png,0,0.3770868047149023,1.6855727604454698
mjolnir_4_v4.png,0,0.9215579020579792,1.8740058078412927
mjolnir_4_v5.png,1,1.9524046437154225,1.4447719766640807
mjolnir_4_v6.png,0,2.0012358195064692,1.761101352294806
mjolnir_4_v7.png,1,2.059288218467648,1.4671598483880592
mjolnir_4_v8.png,1,2.5333879444987817,1.4279555324620048
mjolnir_4_v9.png,0,-0.7181237066037776,1.5176017476285886
mjolnir_4_v10.png,1,2.246842661381085,1.5757074709986578
mjolnir_4_v11.png,0,2.1492595077866588,1.8114093002503964
mjolnir_4_v12.png,0,1.2900655740193347,1.9064973789268809
mjolnir_4_v13.png,1,1.3659315045084301,1.8923851119914015
mjolnir_4_v14.png,1,-1.3421164660963885,1.4901681066348278
mjolnir_4_v15.png,0,1.7876608447145388,1.5796416889942089
mjolnir_4_v16.png,1,-0.9767786122604971,1.7862652957299276
mjolnir_4_v17.png,0,-2.973599784505012,1.7186717474671944
mjolnir_4_v18.png,1,2.6137242697552967,1.6727341915258072
mjolnir_4_v19.png,1,2.9790670870301605,1.5103033199725446
moonlight_greatsword_0_v0.png,0,-0.09231008861829082,1.8485272496486258
moonlight_greatsword_0_v1.png,0,2.8335016501589902,1.4508944235548171
moonlight_greatsword_0_v2.png,0,1.6194074969772165,1.3531019493247067
moonlight_greatsword_0_v3.png,1,3.0194154739125385,1.413351768320262
moonlight_greatsword_0_v4.png,1,1.8029668576354227,1.7695018801260043
moonlight_greatsword_0_v5.png,0,-0.06232545812061652,1.7001952284767647
moonlight_greatsword_0_v6.png,1,-0.2662290862625607,1.7409319704614468
moonlight_greatsword_0_v7.png,1,2.0856556974574882,1.774583500193714
moonlight_greatsword_0_v8.png,1,-0.6192522262755382,1.5472163134238126
moonlight_greatsword_0_v9.png,1,-2.0028847002134746,1.6100373003269386
moonlight_greatsword_0_v10.png,0,1.3452807193676461,1.3189996117199647
moonlight_greatsword_0_v11.png,0,-2.5436025346828224,1.3945189889966985
moonlight_greatsword_0_v12.png,0,-2.803707200378561,1.6208452644775417
moonlight_greatsword_0_v13.png,0,-0.6812156651946975,1.7414346216561762
moonlight_greatsword_0_v14.png,0,1.676800383539323,1.3544740428508841
moonlight_greatsword_0_v15.png,1,0.6386491729524577,1.789841003584808
moonlight_greatsword_0_v16.png,0,2.8193615591454817,1.5772679194536923
moonlight_greatsword_0_v17.png,0,0.994895628626467,1.6754002099660352
moonlight_greatsword_0_v18.png,0,-2.932059045344703,1.4931186384123336
moonlight_greatsword_0_v19.png,0,-2.123962634399679,1.5117876370879706
moonlight_greatsword_1_v0.png,1,2.8253423405039912,1.6699679715215106
moonlight_greatsword_1_v1.png,0,-1.9269717696073327,1.4283077853729635
moonlight_greatsword_1_v2.png,0,2.681359907087086,1.375802868694206
moonlight_greatsword_1_v3.png,1,0.2849766046618445,1.3955601958943018
moonlight_greatsword_1_v4.png,0,1.7784707213580422,1.3197933012485932
moonlight_greatsword_1_v5.png,1,-3.058905716031397,1.3718556286757677
moonlight_greatsword_1_v6.png,0,0.9225645260743436,1.5121275274502863
moonlight_greatsword_1_v7.png,1,-1.0360004140972126,1.7005731119184342
moonlight_greatsword_1_v8.png,0,2.890697221971718,1.3030924948057014
moonlight_greatsword_1_v9.png,1,-2.885847744868031,1.7599070061087196
moonlight_greatsword_1_v10.png,1,1.0700052065157042,1.8149197520469105
moonlight_greatsword_1_v11.png,1,-2.755252173444486,1.3032999727519352
moonlight_greatsword_1_v12.png,0,1.1164097610653547,1.5107744839847912
moonlight_greatsword_1_v13.png,1,-2.3343524642209417,1.7426186876990084
moonlight_greatsword_1_v14.png,0,-2.4006387196187324,1.6406345286178843
moonlight_greatsword_1_v15.png,0,2.9199845299120204,1.6990370615896782
moonlight_greatsword_1_v16.png,1,0.8378075566291248,1.6658278360778618
moonlight_greatsword_1_v17.png,1,-1.3847262336587107,1.4233229435480805
moonlight_greatsword_1_v18.png,0,0.9475582933734854,1.649292442586077
moonlight_greatsword_1_v19.png,0,1.9277842936091476,1.7884499753754806
moonlight_greatsword_2_v0.png,0,-2.8263624612506124,1.5801871209128786
moonlight_greatsword_2_v1.png,1,0.42890497970446173,1.5205701879723967
moonlight_greatsword_2_v2.png,0,-1.2153006268406141,1.8712922892152126
moonlight_greatsword_2_v3.png,1,1.1768377988573737,1.689349734211063
moonlight_greatsword_2_v4.png,1,-3.0075977472812263,1.886797828934784
moonlight_greatsword_2_v5.png,0,-0.28801378956940615,1.4942367649891168
moonlight_greatsword_2_v6.png,0,-0.09768936710111742,1.7711394011314818
moonlight_greatsword_2_v7.png,0,-1.899736425527096,1.786438946385835
moonlight_greatsword_2_v8.png,0,0.8671397416658533,1.8895552915848115
moonlight_greatsword_2_v9.png,0,0.4580635388439229,1.4872635229814153
moonlight_greatsword_2_v10.png,0,1.5829728076393805,1.8725470747400919
moonlight_greatsword_2_v11.png,0,1.1119162654896722,1.38865572049344
moonlight_greatsword_2_v12.png,0,-0.563462238519318,1.5006808271983987
moonlight_greatsword_2_v13.png,0,-0.8540762871964436,1.675115815395207
moonlight_greatsword_2_v14.png,0,-1.7154070979884537,1.8402121195497965
moonlight_greatsword_2_v15.png,1,-1.7273905677222627,1.8333481595331649
moonlight_greatsword_2_v16.png,0,2.693569851331708,1.9153123268607415
moonlight_greatsword_2_v17.png,0,1.2435993734897086,1.7740496705817266
moonlight_greatsword_2_v18.png,1,2.223733696166632,1.866359487412073
moonlight_greatsword_2_v19.png,0,-0.7447227885414747,1.431935884253783
moonlight_greatsword_3_v0.png,0,2.2161294311693704,1.564852673804289
moonlight_greatsword_3_v1.png,0,-0.3517404598788816,1.674797036109599
moonlight_greatsword_3_v2.png,0,0.3385748360618397,1.9930892891845182
moonlight_greatsword_3_v3.png,0,-1.2348572543910104,1.4067090451681354
moonlight_greatsword_3_v4.png,1,2.3066773817466615,1.6683645606413855
moonlight_greatsword_3_v5.png,1,-2.223258786415803,1.8237979055478284
moonlight_greatsword_3_v6.png,1,-0.018650813509655695,1.4185663591706807
moonlight_greatsword_3_v7.png,0,2.9326694842897547,1.6225854405026898
moonlight_greatsword_3_v8.png,0,-3.048826497919577,1.5441912764133576
moonlight_greatsword_3_v9.png,1,1.1453075384443545,1.6115554799516485
moonlight_greatsword_3_v10.png,0,-1.5378436131531066,1.5647641754237052
moonlight_greatsword_3_v11.png,0,1.593361890941647,1.7179893117613858
moonlight_greatsword_3_v12.png,0,-0.14511361240323328,1.7619289749447262
moonlight_greatsword_3_v13.png,0,0.46990983056110913,1.6329521838961236
moonlight_greatsword_3_v14.png,1,-2.3410221338110153,1.743023140626726
moonlight_greatsword_3_v15.png,0,-2.0118289057181915,1.5846204857635982
moonlight_greatsword_3_v16.png,1,0.8567232016244082,1.7287614736481056
moonlight_greatsword_3_v17.png,0,-2.833130967031051,1.6579236660197223
moonlight_greatsword_3_v18.png,0,1.0435209943369788,1.5801086001917322
moonlight_greatsword_3_v19.png,0,1.6268430140859855,1.4016611894681754
moonlight_greatsword_4_v0.png,1,-2.9377460340708654,1.6703585500971039
moonlight_greatsword_4_v1.png,1,-1.9797919081106787,1.851967579167375
moonlight_greatsword_4_v2.png,1,-0.3119380896787014,1.5451844874305636
moonlight_greatsword_4_v3.png,0,1.9200042276370635,1.45362257373718
moonlight_greatsword_4_v4.png,0,-0.6913948239066365,1.5214817001624636
moonlight_greatsword_4_v5.png,1,-0.975875606597886,1.434928066618101
moonlight_greatsword_4_v6.png,0,1.6919906080306923,1.4256930222368733
moonlight_greatsword_4_v7.png,1,1.7268998505279716,1.3924114560027494
moonlight_greatsword_4_v8.png,0,1.8061005902750846,1.3525884206986496
moonlight_greatsword_4_v9.png,1,2.2643123207459763,1.751762154495332
moonlight_greatsword_4_v10.png,0,0.5054731863511408,1.4002539111651153
moonlight_greatsword_4_v11.png,0,0.8555481750316638,1.6429980971917102
moonlight_greatsword_4_v12.png,1,-0.006208004357945995,1.3631785963085554
moonlight_greatsword_4_v13.png,1,0.2874865905526267,1.7952290412751721
moonlight_greatsword_4_v14.png,0,2.387684678102465,1.4544507566307097
moonlight_greatsword_4_v15.png,1,-1.9063753006569604,1.3046949753568888
moonlight_greatsword_4_v16.png,1,3.1356041789674167,1.730742671415113
moonlight_greatsword_4_v17.png,0,-2.3169331696468065,1.3428240047678779
moonlight_greatsword_4_v18.png,0,-2.932554229328277,1.378223381694343
moonlight_greatsword_4_v19.png,1,-0.11429559809255174,1.72478176738381
morningstar_0_v0.png,1,-0.5288508015408467,1.3913425469910945
morningstar_0_v1.png,0,0.555793279599134,1.4149482495460342
morningstar_0_v2.png,0,-2.288541985555426,1.8239984406711018
morningstar_0_v3.png,0,0.3972415538096721,1.900476522179069
morningstar_0_v4.png,1,1.9539404575614034,1.8995480398989595
morningstar_0_v5.png,1,-2.6098585531068887,1.4635400484513341
morningstar_0_v6.png,0,-2.2183341135699957,1.585646137258194
morningstar_0_v7.png,0,2.6833516102331565,1.5281795242630805
morningstar_0_v8.png,0,3.0528545503259368,1.7443107053719944
morningstar_0_v9.png,0,0.9442510011072005,1.4664154857629443
morningstar_0_v10.png,1,-0.41540797766196474,1.4184612697629377
morningstar_0_v11.png,1,-2.734388070695754,1.7454461315211396
morningstar_0_v12.png,1,3.0882844795515387,1.594708273248296
morningstar_0_v13.png,0,-1.873886806998938,1.634512622732589
morningstar_0_v14.png,0,-1.5145863801614352,1.547189448336997
morningstar_0_v15.png,0,-1.6860118098591208,1.796583602034745
morningstar_0_v16.png,0,-0.13762221706147926,1.8473079963623968
morningstar_0_v17.png,0,-2.4365815389254855,1.875379484567265
morningstar_0_v18.png,1,-1.0626991595482789,1.502551851285689
morningstar_0_v19.png,0,2.2616102906262414,1.3570954493245548
morningstar_1_v0.png,1,-1.8074036599192809,1.3638030814379296
morningstar_1_v1.png,1,0.2646619224237098,1.7392266783828199
morningstar_1_v2.png,0,-1.5834173449094349,1.3380811033852436
morningstar_1_v3.png,1,2.6141486291156184,1.4549228300025372
morningstar_1_v4.png,1,1.7136800756024968,1.69154836086415
morningstar_1_v5.png,0,-2.292454592576614,1.2857291324117814
morningstar_1_v6.png,1,-1.7850856810542264,1.2673776615975023
morningstar_1_v7.png,0,1.9734201570186585,1.3471589634399779
morningstar_1_v8.png,0,2.0708504098009017,1.3007556789462338
morningstar_1_v9.png,1,-2.660305650480404,1.28016892590729
morningstar_1_v10.png,1,-2.2245853324675906,1.3104600041736794
morningstar_1_v11.png,1,0.254096062625339,1.3859308051892898
morningstar_1_v12.png,0,-1.5823428943853206,1.372404425749121
morningstar_1_v13.png,0,2.893000737440848,1.6092587977389354
morningstar_1_v14.png,1,-1.0622520385342267,1.6720864235206887
morningstar_1_v15.png,1,-3.0617195439091125,1.3497526879435409
morningstar_1_v16.png,1,0.26832329579784153,1.6807943696260987
morningstar_1_v17.png,1,-1.5271785190659055,1.290969444717008
morningstar_1_v18.png,0,0.5616429013020986,1.6553103279280457
morningstar_1_v19.png,1,-0.051488325313586714,1.472954364704765
morningstar_2_v0.png,1,-2.317445675511857,1.620802975092985
morningstar_2_v1.png,0,-0.7541055816217295,1.386867517465912
morningstar_2_v2.png,0,-0.9530888886519924,1.6247494041084773
morningstar_2_v3.png,0,1.8766528035595582,1.57057822915378
morningstar_2_v4.png,1,2.6461830017817833,1.3050996175093856
morningstar_2_v5.png,0,3.134192128661417,1.8046854602128328
morningstar_2_v6.png,0,-1.6450807230733908,1.6389647093086515
morningstar_2_v7.png,0,-0.7038024902185374,1.3250576465646458
morningstar_2_v8.png,0,-2.5504633444805496,1.3451934381674946
morningstar_2_v9.png,0,-1.6709560519919933,1.8069510036851277
morningstar_2_v10.png,0,0.5437184059526559,1.7685362371750588
morningstar_2_v11.png,0,-1.6927758805426443,1.581160516742107
morningstar_2_v12.png,1,-0.4556580673404742,1.4677859807939988
morningstar_2_v13.png,1,1.5425403056303961,1.4894220676578145
morningstar_2_v14.png,1,-0.10427056181855987,1.408752512746435
morningstar_2_v15.png,1,-0.6209799262570058,1.6506538576988146
morningstar_2_v16.png,1,-2.496248272463382,1.7279122391039041
morningstar_2_v17.png,1,0.6196657723057326,1.6632318001243511
morningstar_2_v18.png,0,1.9567520726822638,1.7681062110786265
morningstar_2_v19.png,0,1.7213020045467144,1.8036150839108107
morningstar_3_v0.png,1,1.1017114190766704,1.6000058096568768
morningstar_3_v1.png,1,1.279605585900754,1.732432147066826
morningstar_3_v2.png,1,-0.5431254521233664,1.5992162677510748
morningstar_3_v3.png,1,-1.0771737939291486,1.3460454351494586
morningstar_3_v4.png,1,2.345752154068088,1.546902491665263
morningstar_3_v5.png,1,-1.3619213967181343,1.8446650849020783
morningstar_3_v6.png,1,2.790531814036177,1.7497816192995443
morningstar_3_v7.png,1,-2.616388189214356,1.3261194933337026
morningstar_3_v8.png,1,-0.04095612630604473,1.5054183379925226
morningstar_3_v9.png,0,-2.280910254391607,1.7453701182259742
morningstar_3_v10.png,0,0.050366102937914214,1.823685923113541
morningstar_3_v11.png,1,2.325678160450553,1.6636602189625649
morningstar_3_v12.png,1,2.2796691565507876,1.652134579039609
morningstar_3_v13.png,1,1.9554928498741122,1.3438639599337647
morningstar_3_v14.png,0,1.5006171542447955,1.3091723827587658
morningstar_3_v15.png,1,-2.9779061385950865,1.8569234576967766
morningstar_3_v16.png,0,0.9625908071233935,1.7249900145600439
morningstar_3_v17.png,1,-2.84671188774778,1.6082673570917463
morningstar_3_v18.png,1,1.0054017960553387,1.6131246651744116
morningstar_3_v19.png,0,-0.6124325791208902,1.5050490315814993
morningstar_4_v0.png,1,0.547467160851572,1.7246042743181784
morningstar_4_v1.png,0,0.1842747455612993,1.8200409061898277
morningstar_4_v2.png,0,-0.6724139626022183,1.5115586966076673
morningstar_4_v3.png,1,2.386122205452624,1.3751601474602269
morningstar_4_v4.png,0,2.210525383825714,1.725234794801533
morningstar_4_v5.png,1,1.5786642753559843,1.381144620461912
morningstar_4_v6.png,1,1.974670315209931,1.85322264492247
morningstar_4_v7.png,0,-2.047496693549305,1.7270136299419334
morningstar_4_v8.png,1,2.790518410189768,1.3921103774263102
morningstar_4_v9.png,1,-1.141955716045765,1.8139303464240089
morningstar_4_v10.png,0,0.5470946632918641,1.8941217957639223
morningstar_4_v11.png,0,1.3136304589043306,1.6142311206790898
morningstar_4_v12.png,0,1.795032462293402,1.8988337356802498
morningstar_4_v13.png,1,0.37272240622545905,1.534506495451015
morningstar_4_v14.png,1,-2.989709715676933,1.421110012007766
morningstar_4_v15.png,1,-1.744200161106223,1.7424440936174397
morningstar_4_v16.png,0,0.6224493848069106,1.4125991220905592
morningstar_4_v17.png,0,-0.6348551296821167,1.4807827595698466
morningstar_4_v18.png,0,-0.17153920427600744,1.364522564884211
morningstar_4_v19.png,1,-0.9119424658040833,1.4566222429844946
naginata_0_v0.png,1,-0.8528272248247455,1.6044517189262062
naginata_0_v1.png,0,-0.9619290401338514,1.3956052017535077
naginata_0_v2.png,0,3.097094841005247,1.6544554656447792
naginata_0_v3.png,1,-2.9884559622367997,1.6723995913999863
naginata_0_v4.png,0,-0.9708285859767574,1.7847345153923113
naginata_0_v5.png,1,-3.1414949162400525,1.6307568318071035
naginata_0_v6.png,0,-1.0261900316295467,1.5605175362087835
naginata_0_v7.png,0,0.4726825251051663,1.4423695772708909
naginata_0_v8.png,1,0.7587961652644122,1.6198492436548437
naginata_0_v9.png,0,-0.012242681677289369,1.3527662869823314
naginata_0_v10.png,1,1.6378240280492147,1.5801055921113663
naginata_0_v11.png,1,-0.4336124002747148,1.5877204243602985
naginata_0_v12.png,0,-0.33016458049918374,1.6077544041113725
naginata_0_v13.png,1,-2.9947544385057556,1.6575211527628715
naginata_0_v14.png,1,0.8034775353296943,1.5457903650973988
naginata_0_v15.png,0,3.0424459555220134,1.3229729197692481
naginata_0_v16.png,1,0.24427451682200818,1.743122638163578
naginata_0_v17.png,1,-0.07608882488492696,1.3836781241638674
naginata_0_v18.png,0,2.434582776901256,1.767297104719743
naginata_0_v19.png,1,2.054411438289394,1.5951785552202993
naginata_1_v0.png,1,-1.8138243698898442,1.201960007496261
naginata_1_v1.png,0,-2.8014961617254497,1.1153469250701158
naginata_1_v2.png,1,0.29677042091128314,1.2586340015264348
naginata_1_v3.png,1,-1.625098641719498,1.209945925832132
naginata_1_v4.png,0,-0.26700187856744684,1.4745663577475692
naginata_1_v5.png,1,-1.2605860618816425,1.2831112392117874
naginata_1_v6.png,1,0.1141254949016215,1.100284392142478
naginata_1_v7.png,1,2.1317309230590347,1.0665035842843542
naginata_1_v8.png,1,-2.469110006164571,1.2372145539107318
naginata_1_v9.png,1,2.998652520911545,1.4587109851044546
naginata_1_v10.png,1,2.7831131439014114,1.1305420929257182
naginata_1_v11.png,0,2.9403143633769573,1.4644085371525262
naginata_1_v12.png,1,-0.7547403956857441,1.4113153716794355
naginata_1_v13.png,1,-2.7469111164078823,1.1491131688760632
naginata_1_v14.png,0,2.81866961447768,1.0791898604541326
naginata_1_v15.png,0,0.6801417656017934,1.0802507843702478
naginata_1_v16.png,0,0.9678930549986031,1.406385038512324
naginata_1_v17.png,0,2.7562567845244534,1.3018738130147307
naginata_1_v18.png,1,-0.6891248334684352,1.4226320769297256
naginata_1_v19.png,1,-1.533619990500293,1.1638783743559364
naginata_2_v0.png,0,-1.6972417117536653,1.403141119647668
naginata_2_v1.png,1,-2.2174097244689075,1.6611853905672402
naginata_2_v2.png,0,-1.1198551533555374,1.3975173976324216
naginata_2_v3.png,1,0.18982756975379922,1.3875107988429818
naginata_2_v4.png,0,2.7480558730981755,1.8466256806888912
naginata_2_v5.png,0,-0.09777040719361263,1.7277214787588255
naginata_2_v6.png,0,2.7632447250854506,1.760458343076931
naginata_2_v7.png,0,-2.4004977965224334,1.5792674220078369
naginata_2_v8.png,0,-1.596912701037589,1.5385701880602844
naginata_2_v9.png,1,3.0072025853514135,1.4551776041027684
naginata_2_v10.png,1,0.6097136321435476,1.4143224626123703
naginata_2_v11.png,0,-2.243688172277988,1.793805257785753
naginata_2_v12.png,0,1.4684125945259332,1.5629677043421042
naginata_2_v13.png,1,1.9277462019250122,1.4787229833997573
naginata_2_v14.png,0,1.074379907545965,1.5108234053926266
naginata_2_v15.png,0,1.477872386006747,1.4497830605662383
naginata_2_v16.png,1,-1.6074349975799997,1.8023781798676182
naginata_2_v17.png,0,0.25511835030916563,1.3697134888898452
naginata_2_v18.png,1,2.2458198769471767,1.415163431629779
naginata_2_v19.png,1,-1.9607184601149408,1.4208991622434903
naginata_3_v0.png,0,2.4253847880387647,1.5611401740736155
naginata_3_v1.png,1,0.06596785627185664,1.474921669916113
naginata_3_v2.png,1,-2.8731751834149315,1.4236163948938896
naginata_3_v3.png,0,2.8373084909271653,1.4245220771007963
naginata_3_v4.png,0,0.07822989796914781,1.6554643447901274
naginata_3_v5.png,0,-0.5783911749149679,1.6279998445205228
naginata_3_v6.png,0,2.1342427855463195,1.5254836560232674
naginata_3_v7.png,1,-0.9886694391105093,1.9797756362277457
naginata_3_v8.png,0,-1.6138920633632488,1.904095571261335
naginata_3_v9.png,1,1.7870040432660228,1.6437464308642633
naginata_3_v10.png,0,2.4801190308044085,1.57697392178873
naginata_3_v11.png,1,1.1382080871266442,1.9395058257126894
naginata_3_v12.png,1,-1.6680443235867806,1.774621737130476
naginata_3_v13.png,1,0.3957146154803567,1.7174244170155228
naginata_3_v14.png,1,1.911805309401053,1.6039432864112413
naginata_3_v15.png,0,-0.6407238641408012,1.5115726903420341
naginata_3_v16.png,1,0.5519002927566165,1.6902172914037707
naginata_3_v17.png,1,0.31110920207901105,1.8252590053691506
naginata_3_v18.png,1,1.7857786322324762,1.8592906464972028
naginata_3_v19.png,0,0.6248724285065587,1.4642655899649673
naginata_4_v0.png,0,-0.05057259507860312,1.705012654298918
naginata_4_v1.png,0,0.11443556727168236,1.4903808744746312
naginata_4_v2.png,0,-2.0732502437750133,1.6740061797123689
naginata_4_v3.png,0,-1.3555368161476093,1.667980902325591
naginata_4_v4.png,1,-1.0647628127095334,1.578065385100773
naginata_4_v5.png,0,-1.7516227552399495,1.7292428816160221
naginata_4_v6.png,1,-0.8813926641631342,1.589799882208152
naginata_4_v7.png,0,1.9034264028967902,1.7353809003651641
naginata_4_v8.png,1,-0.39888052719343126,1.6598627614039905
naginata_4_v9.png,0,-3.100877924054503,1.7425356904646936
naginata_4_v10.png,0,3.08112593670395,2.0675168488448414
naginata_4_v11.png,0,0.48150165793077093,1.5297222120144285
naginata_4_v12.png,1,1.9747712942909939,1.7047892210590685
naginata_4_v13.png,1,-2.590365487784787,1.6954113240689426
naginata_4_v14.png,1,-0.43474272549644066,1.9296471500852919
naginata_4_v15.png,1,-1.015021297038567,1.4798818956944848
naginata_4_v16.png,0,-2.3576239039423283,1.6077866159516667
naginata_4_v17.png,0,-1.1571249120869727,1.885252374832766
naginata_4_v18.png,0,0.34558395470108927,1.8755127398262446
naginata_4_v19.png,1,0.24628720388115255,2.0154849585729444
nebula_pickaxe_0_v0.png,1,-1.8599498896549886,1.435598775011907
nebula_pickaxe_0_v1.png,0,-1.4095222757071069,1.5434986945781664
nebula_pickaxe_0_v2.png,1,0.930027024009424,1.4226523487322937
nebula_pickaxe_0_v3.png,1,2.0077788749210996,1.6905201945385655
nebula_pickaxe_0_v4.png,1,0.14751103367998397,1.4676884853721488
nebula_pickaxe_0_v5.png,0,-2.110130320787596,1.6398458899347241
nebula_pickaxe_0_v6.png,1,-2.7495337291763544,1.6991572933700825
nebula_pickaxe_0_v7.png,1,-0.8314680927668212,1.3491410111616198
nebula_pickaxe_0_v8.png,0,-1.447459691488654,1.6319836708025286
nebula_pickaxe_0_v9.png,1,0.3567522833591238,1.5421025306275102
nebula_pickaxe_0_v10.png,1,0.8483215630121076,1.7013772172785047
nebula_pickaxe_0_v11.png,0,-0.6784109747947186,1.6990289191145138
nebula_pickaxe_0_v12.png,1,-2.562413830087104,1.7017038538823515
nebula_pickaxe_0_v13.png,0,0.4985904568281275,1.3745262231609943
nebula_pickaxe_0_v14.png,1,2.949641075035624,1.4199403582697268
nebula_pickaxe_0_v15.png,1,2.8348121613733466,1.2705820074980936
nebula_pickaxe_0_v16.png,0,2.4899440218460107,1.771325389441371
nebula_pickaxe_0_v17.png,0,0.514299147543193,1.6485446041862442
nebula_pickaxe_0_v18.png,0,0.1137785945012012,1.4955405201724252
nebula_pickaxe_0_v19.png,1,2.985388833815697,1.3810678786544826
nebula_pickaxe_1_v0.png,0,1.1571787122440245,1.4581179363256997
nebula_pickaxe_1_v1.png,1,1.0118519428892447,1.356458580578131
nebula_pickaxe_1_v2.png,1,-1.3886441862613106,1.1697286030070906
nebula_pickaxe_1_v3.png,1,2.9836966904279603,1.2022513601132097
nebula_pickaxe_1_v4.png,0,-3.0583409952353353,1.391756785145363
nebula_pickaxe_1_v5.png,0,-1.0398598335118272,1.3410588244310244
nebula_pickaxe_1_v6.png,0,-0.964058048238077,1.1142545357790656
nebula_pickaxe_1_v7.png,1,-2.871036959175936,1.3005638282588448
nebula_pickaxe_1_v8.png,0,-2.5509072969141577,1.3047776564018088
nebula_pickaxe_1_v9.png,0,1.2785014137337225,1.2887673806212532
nebula_pickaxe_1_v10.png,0,1.2580357059485905,1.1165648451907166
nebula_pickaxe_1_v11.png,0,-2.4957027643078993,1.238663925678722
nebula_pickaxe_1_v12.png,0,2.9496521579107418,1.4559127605001871
nebula_pickaxe_1_v13.png,0,-2.3422722971414016,1.3893573345497716
nebula_pickaxe_1_v14.png,0,2.642644269668338,1.3119191998488478
nebula_pickaxe_1_v15.png,1,2.0907381254570767,1.480589505023451
nebula_pickaxe_1_v16.png,1,1.051826952085113,1.100798776996076
nebula_pickaxe_1_v17.png,1,0.9124206211790615,1.2027079915482086
nebula_pickaxe_1_v18.png,0,-2.5098435970827824,1.53815242652361
nebula_pickaxe_1_v19.png,1,-3.009469756594579,1.4731377638953949
nebula_pickaxe_2_v0.png,0,-2.7666980262548417,1.0380019037603376
nebula_pickaxe_2_v1.png,0,-1.1525306845397452,1.3269410411746214
nebula_pickaxe_2_v2.png,1,-2.6722167091641316,1.1005564254557185
nebula_pickaxe_2_v3.png,0,-1.6244903148353118,1.2876707744304494
nebula_pickaxe_2_v4.png,1,-0.36611141691680577,1.3312183237844202
nebula_pickaxe_2_v5.png,1,0.1826568368625487,1.2517646472227582
nebula_pickaxe_2_v6.png,1,2.7314567718411227,1.4192795139834316
nebula_pickaxe_2_v7.png,1,2.0505553487624115,1.3163832224566079
nebula_pickaxe_2_v8.png,0,2.4065356509825704,1.050415349873296
nebula_pickaxe_2_v9.png,1,-2.902780637316928,1.0155398968026812
nebula_pickaxe_2_v10.png,1,2.4735985148483257,1.1681698721810119
nebula_pickaxe_2_v11.png,0,0.02944039035862185,1.0219457769873757
nebula_pickaxe_2_v12.png,0,0.9960870125504045,1.3347941429940724
nebula_pickaxe_2_v13.png,1,0.9538497129944808,1.0859951464594935
nebula_pickaxe_2_v14.png,1,-1.2827018316488934,1.033845675514669
nebula_pickaxe_2_v15.png,0,0.4642578076207152,1.0924168599928992
nebula_pickaxe_2_v16.png,0,-0.2679117081375331,1.0377658782149621
nebula_pickaxe_2_v17.png,1,-2.749238752871841,1.2069358178867755
nebula_pickaxe_2_v18.png,1,1.0424233411288606,1.088559120733081
nebula_pickaxe_2_v19.png,1,2.9313450000693404,1.1166984353853093
nebula_pickaxe_3_v0.png,0,-0.8205623075117622,1.8142843419001125
nebula_pickaxe_3_v1.png,0,-2.4065421297265415,1.6969743890896152
nebula_pickaxe_3_v2.png,1,0.9996292218524478,1.779865609632695
nebula_pickaxe_3_v3.png,1,1.2005606779375004,1.633312086789725
nebula_pickaxe_3_v4.png,0,-1.039461580013789,1.8864502029732158
nebula_pickaxe_3_v5.png,1,-0.9929322059755465,1.7489376297149002
nebula_pickaxe_3_v6.png,0,1.0640946550598405,1.915583070580391
nebula_pickaxe_3_v7.png,1,-0.2645134332586915,1.9688321321003035
nebula_pickaxe_3_v8.png,1,0.9815370202822786,1.6399705149432489
nebula_pickaxe_3_v9.png,1,-1.9597887452773362,1.7744502632602734
nebula_pickaxe_3_v10.png,0,1.1714316915600795,1.7103209525821879
nebula_pickaxe_3_v11.png,1,-2.7998257988977606,1.6768130774564782
nebula_pickaxe_3_v12.png,0,-1.8951373504339089,1.707987061489298
nebula_pickaxe_3_v13.png,1,-2.071802275630488,1.4223434454333057
nebula_pickaxe_3_v14.png,0,3.067093316436452,1.720847393871282
nebula_pickaxe_3_v15.png,0,-2.850845083863259,1.6245704072695628
nebula_pickaxe_3_v16.png,0,1.025097074641748,1.4487112139599476
nebula_pickaxe_3_v17.png,0,-0.452114459886507,1.7599292680589953
nebula_pickaxe_3_v18.png,1,1.899839921174333,1.4305544301888204
nebula_pickaxe_3_v19.png,0,-1.0795571937584447,1.9298981427924689
nebula_pickaxe_4_v0.png,1,-0.6211073137065134,1.4058701812899514
nebula_pickaxe_4_v1.png,1,-3.0025519054931484,1.6851056577093952
nebula_pickaxe_4_v2.png,1,1.2253657904474669,1.4042398563494907
nebula_pickaxe_4_v3.png,1,1.1510462266991257,1.9059378326662906
nebula_pickaxe_4_v4.png,1,-0.6751704413281919,1.3832286574051258
nebula_pickaxe_4_v5.png,0,0.9135074462215096,1.376589200803932
nebula_pickaxe_4_v6.png,0,-0.7245910060353458,1.4744723767276482
nebula_pickaxe_4_v7.png,1,-1.9564887276054677,1.5565449516077638
nebula_pickaxe_4_v8.png,0,0.1971607389527985,1.9208419423513214
nebula_pickaxe_4_v9.png,1,-0.9047884432372252,1.8306225441155635
nebula_pickaxe_4_v10.png,0,2.0199169022342867,1.6601274107344923
nebula_pickaxe_4_v11.png,0,0.7391774037966274,1.454638854322806
nebula_pickaxe_4_v12.png,1,-3.12869307496059,1.6844922034312546
nebula_pickaxe_4_v13.png,0,-0.585398529299203,1.373415915281018
nebula_pickaxe_4_v14.png,1,0.10300710042163341,1.787089057530896
nebula_pickaxe_4_v15.png,0,-0.6612609932857529,1.9035649367778151
nebula_pickaxe_4_v16.png,1,2.1615615361364693,1.4659603440367759
nebula_pickaxe_4_v17.png,1,2.3440304524554927,1.6940351551839805
nebula_pickaxe_4_v18.png,1,2.002262966100039,1.4426219582233146
nebula_pickaxe_4_v19.png,1,-2.188513738358332,1.6664466283372956
nunchaku_0_v0.png,1,-0.019977780525113897,1.2625471010621159
nunchaku_0_v1.png,0,-1.7564789593103898,1.2329793349386369
nunchaku_0_v2.png,0,0.14626902209285697,1.2107200719385836
nunchaku_0_v3.png,1,0.025018896597098217,1.1517964288588234
nunchaku_0_v4.png,1,-1.8324006264533117,1.3467355707083
nunchaku_0_v5.png,0,2.2969866798268246,1.2200344237453347
nunchaku_0_v6.png,1,2.980276279277794,1.5887389005762318
nunchaku_0_v7.png,0,1.5402800090338178,1.1576731725471192
nunchaku_0_v8.png,1,-2.6201985075187664,1.4160320714370271
nunchaku_0_v9.png,0,-2.202252010369082,1.1600493624818022
nunchaku_0_v10.png,1,1.5802633595215037,1.637457830740067
nunchaku_0_v11.png,0,-1.8597039265396624,1.3718873904802698
nunchaku_0_v12.png,0,-0.31874198473704524,1.3499109911075
nunchaku_0_v13.png,0,0.012989744600388153,1.3958917069413208
nunchaku_0_v14.png,1,-3.1065023071375113,1.5735128946121477
nunchaku_0_v15.png,0,-1.8559154904984037,1.4017422309062073
nunchaku_0_v16.png,1,-0.6064531568547193,1.1613374458823849
nunchaku_0_v17.png,0,2.8513154785738064,1.470178925367887
nunchaku_0_v18.png,0,-2.2464545738244883,1.6240115528190986
nunchaku_0_v19.png,0,1.3325230812574769,1.2564606621899272
nunchaku_1_v0.png,1,3.1090977690302584,1.2356560312902236
nunchaku_1_v1.png,0,-2.736932319619651,1.2973827262969877
nunchaku_1_v2.png,0,-3.0594869998813046,1.3201102172805783
nunchaku_1_v3.png,1,-0.43292468299,1.5024087292808843
nunchaku_1_v4.png,1,-3.072921282593158,1.5964820001181805
nunchaku_1_v5.png,1,2.9867608737297795,1.2761504257803582
nunchaku_1_v6.png,0,-0.1935200176072005,1.323555202807007
nunchaku_1_v7.png,0,0.9623152596605009,1.5597408398139387
nunchaku_1_v8.png,1,0.5660262477617604,1.5227870412765925
nunchaku_1_v9.png,0,1.1725297155263246,1.484028052774733
nunchaku_1_v10.png,0,0.3245822145474113,1.6173941889460866
nunchaku_1_v11.png,0,-1.901739572587795,1.2701225850943525
nunchaku_1_v12.png,0,-2.769610472373585,1.316542960879794
nunchaku_1_v13.png,1,3.1008103054400835,1.507475111317668
nunchaku_1_v14.png,0,2.5263101076346106,1.2461473857377436
nunchaku_1_v15.png,0,1.2915185003675942,1.524341859448493
nunchaku_1_v16.png,1,0.35771330635874143,1.2720097128688685
nunchaku_1_v17.png,0,0.19046099042033138,1.5218911002860465
nunchaku_1_v18.png,0,-2.7384842380101064,1.6210102547672682
nunchaku_1_v19.png,0,1.7322415751792883,1.155816785466781
nunchaku_3_v0.png,1,0.07787118643755475,1.4462116169576793
nunchaku_3_v1.png,0,-1.7000655142801744,1.3894942589051362
nunchaku_3_v2.png,0,-1.229838025837366,1.7270392146275009
nunchaku_3_v3.png,0,0.49084728086778395,1.4612161925007086
nunchaku_3_v4.png,0,0.4275559610978972,1.8349196003932287
nunchaku_3_v5.png,1,3.050881636665647,1.6443944715933807
nunchaku_3_v6.png,0,-2.645768362916279,1.8196359625843068
nunchaku_3_v7.png,1,-1.6355628021723163,1.3947289156046008
nunchaku_3_v8.png,1,1.762679601523757,1.6415399115028226
nunchaku_3_v9.png,0,-2.9128527442233296,1.7802892182620762
nunchaku_3_v10.png,0,0.020650545560469524,1.3249535869763434
nunchaku_3_v11.png,1,0.21048412573188147,1.6287012556609575
nunchaku_3_v12.png,1,2.102362928587649,1.8445074000966273
nunchaku_3_v13.png,1,-2.9311632328937423,1.6155581370406924
nunchaku_3_v14.png,1,-1.443841746832911,1.3807322057978317
nunchaku_3_v15.png,1,2.2890949815595185,1.7357077666160754
nunchaku_3_v16.png,1,1.4344970248861193,1.319937337667041
nunchaku_3_v17.png,0,3.025626108279722,1.7848593809773767
nunchaku_3_v18.png,0,2.5740319919061174,1.8204933258679483
nunchaku_3_v19.png,0,-0.2595189853449633,1.5519577241544125
nunchaku_4_v0.png,1,1.4768676243367582,1.4753393078097188
nunchaku_4_v1.png,0,0.2608973938665655,1.5982872581907925
nunchaku_4_v2.png,0,-0.14325861043580046,1.3703239087380805
nunchaku_4_v3.png,1,-2.9983017477097356,1.4916987482519775
nunchaku_4_v4.png,1,1.9855927734880443,1.735084931279903
nunchaku_4_v5.png,0,3.114249196869792,1.2775541643744805
nunchaku_4_v6.png,0,-1.1904266853835788,1.7156906567027617
nunchaku_4_v7.png,1,1.203818430046096,1.282326418246948
nunchaku_4_v8.png,0,-0.368623993015488,1.6314211130083625
nunchaku_4_v9.png,0,0.6969338081172127,1.7645723838748093
nunchaku_4_v10.png,0,0.07689227711454238,1.3512286995901517
nunchaku_4_v11.png,0,2.8124673603521786,1.678968376200458
nunchaku_4_v12.png,1,2.212319940990093,1.7196775607806565
nunchaku_4_v13.png,1,0.5690867990908681,1.604928261046738
nunchaku_4_v14.png,1,1.1678155194619877,1.464833516668901
nunchaku_4_v15.png,0,2.7280865293235976,1.6480104615393918
nunchaku_4_v16.png,1,2.484022827134785,1.3865933391638705
nunchaku_4_v17.png,0,-0.47374065477465654,1.6636102878014292
nunchaku_4_v18.png,0,-2.598431357851581,1.3287865208183194
nunchaku_4_v19.png,1,1.4955854421529842,1.7582001136115142
obsidian_sickle_0_v0.png,1,-2.7748143712760647,1.5156848817096904
obsidian_sickle_0_v1.png,1,-1.153958258281195,1.8342211558285422
obsidian_sickle_0_v2.png,0,1.3921778160973728,1.4122245841487737
obsidian_sickle_0_v3.png,0,0.472694213974858,1.3983947522481932
obsidian_sickle_0_v4.png,0,0.1359353216452006,1.678756629881075
obsidian_sickle_0_v5.png,0,0.815648982638439,1.4799577286123708
obsidian_sickle_0_v6.png,1,-0.9731176416951914,1.3392539094933844
obsidian_sickle_0_v7.png,1,0.7436367360320564,1.7628524668105954
obsidian_sickle_0_v8.png,0,-0.15440885273104765,1.4658594113116457
obsidian_sickle_0_v9.png,1,1.7545830773222324,1.5721374126029848
obsidian_sickle_0_v10.png,1,-0.1982466924958084,1.6697208892085649
obsidian_sickle_0_v11.png,0,-2.5122165900908424,1.7402161964271206
obsidian_sickle_0_v12.png,0,0.9585347306584573,1.8062411988766784
obsidian_sickle_0_v13.png,0,-2.3419571663732155,1.708510690363658
obsidian_sickle_0_v14.png,1,0.4331255522086881,1.3473651977112249
obsidian_sickle_0_v15.png,1,-2.298141942101739,1.3602304611521845
obsidian_sickle_0_v16.png,1,-0.20328773624990726,1.782865024351723
obsidian_sickle_0_v17.png,0,0.16258587867585472,1.367564275463261
obsidian_sickle_0_v18.png,1,-0.9616462603308893,1.4623770761483414
obsidian_sickle_0_v19.png,0,0.5653771464194373,1.447556462116957
obsidian_sickle_1_v0.png,1,2.2017809494813876,1.5969218469408748
obsidian_sickle_1_v1.png,1,-1.0119944964600216,1.5564904129678567
obsidian_sickle_1_v2.png,1,-0.6793437299882897,1.7342507235291191
obsidian_sickle_1_v3.png,0,2.6016511811801495,1.6844600182504366
obsidian_sickle_1_v4.png,1,-0.45819874288072365,1.6354346035428664
obsidian_sickle_1_v5.png,1,-1.2389770797122939,1.807453182457219
obsidian_sickle_1_v6.png,1,-0.6709133425601916,1.616109272143822
obsidian_sickle_1_v7.png,0,-0.9788309708756897,1.4415911239462589
obsidian_sickle_1_v8.png,0,1.3030037833076866,1.4800594811964225
obsidian_sickle_1_v9.png,1,-2.4163469349543396,1.5117147287709904
obsidian_sickle_1_v10.png,0,-0.09978284781361846,1.7227957890569874
obsidian_sickle_1_v11.png,1,-1.6589248570084905,1.3823592011967858
obsidian_sickle_1_v12.png,0,-0.9224141095352997,1.5653082993721381
obsidian_sickle_1_v13.png,0,0.9597082195214354,1.7278152512099159
obsidian_sickle_1_v14.png,0,-2.922219454831198,1.5732088002018265
obsidian_sickle_1_v15.png,1,-2.0899713842044525,1.7621625772748033
obsidian_sickle_1_v16.png,1,1.0769787073537822,1.5601968832258175
obsidian_sickle_1_v17.png,0,-0.13100667225242135,1.7352950792536763
obsidian_sickle_1_v18.png,1,1.3528525136122687,1.8285241661635305
obsidian_sickle_1_v19.png,0,1.9717990370411829,1.8118184230522467
obsidian_sickle_2_v0.png,1,-1.625095934066299,1.8381623454957106
obsidian_sickle_2_v1.png,1,-1.236345716668648,1.424374111817126
obsidian_sickle_2_v2.png,0,1.9283143755251424,1.6118364095444575
obsidian_sickle_2_v3.png,1,-2.3817558199459032,1.9063106434303607
obsidian_sickle_2_v4.png,0,-1.4141342440522924,1.7924799315069537
obsidian_sickle_2_v5.png,0,0.9121340904613545,1.8744300037750323
obsidian_sickle_2_v6.png,1,-1.8083702258800276,1.5431307862244545
obsidian_sickle_2_v7.png,0,-2.2009782902140897,1.8691980823301628
obsidian_sickle_2_v8.png,1,2.3065243695754063,1.6734173224257667
obsidian_sickle_2_v9.png,1,-2.0366528440433265,1.6707190538661716
obsidian_sickle_2_v10.png,0,-1.1201864677818487,1.7266270516448294
obsidian_sickle_2_v11.png,1,-1.483784165859913,1.684595290960954
obsidian_sickle_2_v12.png,0,-1.7488216311400095,1.6269552872506323
obsidian_sickle_2_v13.png,0,1.5136065408000543,1.6563622277874668
obsidian_sickle_2_v14.png,0,1.5865047546798539,1.6028066127061988
obsidian_sickle_2_v15.png,0,0.2510113480286166,1.8271975173238482
obsidian_sickle_2_v16.png,0,2.0238633118402554,1.6878684760505716
obsidian_sickle_2_v17.png,0,0.5991248343490206,1.6125850746112251
obsidian_sickle_2_v18.png,1,-0.8085079134216379,1.43964812283672
obsidian_sickle_2_v19.png,1,-1.4938990039252147,1.6668585285169186
obsidian_sickle_4_v0.png,1,-0.8794397560724879,1.3839619741869624
obsidian_sickle_4_v1.png,1,0.5444333695759097,1.1805996413474469
obsidian_sickle_4_v2.png,1,-2.152699857276763,1.3603993471857514
obsidian_sickle_4_v3.png,0,-1.9632435923149152,1.4920971266437133
obsidian_sickle_4_v4.png,1,0.9201313082798431,1.3592590883812952
obsidian_sickle_4_v5.png,0,-3.0889441797211385,1.5777489703169048
obsidian_sickle_4_v6.png,1,1.1580669695842505,1.2925076463067136
obsidian_sickle_4_v7.png,0,1.271371264710678,1.4581122262256763
obsidian_sickle_4_v8.png,1,0.035423743268209296,1.2736786858773663
obsidian_sickle_4_v9.png,0,-2.2431774749946682,1.4050670158454668
obsidian_sickle_4_v10.png,1,2.7680674545208994,1.2426794256777494
obsidian_sickle_4_v11.png,1,1.2393168707624813,1.2643814645762141
obsidian_sickle_4_v12.png,1,-0.3548728705387431,1.4022044016910251
obsidian_sickle_4_v13.png,1,-1.7439765854470477,1.1516774863088772
obsidian_sickle_4_v14.png,0,-3.042655866858367,1.2205431096276835
obsidian_sickle_4_v15.png,1,-1.5684600251015999,1.2391097123794452
obsidian_sickle_4_v16.png,1,2.319602733419704,1.5177943047932205
obsidian_sickle_4_v17.png,1,0.8473180116843758,1.6333330882070938
obsidian_sickle_4_v18.png,1,-2.8394146491785737,1.3816871781051627
obsidian_sickle_4_v19.png,1,-0.2642034062035821,1.6208639171792056
omni_blade_0_v0.png,0,1.7275748866831773,1.4352498926733916
omni_blade_0_v1.png,0,0.965145861867839,1.3566468231485704
omni_blade_0_v2.png,1,1.7839873140451905,1.246408560723019
omni_blade_0_v3.png,1,-0.9008190528829121,1.3107408017834996
omni_blade_0_v4.png,0,-2.9270593609879993,1.4866114301613769
omni_blade_0_v5.png,0,-1.6154497904836276,1.152306786106998
omni_blade_0_v6.png,1,-1.0952621166469974,1.3352991722922822
omni_blade_0_v7.png,1,2.9449406208678535,1.297650584768084
omni_blade_0_v8.png,0,-1.368553846703415,1.1067692391681934
omni_blade_0_v9.png,0,2.8124143465447844,1.1946937996117795
omni_blade_0_v10.png,1,-1.0995468029177586,1.0792399516846374
omni_blade_0_v11.png,0,2.6253414291826402,1.41124967088449
omni_blade_0_v12.png,0,-1.8009473572990558,1.0957706139912617
omni_blade_0_v13.png,0,1.4296380661320622,1.3276823638623152
omni_blade_0_v14.png,1,-2.907908728340494,1.365943422249235
omni_blade_0_v15.png,1,1.3951737694962132,1.0794173017501376
omni_blade_0_v16.png,1,1.1464584126039155,1.0872838857405227
omni_blade_0_v17.png,1,1.052284933361065,1.188861173618812
omni_blade_0_v18.png,0,0.2644789151886089,1.2826624547439058
omni_blade_0_v19.png,0,-0.7909425278739848,1.4257444352668787
omni_blade_1_v0.png,0,-2.4075824235156387,1.5211981263145042
omni_blade_1_v1.png,1,1.9228571977943991,1.9849685992454547
omni_blade_1_v2.png,0,3.017140689353883,1.9555448642121898
omni_blade_1_v3.png,0,0.5853355114209506,1.4417696621363019
omni_blade_1_v4.png,1,-1.763024087502175,1.569103341552232
omni_blade_1_v5.png,0,-0.30583885590369864,1.5473337938335765
omni_blade_1_v6.png,0,-1.165881628825725,1.5250350452328627
omni_blade_1_v7.png,1,0.8584427008155595,1.885233018781647
omni_blade_1_v8.png,0,-0.8537750853497399,1.894533493186762
omni_blade_1_v9.png,0,0.9527149028964264,1.5532238688512705
omni_blade_1_v10.png,0,-2.1776589486243907,1.464116969941018
omni_blade_1_v11.png,1,0.4999318209280226,1.663829450836041
omni_blade_1_v12.png,0,2.9818930541316027,1.9417232216848157
omni_blade_1_v13.png,1,1.5835813447624743,1.8358313956294765
omni_blade_1_v14.png,1,-2.538050935116629,1.900689530100755
omni_blade_1_v15.png,1,1.3911535194522981,1.4522443192244454
omni_blade_1_v16.png,0,3.0843689034056747,1.514673287413186
omni_blade_1_v17.png,1,2.4978573296224855,1.5763081470481797
omni_blade_1_v18.png,0,-0.9420487028423219,1.944139071314664
omni_blade_1_v19.png,1,-0.8737049854792662,1.643018239708949
omni_blade_2_v0.png,1,1.4772976608190351,1.7818430495043864
omni_blade_2_v1.png,0,-0.03569197287825432,1.543616255576162
omni_blade_2_v2.png,0,-3.0459125452852156,1.6798957160680716
omni_blade_2_v3.png,1,2.2735879199717095,1.5059267590957945
omni_blade_2_v4.png,0,-1.0905061167027377,1.4635402504883124
omni_blade_2_v5.png,1,-1.380720026214016,1.5062991259898464
omni_blade_2_v6.png,0,0.5407876514099037,1.9273964233683165
omni_blade_2_v7.png,1,-2.954872658947286,1.9560086485163046
omni_blade_2_v8.png,1,0.9462867678796902,1.7432751477535313
omni_blade_2_v9.png,1,2.3254815429057376,1.6154970209106776
omni_blade_2_v10.png,0,1.9351156540796177,1.82109232347159
omni_blade_2_v11.png,0,-1.2456835809706965,1.935134242631552
omni_blade_2_v12.png,0,1.9603007677171682,1.9001947860293547
omni_blade_2_v13.png,0,1.8282426766769637,1.6848538003941664
omni_blade_2_v14.png,1,2.173171208895279,1.7860807672818655
omni_blade_2_v15.png,1,2.8308615106999166,1.659991011641956
omni_blade_2_v16.png,1,2.5116328919392563,1.4793587221495923
omni_blade_2_v17.png,0,-2.7153474131116524,1.5581203663198055
omni_blade_2_v18.png,1,-3.068094066687434,1.979793918548021
omni_blade_2_v19.png,0,-2.0715861989196687,1.4764985027687245
omni_blade_3_v0.png,0,-0.206890591767936,2.0528158423822584
omni_blade_3_v1.png,1,2.576665274629566,1.710098394011461
omni_blade_3_v2.png,1,2.2283455810803123,1.7078084184908697
omni_blade_3_v3.png,1,1.8961858747487348,1.9116536396934969
omni_blade_3_v4.png,0,-2.554943243690615,1.7643021893080475
omni_blade_3_v5.png,1,1.0315099450583112,1.8919552755061557
omni_blade_3_v6.png,1,-1.1896999150299852,1.6541594093179304
omni_blade_3_v7.png,1,2.534244159245966,1.6662949823157776
omni_blade_3_v8.png,0,2.411265533151985,1.7745475343554302
omni_blade_3_v9.png,1,-0.9103972803964897,2.0935093726873264
omni_blade_3_v10.png,1,0.7509917967277853,1.7818638573452676
omni_blade_3_v11.png,0,1.9232000348448444,1.8400252814283546
omni_blade_3_v12.png,1,1.2228950111126577,1.7511894696518038
omni_blade_3_v13.png,0,1.003133821277187,1.5572398421079654
omni_blade_3_v14.png,0,-0.41448205574763675,1.5971793336666733
omni_blade_3_v15.png,1,1.1109599318228796,1.5210546310736806
omni_blade_3_v16.png,1,-1.191398514752911,1.6256814425745378
omni_blade_3_v17.png,0,2.9529448122422832,2.1091761269431775
omni_blade_3_v18.png,0,-2.6170914554655775,1.8873798739867402
omni_blade_3_v19.png,0,-2.759145404111395,1.8246763252357427
omni_blade_4_v0.png,1,0.4096742429610849,1.766851269644612
omni_blade_4_v1.png,0,2.9070908489785823,1.9902493091416094
omni_blade_4_v2.png,1,-1.4833405154634587,1.9011747914441701
omni_blade_4_v3.png,0,2.8720260937955384,1.7493342429935572
omni_blade_4_v4.png,1,-0.10500851836500669,1.54648673825186
omni_blade_4_v5.png,0,-0.3893228939382225,1.859313429514077
omni_blade_4_v6.png,1,2.8600755819611745,1.5892379124268698
omni_blade_4_v7.png,0,-1.611452738313,1.7853823237965845
omni_blade_4_v8.png,0,0.6036960969863208,1.4896241729628097
omni_blade_4_v9.png,1,-0.49538289060342366,2.069579571859868
omni_blade_4_v10.png,0,-0.008302427787224786,1.7717098923091927
omni_blade_4_v11.png,1,2.6327149216913854,1.9678287746821317
omni_blade_4_v12.png,1,2.169974171313812,1.887162059580704
omni_blade_4_v13.png,1,-1.4882486485344266,1.604865746986722
omni_blade_4_v14.png,0,2.094981702745672,1.8822605824742926
omni_blade_4_v15.png,1,0.6339276636202897,1.601663596754024
omni_blade_4_v16.png,0,-0.695787196799508,1.4802393412393025
omni_blade_4_v17.png,0,2.6416405261386737,1.4705316300737767
omni_blade_4_v18.png,1,2.8907702283176953,1.729926601733253
omni_blade_4_v19.png,1,1.8888973061395802,1.87347241866844
phoenix_feather_whip_0_v0.png,1,2.13977531270632,1.4939000508353775
phoenix_feather_whip_0_v1.png,0,-2.6993325581496266,1.4679099018228303
phoenix_feather_whip_0_v2.png,1,2.393924419534513,1.4878011130418787
phoenix_feather_whip_0_v3.png,1,1.8753864555051054,1.5271212062950612
phoenix_feather_whip_0_v4.png,0,1.0330728373245894,1.643546097424157
phoenix_feather_whip_0_v5.png,0,-0.1644905335914606,1.3369326298261899
phoenix_feather_whip_0_v6.png,1,0.24220831518232033,1.640323413119979
phoenix_feather_whip_0_v7.png,0,0.24303291450414288,1.6757693294669234
phoenix_feather_whip_0_v8.png,0,-0.005021433992197233,1.4151536122871813
phoenix_feather_whip_0_v9.png,0,-0.5358446899071712,1.7078634712796852
phoenix_feather_whip_0_v10.png,0,2.9118396813202914,1.5737099743025513
phoenix_feather_whip_0_v11.png,1,-1.3331295639069363,1.6888180387386516
phoenix_feather_whip_0_v12.png,1,-0.7774170916882396,1.3575026455429433
phoenix_feather_whip_0_v13.png,1,1.6011491736709966,1.5800180916528495
phoenix_feather_whip_0_v14.png,1,1.9987412676251655,1.4473484634603309
phoenix_feather_whip_0_v15.png,0,-0.07276969076271977,1.6186266209730107
phoenix_feather_whip_0_v16.png,0,2.567770100526396,1.44922304052054
phoenix_feather_whip_0_v17.png,1,2.671145341321923,1.5666007000915687
phoenix_feather_whip_0_v18.png,1,-0.9518074434169921,1.3507005908548229
phoenix_feather_whip_0_v19.png,1,-0.795924266492825,1.4451489010674576
phoenix_feather_whip_1_v0.png,1,-2.732990889333899,1.6149379601668188
phoenix_feather_whip_1_v1.png,1,1.045501801756185,1.4780065181328956
phoenix_feather_whip_1_v2.png,1,-2.631557025838745,1.768731600941213
phoenix_feather_whip_1_v3.png,1,-1.5568391018083008,1.313085908519787
phoenix_feather_whip_1_v4.png,1,-0.5275614330451553,1.30145042483597
phoenix_feather_whip_1_v5.png,0,1.493085688473154,1.643496699316034
phoenix_feather_whip_1_v6.png,0,-2.0660053987146583,1.4009529477775486
phoenix_feather_whip_1_v7.png,1,-2.9326202961101178,1.764292000152608
phoenix_feather_whip_1_v8.png,0,-2.1315984058242,1.5247268597006551
phoenix_feather_whip_1_v9.png,0,1.404299910736474,1.3220111078394117
phoenix_feather_whip_1_v10.png,1,-1.0734039125459618,1.4784281969465631
phoenix_feather_whip_1_v11.png,1,1.6645975242835742,1.677354362025232
phoenix_feather_whip_1_v12.png,1,0.13535868104892934,1.389490538981735
phoenix_feather_whip_1_v13.png,1,1.9856994228345837,1.443322656168897
phoenix_feather_whip_1_v14.png,0,-0.21890149481524834,1.7213842102970063
phoenix_feather_whip_1_v15.png,0,-1.3554989092317018,1.4790204571356405
phoenix_feather_whip_1_v16.png,0,-0.5727713756728359,1.453418127985159
phoenix_feather_whip_1_v17.png,0,-2.6068820985612016,1.4237832817719034
phoenix_feather_whip_1_v18.png,0,1.9539623286386787,1.6829645264215582
phoenix_feather_whip_1_v19.png,1,-2.8786110025313936,1.513556627858461
phoenix_feather_whip_2_v0.png,1,2.2890791999920337,1.092344593963932
phoenix_feather_whip_2_v1.png,1,0.7613980661329951,1.492609210418914
phoenix_feather_whip_2_v2.png,1,2.7364420256883983,1.429036040937341
phoenix_feather_whip_2_v3.png,0,-1.7844323082947893,1.2439077603670299
phoenix_feather_whip_2_v4.png,1,-1.0188436219728543,1.4787720225033927
phoenix_feather_whip_2_v5.png,0,0.7965520642671013,1.0642665872440844
phoenix_feather_whip_2_v6.png,0,-0.024601706938832235,1.0631341015776041
phoenix_feather_whip_2_v7.png,0,2.686205904178504,1.1427084641513188
phoenix_feather_whip_2_v8.png,0,-2.6688342969921726,1.2352824770965607
phoenix_feather_whip_2_v9.png,0,-0.2760765127379643,1.2776085710135225
phoenix_feather_whip_2_v10.png,1,1.5992426142291267,1.4376527816295541
phoenix_feather_whip_2_v11.png,0,-2.893626663424869,1.247563743865034
phoenix_feather_whip_2_v12.png,0,-1.2255939097902204,1.1066111695216683
phoenix_feather_whip_2_v13.png,1,-1.5404983839801916,1.1297744268540577
phoenix_feather_whip_2_v14.png,0,2.773177739942934,1.0963269712443828
phoenix_feather_whip_2_v15.png,1,-0.06429214059534738,1.0526224985556527
phoenix_feather_whip_2_v16.png,0,2.9845942089796833,1.3320952030913946
phoenix_feather_whip_2_v17.png,1,2.3122366011127653,1.254349920831048
phoenix_feather_whip_2_v18.png,1,1.6874698332896996,1.202528583455747
phoenix_feather_whip_2_v19.png,1,-2.495877931714145,1.1364145521254496
phoenix_feather_whip_3_v0.png,0,1.0433297531548829,1.2461684166223812
phoenix_feather_whip_3_v1.png,0,-2.7444401520567574,1.2007826093472027
phoenix_feather_whip_3_v2.png,0,1.946914831697605,1.637059925966122
phoenix_feather_whip_3_v3.png,0,1.9740343960641562,1.4992547617465528
phoenix_feather_whip_3_v4.png,0,1.5893498621463982,1.5088514204539605
phoenix_feather_whip_3_v5.png,1,0.1930419436575962,1.2983613064228443
phoenix_feather_whip_3_v6.png,0,-2.1110707247134948,1.6577800397340767
phoenix_feather_whip_3_v7.png,1,0.4920723577454432,1.2241404793838806
phoenix_feather_whip_3_v8.png,1,-1.9233077940225298,1.260835360413042
phoenix_feather_whip_3_v9.png,0,1.296987550360126,1.2448195325956102
phoenix_feather_whip_3_v10.png,0,0.5987909707630045,1.5031196992597256
phoenix_feather_whip_3_v11.png,1,1.131592999220223,1.2185544703919895
phoenix_feather_whip_3_v12.png,0,2.7941185004989006,1.3730540335024728
phoenix_feather_whip_3_v13.png,0,1.851252565587001,1.5202517900733037
phoenix_feather_whip_3_v14.png,0,1.691149057154142,1.3047480267348266
phoenix_feather_whip_3_v15.png,0,-1.8033515507406253,1.378420772675506
phoenix_feather_whip_3_v16.png,0,-1.2328957529284426,1.2224731854741084
phoenix_feather_whip_3_v17.png,1,0.1349687506200009,1.4686381560863242
phoenix_feather_whip_3_v18.png,0,0.41989445708036366,1.2745074523064628
phoenix_feather_whip_3_v19.png,0,-0.6192032530893423,1.5015117175469632
phoenix_feather_whip_4_v0.png,0,-0.8008078158020966,1.3406472992344294
phoenix_feather_whip_4_v1.png,1,0.23020751720235055,1.696608057968379
phoenix_feather_whip_4_v2.png,1,0.10428575768036397,1.3743865461094873
phoenix_feather_whip_4_v3.png,1,1.3613324595141059,1.2896657502624804
phoenix_feather_whip_4_v4.png,0,1.5445108204029498,1.4391520646519071
phoenix_feather_whip_4_v5.png,0,-0.16617536469144023,1.4797713815830102
phoenix_feather_whip_4_v6.png,0,1.7520978906785323,1.3795833581459045
phoenix_feather_whip_4_v7.png,1,-1.4247127594807845,1.490603013350003
phoenix_feather_whip_4_v8.png,0,-2.2253030873807624,1.4633751961374735
phoenix_feather_whip_4_v9.png,0,2.4193661457718467,1.5808072395974069
phoenix_feather_whip_4_v10.png,0,-0.7053451256836805,1.3537515472901207
phoenix_feather_whip_4_v11.png,0,2.956026629499942,1.288796409375586
phoenix_feather_whip_4_v12.png,0,0.3243419961395173,1.3630250727966524
phoenix_feather_whip_4_v13.png,0,1.465247314621072,1.5456972507850824
phoenix_feather_whip_4_v14.png,0,-2.27852736441778,1.4887397827470203
phoenix_feather_whip_4_v15.png,0,2.0226693257682045,1.7082630603762108
phoenix_feather_whip_4_v16.png,0,1.343214247259811,1.2577378700139483
phoenix_feather_whip_4_v17.png,0,1.7952300718937133,1.4238096059236791
phoenix_feather_whip_4_v18.png,0,0.7720004849141189,1.569509897592193
phoenix_feather_whip_4_v19.png,0,2.061934195155751,1.3229391009674207
photon_saber_0_v0.png,1,-3.1097501631049473,1.4150565765870555
photon_saber_0_v1.png,0,2.918510227377238,1.2022238611341904
photon_saber_0_v2.png,1,0.45166895822736497,1.2339302919185204
photon_saber_0_v3.png,1,1.001024604471185,1.27293295207465
photon_saber_0_v4.png,0,0.5196292437068657,1.423761581679542
photon_saber_0_v5.png,1,2.846816696012728,1.5511037385189905
photon_saber_0_v6.png,1,1.1019852160357142,1.2407336127540167
photon_saber_0_v7.png,1,-2.3576195107937723,1.7011284927437043
photon_saber_0_v8.png,1,-2.623266261887032,1.233175764464545
photon_saber_0_v9.png,0,0.9715372448358186,1.5167656252075
photon_saber_0_v10.png,1,-1.234499710049609,1.443460169643948
photon_saber_0_v11.png,0,-2.5618585192048893,1.5921347910389239
photon_saber_0_v12.png,0,3.0771021674174825,1.4187545151617518
photon_saber_0_v13.png,1,-0.5427349307124287,1.4357429824849788
photon_saber_0_v14.png,1,-0.06917985672651206,1.3311044952888504
photon_saber_0_v15.png,0,1.3136007301986572,1.5048801935568072
photon_saber_0_v16.png,1,3.115379546737057,1.2437799864277452
photon_saber_0_v17.png,0,-0.35371810460175324,1.2647596107720882
photon_saber_0_v18.png,1,1.7090668772266975,1.536383492967428
photon_saber_0_v19.png,0,-1.1746389271547644,1.65310256894751
photon_saber_1_v0.png,1,1.7713815602251897,1.789011161690265
photon_saber_1_v1.png,1,-2.7899922701475535,1.4868389312259611
photon_saber_1_v2.png,0,-2.5701799428000722,1.421391383885367
photon_saber_1_v3.png,1,-2.6473145975719765,1.4300914431985083
photon_saber_1_v4.png,1,-0.7567725516694517,1.5837783355140935
photon_saber_1_v5.png,0,-0.5010451452857234,1.6928010857221647
photon_saber_1_v6.png,0,-1.9700454884818903,1.4108885861641116
photon_saber_1_v7.png,0,-1.8890489545625009,1.5221626985652594
photon_saber_1_v8.png,1,-0.10670049937538773,1.5273141121629208
photon_saber_1_v9.png,0,1.4085880660090955,1.5647555690629993
photon_saber_1_v10.png,0,-2.7290167724481345,1.8373442499660102
photon_saber_1_v11.png,1,1.8911940871164337,1.579392575883378
photon_saber_1_v12.png,1,-1.8408295564602613,1.9784542658072484
photon_saber_1_v13.png,0,-1.4339862086380446,1.7574301216627277
photon_saber_1_v14.png,0,3.035662020906608,1.5779853878809125
photon_saber_1_v15.png,0,-1.355512164142671,1.6055678579189498
photon_saber_1_v16.png,0,2.091910936911571,1.4201782834927463
photon_saber_1_v17.png,1,0.09900660192749688,1.983281170444915
photon_saber_1_v18.png,0,1.9418682162323457,1.4768069653265619
photon_saber_1_v19.png,1,-0.8197629564758087,1.4445357878819658
photon_saber_2_v0.png,0,2.345997899735385,1.8032105501107587
photon_saber_2_v1.png,1,-2.9414422181857316,1.7951133047613512
photon_saber_2_v2.png,0,-0.8868432994792279,1.7905183155426916
photon_saber_2_v3.png,0,-1.8639970834151178,1.4995504997698519
photon_saber_2_v4.png,1,3.0171415541872375,1.4423428047209783
photon_saber_2_v5.png,0,0.8381708907166234,1.595549336765111
photon_saber_2_v6.png,0,-0.6500609069530356,1.7395889436154555
photon_saber_2_v7.png,1,1.9544782507332916,1.4464826244865452
photon_saber_2_v8.png,1,1.0238507557371561,1.8250517889115327
photon_saber_2_v9.png,0,-2.4406811210895634,1.5684019479679576
photon_saber_2_v10.png,1,1.3404412111853525,1.5945362254209778
photon_saber_2_v11.png,0,-2.1594114208785413,1.8455682521955612
photon_saber_2_v12.png,0,1.792492683384126,1.5015033168513316
photon_saber_2_v13.png,1,-2.789884607680042,1.574399356167752
photon_saber_2_v14.png,0,3.0295036934412196,1.9510632578567173
photon_saber_2_v15.png,0,2.9613167194464065,1.5672536210279076
photon_saber_2_v16.png,1,2.1801999012781645,1.5144826235198199
photon_saber_2_v17.png,1,1.4516739047746574,1.5255738647261667
photon_saber_2_v18.png,0,-2.1995895854297727,1.749586888743131
photon_saber_2_v19.png,0,3.1242484350433526,1.967120487647539
photon_saber_3_v0.png,0,-1.4900109117908036,1.1195711854366373
photon_saber_3_v1.png,0,1.8998970548456695,1.1935183822649678
photon_saber_3_v2.png,0,-2.9257762766239233,1.2367696835388517
photon_saber_3_v3.png,0,1.64195113528898,1.402068779515368
photon_saber_3_v4.png,1,2.266880362836524,1.4366066844303103
photon_saber_3_v5.png,1,1.4496561827415322,1.4064274574846782
photon_saber_3_v6.png,0,2.014893124571748,1.4453240847200843
photon_saber_3_v7.png,0,-2.430616281291365,1.344680546501947
photon_saber_3_v8.png,0,-1.0621568368217638,1.112347440487306
photon_saber_3_v9.png,1,-1.1620000944060092,1.1935164350391498
photon_saber_3_v10.png,1,-1.3141864953030424,1.2645486498482843
photon_saber_3_v11.png,1,-0.6409641142868416,1.188500340141745
photon_saber_3_v12.png,1,1.5113862851876085,1.2180434660423025
photon_saber_3_v13.png,1,-1.2590568833429279,1.3939270851079104
photon_saber_3_v14.png,0,1.5720608295849217,1.2762723014918114
photon_saber_3_v15.png,1,1.7963370576314637,1.1134109112901664
photon_saber_3_v16.png,1,-0.9118104614727862,1.1388308380509173
photon_saber_3_v17.png,1,-0.2735150411762417,1.457010696985486
photon_saber_3_v18.png,0,0.276744515749781,1.5465628447925828
photon_saber_3_v19.png,1,-0.07368160238370702,1.400144473089087
photon_saber_4_v0.png,1,-1.996715910013914,1.3007551819676082
photon_saber_4_v1.png,1,-2.762001989043682,1.2352071357891055
photon_saber_4_v2.png,1,0.7311843356000605,1.2721966539396947
photon_saber_4_v3.png,1,-1.837305077196095,1.7054436150764
photon_saber_4_v4.png,0,-1.5787050487713699,1.4617455643690473
photon_saber_4_v5.png,0,-2.873255290026575,1.5576425097700985
photon_saber_4_v6.png,0,1.8184508810870028,1.7055897432521012
photon_saber_4_v7.png,0,0.6856234037884308,1.4171953196132938
photon_saber_4_v8.png,1,1.7916936782534583,1.5362447026253703
photon_saber_4_v9.png,1,-1.3039990683944644,1.2117156234193478
photon_saber_4_v10.png,0,-0.4359872907558646,1.3030740702589845
photon_saber_4_v11.png,0,0.5112905259576026,1.5189703212683525
photon_saber_4_v12.png,0,-0.45970949112806814,1.534940369830605
photon_saber_4_v13.png,1,-2.084397060627956,1.6934014436245084
photon_saber_4_v14.png,0,2.5740328459361588,1.2675041515521828
photon_saber_4_v15.png,1,-0.6136965310052878,1.5156601839203738
photon_saber_4_v16.png,1,-1.855518712211794,1.4595016111155987
photon_saber_4_v17.png,0,-2.413215442700908,1.2353849899380889
photon_saber_4_v18.png,0,-0.668539490509974,1.6046992530483333
photon_saber_4_v19.png,0,1.4043055180936,1.5599563537574996
pickaxe_0_v0.png,0,-0.771612001085519,1.6151573077548773
pickaxe_0_v1.png,0,0.7888767930809469,1.7909420523554347
pickaxe_0_v2.png,1,2.847130210157308,1.832020715944042
pickaxe_0_v3.png,0,-0.5967893460177242,1.7035809471525496
pickaxe_0_v4.png,1,-1.0398180569216728,1.783981976148878
pickaxe_0_v5.png,0,-1.7807423125957165,1.4105836658652227
pickaxe_0_v6.png,1,0.4269449224716889,1.5466140405096247
pickaxe_0_v7.png,1,1.3872248222859098,1.3751517717539896
pickaxe_0_v8.png,1,2.1416246365066294,1.5753967998147167
pickaxe_0_v9.png,1,-0.5841935725457419,1.5285205817333625
pickaxe_0_v10.png,0,2.064357706034439,1.674482749471093
pickaxe_0_v11.png,0,2.220976706684481,1.8089618142906003
pickaxe_0_v12.png,0,-1.0166858567949382,1.5759794690294437
pickaxe_0_v13.png,1,-0.7229303685943465,1.5210459005982482
pickaxe_0_v14.png,0,1.4004770445855708,1.447709687253176
pickaxe_0_v15.png,1,-2.4967854683670305,1.5436639673935797
pickaxe_0_v16.png,1,-1.2073665275224301,1.3386512188192587
pickaxe_0_v17.png,1,-2.8150925596184107,1.6989556238952443
pickaxe_0_v18.png,1,1.6685828793734485,1.6101994365704202
pickaxe_0_v19.png,0,0.8644287857820804,1.3875176891019665
pickaxe_1_v0.png,0,2.4784103618163407,1.308131149623641
pickaxe_1_v1.png,1,0.5654592982348319,1.487023559963687
pickaxe_1_v2.png,1,-1.0814925185618902,1.4457400802845897
pickaxe_1_v3.png,0,0.3897344602737527,1.5074928954645872
pickaxe_1_v4.png,0,1.0357856440744913,1.377584330158519
pickaxe_1_v5.png,1,0.6210674857308978,1.410575592087307
pickaxe_1_v6.png,1,1.2584645544700581,1.630971081828159
pickaxe_1_v7.png,1,0.6241412936671968,1.3745341532610003
pickaxe_1_v8.png,0,-2.8031283631700337,1.4390916563948968
pickaxe_1_v9.png,0,2.9336567096331994,1.295947787668817
pickaxe_1_v10.png,1,0.12108780928308438,1.4183551078293881
pickaxe_1_v11.png,0,-2.08922834923678,1.3806551085277852
pickaxe_1_v12.png,0,2.4053374221930683,1.281021058960069
pickaxe_1_v13.png,1,0.5541067258000083,1.2298945906954002
pickaxe_1_v14.png,1,-1.3854040559007867,1.2703204266534347
pickaxe_1_v15.png,1,-3.1335606670793785,1.2977085412363618
pickaxe_1_v16.png,1,1.885768198015955,1.440756397816251
pickaxe_1_v17.png,0,1.0757320175313383,1.5774965868186457
pickaxe_1_v18.png,1,0.23235538129927402,1.4298213632458132
pickaxe_1_v19.png,0,0.8392338278224123,1.2999273139601344
pickaxe_2_v0.png,1,-1.7833978431672253,1.4493304166495624
pickaxe_2_v1.png,0,-1.8867572342798495,1.836399559093999
pickaxe_2_v2.png,0,1.4558232576841923,1.6638779881004708
pickaxe_2_v3.png,1,1.9403390059002645,1.5159483155392603
pickaxe_2_v4.png,0,2.7591177523716763,1.5726809900950207
pickaxe_2_v5.png,1,-1.6296292206637335,1.6194604760613156
pickaxe_2_v6.png,0,-1.5643874659111747,1.7493913638983052
pickaxe_2_v7.png,1,-1.2900690599235827,1.9228559334236908
pickaxe_2_v8.png,0,1.4598834584545908,1.5064618454116971
pickaxe_2_v9.png,0,2.7201399933347696,1.4187209119009017
pickaxe_2_v10.png,0,-1.852223417027452,1.5895223422584301
pickaxe_2_v11.png,0,-0.05530170039072113,1.4647704508526387
pickaxe_2_v12.png,0,-0.46253114342475593,1.5816782140508818
pickaxe_2_v13.png,0,2.4719410008884584,1.7689479037726332
pickaxe_2_v14.png,1,-2.5745938101596986,1.8095697338651335
pickaxe_2_v15.png,1,-0.07541825214128994,1.7932892906554914
pickaxe_2_v16.png,0,1.094270185052269,1.6673871067249246
pickaxe_2_v17.png,0,1.519082611000905,1.5429016126284794
pickaxe_2_v18.png,0,-2.9574054973582147,1.8356210749374113
pickaxe_2_v19.png,1,-0.7139627494872521,1.3952150811932718
pickaxe_3_v0.png,0,-0.9654021948482856,1.6783273493755269
pickaxe_3_v1.png,0,-2.0674870033908403,1.7046417861123686
pickaxe_3_v2.png,1,-2.7465241416899584,1.7403070141743153
pickaxe_3_v3.png,0,-1.820042795846653,1.8714871041472163
pickaxe_3_v4.png,0,-3.0995809102834837,1.6654679343130439
pickaxe_3_v5.png,0,2.6334578038823544,1.6232190780049403
pickaxe_3_v6.png,1,0.5359771026212783,1.996060893012615
pickaxe_3_v7.png,1,2.636577228167063,1.724931660202014
pickaxe_3_v8.png,1,-2.905441239774057,1.5381612915219114
pickaxe_3_v9.png,1,-2.8557936568483697,1.5170913206172927
pickaxe_3_v10.png,1,0.625347634010589,1.5601280518974439
pickaxe_3_v11.png,1,-2.6541101519910355,1.5557532985555802
pickaxe_3_v12.png,1,2.435557307783321,1.4934990435812439
pickaxe_3_v13.png,1,-1.3112736431320107,1.6565285573052597
pickaxe_3_v14.png,1,-2.8824572873823247,1.4729076972326494
pickaxe_3_v15.png,0,-0.12885375141685362,1.5676570627796194
pickaxe_3_v16.png,0,-1.3283077369977194,1.7682098993533366
pickaxe_3_v17.png,1,-0.6854554037162688,1.5416791942130816
pickaxe_3_v18.png,1,-2.9557596737795446,1.799086540671118
pickaxe_3_v19.png,1,1.1102664192007317,1.5277039331598499
pickaxe_4_v0.png,0,-2.390159734282909,1.549659077871003
pickaxe_4_v1.png,0,2.4999784506143197,1.4401714807590333
pickaxe_4_v2.png,1,2.553119335992207,1.44785188037109
pickaxe_4_v3.png,0,0.3497962727537278,1.3451853997012562
pickaxe_4_v4.png,1,-2.636198610626039,1.5046562967664252
pickaxe_4_v5.png,0,0.6984675013228887,1.3719745862925565
pickaxe_4_v6.png,1,-0.3379919305704372,1.5452735772249109
pickaxe_4_v7.png,0,-2.426261442852509,1.364310238385188
pickaxe_4_v8.png,1,-1.9725593860719024,1.5559258028632776
pickaxe_4_v9.png,0,3.0326368666864854,1.2710661857552594
pickaxe_4_v10.png,0,-0.2996565669639656,1.2241723303157506
pickaxe_4_v11.png,1,-2.51571519849625,1.2255583636296072
pickaxe_4_v12.png,0,-2.9907628704864164,1.4095271924841903
pickaxe_4_v13.png,0,2.2704326097441774,1.6696825964552025
pickaxe_4_v14.png,0,-2.6516572442021094,1.649924359748076
pickaxe_4_v15.png,1,-3.0056697902984295,1.5930223958722083
pickaxe_4_v16.png,0,3.0043314224740625,1.3375452918966853
pickaxe_4_v17.png,0,-0.7678913426379492,1.6082862545126742
pickaxe_4_v18.png,1,1.9588659367708665,1.5076578208957896
pickaxe_4_v19.png,1,-3.049619853794142,1.6323751986969943
pick_hammer_0_v0.png,0,0.6759637667014806,1.5287045052983528
pick_hammer_0_v1.png,1,-2.490168658629662,1.5415267288373757
pick_hammer_0_v2.png,1,-0.721247673215555,1.268032174767699
pick_hammer_0_v3.png,0,2.989591211068338,1.107026882138536
pick_hammer_0_v4.png,1,2.652258349186201,1.2755556156725818
pick_hammer_0_v5.png,0,2.4380783864063194,1.420425516544699
pick_hammer_0_v6.png,0,-1.5753109870704904,1.4733083614739284
pick_hammer_0_v7.png,0,-0.8499149685584606,1.5126362736620556
pick_hammer_0_v8.png,1,-2.182742242947545,1.387441976507614
pick_hammer_0_v9.png,1,1.583364570274963,1.3902825062719186
pick_hammer_0_v10.png,0,2.157691466753367,1.3148243806677808
pick_hammer_0_v11.png,1,0.4026620616532613,1.1402267808501976
pick_hammer_0_v12.png,1,1.157455381900141,1.256520027739777
pick_hammer_0_v13.png,1,1.6007517090010392,1.1315710333540576
pick_hammer_0_v14.png,0,0.755423847279957,1.2049076744243672
pick_hammer_0_v15.png,1,0.8792263066979016,1.4505683071474444
pick_hammer_0_v16.png,1,1.7305356672805703,1.112796084137533
pick_hammer_0_v17.png,1,-1.8174272300582346,1.3867599180148336
pick_hammer_0_v18.png,1,-0.7525120810970355,1.4100636840578376
pick_hammer_0_v19.png,1,2.504153192892655,1.117090673999033
pick_hammer_1_v0.png,0,-2.8980784826116706,1.859903591109164
pick_hammer_1_v1.png,1,2.3290954177257897,1.6361087618945858
pick_hammer_1_v2.png,0,1.1523906847389753,1.3560637442620491
pick_hammer_1_v3.png,0,-0.4756365793643814,1.8747597029462968
pick_hammer_1_v4.png,0,-0.9627054524634131,1.8188999747655046
pick_hammer_1_v5.png,1,1.7284076179946606,1.504312588633651
pick_hammer_1_v6.png,0,1.0608514413426078,1.377821436041087
pick_hammer_1_v7.png,0,-0.8358813277132046,1.3713778042606801
pick_hammer_1_v8.png,0,0.9833912126567105,1.543625635720977
pick_hammer_1_v9.png,0,-2.9679763367907674,1.3947820085637501
pick_hammer_1_v10.png,1,-1.2283905139115243,1.5951658699997247
pick_hammer_1_v11.png,1,3.0882608722851033,1.4195180247600014
pick_hammer_1_v12.png,0,1.262731492546128,1.747952553228717
pick_hammer_1_v13.png,1,-0.9236197332127783,1.4930536112776327
pick_hammer_1_v14.png,0,-0.49060331927028417,1.3777175597624052
pick_hammer_1_v15.png,0,-1.3086152655724759,1.7971039325193034
pick_hammer_1_v16.png,1,0.008955233222059045,1.5133370244534892
pick_hammer_1_v17.png,0,-2.2605981897498815,1.8217299515219205
pick_hammer_1_v18.png,1,0.41534413068549914,1.6776580377422479
pick_hammer_1_v19.png,1,-0.2640469961415908,1.7392017681710232
pick_hammer_2_v0.png,0,0.8064391057812097,1.6562484272175528
pick_hammer_2_v1.png,1,-2.6501892797770483,1.4301189198391868
pick_hammer_2_v2.png,1,3.008090876954671,1.5505914608456344
pick_hammer_2_v3.png,1,1.447272180624864,1.5277555942889678
pick_hammer_2_v4.png,1,-1.5656975324881128,1.7545552913071225
pick_hammer_2_v5.png,1,-0.8105899951129258,1.5973860615281357
pick_hammer_2_v6.png,0,-0.280623625016903,1.4752721098738943
pick_hammer_2_v7.png,1,0.5675458111357374,1.4876645799558919
pick_hammer_2_v8.png,0,2.5926462950870324,1.461297083281794
pick_hammer_2_v9.png,1,-0.2128961905905986,1.4436662670736518
pick_hammer_2_v10.png,1,0.6207154448180221,1.8558784776396278
pick_hammer_2_v11.png,1,-1.7341484668934926,1.529135151593121
pick_hammer_2_v12.png,1,-0.17777219585730797,1.9876056639450692
pick_hammer_2_v13.png,1,-2.3942251243188037,1.4801931939925292
pick_hammer_2_v14.png,1,-0.844471781070146,1.6558282216528721
pick_hammer_2_v15.png,0,0.1505432985929348,1.700412369682521
pick_hammer_2_v16.png,1,-1.3022769373685512,1.4877293514804486
pick_hammer_2_v17.png,1,1.4829541086674263,1.41236257904883
pick_hammer_2_v18.png,0,1.8845615099879798,1.5119779666797628
pick_hammer_2_v19.png,0,0.043897322392719595,1.5520006728787112
pick_hammer_3_v0.png,0,0.6426329226103015,1.4713416094805905
pick_hammer_3_v1.png,0,0.10226951121000316,1.4018754937579987
pick_hammer_3_v2.png,1,-1.1571763837747844,1.488587772084458
pick_hammer_3_v3.png,1,-1.8507105535806136,1.0694537785455094
pick_hammer_3_v4.png,0,-1.9517073187106329,1.254914670014976
pick_hammer_3_v5.png,0,3.0336308686988867,1.2451027871506781
pick_hammer_3_v6.png,1,-1.67450570036753,1.3531953820860532
pick_hammer_3_v7.png,1,0.8530374746887456,1.320738725676262
pick_hammer_3_v8.png,0,-1.319642563141795,1.2652172912230528
pick_hammer_3_v9.png,0,-1.1903463177877782,1.2002795387117833
pick_hammer_3_v10.png,1,1.3301590910139534,1.2462972410811421
pick_hammer_3_v11.png,0,-2.320203751655566,1.394635601342087
pick_hammer_3_v12.png,0,3.0022401091493225,1.4072583942085255
pick_hammer_3_v13.png,0,0.31946075180011424,1.4338974486387268
pick_hammer_3_v14.png,1,-0.6835984062424972,1.1338396182172923
pick_hammer_3_v15.png,0,1.3448934400387635,1.3677228616021748
pick_hammer_3_v16.png,0,1.6498793684577313,1.3543619760419416
pick_hammer_3_v17.png,1,2.500797642439094,1.077692783675592
pick_hammer_3_v18.png,0,2.9854563544190498,1.3463317653368283
pick_hammer_3_v19.png,0,2.3399997677794278,1.3657926481650187
pick_hammer_4_v0.png,0,-1.605648604357281,1.2511601618981798
pick_hammer_4_v1.png,0,-0.5214979732731788,1.598316990002305
pick_hammer_4_v2.png,1,0.4006938335009965,1.1877583572264936
pick_hammer_4_v3.png,0,-1.2108065149654963,1.624713123637113
pick_hammer_4_v4.png,0,2.1476025833666643,1.1894030333919698
pick_hammer_4_v5.png,1,1.0833768528618632,1.3258922642261255
pick_hammer_4_v6.png,1,-0.13417661743242398,1.5894277704078994
pick_hammer_4_v7.png,1,3.062373665127101,1.331572330647248
pick_hammer_4_v8.png,0,2.008815245775883,1.5132906497719103
pick_hammer_4_v9.png,1,2.3598029577360813,1.2753689965688328
pick_hammer_4_v10.png,0,0.16882064762115223,1.484136642532931
pick_hammer_4_v11.png,1,1.50852919003096,1.3749338188115325
pick_hammer_4_v12.png,0,-2.8140670507779975,1.537036257042748
pick_hammer_4_v13.png,0,-2.866145019602413,1.5601199070785088
pick_hammer_4_v14.png,0,1.1563149221667715,1.3814141705552363
pick_hammer_4_v15.png,1,1.0368164073677053,1.179204950542426
pick_hammer_4_v16.png,0,0.48509065314086486,1.281424749512939
pick_hammer_4_v17.png,1,-0.30634881476013376,1.243028136194085
pick_hammer_4_v18.png,1,1.7957121396733378,1.1889944179225092
pick_hammer_4_v19.png,1,-2.3883526694883406,1.5368842906916114
poleaxe_0_v0.png,0,2.074546517272759,1.0953964409506292
poleaxe_0_v1.png,1,1.6001581591582794,1.3132342200350944
poleaxe_0_v2.png,1,-0.46602404044270923,1.1393335256547938
poleaxe_0_v3.png,0,-2.855420788872171,1.1032102753368282
poleaxe_0_v4.png,0,1.7186065751530806,1.3685010629435936
poleaxe_0_v5.png,1,0.5954542871635804,1.306907789908203
poleaxe_0_v6.png,0,1.4218452513101756,1.2078856672519025
poleaxe_0_v7.png,1,-0.5026581005052896,1.3313962527022989
poleaxe_0_v8.png,1,-0.27429265533972413,1.157038845708778
poleaxe_0_v9.png,1,2.5211569006599577,1.1635184791882394
poleaxe_0_v10.png,1,1.7707494339846772,1.069937652334326
poleaxe_0_v11.png,0,-0.8972840691679953,1.1216286001019653
poleaxe_0_v12.png,1,-2.4383444495993807,1.218521449927664
poleaxe_0_v13.png,1,-0.19638247443723772,1.186756087106615
poleaxe_0_v14.png,0,-3.107381868622729,1.4510299986241901
poleaxe_0_v15.png,0,-0.3911318051713565,1.1248140423782205
poleaxe_0_v16.png,0,0.9689761664619077,1.3635888194133416
poleaxe_0_v17.png,0,-2.7342532472517056,1.48828031093753
poleaxe_0_v18.png,1,-1.0136548768759859,1.3481576271272004
poleaxe_0_v19.png,1,2.153055485121948,1.1740510709020562
poleaxe_1_v0.png,0,2.756117276663351,1.2158844322788076
poleaxe_1_v1.png,0,-0.4017985021455761,1.296442038305577
poleaxe_1_v2.png,1,-0.25783287942271926,1.1305489724808546
poleaxe_1_v3.png,1,-2.940200437038893,1.1552810291901998
poleaxe_1_v4.png,1,-3.1004184904806076,1.4996291103374553
poleaxe_1_v5.png,0,2.5788913457928766,1.4435634750541548
poleaxe_1_v6.png,0,0.5944057678946134,1.3290875404593177
poleaxe_1_v7.png,0,-1.7138416613766312,1.3040827511671111
poleaxe_1_v8.png,0,2.5489302101483724,1.5671295920058745
poleaxe_1_v9.png,0,-1.0161911822880247,1.2979858502760309
poleaxe_1_v10.png,0,-2.871010235961954,1.4297573846234513
poleaxe_1_v11.png,1,2.9699819740297686,1.515751053564209
poleaxe_1_v12.png,0,-0.7506240930533162,1.5482395902475818
poleaxe_1_v13.png,0,-1.2764148958059538,1.1947374115685536
poleaxe_1_v14.png,0,0.14967063894251098,1.3094274816978015
poleaxe_1_v15.png,0,-2.4912090405095393,1.5273128664399265
poleaxe_1_v16.png,0,-2.1818199986185016,1.1736392277932668
poleaxe_1_v17.png,0,2.0401791453866256,1.1903865071278141
poleaxe_1_v18.png,0,-1.132304008415163,1.3526234637196424
poleaxe_1_v19.png,1,2.387493143345778,1.1249899358312876
poleaxe_2_v0.png,1,2.8085901031480383,1.3256482354845085
poleaxe_2_v1.png,0,-3.1217086302994312,1.6917090021729202
poleaxe_2_v2.png,1,-2.308471454136142,1.3065588347160588
poleaxe_2_v3.png,1,-1.6212722306100704,1.6905085853357698
poleaxe_2_v4.png,1,-2.9378790052337145,1.5819712833333086
poleaxe_2_v5.png,1,-1.5827864761075023,1.295494994532437
poleaxe_2_v6.png,0,1.1774323559440012,1.2220417109824728
poleaxe_2_v7.png,1,2.2656471179729465,1.325990017920961
poleaxe_2_v8.png,0,-0.6527149663287234,1.6384397147391694
poleaxe_2_v9.png,1,-2.3724069607700518,1.5872994868357135
poleaxe_2_v10.png,1,-1.6692270736367436,1.4423565488001544
poleaxe_2_v11.png,0,2.7201033295166868,1.707618669809315
poleaxe_2_v12.png,1,0.6910961624638463,1.6213086773115404
poleaxe_2_v13.png,0,-0.191287574537508,1.3730138091103063
poleaxe_2_v14.png,0,-0.42605612632107326,1.4079669781663247
poleaxe_2_v15.png,0,1.6990859859561895,1.6038018785525758
poleaxe_2_v16.png,0,-1.8566430536668925,1.4699921260112174
poleaxe_2_v17.png,0,-3.0012928434994715,1.3371962257406553
poleaxe_2_v18.png,0,-2.579554809663689,1.2822672446816872
poleaxe_2_v19.png,0,2.803617663864392,1.365627495751376
poleaxe_3_v0.png,0,-1.2760805350480386,1.719280295889334
poleaxe_3_v1.png,1,0.028497977643115457,1.3460685928033063
poleaxe_3_v2.png,1,-1.304429669072139,1.6876069533955615
poleaxe_3_v3.png,0,2.5052478007365844,1.6389268001403527
poleaxe_3_v4.png,1,0.7952197990962165,1.3501542294339568
poleaxe_3_v5.png,0,-2.958984998691192,1.2972415657623135
poleaxe_3_v6.png,1,1.1349057547477552,1.7812226816537886
poleaxe_3_v7.png,0,-1.606723144651116,1.4926277145326556
poleaxe_3_v8.png,0,-1.1051102622843958,1.4264620460959505
poleaxe_3_v9.png,0,1.304516819586548,1.6092952286508218
poleaxe_3_v10.png,1,-0.49222883386705374,1.6066986802479497
poleaxe_3_v11.png,0,2.0071700875103873,1.4976031482426342
poleaxe_3_v12.png,1,0.35172812335872583,1.3342378760230722
poleaxe_3_v13.png,1,-1.9320128491781965,1.4108667667597077
poleaxe_3_v14.png,0,-2.4047843326125102,1.335743840695044
poleaxe_3_v15.png,0,-3.0008612632525864,1.3055474978853863
poleaxe_3_v16.png,0,-1.2600627325234388,1.4180338631746503
poleaxe_3_v17.png,0,0.3818164065847923,1.772295100079413
poleaxe_3_v18.png,1,0.9275248342621732,1.7315849571954909
poleaxe_3_v19.png,0,-2.6783985005278903,1.2814985526014284
poleaxe_4_v0.png,0,-2.772789660729547,1.4153610987556018
poleaxe_4_v1.png,0,-1.8294051103707742,1.530357162054962
poleaxe_4_v2.png,0,-1.019160319824207,1.2531682057377596
poleaxe_4_v3.png,1,0.9004967862149955,1.5912607523682978
poleaxe_4_v4.png,1,1.065422907801845,1.2581604381234917
poleaxe_4_v5.png,1,2.8530481717375284,1.2539032243833
poleaxe_4_v6.png,1,2.6808386682850767,1.699072007627006
poleaxe_4_v7.png,0,0.32298934991209793,1.2630992694769247
poleaxe_4_v8.png,1,0.17129987220287413,1.4239187989506823
poleaxe_4_v9.png,0,-2.6565159825227465,1.5946557230810778
poleaxe_4_v10.png,1,-2.766083737362946,1.6940791330139422
poleaxe_4_v11.png,1,1.3767418836697944,1.6326620956224198
poleaxe_4_v12.png,1,-1.300255338395758,1.5857193847230848
poleaxe_4_v13.png,0,2.323701838888394,1.6700600316365342
poleaxe_4_v14.png,1,-1.978602728613779,1.6269609125518598
poleaxe_4_v15.png,0,-1.1828958174591866,1.585157796849348
poleaxe_4_v16.png,0,0.2475857848126144,1.3341002237688824
poleaxe_4_v17.png,0,1.0064990591045138,1.6266665010573684
poleaxe_4_v18.png,0,0.43331649644443226,1.4608537973096094
poleaxe_4_v19.png,0,-1.7537949228061724,1.569277183364074
power_pole_0_v0.png,0,1.0643872547500457,1.3291357236156984
power_pole_0_v1.png,1,-0.6745236956552706,1.0816846375909515
power_pole_0_v2.png,1,0.9241778658899986,1.2193112127844148
power_pole_0_v3.png,0,0.4610928145211173,1.1979365617233662
power_pole_0_v4.png,1,1.5871728826108489,1.1263378343466914
power_pole_0_v5.png,0,0.1171340708151214,1.0543414374056204
power_pole_0_v6.png,1,1.1204331592188452,1.318642254735674
power_pole_0_v7.png,0,0.5773301026751556,1.1780596988803729
power_pole_0_v8.png,0,-0.6488239060095742,1.1130305476912956
power_pole_0_v9.png,1,2.412185443650942,1.174508392777972
power_pole_0_v10.png,0,2.174777658715752,1.165298193224373
power_pole_0_v11.png,0,1.0444745456704465,1.2220042915187157
power_pole_0_v12.png,1,-2.388318296164992,1.140356409383933
power_pole_0_v13.png,1,-0.8468557620491429,1.4503693521897878
power_pole_0_v14.png,1,2.5932292178839838,1.4737243817740542
power_pole_0_v15.png,0,0.5144428082007564,1.375789017820823
power_pole_0_v16.png,0,-0.674917966625677,1.0713247646084056
power_pole_0_v17.png,0,1.4735288139336615,1.219115326106372
power_pole_0_v18.png,1,1.989607851201624,1.075551213147329
power_pole_0_v19.png,0,2.294439246320751,1.0972412582991773
power_pole_1_v0.png,0,0.3683184850214902,1.3181775154247384
power_pole_1_v1.png,1,-2.5926457628145947,1.168626249846634
power_pole_1_v2.png,0,1.3532307773538912,1.1194341432504784
power_pole_1_v3.png,1,2.8187896116616287,1.146036281638588
power_pole_1_v4.png,1,3.009363604320259,1.5197991283609171
power_pole_1_v5.png,1,0.4789651048141057,1.2468884279418577
power_pole_1_v6.png,0,-0.8549232346446256,1.1916991193681115
power_pole_1_v7.png,1,1.9939872118806001,1.4392862704117706
power_pole_1_v8.png,0,0.7586868376070037,1.5562383426766286
power_pole_1_v9.png,1,0.06054537567785345,1.2079820293824042
power_pole_1_v10.png,1,-1.3394258674720958,1.243026706190828
power_pole_1_v11.png,1,2.445377592342324,1.123861206761625
power_pole_1_v12.png,0,-0.3435385884537512,1.5365567191758935
power_pole_1_v13.png,1,0.3197356855507212,1.2967432596699664
power_pole_1_v14.png,1,-0.20364606625484938,1.5680758063833287
power_pole_1_v15.png,0,1.0704071823259638,1.2493538550275678
power_pole_1_v16.png,0,-1.3525184299809525,1.197009325430735
power_pole_1_v17.png,1,0.46793786285891237,1.4791192259487158
power_pole_1_v18.png,0,-1.3346331246184924,1.268706266229424
power_pole_1_v19.png,0,3.0470031800937125,1.1357187328492238
power_pole_2_v0.png,0,-1.7042410371474772,1.4907887863767924
power_pole_2_v1.png,0,1.241111499296694,1.5139607443456253
power_pole_2_v2.png,1,-1.2517713357881313,1.3745660242805617
power_pole_2_v3.png,0,1.5849185224448072,1.3777972172615123
power_pole_2_v4.png,0,-1.6712288725008526,1.607470191771646
power_pole_2_v5.png,1,-1.8889938126859707,1.3475803319700868
power_pole_2_v6.png,0,-0.032266082019745235,1.7738112329309668
power_pole_2_v7.png,1,2.8154959035648215,1.740040328421478
power_pole_2_v8.png,0,1.386472110015702,1.2852076082399464
power_pole_2_v9.png,0,1.5197812074938246,1.4469555326511938
power_pole_2_v10.png,0,-2.5955800739036574,1.507907414573723
power_pole_2_v11.png,1,-1.234615665365125,1.7566578516517872
power_pole_2_v12.png,0,1.8661482494791757,1.3483877006437879
power_pole_2_v13.png,1,-1.9163776711607192,1.2577080930566058
power_pole_2_v14.png,1,1.9595747741933789,1.2835168614840828
power_pole_2_v15.png,0,1.4025248151899474,1.6023634812047975
power_pole_2_v16.png,1,-1.1897349522077156,1.5902066315204813
power_pole_2_v17.png,1,-2.389945775305483,1.7763881005927349
power_pole_2_v18.png,0,-1.350744830257447,1.3226365632575525
power_pole_2_v19.png,1,-1.182817447848257,1.428255811337523
power_pole_3_v0.png,0,1.8072562560862169,1.1563856982803085
power_pole_3_v1.png,0,-1.6711280103177515,1.578267392952323
power_pole_3_v2.png,0,-3.10628999034037,1.2636045180410838
power_pole_3_v3.png,1,-1.076150900018801,1.1869727774898315
power_pole_3_v4.png,1,0.32752525795307763,1.2749101176958837
power_pole_3_v5.png,0,-0.8758596844570086,1.4511008633155675
power_pole_3_v6.png,1,-0.9045550405387939,1.3320550409534864
power_pole_3_v7.png,0,-3.079591346695668,1.5886572672391701
power_pole_3_v8.png,0,1.848395336495832,1.4327082779611182
power_pole_3_v9.png,0,2.8969918527827097,1.3003923872393837
power_pole_3_v10.png,0,-0.06306195061441588,1.217262631423522
power_pole_3_v11.png,0,-2.524433698778264,1.227142833092762
power_pole_3_v12.png,1,0.4363395314328291,1.60898419030247
power_pole_3_v13.png,1,1.2947718601779146,1.3833926152085967
power_pole_3_v14.png,0,-2.868499966472324,1.401683022188419
power_pole_3_v15.png,1,1.6982934723162266,1.5597739143069338
power_pole_3_v16.png,1,-2.6045385145158546,1.3976134376096978
power_pole_3_v17.png,1,-0.5501192278219036,1.2920009294108012
power_pole_3_v18.png,0,-1.1008658121540424,1.3817688248127638
power_pole_3_v19.png,0,-0.09273409987623715,1.2350592325155711
power_pole_4_v0.png,0,1.781199767639673,1.42457342602115
power_pole_4_v1.png,1,-0.19694833156742864,1.4628937589210633
power_pole_4_v2.png,1,-2.905295293385449,1.6371306445397358
power_pole_4_v3.png,0,-2.625429906706402,1.3916692797584032
power_pole_4_v4.png,0,-1.9763870520265872,1.3741949471554336
power_pole_4_v5.png,1,-2.6835154489302666,1.8243285467406374
power_pole_4_v6.png,1,0.5647335497746615,1.636385638345859
power_pole_4_v7.png,1,-2.3231264582990745,1.35993955076597
power_pole_4_v8.png,0,2.3179685667808636,1.5183811471675148
power_pole_4_v9.png,0,1.4938664863823015,1.854743869910403
power_pole_4_v10.png,1,-0.8667189113892352,1.4025738247894857
power_pole_4_v11.png,1,2.4438665574993923,1.5736361107064385
power_pole_4_v12.png,1,0.17803899662198075,1.4453267250441344
power_pole_4_v13.png,1,-2.5096107304330415,1.5512034904107819
power_pole_4_v14.png,1,2.9815315720802227,1.6037583663448063
power_pole_4_v15.png,0,-2.9040269261180383,1.4828330334328002
power_pole_4_v16.png,0,-0.8722359661282636,1.839893740415814
power_pole_4_v17.png,0,1.2011064637053352,1.3860376749467211
power_pole_4_v18.png,1,0.17676759888881144,1.7475839109136613
power_pole_4_v19.png,0,-3.0882920463129837,1.520105530627204
quarterstaff_0_v0.png,0,-1.403376817956129,1.8108988177573553
quarterstaff_0_v1.png,1,0.17503604198260225,1.548913636503895
quarterstaff_0_v2.png,0,-2.421494283344321,1.4049721938122748
quarterstaff_0_v3.png,0,-0.43012567166327464,1.8698364070455078
quarterstaff_0_v4.png,0,2.723300066255403,1.3923876326593114
quarterstaff_0_v5.png,1,-2.7882535030586304,1.7438216861448372
quarterstaff_0_v6.png,1,0.5450254814581927,1.8325668442546474
quarterstaff_0_v7.png,0,-2.4989596590566316,1.7686909399729012
quarterstaff_0_v8.png,0,-1.2456630731264897,1.7306724548788543
quarterstaff_0_v9.png,1,-2.2899493722069626,1.388695627935814
quarterstaff_0_v10.png,0,2.2055832241676008,1.7269170044118396
quarterstaff_0_v11.png,0,-3.0501071379414597,1.5481372744732014
quarterstaff_0_v12.png,0,2.388879689890304,1.6902759890677617
quarterstaff_0_v13.png,0,-0.7546154069172102,1.8610533260929285
quarterstaff_0_v14.png,1,-0.1298413708691719,1.6418878841023352
quarterstaff_0_v15.png,0,1.4005525129517877,1.9095076737551056
quarterstaff_0_v16.png,1,-2.505936819584959,1.6666257891711955
quarterstaff_0_v17.png,1,-1.9714620300884798,1.8400316855062626
quarterstaff_0_v18.png,0,0.042341822882330016,1.8721631253112678
quarterstaff_0_v19.png,1,3.057265732663387,1.370731420277488
quarterstaff_1_v0.png,0,2.637956648485336,1.4505987854366005
quarterstaff_1_v1.png,0,-2.5493494683018243,1.7288979893683565
quarterstaff_1_v2.png,0,-2.6528638371760764,1.6969551180027838
quarterstaff_1_v3.png,0,-1.763290819479621,1.3621240570582547
quarterstaff_1_v4.png,0,0.16637734312941233,1.397769796272028
quarterstaff_1_v5.png,1,-0.47283554910150366,1.4051350977637087
quarterstaff_1_v6.png,0,-1.138031085492501,1.5645582553271
quarterstaff_1_v7.png,0,-1.286879653445307,1.594938440590379
quarterstaff_1_v8.png,1,-0.09898621153691423,1.3525363825633474
quarterstaff_1_v9.png,0,-3.1306709082368487,1.8060656801161863
quarterstaff_1_v10.png,1,-1.639330404551533,1.7405057172702798
quarterstaff_1_v11.png,0,-2.6963752184884235,1.4143686768995811
quarterstaff_1_v12.png,1,1.90304808695167,1.335010370110024
quarterstaff_1_v13.png,0,1.999425922763363,1.4549190137063492
quarterstaff_1_v14.png,1,-1.0929277367037236,1.3792156091469014
quarterstaff_1_v15.png,0,-2.8417320661201853,1.3868028553788658
quarterstaff_1_v16.png,0,-2.2860868109049344,1.3855664361570903
quarterstaff_1_v17.png,1,-0.8032314103310334,1.3177341023579952
quarterstaff_1_v18.png,1,2.412521101682171,1.485945730767354
quarterstaff_1_v19.png,1,2.8840371461739656,1.7589013382327625
quarterstaff_2_v0.png,1,-3.133960023428278,1.2095806068569221
quarterstaff_2_v1.png,0,-1.5415769680758713,1.6228228357801584
quarterstaff_2_v2.png,1,0.8161859654662085,1.414947013822876
quarterstaff_2_v3.png,0,-1.303844354388497,1.2789626863961991
quarterstaff_2_v4.png,0,-2.718576650387377,1.5499873129506763
quarterstaff_2_v5.png,1,2.325843046847756,1.4365068586127119
quarterstaff_2_v6.png,0,-2.308669162718287,1.3635539077822474
quarterstaff_2_v7.png,0,2.4740553526531555,1.6074463913005008
quarterstaff_2_v8.png,0,-0.029384793711789925,1.5284455533423393
quarterstaff_2_v9.png,0,0.47113951761729056,1.3688568268480727
quarterstaff_2_v10.png,1,1.889781964704769,1.2661376323696294
quarterstaff_2_v11.png,1,2.8928435247178603,1.2151515532956307
quarterstaff_2_v12.png,0,-0.9254774582375176,1.35689909067539
quarterstaff_2_v13.png,0,2.454188184950868,1.2848042344875676
quarterstaff_2_v14.png,1,0.1163329593778113,1.2302414833986375
quarterstaff_2_v15.png,1,-1.3776306845048274,1.4275609041411474
quarterstaff_2_v16.png,1,0.691526941574161,1.3050106668040073
quarterstaff_2_v17.png,1,0.7217909590866394,1.4775674782148027
quarterstaff_2_v18.png,1,-2.1324524842444577,1.2882496750107773
quarterstaff_2_v19.png,1,-1.3430828900281644,1.2882709316436052
quarterstaff_3_v0.png,1,2.9260448790976223,1.8265056114676435
quarterstaff_3_v1.png,1,-0.5745648939921129,1.6718396966277251
quarterstaff_3_v2.png,1,3.0061672408279874,1.8466864059446477
quarterstaff_3_v3.png,1,-1.4781801477480903,1.4057956888675571
quarterstaff_3_v4.png,1,-0.48639125768504304,1.9220009252842667
quarterstaff_3_v5.png,1,1.707144577824496,1.8494110726108859
quarterstaff_3_v6.png,0,-1.4935245656976432,1.4927830387104253
quarterstaff_3_v7.png,0,-0.023703480864744053,1.8820662521248657
quarterstaff_3_v8.png,1,1.6099510989197066,1.4083303785505283
quarterstaff_3_v9.png,0,1.6045418804276366,1.4915887831776857
quarterstaff_3_v10.png,0,-1.9451104975869127,1.7112911761274925
quarterstaff_3_v11.png,0,0.0015501891744615914,1.7853353126772875
quarterstaff_3_v12.png,0,-1.0345922558465277,1.9063555257946232
quarterstaff_3_v13.png,0,-2.288572852382743,1.4193593895687113
quarterstaff_3_v14.png,0,-0.41393296213212205,1.9503136329268433
quarterstaff_3_v15.png,0,1.8005603445416656,1.5289962247796616
quarterstaff_3_v16.png,0,0.32047668736797785,1.8518795886594592
quarterstaff_3_v17.png,1,1.2662979313042253,1.6395144361736782
quarterstaff_3_v18.png,0,-1.8570057292882818,1.690181465536205
quarterstaff_3_v19.png,1,0.7838642736956394,1.811068630399002
quarterstaff_4_v0.png,1,-2.8017702506346165,1.564966057063836
quarterstaff_4_v1.png,1,-0.910407818755293,1.5304943867986083
quarterstaff_4_v2.png,0,1.947873437127461,1.737850256156342
quarterstaff_4_v3.png,0,-1.829521155104526,1.6047956798594152
quarterstaff_4_v4.png,1,0.6937444903728696,1.4908066101665929
quarterstaff_4_v5.png,1,2.986068313898314,1.8604479781519845
quarterstaff_4_v6.png,1,2.3450086079319608,1.6085666036058563
quarterstaff_4_v7.png,1,-2.147001657634571,1.7731786275087986
quarterstaff_4_v8.png,1,0.9260556133886015,1.8355905549267284
quarterstaff_4_v9.png,1,0.4011978294279963,1.903081418949797
quarterstaff_4_v10.png,1,2.953895655418834,1.8697656771362157
quarterstaff_4_v11.png,1,1.5713161315515387,1.4489218817747165
quarterstaff_4_v12.png,1,-2.300808008985265,1.6139097697634521
quarterstaff_4_v13.png,1,-2.267972394779963,1.8742680371242408
quarterstaff_4_v14.png,0,2.390312916042144,1.5802557145574903
quarterstaff_4_v15.png,0,-2.898527046207417,1.771396998639261
quarterstaff_4_v16.png,0,0.9904811685108581,1.9395790606200165
quarterstaff_4_v17.png,0,-2.8309264556670914,1.4663089038925199
quarterstaff_4_v18.png,0,0.19616564004006765,1.549912924500302
quarterstaff_4_v19.png,0,2.1295901124520675,1.477809103303231
rapier_0_v0.png,1,-1.4556753592512708,1.8495174895394302
rapier_0_v1.png,1,-2.1471338419232486,1.490651895097154
rapier_0_v2.png,1,-0.5831024830097409,1.53071576769036
rapier_0_v3.png,0,-2.9863296612979218,1.9279632686807748
rapier_0_v4.png,0,2.220129467347746,1.4169570132775835
rapier_0_v5.png,1,1.8682856938706762,1.6342214931191739
rapier_0_v6.png,0,0.01711081357792743,1.9167522936347694
rapier_0_v7.png,1,0.43643653464817134,1.4014127911015508
rapier_0_v8.png,0,-2.72401718997409,1.88490204669951
rapier_0_v9.png,1,2.8652579599984667,1.4099145653368044
rapier_0_v10.png,0,-2.1517546141186488,1.706058858264198
rapier_0_v11.png,1,-0.03544818433299701,1.5823709616583976
rapier_0_v12.png,0,0.12491761412661262,1.9931480162278314
rapier_0_v13.png,0,1.2744121676590412,1.910930779550435
rapier_0_v14.png,0,-1.448626185721528,1.4318913066624228
rapier_0_v15.png,0,1.6113556475462931,1.7917670211966696
rapier_0_v16.png,1,0.33966715574011763,1.5497362757232411
rapier_0_v17.png,1,2.04419269273176,1.9406579593327427
rapier_0_v18.png,0,0.0002953356889343617,1.5050866445463087
rapier_0_v19.png,1,2.236697992938775,1.6026249730966091
rapier_1_v0.png,1,-0.9143695527405478,1.577918464186872
rapier_1_v1.png,0,2.574289652599464,1.9090701777763641
rapier_1_v2.png,1,-0.7772260918526608,1.5249884213482876
rapier_1_v3.png,1,-2.3621129664459035,1.5497859032950112
rapier_1_v4.png,1,0.7662122036825787,2.0698904012854764
rapier_1_v5.png,0,-0.5744551788642722,1.864682836333168
rapier_1_v6.png,0,1.425610335853615,1.5326784373806088
rapier_1_v7.png,0,-0.9490940310233511,1.6735930000217885
rapier_1_v8.png,0,-1.9525513353322461,1.457810588172742
rapier_1_v9.png,1,-1.877510953550654,1.484899693976861
rapier_1_v10.png,0,-3.0608264882013074,1.7007059954481005
rapier_1_v11.png,0,2.6773244021009504,1.7968660233791927
rapier_1_v12.png,0,2.590909283655862,1.6869958083606278
rapier_1_v13.png,0,-0.5974697915142828,2.0538976336975843
rapier_1_v14.png,0,-0.560404321474806,1.8227223484000112
rapier_1_v15.png,1,1.0053475219424097,1.5219504993038286
rapier_1_v16.png,1,2.948315201157854,1.758241826056297
rapier_1_v17.png,1,-0.17182614204846303,1.7258833372413245
rapier_1_v18.png,1,0.2276435895554476,1.6021441737377122
rapier_1_v19.png,0,1.0573944226478833,1.857539954450777
rapier_2_v0.png,1,-1.2058639362839694,1.7773453413855136
rapier_2_v1.png,0,3.0495438156563153,1.4612464050341225
rapier_2_v2.png,1,-1.6657586126214854,1.8018399644561138
rapier_2_v3.png,0,0.9668365712225175,1.6574606110805559
rapier_2_v4.png,1,-1.68981718667749,1.9479737744037728
rapier_2_v5.png,1,-2.1405065374611407,1.9393850655158784
rapier_2_v6.png,0,2.2469300178466036,1.8077068442193502
rapier_2_v7.png,1,1.6075959069807495,2.030832529332629
rapier_2_v8.png,0,-1.6595305453712026,1.6003490640589868
rapier_2_v9.png,0,1.8878393532156763,1.6465393777965993
rapier_2_v10.png,1,2.420487581133777,1.8964840131566687
rapier_2_v11.png,0,-1.8236320055756297,1.8237624607590306
rapier_2_v12.png,0,-2.372045949623453,1.9375179319706044
rapier_2_v13.png,1,-2.909243466633956,1.912177854249885
rapier_2_v14.png,1,-0.8693062503350646,1.9530013626034124
rapier_2_v15.png,0,0.5528493258054321,1.6763901866877036
rapier_2_v16.png,1,1.8820059027887148,1.4751414928487079
rapier_2_v17.png,0,0.7152247290346656,1.5530448571034257
rapier_2_v18.png,1,1.080272256191148,1.56166337394762
rapier_2_v19.png,1,-0.99822527189714,1.6981284800738932
rapier_3_v0.png,0,0.20273847684774626,1.512372959941362
rapier_3_v1.png,0,-0.3757930929146154,1.4957563748058122
rapier_3_v2.png,1,2.5211084848442473,1.6990568744022796
rapier_3_v3.png,1,-3.093767442985556,1.4465999325882886
rapier_3_v4.png,1,0.367412269915528,1.4428972687670698
rapier_3_v5.png,0,2.1241665186695124,1.8280886481711343
rapier_3_v6.png,1,2.5802477321538984,1.6151392792540067
rapier_3_v7.png,1,2.590947668152928,1.452413159987733
rapier_3_v8.png,0,-0.05613065225263547,1.478392102123279
rapier_3_v9.png,0,-2.6795264561142242,1.6154317153832558
rapier_3_v10.png,1,-2.013711191976884,1.9293239425830453
rapier_3_v11.png,0,1.913862357858826,1.8895107072623754
rapier_3_v12.png,1,-2.52383741325598,1.5885578284010733
rapier_3_v13.png,0,1.453962718957003,1.4272422140967338
rapier_3_v14.png,1,0.6879500995037895,1.895171714896148
rapier_3_v15.png,0,1.1623158745807673,1.9787755314644704
rapier_3_v16.png,0,0.24454159542005538,1.8764570479850489
rapier_3_v17.png,1,-2.8737281755929827,1.5408812970970338
rapier_3_v18.png,1,-1.2491217646494661,1.6440883335869634
rapier_3_v19.png,1,-1.7525786408794355,1.8730288585059756
rapier_4_v0.png,1,-1.177513361605513,1.5049180338239803
rapier_4_v1.png,1,1.0844841437513406,1.455463523695985
rapier_4_v2.png,0,-2.041004107397775,1.604125471358856
rapier_4_v3.png,1,-3.093329538907632,1.742607770892609
rapier_4_v4.png,1,-1.546996417450794,1.4466374002493942
rapier_4_v5.png,1,0.5981169682576397,1.38460352039054
rapier_4_v6.png,1,-3.0708969581159358,1.5903084313369777
rapier_4_v7.png,1,-0.4921377063149621,1.427529879509779
rapier_4_v8.png,0,-2.3684260109059556,1.444993815164135
rapier_4_v9.png,0,-0.07390602230685328,1.3356142852570818
rapier_4_v10.png,1,1.4126337211916669,1.5624137878009516
rapier_4_v11.png,0,-3.0725863418315944,1.3007015992249382
rapier_4_v12.png,0,-0.37335379923994116,1.3434714360994764
rapier_4_v13.png,0,1.9966671505010305,1.3872632408238712
rapier_4_v14.png,1,2.883906890301226,1.3242497145341698
rapier_4_v15.png,1,-2.8703880298694497,1.4068057841464061
rapier_4_v16.png,0,-1.6004358665229823,1.7250895032304785
rapier_4_v17.png,0,2.6711954228925983,1.5140719080803235
rapier_4_v18.png,0,1.6214712014312487,1.6702929863127565
rapier_4_v19.png,1,-2.6252813197138405,1.5954797698818541
rock_hammer_0_v0.png,1,2.7141737438244267,1.6741072511791726
rock_hammer_0_v1.png,1,-2.079161465038532,1.5583792685248707
rock_hammer_0_v2.png,0,1.7702431024786491,1.5988659551632791
rock_hammer_0_v3.png,1,2.248569100217928,1.503988386105267
rock_hammer_0_v4.png,0,2.965343436011838,1.4847561031652876
rock_hammer_0_v5.png,0,0.36456669107130346,1.3632026819663694
rock_hammer_0_v6.png,0,1.9632116827338122,1.261587466370223
rock_hammer_0_v7.png,0,0.29643482407450983,1.690849069739644
rock_hammer_0_v8.png,0,1.5284516167768343,1.2906455859982993
rock_hammer_0_v9.png,1,-2.059914200532659,1.2964852023673796
rock_hammer_0_v10.png,0,-0.7766292730789869,1.3630167704312914
rock_hammer_0_v11.png,1,0.7783126849165043,1.5111389208495953
rock_hammer_0_v12.png,0,2.8878873560846534,1.7511955343513772
rock_hammer_0_v13.png,0,1.3783580778713416,1.6170280661818583
rock_hammer_0_v14.png,1,-2.161823493148429,1.5161933900592661
rock_hammer_0_v15.png,0,-2.1137938894290897,1.2730088924067362
rock_hammer_0_v16.png,1,-1.9018946646791823,1.2856571504039067
rock_hammer_0_v17.png,0,-0.22175460805972025,1.7347487788667189
rock_hammer_0_v18.png,0,0.3741966925075362,1.75443632377632
rock_hammer_0_v19.png,1,-1.1254023228913301,1.3005521696825229
rock_hammer_1_v0.png,0,-2.0743613240274965,1.4289345658291408
rock_hammer_1_v1.png,1,-0.3701154989145264,1.3896247631991807
rock_hammer_1_v2.png,1,2.745139940634748,1.2893579465369351
rock_hammer_1_v3.png,0,1.566549953324033,1.6243339178015561
rock_hammer_1_v4.png,0,0.513651740225342,1.627488517213925
rock_hammer_1_v5.png,0,-1.7432882440022461,1.6264654287526819
rock_hammer_1_v6.png,1,-2.9507415079793224,1.6383470617863645
rock_hammer_1_v7.png,1,0.301733373691083,1.4813771284800161
rock_hammer_1_v8.png,0,0.5401047940910915,1.6632718928464776
rock_hammer_1_v9.png,1,0.6769479811910282,1.6184534156173012
rock_hammer_1_v10.png,1,-2.9305225651029776,1.4876989406695948
rock_hammer_1_v11.png,1,1.300890194089838,1.6138060368200124
rock_hammer_1_v12.png,0,-0.07935638886275409,1.2386978533619797
rock_hammer_1_v13.png,1,-0.9927928237269918,1.6829181678463299
rock_hammer_1_v14.png,1,0.7164701285102391,1.2964959280445736
rock_hammer_1_v15.png,1,1.366493454368175,1.677682530164046
rock_hammer_1_v16.png,0,0.4517107664886477,1.6417941151942237
rock_hammer_1_v17.png,0,0.2799674880852361,1.576508178333448
rock_hammer_1_v18.png,0,-2.7768102964314814,1.469268457856931
rock_hammer_1_v19.png,0,1.4464691695402008,1.3015190674059554
rock_hammer_2_v0.png,1,-2.478887386522568,1.690624571563985
rock_hammer_2_v1.png,1,0.7162347436601599,1.5228523762000534
rock_hammer_2_v2.png,1,-1.4440401957519344,1.6077155823472258
rock_hammer_2_v3.png,1,-0.43688913947128977,1.558098233354099
rock_hammer_2_v4.png,0,0.8718063127467108,1.5281312931554956
rock_hammer_2_v5.png,0,2.045022862586336,1.9551945710294347
rock_hammer_2_v6.png,1,-1.3344014136565665,2.091157632676116
rock_hammer_2_v7.png,1,0.11160866093880006,2.068651435714801
rock_hammer_2_v8.png,1,1.4252707354669865,1.6544663525165415
rock_hammer_2_v9.png,1,-1.1747592285350885,1.538738954150562
rock_hammer_2_v10.png,0,-1.9870773070874301,1.8444173973007283
rock_hammer_2_v11.png,0,-0.4822442419357544,1.5953349009677869
rock_hammer_2_v12.png,0,2.0155727819627343,1.7357892929725696
rock_hammer_2_v13.png,1,2.4544395417221745,2.0812078944093515
rock_hammer_2_v14.png,0,3.0153944287800467,1.5099532867810845
rock_hammer_2_v15.png,0,0.529946328359332,1.6452378335252535
rock_hammer_2_v16.png,1,-0.22627714624830753,1.6168582432670464
rock_hammer_2_v17.png,1,-0.9119323529828949,1.8732766144140844
rock_hammer_2_v18.png,0,1.8906827454844752,1.7577520704918705
rock_hammer_2_v19.png,0,-1.5041898157106464,1.5190022305213022
rock_hammer_3_v0.png,0,1.453133593730842,1.483269535960565
rock_hammer_3_v1.png,0,2.5542864756387518,1.4177942414747293
rock_hammer_3_v2.png,0,-2.0512572498683395,1.4492933638194614
rock_hammer_3_v3.png,1,-0.10141661617413833,1.457376995360735
rock_hammer_3_v4.png,0,2.0948851600281007,1.637288520954059
rock_hammer_3_v5.png,1,2.3821843035870414,1.4448378029091833
rock_hammer_3_v6.png,0,-1.6672432625417222,1.5126638373033496
rock_hammer_3_v7.png,0,-0.02956696274817494,1.4606929793290295
rock_hammer_3_v8.png,0,1.4743625271851561,1.6812752762989012
rock_hammer_3_v9.png,1,0.2671270329003773,1.4441997073263426
rock_hammer_3_v10.png,0,-0.9304645120492331,1.5326454263083849
rock_hammer_3_v11.png,0,-3.0426073736023707,1.755804207716239
rock_hammer_3_v12.png,0,-1.2743241921731758,1.4831622111928826
rock_hammer_3_v13.png,1,-1.9859372288695445,1.3955177004730988
rock_hammer_3_v14.png,0,3.1127387337781776,1.3664917833378056
rock_hammer_3_v15.png,1,-2.8085554263190615,1.252308116888749
rock_hammer_3_v16.png,0,-2.843250989004019,1.6877425220613334
rock_hammer_3_v17.png,0,-1.6145053130118925,1.456815520531702
rock_hammer_3_v18.png,1,0.14963870882314967,1.5571356770700882
rock_hammer_3_v19.png,1,-0.49157032818116164,1.7011609348742318
rock_hammer_4_v0.png,1,3.042696089327322,1.8088061663484494
rock_hammer_4_v1.png,0,-1.9796290142281148,1.6738958150141097
rock_hammer_4_v2.png,0,-2.239739249368636,1.3780697749747604
rock_hammer_4_v3.png,0,-2.565442079104498,1.387030707552021
rock_hammer_4_v4.png,1,1.906650285091372,1.8001658985152187
rock_hammer_4_v5.png,0,0.5338715742336675,1.5510850841727268
rock_hammer_4_v6.png,0,0.5804002875555614,1.3886194901885607
rock_hammer_4_v7.png,1,-0.86356178798725,1.4618706561225376
rock_hammer_4_v8.png,1,-0.1030381338726235,1.4071759951057448
rock_hammer_4_v9.png,0,1.4335266133684577,1.4416392525074415
rock_hammer_4_v10.png,1,1.1975661923008962,1.392860006220025
rock_hammer_4_v11.png,1,1.951633666749115,1.547345626090139
rock_hammer_4_v12.png,0,-1.7791676132174103,1.6035412527590795
rock_hammer_4_v13.png,0,-0.3302338381616999,1.8689979121428462
rock_hammer_4_v14.png,0,0.8047664004349502,1.6551478493712901
rock_hammer_4_v15.png,1,-2.6679588950110964,1.7072564614786911
rock_hammer_4_v16.png,0,0.2877161343177388,1.4879459909664927
rock_hammer_4_v17.png,0,1.1034607612283671,1.3507616937244458
rock_hammer_4_v18.png,0,3.024958114778398,1.8531396305461718
rock_hammer_4_v19.png,0,1.6581583049369966,1.4910472404557045
ruby_mace_0_v0.png,0,-0.48150977032870124,1.5676030419463944
ruby_mace_0_v1.png,1,1.618229202105521,1.4568639171969682
ruby_mace_0_v2.png,1,0.1899383132789938,1.4856803944618076
ruby_mace_0_v3.png,0,0.905029091850589,1.3537782398008777
ruby_mace_0_v4.png,0,-0.872641551681381,1.6776372736230414
ruby_mace_0_v5.png,0,2.1918782210974106,1.5933536345743926
ruby_mace_0_v6.png,0,-2.800061268298946,1.8194674231869243
ruby_mace_0_v7.png,1,2.682352466675418,1.5510390990354694
ruby_mace_0_v8.png,0,-3.118962724407969,1.4980862122913976
ruby_mace_0_v9.png,1,1.2266133585648216,1.4262448768263125
ruby_mace_0_v10.png,0,-1.4014980184256687,1.5994588704558188
ruby_mace_0_v11.png,1,1.2139488469474007,1.378748585136168
ruby_mace_0_v12.png,0,-1.9529133244331294,1.5049289987321868
ruby_mace_0_v13.png,1,-2.6082127226169627,1.4406317954734782
ruby_mace_0_v14.png,0,2.4126232476989458,1.5437021199057965
ruby_mace_0_v15.png,0,-1.6677841616170264,1.4943525807094915
ruby_mace_0_v16.png,1,2.385233042257065,1.3689026332738885
ruby_mace_0_v17.png,0,1.0456191042513625,1.5137681176318993
ruby_mace_0_v18.png,1,1.5001355391812938,1.3735241954957564
ruby_mace_0_v19.png,1,1.4448378016966872,1.604630744260467
ruby_mace_1_v0.png,0,1.8230955941305376,1.2722151662951096
ruby_mace_1_v1.png,1,-0.05577825284753346,1.3992149689592215
ruby_mace_1_v2.png,0,0.9168298461829457,1.5931343009306076
ruby_mace_1_v3.png,0,-0.351363837246243,1.268614467832414
ruby_mace_1_v4.png,1,-1.3073120762168657,1.7450258023260143
ruby_mace_1_v5.png,0,-0.24768905528850504,1.508047166247835
ruby_mace_1_v6.png,1,-1.8950972960459427,1.3415580386844828
ruby_mace_1_v7.png,1,-2.263351506145952,1.4121074651218648
ruby_mace_1_v8.png,0,0.534638726352379,1.603934451148524
ruby_mace_1_v9.png,1,0.3893455192638421,1.4450859196885633
ruby_mace_1_v10.png,1,2.419648232597506,1.443920648970177
ruby_mace_1_v11.png,1,-1.66505762979221,1.7470016822192012
ruby_mace_1_v12.png,1,2.35657506527583,1.5027438683111898
ruby_mace_1_v13.png,1,-0.9325018440398358,1.5197248098812066
ruby_mace_1_v14.png,1,0.06893513967801879,1.4642143238980159
ruby_mace_1_v15.png,0,-0.8423611709906509,1.6554096825729359
ruby_mace_1_v16.png,1,1.2527749380348245,1.559040541928042
ruby_mace_1_v17.png,1,1.7330935130212217,1.6349877838034328
ruby_mace_1_v18.png,0,1.3424132382853249,1.2848507044105182
ruby_mace_1_v19.png,1,-2.494297576059717,1.3403983462009506
ruby_mace_2_v0.png,0,2.221249144439902,1.8065526845177464
ruby_mace_2_v1.png,0,-1.7221524200134026,1.9241582467241645
ruby_mace_2_v2.png,0,2.003159533993042,1.8322480369688916
ruby_mace_2_v3.png,1,1.845466678783992,1.9348750861535928
ruby_mace_2_v4.png,1,0.6296068941502382,1.6742587838910656
ruby_mace_2_v5.png,1,1.120043910950774,1.803767189519236
ruby_mace_2_v6.png,0,-1.032935730160063,1.4283900299478525
ruby_mace_2_v7.png,0,2.8836559218389803,1.6759955305786298
ruby_mace_2_v8.png,0,1.379637694939648,1.9892368213116434
ruby_mace_2_v9.png,1,-0.3630757346995958,1.9529792077519859
ruby_mace_2_v10.png,0,-0.9600299104217476,1.7026400451468866
ruby_mace_2_v11.png,1,1.508354235850912,1.43333235956826
ruby_mace_2_v12.png,1,-2.70446388679371,1.6108632429060807
ruby_mace_2_v13.png,1,-0.25399438821059794,1.6244454925438743
ruby_mace_2_v14.png,1,1.7424715074138575,1.4452833733668868
ruby_mace_2_v15.png,1,-0.5486832342040381,1.8049869388099848
ruby_mace_2_v16.png,1,2.4781777958949833,1.5545076343354665
ruby_mace_2_v17.png,1,-2.039574887113914,1.5738080713447586
ruby_mace_2_v18.png,0,-1.3383449450312714,1.6932803663483804
ruby_mace_2_v19.png,0,-0.31611589396595813,1.589457093456184
ruby_mace_3_v0.png,1,-1.232601546691122,1.4064218155500767
ruby_mace_3_v1.png,1,1.3508750186388936,1.6508121295962028
ruby_mace_3_v2.png,0,0.2883788353243415,1.6236873384149888
ruby_mace_3_v3.png,0,0.8074726830626269,1.936975401840847
ruby_mace_3_v4.png,0,-2.8872776932268316,1.40956926929117
ruby_mace_3_v5.png,1,1.0937993594866127,1.5109151671023213
ruby_mace_3_v6.png,0,-0.9837672574124077,1.4123487543935405
ruby_mace_3_v7.png,1,2.784422905611267,1.5158723073950033
ruby_mace_3_v8.png,0,-0.705814891344983,1.8198247800183132
ruby_mace_3_v9.png,0,-0.48041877557220297,1.5756293565177475
ruby_mace_3_v10.png,1,-1.5068424613251157,1.6777818257969097
ruby_mace_3_v11.png,0,-1.3267775203364849,1.4905596315024614
ruby_mace_3_v12.png,0,0.7265926387798896,1.7240264647462882
ruby_mace_3_v13.png,0,2.887805974261709,1.5247708983999222
ruby_mace_3_v14.png,0,-1.7925298984239195,1.5064545683222927
ruby_mace_3_v15.png,0,0.24051388134196205,1.9957405358932687
ruby_mace_3_v16.png,0,0.7741153740140614,1.5684291682176719
ruby_mace_3_v17.png,0,-3.0557710895685215,1.4958588699740896
ruby_mace_3_v18.png,0,1.341282592011953,1.6126851233783412
ruby_mace_3_v19.png,1,-2.5700919117475483,1.7890330333984334
ruby_mace_4_v0.png,1,0.6206967412606055,1.6119913947043565
ruby_mace_4_v1.png,0,-0.031114949366759737,1.4822846811526733
ruby_mace_4_v2.png,1,1.1167382342205476,1.702916118238637
ruby_mace_4_v3.png,0,-2.3787410621837815,1.6350316618450615
ruby_mace_4_v4.png,1,-0.03662309462428803,1.9820989042128665
ruby_mace_4_v5.png,0,0.7754367993583451,1.6221417168029235
ruby_mace_4_v6.png,0,-2.0112892886319718,1.738337521682245
ruby_mace_4_v7.png,1,-2.225503081305432,1.5057289779597667
ruby_mace_4_v8.png,1,0.39384556900612,1.7227558198674728
ruby_mace_4_v9.png,0,-1.018019916556721,2.008953684585856
ruby_mace_4_v10.png,1,2.5397855565878915,1.5102063980051936
ruby_mace_4_v11.png,1,-2.4817879718862943,1.600969069563003
ruby_mace_4_v12.png,1,-2.8368705091104287,1.6087280849246834
ruby_mace_4_v13.png,1,1.426407261673878,1.8441131065102343
ruby_mace_4_v14.png,0,-2.408432084939188,1.975944771759185
ruby_mace_4_v15.png,1,2.284553482917369,1.8858029133725815
ruby_mace_4_v16.png,0,-0.26926024729923204,1.6833197505149258
ruby_mace_4_v17.png,1,-2.0116088488893915,1.75398946526812
ruby_mace_4_v18.png,0,1.0453870073146676,2.0355890804627177
ruby_mace_4_v19.png,1,-0.34282421377630445,1.7746823803010052
runed_battlehammer_0_v0.png,0,-1.929279405650309,1.3442419517413742
runed_battlehammer_0_v1.png,1,1.8086608276327367,1.619820502734979
runed_battlehammer_0_v2.png,1,1.338517838009328,1.5513328985095078
runed_battlehammer_0_v3.png,0,-2.5085201811403404,1.3417377256993097
runed_battlehammer_0_v4.png,0,-2.4865860263738617,1.216306676631305
runed_battlehammer_0_v5.png,1,2.458749472616195,1.4149440797231088
runed_battlehammer_0_v6.png,1,-2.0583962005509355,1.5609348451423446
runed_battlehammer_0_v7.png,0,-2.4784486806681696,1.5220882003756657
runed_battlehammer_0_v8.png,0,-2.1602390020687343,1.3352383796586134
runed_battlehammer_0_v9.png,1,0.9407162373383054,1.175657348440992
runed_battlehammer_0_v10.png,1,2.4154955646045813,1.2150073221362652
runed_battlehammer_0_v11.png,0,-1.8726983455349755,1.320798574015565
runed_battlehammer_0_v12.png,0,-0.9483278205568526,1.2846966369157835
runed_battlehammer_0_v13.png,0,0.81836710855066,1.2267773547095975
runed_battlehammer_0_v14.png,1,-1.069408760663772,1.5267246914067234
runed_battlehammer_0_v15.png,0,-0.057301894415091814,1.1662845236315906
runed_battlehammer_0_v16.png,0,1.3074628554284042,1.4667777894246787
runed_battlehammer_0_v17.png,0,1.3180661583171305,1.2351520585557039
runed_battlehammer_0_v18.png,1,-1.1746781291886974,1.5984399903640258
runed_battlehammer_0_v19.png,1,0.5288203353843385,1.5315976791300618
runed_battlehammer_1_v0.png,0,1.358235718304192,1.2608045553783513
runed_battlehammer_1_v1.png,1,-1.7457254651301102,1.366824434631476
runed_battlehammer_1_v2.png,0,-2.253043583113442,1.1676912136600124
runed_battlehammer_1_v3.png,0,-1.826261527965383,1.1340942620473322
runed_battlehammer_1_v4.png,0,-1.6870508255221557,1.3052960445690018
runed_battlehammer_1_v5.png,0,-1.9767448325156811,1.3769141946447732
runed_battlehammer_1_v6.png,0,2.770917131431264,1.207012963594188
runed_battlehammer_1_v7.png,1,0.05949083905107344,1.3197480102183388
runed_battlehammer_1_v8.png,1,2.4789710706670007,1.1878224706304734
runed_battlehammer_1_v9.png,1,1.548035429927242,1.19743471500123
runed_battlehammer_1_v10.png,1,1.7217170447258445,1.2549812092498749
runed_battlehammer_1_v11.png,0,-2.2171542129175092,1.2728140992808867
runed_battlehammer_1_v12.png,0,-0.418421406233728,1.3320743052586776
runed_battlehammer_1_v13.png,0,-1.3341100985738161,1.1928072868435229
runed_battlehammer_1_v14.png,0,-2.2411427665966697,1.3002065286352626
runed_battlehammer_1_v15.png,1,-0.8221213519572227,1.2768022067726228
runed_battlehammer_1_v16.png,1,2.947906072832467,1.1824135383238599
runed_battlehammer_1_v17.png,1,-2.1317242328944195,1.442452547829568
runed_battlehammer_1_v18.png,1,1.9878914172520312,1.211708905405829
runed_battlehammer_1_v19.png,0,2.1384041505802367,1.5189506206030698
runed_battlehammer_2_v0.png,1,2.425307766277246,1.4130206289714353
runed_battlehammer_2_v1.png,1,0.6237367718416299,1.6146181527109589
runed_battlehammer_2_v2.png,0,-1.903922741002766,1.6294840180518115
runed_battlehammer_2_v3.png,0,-0.6495326110872419,1.277975549983256
runed_battlehammer_2_v4.png,0,2.0777413934624103,1.4601367985383806
runed_battlehammer_2_v5.png,0,0.7754156940351856,1.3183523754466577
runed_battlehammer_2_v6.png,1,-0.5245433389959108,1.4032410538303512
runed_battlehammer_2_v7.png,1,-0.2599137518351151,1.2801220585266868
runed_battlehammer_2_v8.png,0,-0.49359003927822104,1.3122262300305978
runed_battlehammer_2_v9.png,1,3.1155440903084477,1.6434450490905483
runed_battlehammer_2_v10.png,0,0.049899188864052424,1.4148036129133617
runed_battlehammer_2_v11.png,1,2.2775457378964714,1.453945932322287
runed_battlehammer_2_v12.png,0,-2.3698479875407092,1.2812602606040706
runed_battlehammer_2_v13.png,0,-0.017779121590030034,1.273927099478316
runed_battlehammer_2_v14.png,1,-0.6055773041985703,1.3112263615922894
runed_battlehammer_2_v15.png,0,1.4495992381260434,1.6223897125291056
runed_battlehammer_2_v16.png,0,-0.29060632409187087,1.6489968602298808
runed_battlehammer_2_v17.png,1,1.1958160441065564,1.6838072530033377
runed_battlehammer_2_v18.png,1,0.004279937236567055,1.5610520323512094
runed_battlehammer_2_v19.png,1,0.6923337225513707,1.2263977615630992
runed_battlehammer_3_v0.png,1,-1.9671569326689435,1.1296274032970084
runed_battlehammer_3_v1.png,1,-1.7826327032141098,1.4104848292099654
runed_battlehammer_3_v2.png,0,-0.06398927584626823,1.2359841820715178
runed_battlehammer_3_v3.png,0,0.8217035067142875,1.125893561458607
runed_battlehammer_3_v4.png,1,0.5779693270158179,1.0479896759401552
runed_battlehammer_3_v5.png,0,1.6723953182105122,1.4172730153014836
runed_battlehammer_3_v6.png,0,-2.631946911023847,1.1632476822921263
runed_battlehammer_3_v7.png,1,-1.4064681151489218,1.064924711364846
runed_battlehammer_3_v8.png,1,-2.141456320801502,1.3750791574130128
runed_battlehammer_3_v9.png,1,-1.4872950219343437,1.2204016241407114
runed_battlehammer_3_v10.png,1,0.09617065212293185,1.0476820763014176
runed_battlehammer_3_v11.png,1,-2.576867331130792,1.0431173608452566
runed_battlehammer_3_v12.png,1,0.3828081563601369,1.202411373232114
runed_battlehammer_3_v13.png,1,-1.7266889252785314,1.0719994648630433
runed_battlehammer_3_v14.png,1,2.3460778264448514,1.2868119308851398
runed_battlehammer_3_v15.png,1,0.5088106981769844,1.2969426865077007
runed_battlehammer_3_v16.png,0,-1.832940159364471,1.3547041080990136
runed_battlehammer_3_v17.png,1,-2.237753463718412,1.2533393679679614
runed_battlehammer_3_v18.png,1,3.1039651592274504,1.019889466473866
runed_battlehammer_3_v19.png,1,0.1283518337813614,1.071934961219599
runed_battlehammer_4_v0.png,1,-2.6323151188328024,1.652558419332705
runed_battlehammer_4_v1.png,1,-1.8539514690459171,1.5672061483712505
runed_battlehammer_4_v2.png,0,-2.7187167750313184,1.4564695893157449
runed_battlehammer_4_v3.png,1,2.4940680117715774,1.54407537675782
runed_battlehammer_4_v4.png,0,-0.983239910471274,1.4963932203100734
runed_battlehammer_4_v5.png,1,0.4180240667187598,1.5390665375009025
runed_battlehammer_4_v6.png,0,0.7035658821950743,1.300467881971218
runed_battlehammer_4_v7.png,1,2.275357757494667,1.6987699016673015
runed_battlehammer_4_v8.png,0,0.39223822702660316,1.3447472274966965
runed_battlehammer_4_v9.png,1,-1.262316614817768,1.2245441953713379
runed_battlehammer_4_v10.png,0,-0.21789535728617246,1.3838722577333333
runed_battlehammer_4_v11.png,0,-1.0943429919990293,1.4420344242886654
runed_battlehammer_4_v12.png,1,0.48676988161558643,1.2535305653627185
runed_battlehammer_4_v13.png,0,2.2458095639070472,1.5567201999071878
runed_battlehammer_4_v14.png,0,-0.8936746959032986,1.2562549051356824
runed_battlehammer_4_v15.png,0,2.0244499300358387,1.3525010340132166
runed_battlehammer_4_v16.png,0,0.0626473782948232,1.3118595937338522
runed_battlehammer_4_v17.png,1,-2.773977792255537,1.4111991485957776
runed_battlehammer_4_v18.png,0,-1.574594997482039,1.6303100047675902
runed_battlehammer_4_v19.png,1,-0.7703122850800497,1.5546757062639145
sai_0_v0.png,0,0.1538199567244174,1.6888017752755726
sai_0_v1.png,0,-0.431942814173083,1.4264571915961188
sai_0_v2.png,0,1.692787841767828,1.4305023789276006
sai_0_v3.png,1,-0.6834723200586748,1.6459465274963554
sai_0_v4.png,1,-0.5825787545168195,1.5573417077081235
sai_0_v5.png,0,-1.915812056583364,1.6495814434599114
sai_0_v6.png,1,-0.3448163347598454,1.4464807468099843
sai_0_v7.png,0,2.685918963185663,1.5073804323440887
sai_0_v8.png,1,0.32138042523467725,1.8692672264192705
sai_0_v9.png,1,-2.286923908879368,1.6319537220514595
sai_0_v10.png,1,-2.1493469287722267,1.65281241024201
sai_0_v11.png,1,1.3821508407740675,1.5709914434628676
sai_0_v12.png,0,-0.4301924577328693,1.8596707309272518
sai_0_v13.png,0,1.9694620818887305,1.4539663320853826
sai_0_v14.png,1,-0.12043290293825315,1.8508896566708346
sai_0_v15.png,1,1.124709439841407,1.7557345924990684
sai_0_v16.png,1,2.823974204828517,1.400306300053169
sai_0_v17.png,0,-2.1245907985850088,1.4795409057925533
sai_0_v18.png,0,1.509010045708834,1.860561951678175
sai_0_v19.png,0,3.0251348303309946,1.4190394287836434
sai_1_v0.png,0,-0.8410802027757676,1.2160129655867196
sai_1_v1.png,1,-1.0299351732696769,1.3224451862974322
sai_1_v2.png,1,-1.7726903599884567,1.1835288194466298
sai_1_v3.png,0,0.5041033056422892,1.4252728058305317
sai_1_v4.png,1,1.4247593268069552,1.135866920151563
sai_1_v5.png,0,-1.044026935521396,1.200114283511898
sai_1_v6.png,0,1.019095832816244,1.4956311581234907
sai_1_v7.png,0,2.461610523577605,1.207016482854288
sai_1_v8.png,1,-0.3280714306293606,1.3831582648595926
sai_1_v9.png,1,-2.8986739004516426,1.4873721626121865
sai_1_v10.png,1,2.5802508380482307,1.212910301891015
sai_1_v11.png,1,2.03234676137147,1.1915878988372839
sai_1_v12.png,0,1.4009196986466148,1.2273681882428558
sai_1_v13.png,1,2.3473899654926864,1.3567470173236456
sai_1_v14.png,1,-0.07998771361564128,1.1878620163885636
sai_1_v15.png,0,2.4104774304657424,1.3841056409601877
sai_1_v16.png,0,2.3786627116627277,1.22280726372373
sai_1_v17.png,1,1.134147038324024,1.2695953476736717
sai_1_v18.png,1,2.755163898238778,1.296227778811204
sai_1_v19.png,0,-2.961602234449299,1.0625969045008297
sai_2_v0.png,1,0.756946201512275,1.7956591275446623
sai_2_v1.png,1,0.02542642682284102,1.3742163408871044
sai_2_v2.png,0,1.4982569657513176,1.5028671880934135
sai_2_v3.png,1,0.5407918263210667,1.74924856268176
sai_2_v4.png,0,1.7568257114013708,1.4534477908996604
sai_2_v5.png,0,1.3875005874189212,1.5289261448002582
sai_2_v6.png,1,-0.07799139381956133,1.3777022692519194
sai_2_v7.png,0,2.1539768162347817,1.3553023373795485
sai_2_v8.png,0,-0.7906787124875958,1.8374337558480796
sai_2_v9.png,0,3.137193550801814,1.4959409204084961
sai_2_v10.png,1,-0.5958880464341605,1.8431192052790564
sai_2_v11.png,1,-0.8998869704612833,1.5174047665918207
sai_2_v12.png,0,2.5624150559506242,1.6164100954340888
sai_2_v13.png,0,2.4692591206972443,1.6417651261679496
sai_2_v14.png,0,-2.2275114111002035,1.6857223258192202
sai_2_v15.png,0,1.1449957903495718,1.7511363291798236
sai_2_v16.png,1,-1.4918414439596335,1.5569226443102004
sai_2_v17.png,1,1.4525367939575835,1.7462213821248722
sai_2_v18.png,1,-2.771336107983766,1.4964891405983063
sai_2_v19.png,1,-1.863982960551338,1.6537306453053144
sai_3_v0.png,0,-2.985701526056266,1.3400676979633201
sai_3_v1.png,1,-1.8551150231887013,1.3530110547014698
sai_3_v2.png,1,0.14060345975499966,1.3321056562224984
sai_3_v3.png,1,-1.947563783040275,1.2177776523437955
sai_3_v4.png,0,-1.1538856691077435,1.3164046690051396
sai_3_v5.png,0,-2.759617713307771,1.407424712959577
sai_3_v6.png,0,1.9023885558040614,1.6244582622091632
sai_3_v7.png,1,-2.1761596419734515,1.372712885922636
sai_3_v8.png,1,-1.0946374655942208,1.2060748433097048
sai_3_v9.png,1,1.3821057986526013,1.617575754319419
sai_3_v10.png,0,-2.1665262966787155,1.2892235725454981
sai_3_v11.png,1,-2.4492361090563994,1.6458447678596027
sai_3_v12.png,0,2.259738116003789,1.678786002314594
sai_3_v13.png,1,2.0966732408508086,1.668387023846908
sai_3_v14.png,1,-1.530653366111812,1.6708974321317582
sai_3_v15.png,1,2.5575083307255255,1.2370424151207136
sai_3_v16.png,0,1.0962082410591534,1.5225438026129288
sai_3_v17.png,1,0.9275317721815091,1.4884124147761528
sai_3_v18.png,0,2.962137818527276,1.4473967022544916
sai_3_v19.png,1,-1.3056221436353315,1.489403841301559
sai_4_v0.png,1,-1.3640937320627344,1.5033069405551929
sai_4_v1.png,0,2.8817557904362037,1.6730865548581522
sai_4_v2.png,1,0.6719636639091118,1.646863465222071
sai_4_v3.png,1,2.091060188901788,1.3635505496015787
sai_4_v4.png,0,3.010252140572571,1.581604333664599
sai_4_v5.png,1,-0.7320276634240632,1.671362318721651
sai_4_v6.png,0,-2.1870451856327904,1.7751168288365176
sai_4_v7.png,0,-1.877406530511034,1.4159383518747426
sai_4_v8.png,0,-2.224470850854713,1.772399542405272
sai_4_v9.png,0,-1.158751604726417,1.6231160018087145
sai_4_v10.png,0,1.6553308464613923,1.4394431627545299
sai_4_v11.png,1,2.929432476010005,1.7609310304351815
sai_4_v12.png,0,0.0024488004419196407,1.3990051702419628
sai_4_v13.png,1,-2.9821963359018695,1.408966541407316
sai_4_v14.png,0,0.9839356028391526,1.4133116124597533
sai_4_v15.png,1,-2.8892057645048475,1.5855077381438225
sai_4_v16.png,1,1.6022484358588769,1.3595033930367977
sai_4_v17.png,0,0.006950154923148766,1.4176105582006584
sai_4_v18.png,0,0.07568518263199842,1.6799502949224463
sai_4_v19.png,0,-0.5635205968454482,1.5941933886853208
sapphire_glaive_0_v0.png,1,-2.1694288149701793,1.8551932170894863
sapphire_glaive_0_v1.png,1,2.44357521054326,1.8304983112176971
sapphire_glaive_0_v2.png,1,0.6592540997019487,1.5675519791750543
sapphire_glaive_0_v3.png,1,2.509949358683535,1.6645404068059264
sapphire_glaive_0_v4.png,1,1.0133082865667369,1.5720699599384154
sapphire_glaive_0_v5.png,0,0.39050082003407116,1.8219301478428003
sapphire_glaive_0_v6.png,1,0.4099458636467208,1.4496526379692256
sapphire_glaive_0_v7.png,1,-2.5824030874215698,1.7357777736692344
sapphire_glaive_0_v8.png,0,-0.28399986380711706,1.704859499695633
sapphire_glaive_0_v9.png,1,2.7573613729589934,1.797085808485549
sapphire_glaive_0_v10.png,0,-1.750418186787301,1.4785558430018113
sapphire_glaive_0_v11.png,1,-1.4326641985141961,1.6281175366857419
sapphire_glaive_0_v12.png,1,1.475712388595495,1.640889953599306
sapphire_glaive_0_v13.png,0,2.9938771519190124,1.4882956384051806
sapphire_glaive_0_v14.png,0,0.08955849772011604,1.4918470814120275
sapphire_glaive_0_v15.png,0,-1.3340616726133492,1.7892992481040613
sapphire_glaive_0_v16.png,1,2.941268891336081,1.6319923936293936
sapphire_glaive_0_v17.png,1,-0.12168908965029779,1.4734560029610035
sapphire_glaive_0_v18.png,0,-0.08003026370849753,1.4448490112717083
sapphire_glaive_0_v19.png,1,2.940420902531112,1.6960929579296289
sapphire_glaive_1_v0.png,0,-0.7314564190289925,1.3579516352099585
sapphire_glaive_1_v1.png,1,1.2097441907219204,1.4342568101803848
sapphire_glaive_1_v2.png,1,2.5168369975147513,1.5199157816152555
sapphire_glaive_1_v3.png,1,-0.03604494811490688,1.5506156287730317
sapphire_glaive_1_v4.png,0,0.5807985629267891,1.3523828599502727
sapphire_glaive_1_v5.png,1,-1.3844786375230391,1.589184611627962
sapphire_glaive_1_v6.png,1,-1.922100575744251,1.6754037789589216
sapphire_glaive_1_v7.png,1,-3.1222136054092706,1.518053571715879
sapphire_glaive_1_v8.png,1,-2.417634472615288,1.3451714016007894
sapphire_glaive_1_v9.png,0,-0.21257835856897278,1.4264144672840404
sapphire_glaive_1_v10.png,0,-0.2776138811622962,1.609859429960763
sapphire_glaive_1_v11.png,0,0.8721014425684801,1.471069695474175
sapphire_glaive_1_v12.png,0,1.5398010512949722,1.8504397212474542
sapphire_glaive_1_v13.png,0,-1.337625162597925,1.3756918114860017
sapphire_glaive_1_v14.png,1,-0.3100984482361672,1.3837058750620697
sapphire_glaive_1_v15.png,0,-2.3942564661726657,1.784064925768381
sapphire_glaive_1_v16.png,0,-0.28817589557107387,1.3543370008710185
sapphire_glaive_1_v17.png,1,-2.9832436308607457,1.4730572499717274
sapphire_glaive_1_v18.png,0,-1.954716605122296,1.325284396184015
sapphire_glaive_1_v19.png,1,-1.6799404207359605,1.4342489139333454
sapphire_glaive_2_v0.png,0,-2.4753988793807182,1.5077273988015785
sapphire_glaive_2_v1.png,1,2.715999589535441,1.5173508382746468
sapphire_glaive_2_v2.png,0,0.1804132217041321,1.755576841279253
sapphire_glaive_2_v3.png,0,-1.0076305864415835,1.6556487693560284
sapphire_glaive_2_v4.png,1,1.5000740935323646,1.406098210422887
sapphire_glaive_2_v5.png,1,0.6146393792831173,1.4681798165898663
sapphire_glaive_2_v6.png,0,-0.4044713328464944,1.5245395010885272
sapphire_glaive_2_v7.png,1,2.03788729453305,1.4501224968017346
sapphire_glaive_2_v8.png,1,-2.0572250783063595,1.5399570607697917
sapphire_glaive_2_v9.png,0,1.123100188628249,1.768410590197108
sapphire_glaive_2_v10.png,1,1.7330501205714821,1.5115069951208273
sapphire_glaive_2_v11.png,0,-0.11707381596804112,1.5754920233151875
sapphire_glaive_2_v12.png,1,0.17338110335512802,1.9213816798436314
sapphire_glaive_2_v13.png,1,1.4449617741714391,1.4455107499700408
sapphire_glaive_2_v14.png,1,-3.0730311830373864,1.4431781353857709
sapphire_glaive_2_v15.png,1,2.226367504953365,1.466582267408723
sapphire_glaive_2_v16.png,1,2.372852460347164,1.584693720860985
sapphire_glaive_2_v17.png,1,-1.386322121958647,1.5588671345285077
sapphire_glaive_2_v18.png,0,1.808341965277279,1.494789820750311
sapphire_glaive_2_v19.png,0,3.0768034769167643,1.6102955419047205
sapphire_glaive_4_v0.png,1,2.986902346947909,1.536891180130988
sapphire_glaive_4_v1.png,0,3.099124014484566,1.5181228553016812
sapphire_glaive_4_v2.png,1,-2.4366480499931997,1.4722945308580233
sapphire_glaive_4_v3.png,1,1.3989565246716043,1.5413626689373086
sapphire_glaive_4_v4.png,1,-2.2428886466792344,1.942801707352339
sapphire_glaive_4_v5.png,1,-1.460674577008703,1.6497197908359982
sapphire_glaive_4_v6.png,0,0.09868846096885342,1.9864943600769056
sapphire_glaive_4_v7.png,1,2.9207169048262362,1.5832089264250757
sapphire_glaive_4_v8.png,1,-2.1323318590995877,1.7261994146711714
sapphire_glaive_4_v9.png,1,-3.055736822299152,1.751482297420019
sapphire_glaive_4_v10.png,1,0.5730213585031727,1.7171525637383895
sapphire_glaive_4_v11.png,1,-2.829161164639861,1.7933206031071482
sapphire_glaive_4_v12.png,1,2.8324656283942953,1.9246798380514238
sapphire_glaive_4_v13.png,0,-2.5828849363929214,1.5621669074288933
sapphire_glaive_4_v14.png,0,1.9987876199774486,1.6604510461504418
sapphire_glaive_4_v15.png,0,1.4201395700408952,1.9047757789368405
sapphire_glaive_4_v16.png,0,0.34646691647483685,1.4085585075292006
sapphire_glaive_4_v17.png,1,-2.73294789834779,1.8003725581355978
sapphire_glaive_4_v18.png,0,0.682378619010074,1.681040543543953
sapphire_glaive_4_v19.png,0,-0.9664844130921288,1.5166430657192898
screwdriver_0_v0.png,1,0.5084390894796615,1.3631013971463233
screwdriver_0_v1.png,1,-2.084188388374682,1.403392082824414
screwdriver_0_v2.png,1,-1.0834124367932152,1.4603119409094605
screwdriver_0_v3.png,1,1.9356910748541025,1.670551435323516
screwdriver_0_v4.png,1,-2.54893483220716,1.4520028514840488
screwdriver_0_v5.png,1,2.576451284014987,1.5187472364833554
screwdriver_0_v6.png,1,0.7360995904903274,1.7353501613293028
screwdriver_0_v7.png,0,-2.4556013081554573,1.6301651348078574
screwdriver_0_v8.png,0,-0.9162101158497137,1.7187804604960006
screwdriver_0_v9.png,1,-1.6341093096472132,1.672465832474838
screwdriver_0_v10.png,0,-0.5197189656372484,1.5885609426593321
screwdriver_0_v11.png,1,1.8068694326040549,1.7987132802760069
screwdriver_0_v12.png,0,1.6115352841575572,1.3523809363513266
screwdriver_0_v13.png,1,-2.782161632667024,1.8348437402835167
screwdriver_0_v14.png,0,1.5347349989819585,1.4254876651427526
screwdriver_0_v15.png,0,0.5713100026701783,1.3693378279652504
screwdriver_0_v16.png,1,1.8780523357277852,1.580443498091733
screwdriver_0_v17.png,0,-1.4914027383209332,1.419941875566854
screwdriver_0_v18.png,1,-2.6787658860685837,1.8055849652584692
screwdriver_0_v19.png,1,0.7647193955237226,1.5020715586141096
screwdriver_1_v0.png,0,-2.5452499747257953,1.6989968389631673
screwdriver_1_v1.png,0,1.6834189330974245,1.6928787529575335
screwdriver_1_v2.png,1,-2.971742039984882,2.144736222409573
screwdriver_1_v3.png,0,-1.687789626345955,1.8292402375098493
screwdriver_1_v4.png,1,2.929554066869369,1.795032284089156
screwdriver_1_v5.png,1,-2.689639178679411,2.1170081423643445
screwdriver_1_v6.png,0,-0.807830069002565,2.1261876077831676
screwdriver_1_v7.png,0,-1.328043900557566,1.8825957696228215
screwdriver_1_v8.png,1,2.7833296424072174,1.5507799827621078
screwdriver_1_v9.png,0,-2.1766988094881237,1.8909439261912908
screwdriver_1_v10.png,0,1.0226240628634005,2.0671145506840194
screwdriver_1_v11.png,0,2.2132111689538947,1.9960765277562051
screwdriver_1_v12.png,1,0.9285836863010555,1.9886808461980363
screwdriver_1_v13.png,1,-1.579556329066032,1.6538446816240806
screwdriver_1_v14.png,0,1.6169555861328966,1.8597052308874145
screwdriver_1_v15.png,0,-1.8503993601917477,1.5587346966497804
screwdriver_1_v16.png,1,-3.0786333697449955,1.6242735468906457
screwdriver_1_v17.png,1,1.3009717972295085,2.078063497397893
screwdriver_1_v18.png,0,-1.8703561524247776,1.6063867354801866
screwdriver_1_v19.png,1,-1.5195705107284239,1.5672934608369156
screwdriver_2_v0.png,0,-0.5599482192689069,1.8199168968186954
screwdriver_2_v1.png,0,3.0058247332977386,1.8156034882050527
screwdriver_2_v2.png,1,-1.5732685551281949,1.7497236743245712
screwdriver_2_v3.png,0,0.49213170633012493,1.699754445428374
screwdriver_2_v4.png,1,-0.5828336799176028,1.8012373486959745
screwdriver_2_v5.png,0,2.3482924358487196,1.5137652892021196
screwdriver_2_v6.png,1,-2.985341677373283,1.476740199665738
screwdriver_2_v7.png,0,-0.9657517490326026,1.5247975720792617
screwdriver_2_v8.png,1,-0.7366718954308653,1.745995485747247
screwdriver_2_v9.png,1,1.1397434298050122,1.5419303945865923
screwdriver_2_v10.png,1,-1.7570901094936977,1.8555318046571698
screwdriver_2_v11.png,0,0.788607521480444,1.3896897456468105
screwdriver_2_v12.png,1,-0.5183498011271942,1.3660484832259703
screwdriver_2_v13.png,0,3.0415330486964685,1.369002851097227
screwdriver_2_v14.png,0,-2.478011344330721,1.449295412375181
screwdriver_2_v15.png,0,0.23461138804259285,1.4262680667877736
screwdriver_2_v16.png,0,-2.2318237001056023,1.506416941019458
screwdriver_2_v17.png,1,-1.9292863076983606,1.4791624521804327
screwdriver_2_v18.png,1,-1.3395269366326144,1.3593380334124059
screwdriver_2_v19.png,1,1.941871948506394,1.4124717365881196
screwdriver_3_v0.png,0,1.2342183572965046,1.8575527712011126
screwdriver_3_v1.png,0,-2.0725812968606117,1.4028656413223797
screwdriver_3_v2.png,1,-2.7503064465513223,1.5477706141545198
screwdriver_3_v3.png,0,-2.6658166049387106,1.785932467209736
screwdriver_3_v4.png,0,0.48010061841043505,1.3574588944879034
screwdriver_3_v5.png,1,-2.7046939540565034,1.3819283166581282
screwdriver_3_v6.png,0,-1.462533002208164,1.4530391568509864
screwdriver_3_v7.png,0,1.9492720301319206,1.4649455089455643
screwdriver_3_v8.png,0,-1.7770154620435066,1.5655611899146626
screwdriver_3_v9.png,0,2.805513168592447,1.8434658386913896
screwdriver_3_v10.png,0,0.08992069271883185,1.4021697073072903
screwdriver_3_v11.png,0,0.8242175124667135,1.5717368871796409
screwdriver_3_v12.png,0,-2.5740905707732153,1.6806253649217595
screwdriver_3_v13.png,0,1.4873536038010151,1.394002820815724
screwdriver_3_v14.png,0,-2.3664576465076985,1.422126716976852
screwdriver_3_v15.png,1,-1.1946429802600518,1.4803739892496333
screwdriver_3_v16.png,1,-0.2634470101170798,1.4332549369815053
screwdriver_3_v17.png,0,-2.3508035180424978,1.7471322842572692
screwdriver_3_v18.png,1,-1.1788835589092561,1.4283656030121978
screwdriver_3_v19.png,1,2.661014511030097,1.5596992590804752
screwdriver_4_v0.png,1,-1.0984893240372906,1.9219636955264054
screwdriver_4_v1.png,0,1.5710643349827385,1.412321796083008
screwdriver_4_v2.png,1,-2.6224593982289237,1.4886369330221534
screwdriver_4_v3.png,0,-2.1517962930979473,1.8965799924084668
screwdriver_4_v4.png,1,2.3200284067191035,1.7693383642646237
screwdriver_4_v5.png,0,-2.4029626325230926,1.9489316771576402
screwdriver_4_v6.png,1,-1.278982227720257,1.6683119232282324
screwdriver_4_v7.png,0,-0.10449287531567397,1.6865860225071156
screwdriver_4_v8.png,1,-1.8535697226773207,1.6758783575634437
screwdriver_4_v9.png,1,-0.7061645113484623,1.9268806882118639
screwdriver_4_v10.png,0,-0.4120078858369931,1.7013060083835911
screwdriver_4_v11.png,1,1.9901712296504221,1.9226977973429356
screwdriver_4_v12.png,1,1.173270610932502,1.8310720623684198
screwdriver_4_v13.png,0,-1.0516261428784826,1.8853757973564598
screwdriver_4_v14.png,1,2.977774640486852,1.7313545420526382
screwdriver_4_v15.png,1,-0.8940730100829117,1.4031405517538669
screwdriver_4_v16.png,0,-2.5012581697309817,1.4867814803518182
screwdriver_4_v17.png,0,-0.6894603561714217,1.4297286225940986
screwdriver_4_v18.png,0,0.10849787155010882,1.492418532856629
screwdriver_4_v19.png,1,-0.39234815299965903,1.5051062383232177
scythe_1_v0.png,1,-1.5577310286788206,1.3718732070937498
scythe_1_v1.png,0,1.3224709291447152,1.1521019490021616
scythe_1_v2.png,0,-1.902390306462582,1.2842616287175432
scythe_1_v3.png,1,0.42393905156568534,1.2717610301414197
scythe_1_v4.png,0,0.3552678519099284,1.3586340995138995
scythe_1_v5.png,1,-1.185532363852528,1.321475516901054
scythe_1_v6.png,1,-2.8943946187410314,1.3044848356257366
scythe_1_v7.png,1,1.0879930729143092,1.4543661771239453
scythe_1_v8.png,1,-1.2310917713372174,1.0737263919584015
scythe_1_v9.png,0,-2.8063264295149417,1.198696447497112
scythe_1_v10.png,1,-1.1640304560580788,1.088476879466908
scythe_1_v11.png,1,1.494245435198747,1.1347094705723435
scythe_1_v12.png,0,0.628472893961288,1.4333263555592404
scythe_1_v13.png,1,1.9647352434458611,1.2626718712321328
scythe_1_v14.png,1,-0.2931472346670727,1.3845162252782117
scythe_1_v15.png,1,1.0715766286571102,1.30898381378884
scythe_1_v16.png,1,1.8083056273788098,1.108099938620973
scythe_1_v17.png,0,1.814245995381645,1.07992324393247
scythe_1_v18.png,0,-1.509507944884211,1.1258334565404005
scythe_1_v19.png,1,1.5869383466952363,1.3667851175352506
scythe_2_v0.png,1,-1.0880062386885525,1.291014952711695
scythe_2_v1.png,1,-1.8221487500017162,1.2937712904228849
scythe_2_v2.png,0,-0.335250348914953,1.272233258156943
scythe_2_v3.png,1,0.5281844980363378,1.4947430189469937
scythe_2_v4.png,0,2.5003062640601024,1.2540190827956672
scythe_2_v5.png,0,2.449890908000773,1.283536786078344
scythe_2_v6.png,1,0.18981386344004025,1.1831714639581212
scythe_2_v7.png,1,-1.0350915661355335,1.1756885355503388
scythe_2_v8.png,0,2.265703860994202,1.427070540367244
scythe_2_v9.png,0,-2.135460998248287,1.3336764535246695
scythe_2_v10.png,1,2.689626968971404,1.215961249544696
scythe_2_v11.png,0,-0.7693074136682598,1.3511191471252582
scythe_2_v12.png,0,-0.5766417140080274,1.106456723491322
scythe_2_v13.png,1,-2.704636325307231,1.3141661997542011
scythe_2_v14.png,0,2.0004903665054337,1.2099289988686295
scythe_2_v15.png,0,2.7912595176158677,1.2241692689086625
scythe_2_v16.png,0,2.731740127099869,1.2691377625198257
scythe_2_v17.png,1,-2.2135402837521325,1.2142750413219252
scythe_2_v18.png,0,-0.43260026279497166,1.2775525592976376
scythe_2_v19.png,1,2.9260077977442616,1.3468635352272647
scythe_3_v0.png,0,2.0596364072501983,1.0774669331421873
scythe_3_v1.png,1,0.42069624874005074,1.3676441739729752
scythe_3_v2.png,0,-3.0682729957962165,1.249104278162608
scythe_3_v3.png,0,-1.028297987967433,1.0970196778153647
scythe_3_v4.png,1,3.110056728520676,1.2466986242131244
scythe_3_v5.png,0,3.0502922862150754,1.3582533373862309
scythe_3_v6.png,0,-1.9372398262033381,1.4201661388152762
scythe_3_v7.png,1,-2.379918707845862,1.1147404903222446
scythe_3_v8.png,1,0.06200597431066368,1.1525470984503727
scythe_3_v9.png,1,-3.1189672747544224,1.1841659253532404
scythe_3_v10.png,1,1.0122218542768155,1.0824744544327944
scythe_3_v11.png,1,-2.0755004744130656,1.036052573812868
scythe_3_v12.png,1,-2.3181674842820863,1.0713699733884243
scythe_3_v13.png,1,-2.827724161270404,1.0653408140719358
scythe_3_v14.png,0,-2.074381746847706,1.1045843279391816
scythe_3_v15.png,0,0.021585789078576445,1.0197267111194037
scythe_3_v16.png,1,0.062325660270947436,1.2895242368584197
scythe_3_v17.png,0,-1.9237347001187335,1.0858273014268622
scythe_3_v18.png,0,2.173976064966035,1.2363228991838038
scythe_3_v19.png,0,0.5465080740754089,1.0217716154392011
scythe_4_v0.png,0,-1.0636123062876823,1.5915564600562475
scythe_4_v1.png,1,-1.0535524800809415,1.490134610531157
scythe_4_v2.png,0,-2.71326347951895,1.604884692161747
scythe_4_v3.png,1,-2.392929273884997,1.588302296737369
scythe_4_v4.png,1,-2.052026140325402,1.4424422283134677
scythe_4_v5.png,1,1.8746303289146495,1.5185063273785737
scythe_4_v6.png,0,1.2759694468600058,1.4013759727481767
scythe_4_v7.png,0,-2.2528303787667787,1.45372765916018
scythe_4_v8.png,0,-0.08528263293992977,1.5583872828578966
scythe_4_v9.png,1,1.4603849694974387,1.2674374546915919
scythe_4_v10.png,1,-2.939963236081386,1.288208929911568
scythe_4_v11.png,0,2.866434355958165,1.4407133530842562
scythe_4_v12.png,1,2.1877011568555544,1.447712224947114
scythe_4_v13.png,1,2.0814648320862337,1.557330801658123
scythe_4_v14.png,0,-0.6855380459057341,1.4219765327300549
scythe_4_v15.png,1,-2.3541318176844945,1.297566922730997
scythe_4_v16.png,0,2.8639900656410777,1.4508885607950686
scythe_4_v17.png,1,-2.1562437790903077,1.325911108006309
scythe_4_v18.png,1,-2.778691747508093,1.4361057501451664
scythe_4_v19.png,1,0.9828293720290829,1.2895043624389078
shadow_dagger_0_v0.png,1,3.020216329559306,1.774881796122392
shadow_dagger_0_v1.png,0,-0.333056680047775,1.7240628020973572
shadow_dagger_0_v2.png,0,-1.6082216586469187,1.7927897499446597
shadow_dagger_0_v3.png,0,2.6527620122701627,1.5427013094568547
shadow_dagger_0_v4.png,0,1.8621215723386633,1.8185473876989735
shadow_dagger_0_v5.png,0,-0.02222731910055531,1.8048804837480394
shadow_dagger_0_v6.png,0,-1.5161397929459808,1.7654654343123573
shadow_dagger_0_v7.png,0,-0.7243466322975647,1.4993178396844347
shadow_dagger_0_v8.png,1,0.5308920867213642,1.3271183193530727
shadow_dagger_0_v9.png,0,0.44842356982769216,1.7417945809862385
shadow_dagger_0_v10.png,1,-0.11091019497937982,1.5745616936493572
shadow_dagger_0_v11.png,0,2.7838305054636896,1.8023003992184152
shadow_dagger_0_v12.png,0,-0.4616724815059543,1.7746821125878487
shadow_dagger_0_v13.png,1,1.7382384064388134,1.7126258202105535
shadow_dagger_0_v14.png,1,0.2459597487475529,1.6191338005532887
shadow_dagger_0_v15.png,1,0.7470946838706669,1.8291630041178204
shadow_dagger_0_v16.png,0,-1.2708505034257804,1.8269806439630576
shadow_dagger_0_v17.png,0,-0.21910163685109074,1.3138576728379885
shadow_dagger_0_v18.png,1,-2.5001853387698545,1.7093058685966696
shadow_dagger_0_v19.png,1,0.10965114198615078,1.5956795083831246
shadow_dagger_1_v0.png,1,2.828455447038989,1.6528983413080554
shadow_dagger_1_v1.png,0,-2.309392348042007,1.4514334398418591
shadow_dagger_1_v2.png,1,2.746459677505333,1.6946993016914529
shadow_dagger_1_v3.png,0,-2.471906837967382,1.9932718647341914
shadow_dagger_1_v4.png,0,1.7441372137025648,1.961961786627707
shadow_dagger_1_v5.png,0,-0.5172450154051877,1.842670615440425
shadow_dagger_1_v6.png,0,-1.798913287420934,1.9972801364321668
shadow_dagger_1_v7.png,0,1.7306550425385256,1.6307422655380739
shadow_dagger_1_v8.png,1,1.9896295499404584,1.585814700836995
shadow_dagger_1_v9.png,1,1.06450913602759,1.7494128165045237
shadow_dagger_1_v10.png,0,-0.3965062599793132,1.5847232275430612
shadow_dagger_1_v11.png,0,-0.871109211143807,1.784997277482739
shadow_dagger_1_v12.png,1,0.3513499208341675,1.6227362857619794
shadow_dagger_1_v13.png,0,-1.2002143597147423,1.9186634727394951
shadow_dagger_1_v14.png,0,-0.7246197677236546,1.54960060593037
shadow_dagger_1_v15.png,1,-0.20316957262981106,1.7834187072154828
shadow_dagger_1_v16.png,1,1.427586978195837,1.5874909900302154
shadow_dagger_1_v17.png,1,-1.3624606228014837,1.9770125968967238
shadow_dagger_1_v18.png,1,1.6836001855348202,1.6197917962796438
shadow_dagger_1_v19.png,1,-1.9370156255139683,1.8703817431428422
shadow_dagger_2_v0.png,1,0.40606875563050493,1.7926822507542208
shadow_dagger_2_v1.png,0,-0.8575312540935887,1.93456390289269
shadow_dagger_2_v2.png,1,-0.7490131165119975,2.1364695642887495
shadow_dagger_2_v3.png,0,0.7407867181056407,1.9062889324818575
shadow_dagger_2_v4.png,0,3.0427981975123224,1.854742501988722
shadow_dagger_2_v5.png,1,-0.35662825361491723,2.1382369595867137
shadow_dagger_2_v6.png,0,-0.37781583313520084,1.9464605538971553
shadow_dagger_2_v7.png,1,2.798181114855756,2.1176037946282498
shadow_dagger_2_v8.png,0,-2.111374501208462,1.7712700182355507
shadow_dagger_2_v9.png,1,-1.8506117883711983,1.705664855581145
shadow_dagger_2_v10.png,0,-2.8137692945382833,1.9244826282618328
shadow_dagger_2_v11.png,1,3.022996028007767,1.9994085206303243
shadow_dagger_2_v12.png,1,-1.5678022855741585,1.5993961576290603
shadow_dagger_2_v13.png,1,1.441426427410565,1.959633902416997
shadow_dagger_2_v14.png,0,0.016510026273174994,1.6156337719823417
shadow_dagger_2_v15.png,1,-1.602379673764963,1.852178317999708
shadow_dagger_2_v16.png,1,1.199420687878306,2.0326608918259397
shadow_dagger_2_v17.png,0,0.49578251304353427,1.8673328829957172
shadow_dagger_2_v18.png,1,3.0517785057213485,1.5878442932145511
shadow_dagger_2_v19.png,1,2.5724458704121016,1.5050197750410794
shadow_dagger_3_v0.png,0,2.501597706840276,1.7148805466830268
shadow_dagger_3_v1.png,0,0.20674339574450684,1.9282179278380547
shadow_dagger_3_v2.png,1,2.9728275473720283,1.8929602622918942
shadow_dagger_3_v3.png,1,1.7783501454566744,1.929561023978309
shadow_dagger_3_v4.png,1,0.3434989045010468,1.5024908456431374
shadow_dagger_3_v5.png,1,-1.1681019252370763,1.629912838384918
shadow_dagger_3_v6.png,1,-1.3750305413008066,1.8221114596997803
shadow_dagger_3_v7.png,0,-2.9898571135806282,1.5994152847560819
shadow_dagger_3_v8.png,0,1.851226812672162,1.7168616425471637
shadow_dagger_3_v9.png,0,-2.4654823901559646,1.6483302536471711
shadow_dagger_3_v10.png,0,0.47361124757187967,1.9972921198655944
shadow_dagger_3_v11.png,0,2.2722541923666064,1.567657594073757
shadow_dagger_3_v12.png,0,-0.8196612045970513,1.6795817928607681
shadow_dagger_3_v13.png,1,0.2832977870679052,1.645336803773846
shadow_dagger_3_v14.png,0,2.8745235809041088,1.5295560758382811
shadow_dagger_3_v15.png,1,-0.735566490630446,1.8474955540774471
shadow_dagger_3_v16.png,1,-1.4877273720891981,1.7184576584599418
shadow_dagger_3_v17.png,0,0.15124822151701567,1.5166337369650635
shadow_dagger_3_v18.png,0,1.8951106533229516,2.01618206535442
shadow_dagger_3_v19.png,0,-1.0107120388030673,1.9498545468385864
shadow_dagger_4_v0.png,1,-1.026606101381943,1.4987335613867352
shadow_dagger_4_v1.png,0,-2.6425539396308535,1.4526577314855453
shadow_dagger_4_v2.png,1,-2.652137557430179,1.4208497381118144
shadow_dagger_4_v3.png,0,3.050892093327345,1.6843845154144397
shadow_dagger_4_v4.png,0,-1.7820063971494031,1.8597481518863186
shadow_dagger_4_v5.png,1,-0.7749769118437149,1.368627424245904
shadow_dagger_4_v6.png,0,1.8580766235101893,1.5165001280500467
shadow_dagger_4_v7.png,0,-1.6946707338231182,1.752220293829216
shadow_dagger_4_v8.png,0,-0.26557408377397795,1.8488624052228606
shadow_dagger_4_v9.png,1,-0.9612137035186858,1.856347431325533
shadow_dagger_4_v10.png,1,1.0091880766047812,1.8683118677290098
shadow_dagger_4_v11.png,1,2.070139838513695,1.5550071013765903
shadow_dagger_4_v12.png,1,1.8976935658327787,1.6327769938311225
shadow_dagger_4_v13.png,1,-1.2295547434671885,1.6171333739723819
shadow_dagger_4_v14.png,0,-2.2322715316784887,1.709172102168804
shadow_dagger_4_v15.png,1,2.461132832616675,1.888115959294004
shadow_dagger_4_v16.png,1,-2.2653644539765105,1.6049706920778866
shadow_dagger_4_v17.png,0,-2.099952982594541,1.666650905931981
shadow_dagger_4_v18.png,0,-0.8991244495495829,1.7558077247969657
shadow_dagger_4_v19.png,1,-0.7472563145101465,1.8129406618895978
shovel_0_v0.png,1,-0.3901900297276409,1.3859931733906918
shovel_0_v1.png,0,0.6538684589355701,1.7861972947634759
shovel_0_v2.png,0,2.6471592847176177,1.5383211613457606
shovel_0_v3.png,0,1.049919250034456,1.7184790462309938
shovel_0_v4.png,1,-2.1834978257246918,1.5354865448555508
shovel_0_v5.png,1,1.3178808996837914,1.5562225190361534
shovel_0_v6.png,1,0.9603937057634195,1.8459960146073495
shovel_0_v7.png,1,1.4220333096793885,1.7328995605444006
shovel_0_v8.png,0,-0.09833147368013306,1.4606527752872993
shovel_0_v9.png,0,-0.4171242794889633,1.8497562012767026
shovel_0_v10.png,0,-0.857674511391975,1.65082672007224
shovel_0_v11.png,1,-1.0836617254312018,1.5755200780299161
shovel_0_v12.png,1,1.7771237653625416,1.7824288258117875
shovel_0_v13.png,1,0.5610548467140155,1.5010494962693235
shovel_0_v14.png,0,1.7549794141648427,1.3006044880368348
shovel_0_v15.png,0,2.8847125668780205,1.419718692336309
shovel_0_v16.png,1,1.8075360126805646,1.355809156509005
shovel_0_v17.png,1,-1.1488617708351212,1.7054910652995714
shovel_0_v18.png,1,3.0976104256463017,1.5891524111758637
shovel_0_v19.png,0,1.2101596391895628,1.3574778993372305
shovel_1_v0.png,1,-0.8799745172247098,1.8375609868056866
shovel_1_v1.png,1,-2.154149140431854,1.437474316067539
shovel_1_v2.png,1,-2.3209096789200157,1.3501953419908435
shovel_1_v3.png,1,1.7535798857054858,1.7225710677177442
shovel_1_v4.png,0,2.738305403867118,1.5427024566718026
shovel_1_v5.png,1,3.053101623665424,1.3820654093961602
shovel_1_v6.png,1,1.7085721577913275,1.7676688144009554
shovel_1_v7.png,0,-1.6577650258255499,1.5483860930606603
shovel_1_v8.png,0,1.6821636701946312,1.519428647535808
shovel_1_v9.png,1,-0.07960133654212809,1.8439912502503026
shovel_1_v10.png,0,2.400845009085786,1.4279228651627283
shovel_1_v11.png,1,2.6358289884475834,1.800759682391781
shovel_1_v12.png,1,-1.7454648570078533,1.488691202006853
shovel_1_v13.png,1,1.8183832093713381,1.663509557927131
shovel_1_v14.png,1,-0.3117261944828925,1.875649229571331
shovel_1_v15.png,1,-2.4884799260583765,1.6177391541263904
shovel_1_v16.png,1,-2.056588636683539,1.5779975613397743
shovel_1_v17.png,1,1.8252724231088642,1.7246468686176994
shovel_1_v18.png,0,1.633113023317874,1.7013972767199121
shovel_1_v19.png,0,1.9077911951642041,1.7812839292276077
shovel_2_v0.png,0,-0.9047510808730201,1.4479899455031107
shovel_2_v1.png,0,1.1197389636495818,1.4741935905193646
shovel_2_v2.png,0,-2.821501009295683,1.4963624825357436
shovel_2_v3.png,0,-2.328614051960515,1.6661484070973303
shovel_2_v4.png,0,-0.9357943841586884,1.3131951479833073
shovel_2_v5.png,1,1.302128825447921,1.357608217803911
shovel_2_v6.png,1,-0.2558026682341721,1.6335672300379167
shovel_2_v7.png,0,2.0333046139262363,1.8229103432095264
shovel_2_v8.png,0,-1.4858062452426117,1.5478790276600758
shovel_2_v9.png,1,0.6526112018917567,1.308090260782499
shovel_2_v10.png,1,-0.2613349806255465,1.7941870398107858
shovel_2_v11.png,1,-2.9714330804361273,1.6635327690921498
shovel_2_v12.png,1,-2.627627635727818,1.3597326426171596
shovel_2_v13.png,1,0.5774774660312307,1.3879499719605117
shovel_2_v14.png,1,-1.4358703416274152,1.3471243227978333
shovel_2_v15.png,1,-3.131178477988507,1.8019757952963624
shovel_2_v16.png,1,0.4906356130457987,1.7676682656849922
shovel_2_v17.png,0,3.044406935063739,1.3064333836040607
shovel_2_v18.png,1,2.6965911880768267,1.4376881174661227
shovel_2_v19.png,1,1.1751876039121603,1.4776893975529124
shovel_3_v0.png,0,2.404523272111158,1.4832786167807617
shovel_3_v1.png,0,-1.811763511238914,1.6461454199332561
shovel_3_v2.png,0,-0.11724612663613498,1.8074338914131547
shovel_3_v3.png,0,2.1791139794409364,1.4123242866269408
shovel_3_v4.png,0,1.034100852433746,1.6423098121340178
shovel_3_v5.png,1,0.14001100705035874,1.6958114948413328
shovel_3_v6.png,1,-2.5093986158313273,1.385134418480281
shovel_3_v7.png,1,-0.6944453484294676,1.6235291759135886
shovel_3_v8.png,1,1.2049890941922807,1.8890461113294417
shovel_3_v9.png,0,2.264969061647591,1.7330674302176696
shovel_3_v10.png,0,-1.6368703258837636,1.3512612787051572
shovel_3_v11.png,1,2.1163859530215463,1.6809486431090064
shovel_3_v12.png,1,-2.135928195783536,1.4579616340730652
shovel_3_v13.png,1,-2.0854737805285266,1.7761018980442846
shovel_3_v14.png,1,0.3671757311267192,1.715180495852763
shovel_3_v15.png,1,-3.120478498727075,1.5840132831117195
shovel_3_v16.png,1,0.3385824279880254,1.505438608211383
shovel_3_v17.png,0,0.4972726287079339,1.843600000356933
shovel_3_v18.png,0,2.7720395789674654,1.3743795802007437
shovel_3_v19.png,0,0.9396785426584415,1.5549705924183397
shovel_4_v0.png,0,1.2864528933051027,1.7580862930659973
shovel_4_v1.png,0,2.587640023076096,1.4746489331949115
shovel_4_v2.png,1,1.8752720544167538,1.85908535528526
shovel_4_v3.png,1,-1.7837735662087406,1.7078900016560068
shovel_4_v4.png,0,0.42217350809464715,1.556408027065475
shovel_4_v5.png,1,1.6169940549497046,2.058230861333263
shovel_4_v6.png,1,3.1071709857514183,1.5155634534548368
shovel_4_v7.png,1,-0.9223040293115244,1.921676307183111
shovel_4_v8.png,1,-0.19464352047582467,1.947916394280424
shovel_4_v9.png,0,0.8860391620277388,1.478026823289619
shovel_4_v10.png,0,-0.5583901664700283,1.674300495376163
shovel_4_v11.png,0,-2.32347156848937,1.9440861107015623
shovel_4_v12.png,0,2.1382420372583217,1.6572722761869727
shovel_4_v13.png,1,3.1154493785541897,1.55018728306168
shovel_4_v14.png,1,0.5597252245574316,1.9082665100786096
shovel_4_v15.png,0,-1.7741076413920018,1.4728540592279094
shovel_4_v16.png,1,2.2882644145656696,1.4730102288348985
shovel_4_v17.png,1,1.2868092850962858,1.8379273948437087
shovel_4_v18.png,0,2.9862984706763713,1.758947385891312
shovel_4_v19.png,1,-1.561940887851704,1.5583576976828064
sickle_0_v0.png,1,1.500959721796318,1.6199179782747246
sickle_0_v1.png,0,0.1026260994412892,1.5437167217603638
sickle_0_v2.png,1,1.8735625826945481,1.3422899912162218
sickle_0_v3.png,0,1.5639604137399032,1.262717364753183
sickle_0_v4.png,1,-0.6747640708615978,1.2375541060824027
sickle_0_v5.png,1,2.3030685403398365,1.1905098658468176
sickle_0_v6.png,0,-2.3207985845600234,1.1578426814265712
sickle_0_v7.png,1,-2.0260338006543743,1.2527644850603477
sickle_0_v8.png,0,-2.239817111254255,1.2205733470415623
sickle_0_v9.png,0,-1.6844479988496066,1.3920410114327209
sickle_0_v10.png,0,0.9979169769924636,1.202763042557737
sickle_0_v11.png,0,2.303166641243071,1.1689223479175643
sickle_0_v12.png,1,1.8454319612679704,1.1860978253548695
sickle_0_v13.png,0,3.0985168993767926,1.6246089271296154
sickle_0_v14.png,1,-2.742955840297764,1.3558812526369015
sickle_0_v15.png,1,1.1592504039094886,1.4172391381377645
sickle_0_v16.png,1,-0.13138280889739584,1.4835864349911605
sickle_0_v17.png,1,0.5798532172703281,1.3314308722437491
sickle_0_v18.png,0,-0.9319025991468574,1.4409225175651588
sickle_0_v19.png,0,1.4523096036550986,1.2957849138564936
sickle_1_v0.png,0,-1.1277617022365574,1.8405048270121374
sickle_1_v1.png,1,1.9544965654220032,1.631660476901359
sickle_1_v2.png,1,1.9404933372574047,1.4649372084775725
sickle_1_v3.png,0,-0.7916827291347477,1.3738587816901824
sickle_1_v4.png,0,-2.233822151020148,1.3518660839201415
sickle_1_v5.png,1,-0.7886391848504871,1.5721536717704598
sickle_1_v6.png,0,2.8071808117026538,1.5284551230024077
sickle_1_v7.png,1,1.2226210005495575,1.4466175513941746
sickle_1_v8.png,1,0.8467541473086891,1.4124091070484919
sickle_1_v9.png,1,1.8355523740948803,1.7672341825842905
sickle_1_v10.png,0,0.9005791637660686,1.3638460384017594
sickle_1_v11.png,0,2.2251166022682582,1.3441531023203084
sickle_1_v12.png,0,0.47947813051706845,1.7763246524730705
sickle_1_v13.png,0,1.9305257891409817,1.6686472131082712
sickle_1_v14.png,1,1.8445826501333213,1.4497320433441028
sickle_1_v15.png,1,1.1664771941647678,1.4729524156940463
sickle_1_v16.png,0,-1.04311190183644,1.4011615729388762
sickle_1_v17.png,0,1.21573304230802,1.3296214475984207
sickle_1_v18.png,1,2.6260603428971296,1.4213931311584607
sickle_1_v19.png,0,2.0922260517117417,1.436179103656541
sickle_2_v0.png,0,1.4182794939440568,1.4652746810592467
sickle_2_v1.png,0,0.17149019435817336,1.6005976433322169
sickle_2_v2.png,0,-0.8159114252403101,1.213239462843481
sickle_2_v3.png,0,0.8591025562975915,1.20566652115865
sickle_2_v4.png,0,-1.6275009611534637,1.6350394043498035
sickle_2_v5.png,0,0.2726381650818427,1.5666323351970526
sickle_2_v6.png,1,1.1053288860382038,1.3777465494693872
sickle_2_v7.png,0,-1.6979568465589252,1.488545135419354
sickle_2_v8.png,0,2.319971568745279,1.5837315498592093
sickle_2_v9.png,1,-2.642639597233298,1.2967752342485617
sickle_2_v10.png,1,-0.3986646200348146,1.4142778771739393
sickle_2_v11.png,1,-1.7188666931136916,1.3153997851258108
sickle_2_v12.png,0,-0.2553105807337366,1.3330473508106926
sickle_2_v13.png,1,-2.169352282241914,1.2737658235913942
sickle_2_v14.png,0,-1.3183382944687019,1.2006950645116576
sickle_2_v15.png,1,-0.8613069451087538,1.406884235767248
sickle_2_v16.png,0,0.9895953077976124,1.3981222511448232
sickle_2_v17.png,1,0.8214128353352882,1.5328334987290702
sickle_2_v18.png,0,-0.3312328242389674,1.539231085307453
sickle_2_v19.png,0,-2.7330719754203345,1.3422312099438547
sickle_3_v0.png,1,1.4961732027076637,1.7111876271462474
sickle_3_v1.png,0,-0.7918958252103647,1.5166215974558015
sickle_3_v2.png,1,-0.9462969413638258,1.8606720243696975
sickle_3_v3.png,1,1.167908010156955,1.9155179639599385
sickle_3_v4.png,1,-0.12766819547092112,1.7086912616191807
sickle_3_v5.png,1,-2.9035347242740843,1.8971281375416809
sickle_3_v6.png,0,-0.4899426095112128,1.6101893664290294
sickle_3_v7.png,0,-2.5594768822590925,1.9532400726205512
sickle_3_v8.png,1,1.0812903860271337,1.863752411945107
sickle_3_v9.png,0,-0.9841386795888819,1.6368314053304396
sickle_3_v10.png,0,-0.5977315040727613,1.9003707817680826
sickle_3_v11.png,1,1.9519373782133589,1.8704363450352317
sickle_3_v12.png,1,0.3076724843741745,1.6632176105153411
sickle_3_v13.png,1,-0.5587880159258276,1.6196290720923774
sickle_3_v14.png,1,2.026805447636708,1.7371546571930567
sickle_3_v15.png,0,-2.488201956984282,2.0197782679888774
sickle_3_v16.png,1,0.2626677811079856,1.5509190756130353
sickle_3_v17.png,1,-2.5337033953355514,1.4543283570902341
sickle_3_v18.png,0,1.6827423682794347,2.0004219250083417
sickle_3_v19.png,0,2.1280513286133163,1.5964443388266312
sickle_4_v0.png,0,-2.0704662109199714,1.3727062320352157
sickle_4_v1.png,0,1.893497229720807,1.69889303834046
sickle_4_v2.png,1,-0.2679949682881705,1.5867165843561462
sickle_4_v3.png,1,2.796380732770749,1.6447927719764177
sickle_4_v4.png,1,-2.749056771921806,1.39949403652439
sickle_4_v5.png,0,-2.3613623710780316,1.440263132026303
sickle_4_v6.png,0,1.4331121407023597,1.2001282367843504
sickle_4_v7.png,0,-1.8136261083125795,1.6966817238463938
sickle_4_v8.png,0,2.973502292486388,1.3187846283179658
sickle_4_v9.png,0,-1.7107040833898037,1.3884068932565763
sickle_4_v10.png,0,-2.9920458339714715,1.4075075553700052
sickle_4_v11.png,0,-2.8121594211489245,1.4385162502541111
sickle_4_v12.png,0,2.809513584233308,1.5908885465279998
sickle_4_v13.png,0,1.8663370584970786,1.3216766149984325
sickle_4_v14.png,1,-2.2117091629762653,1.4302392974234466
sickle_4_v15.png,0,3.0404662036450807,1.308335813351153
sickle_4_v16.png,1,2.3511111758755643,1.2605953149980194
sickle_4_v17.png,1,0.18407414457265459,1.2393421256725767
sickle_4_v18.png,1,-0.2695074190369703,1.2252309562103052
sickle_4_v19.png,1,1.3880365151976222,1.2019497943275708
silver_trident_0_v0.png,1,2.5198140982895434,1.6204960776732156
silver_trident_0_v1.png,1,-2.5562431857830274,1.6220275736661478
silver_trident_0_v2.png,1,1.8784662601272115,1.3481326069764472
silver_trident_0_v3.png,1,-2.7333824703651306,1.4649494011517412
silver_trident_0_v4.png,1,-1.5074204339523494,1.4686674973878238
silver_trident_0_v5.png,1,3.062864009201164,1.5844490349795426
silver_trident_0_v6.png,1,-1.8944378378025224,1.5390700523100245
silver_trident_0_v7.png,1,1.8916502608968453,1.5480530515902025
silver_trident_0_v8.png,0,-0.010176330522493782,1.4234402478887034
silver_trident_0_v9.png,1,-2.7935486301951107,1.708734157476338
silver_trident_0_v10.png,1,1.4947323733311901,1.3006062948506973
silver_trident_0_v11.png,1,-0.9869299273698857,1.418378893963057
silver_trident_0_v12.png,1,2.9918834884459016,1.3667185617215862
silver_trident_0_v13.png,1,1.0556126269795796,1.4865931484590011
silver_trident_0_v14.png,1,-2.1298191520309198,1.8428833086679797
silver_trident_0_v15.png,0,-1.5432221919396465,1.8493346104893156
silver_trident_0_v16.png,0,-0.9034465975711816,1.5807188816979496
silver_trident_0_v17.png,0,0.6130728975475408,1.8350985489574891
silver_trident_0_v18.png,1,3.039520861109044,1.8391417962369332
silver_trident_0_v19.png,1,0.7628810252876974,1.5742801686289132
silver_trident_1_v0.png,0,-0.37415701906477095,1.7184793741496613
silver_trident_1_v1.png,0,-3.0502698647573876,1.4394704287374345
silver_trident_1_v2.png,0,2.113799127931423,1.5302825884275773
silver_trident_1_v3.png,0,-1.4904409813154658,1.5898886578515978
silver_trident_1_v4.png,0,-3.0754270429653228,1.3504237194819637
silver_trident_1_v5.png,0,-2.7010968084273443,1.7980154364122984
silver_trident_1_v6.png,1,1.6438598933261286,1.9000978406865612
silver_trident_1_v7.png,0,2.5284611374894554,1.602136463074819
silver_trident_1_v8.png,0,2.7768861715229525,1.68163263167262
silver_trident_1_v9.png,1,-1.4339504628732422,1.7959909390440179
silver_trident_1_v10.png,1,-0.8670287127486116,1.463799865736984
silver_trident_1_v11.png,1,-0.4176789653536517,1.4297253190347161
silver_trident_1_v12.png,0,1.0284224136574507,1.3794280752011006
silver_trident_1_v13.png,1,-2.74739421661402,1.6695422252436845
silver_trident_1_v14.png,1,-1.9349125461412182,1.719191566246697
silver_trident_1_v15.png,1,-2.263045884928651,1.403925535703678
silver_trident_1_v16.png,0,-1.3802347981826255,1.701211249537244
silver_trident_1_v17.png,0,2.516952704286284,1.6908241017888097
silver_trident_1_v18.png,0,-0.0007134344155055317,1.5312815384936214
silver_trident_1_v19.png,1,-2.97848674380927,1.4287411693708056
silver_trident_2_v0.png,0,-1.0228161085370129,1.7143598434672278
silver_trident_2_v1.png,1,-2.6662164786953086,1.7206059979937756
silver_trident_2_v2.png,1,2.4300137283490186,1.663388945813898
silver_trident_2_v3.png,0,-0.4666417857509413,1.5399271120758866
silver_trident_2_v4.png,0,0.4524440963644183,1.4861231562924433
silver_trident_2_v5.png,1,-0.8711702954298932,1.7938231021160709
silver_trident_2_v6.png,1,-2.2688741075105305,1.5515062691387198
silver_trident_2_v7.png,1,-1.767607194128768,1.8751044591734012
silver_trident_2_v8.png,0,0.8394788759971787,1.829880979913525
silver_trident_2_v9.png,1,0.4803268074516811,1.492526313155912
silver_trident_2_v10.png,1,-2.6020265999224215,1.8496764189737815
silver_trident_2_v11.png,0,2.796210817962236,1.4903080342891428
silver_trident_2_v12.png,1,1.3879541224709335,1.5741856877602856
silver_trident_2_v13.png,1,-1.9053689518779375,1.7147830567293767
silver_trident_2_v14.png,0,2.2858723053081,1.7771204956466524
silver_trident_2_v15.png,1,-2.5029311031546797,1.4573066197392046
silver_trident_2_v16.png,1,-2.547521081463393,1.6105087022862101
silver_trident_2_v17.png,0,-3.082054874164906,1.5783559009818107
silver_trident_2_v18.png,1,-0.6350026719394175,1.4125627326268326
silver_trident_2_v19.png,1,-0.8956322425208976,1.9525834235817998
silver_trident_3_v0.png,0,-1.166545000725777,1.5865234677699822
silver_trident_3_v1.png,0,1.8949526952623885,1.8786060477376254
silver_trident_3_v2.png,1,3.0285093386058124,1.4750676315523208
silver_trident_3_v3.png,0,0.6945714664478926,1.8292395547954523
silver_trident_3_v4.png,1,-1.0751314461756856,1.4686044845119668
silver_trident_3_v5.png,0,-1.1227888511270319,1.5424988833394644
silver_trident_3_v6.png,1,2.673088609771615,1.4335835109073156
silver_trident_3_v7.png,0,-0.7253445033712644,1.4781159701313507
silver_trident_3_v8.png,1,-2.4762404276933254,1.4056040224596045
silver_trident_3_v9.png,1,-3.084471184241889,1.4554107316322231
silver_trident_3_v10.png,0,2.9783825629589886,1.7102295739167928
silver_trident_3_v11.png,0,1.5389650116101157,1.4672399585999047
silver_trident_3_v12.png,1,1.6063244884346042,1.403405524144839
silver_trident_3_v13.png,0,-3.0206295561423544,1.4558901891329723
silver_trident_3_v14.png,0,-2.270441216623123,1.6938253338652345
silver_trident_3_v15.png,1,-1.5484718840895022,1.6113127452475378
silver_trident_3_v16.png,1,-0.46855624069756097,1.802634494922582
silver_trident_3_v17.png,1,-2.2714868788771625,1.5836176974408411
silver_trident_3_v18.png,1,3.1184402831050506,1.4853114383941963
silver_trident_3_v19.png,0,-2.5094242539273584,1.8594525072919628
silver_trident_4_v0.png,1,-0.6407301036114545,1.5109559814036007
silver_trident_4_v1.png,0,-2.1129399015630996,1.7030512726972156
silver_trident_4_v2.png,1,-1.0829021805162578,1.6256655016724642
silver_trident_4_v3.png,0,-1.3744394327158371,1.4262412124275035
silver_trident_4_v4.png,0,2.5080811703373374,1.6076985596310553
silver_trident_4_v5.png,1,-2.0889543131861465,1.657336613216614
silver_trident_4_v6.png,1,-1.437417876556184,1.4014894378420988
silver_trident_4_v7.png,0,1.3097102675815555,1.5228773176116897
silver_trident_4_v8.png,1,2.072758440823735,1.8639368095782018
silver_trident_4_v9.png,1,0.23511476274702225,1.4096209372662845
silver_trident_4_v10.png,0,0.700872929229337,1.4448256528822272
silver_trident_4_v11.png,1,0.8599924473888501,1.543437689650938
silver_trident_4_v12.png,0,1.4688191601290441,1.4382108000691636
silver_trident_4_v13.png,1,2.1762301231667576,1.6380104926221426
silver_trident_4_v14.png,1,0.8536409206849866,1.878983793100216
silver_trident_4_v15.png,1,-1.6633703802565627,1.7017308164358158
silver_trident_4_v16.png,0,0.3868272656177798,1.9442287208752411
silver_trident_4_v17.png,1,2.3109556041421335,1.6860966442556895
silver_trident_4_v18.png,0,-2.761040585531497,1.8395360338738802
silver_trident_4_v19.png,1,-1.388499166067815,1.5851519802098806
sledgehammer_0_v0.png,1,1.85453425233765,1.2269868306268028
sledgehammer_0_v1.png,0,-1.86389750256685,1.3992200808433353
sledgehammer_0_v2.png,1,-2.5080399585546123,1.1540851119405233
sledgehammer_0_v3.png,0,-1.934260205368287,1.3423728455100208
sledgehammer_0_v4.png,0,-3.1320093176785706,1.512774008795451
sledgehammer_0_v5.png,1,-1.9455454227016045,1.4170650521596169
sledgehammer_0_v6.png,0,-0.6297789201652111,1.2284751495215198
sledgehammer_0_v7.png,0,-1.4295279832391938,1.3215097265701914
sledgehammer_0_v8.png,0,2.4730468819252884,1.3790116483502064
sledgehammer_0_v9.png,1,2.2290299778839886,1.318856454578979
sledgehammer_0_v10.png,0,1.8957353898052811,1.2141869315932818
sledgehammer_0_v11.png,0,0.5406005032993358,1.2496934682597398
sledgehammer_0_v12.png,0,-2.9645787760469315,1.315501077255446
sledgehammer_0_v13.png,1,-1.5139766230209597,1.2353193360799637
sledgehammer_0_v14.png,1,1.2890921185472526,1.2633792704233897
sledgehammer_0_v15.png,1,2.7112594221853135,1.3098513479971121
sledgehammer_0_v16.png,1,2.0033711112467416,1.294704031381492
sledgehammer_0_v17.png,0,0.497250529418681,1.5553984537396577
sledgehammer_0_v18.png,1,-1.625178363986322,1.2940234606516146
sledgehammer_0_v19.png,1,-2.5093812337302444,1.2466785784871945
sledgehammer_1_v0.png,1,-0.9263315957011651,1.613110037309682
sledgehammer_1_v1.png,0,-1.5748291669604484,1.4623050166743718
sledgehammer_1_v2.png,1,2.700261279832714,1.167565012941172
sledgehammer_1_v3.png,1,-2.9107996226957535,1.2286070672089302
sledgehammer_1_v4.png,1,0.271150572112834,1.4162176881172668
sledgehammer_1_v5.png,0,1.2778121167302106,1.2353672062157892
sledgehammer_1_v6.png,1,2.10878999739168,1.2622804141086392
sledgehammer_1_v7.png,1,-1.7854651874022123,1.385498193109244
sledgehammer_1_v8.png,1,1.4240621860966893,1.1575091484589028
sledgehammer_1_v9.png,0,-1.21703334375663,1.6089081696820304
sledgehammer_1_v10.png,0,-0.2512117471509807,1.3215892945026415
sledgehammer_1_v11.png,0,1.079631467364957,1.4868045560456975
sledgehammer_1_v12.png,1,-1.8052337899945918,1.486277067519665
sledgehammer_1_v13.png,1,-1.265475858300631,1.3952112117005309
sledgehammer_1_v14.png,0,-0.8585981412008721,1.298058820702954
sledgehammer_1_v15.png,1,2.623754914193552,1.2620403208857118
sledgehammer_1_v16.png,0,2.418287916290519,1.4373804640521426
sledgehammer_1_v17.png,0,0.3708247448690969,1.4211521493305357
sledgehammer_1_v18.png,1,2.825466529001647,1.3727394724315365
sledgehammer_1_v19.png,0,0.4619427537580383,1.587831662153104
sledgehammer_2_v0.png,0,-2.3351890937677204,1.3898617152088801
sledgehammer_2_v1.png,1,1.5885585092909897,1.2815534106068507
sledgehammer_2_v2.png,1,2.1217353704038113,1.3832753656400478
sledgehammer_2_v3.png,1,1.4989277187445689,1.6767029525629267
sledgehammer_2_v4.png,1,-1.263886489174697,1.3488979955134395
sledgehammer_2_v5.png,0,2.195557277344326,1.7585880828835674
sledgehammer_2_v6.png,0,-1.4772086121987955,1.7653897655656319
sledgehammer_2_v7.png,1,-0.6408034494928432,1.5331928706076519
sledgehammer_2_v8.png,1,-2.8214101310407598,1.294593048051301
sledgehammer_2_v9.png,0,-1.1546917224615547,1.2929959450074728
sledgehammer_2_v10.png,1,2.5192637144479106,1.4760001939526646
sledgehammer_2_v11.png,1,-1.7824545203175948,1.7813604016634828
sledgehammer_2_v12.png,1,3.1121658988294594,1.345270558987383
sledgehammer_2_v13.png,0,1.7349914686039933,1.545755203406718
sledgehammer_2_v14.png,1,0.008015716731550548,1.7352150626698533
sledgehammer_2_v15.png,1,-1.4457677878867132,1.2927002614565661
sledgehammer_2_v16.png,0,2.2971943477277597,1.6099886911741672
sledgehammer_2_v17.png,1,-1.4454763494303653,1.3888736639203922
sledgehammer_2_v18.png,0,-0.22082976863104753,1.7343863329334772
sledgehammer_2_v19.png,1,-1.0982743801435917,1.4727653650486914
sledgehammer_3_v0.png,1,2.695472926204579,2.071019698315521
sledgehammer_3_v1.png,1,0.8938893681394916,1.46500570858802
sledgehammer_3_v2.png,1,0.5401605462731379,1.7037138880773945
sledgehammer_3_v3.png,1,-0.5638430596334825,2.023549267160914
sledgehammer_3_v4.png,0,-2.885113590940861,1.5089683576211974
sledgehammer_3_v5.png,0,-2.016367993233553,1.4806994878846857
sledgehammer_3_v6.png,1,1.4043004268285157,1.4775594938864527
sledgehammer_3_v7.png,0,1.4786493791551862,1.8832268528212432
sledgehammer_3_v8.png,0,1.7010967591004742,1.7501670873352995
sledgehammer_3_v9.png,1,-0.3690120249627285,1.653256529423723
sledgehammer_3_v10.png,0,1.9565432887490384,1.5792117742469218
sledgehammer_3_v11.png,1,3.1142019847599065,1.5439958569302803
sledgehammer_3_v12.png,1,0.6371010959104778,2.0540266977927373
sledgehammer_3_v13.png,1,0.9121915609600929,1.588819697405209
sledgehammer_3_v14.png,1,2.389927103362815,1.9466004186721175
sledgehammer_3_v15.png,1,1.7479912148157446,1.5925837205503601
sledgehammer_3_v16.png,1,-2.719595036731484,1.906090065996981
sledgehammer_3_v17.png,1,-0.9233547107485751,1.5156873529523949
sledgehammer_3_v18.png,1,3.1113832476104113,1.6643368032103159
sledgehammer_3_v19.png,1,-3.053680780754916,1.9466173417183106
sledgehammer_4_v0.png,1,-2.974298084890952,1.7736344683520826
sledgehammer_4_v1.png,0,-1.975573269062017,1.7187468605904657
sledgehammer_4_v2.png,1,-0.6997770772882967,1.4853715300530084
sledgehammer_4_v3.png,0,1.9686774905860545,1.2531637778303852
sledgehammer_4_v4.png,0,-0.47679447382901796,1.7204472302492355
sledgehammer_4_v5.png,1,2.384720187647619,1.6223584686216772
sledgehammer_4_v6.png,1,2.1899380852871966,1.6760580640099179
sledgehammer_4_v7.png,1,-0.029251190306663233,1.3407159189428852
sledgehammer_4_v8.png,0,-0.21640923156789094,1.2522375015550606
sledgehammer_4_v9.png,0,-2.2023688348876203,1.77285115259438
sledgehammer_4_v10.png,0,0.46413760293635997,1.2811179070399275
sledgehammer_4_v11.png,0,-1.335217626750917,1.481948711762635
sledgehammer_4_v12.png,0,-3.0665277507527646,1.465481705659092
sledgehammer_4_v13.png,1,3.128839542376951,1.4692420222383045
sledgehammer_4_v14.png,0,-2.5581968378858106,1.4238192614437981
sledgehammer_4_v15.png,1,-1.6175386584031441,1.2574673497919329
sledgehammer_4_v16.png,0,-0.22522258558813957,1.683338198132963
sledgehammer_4_v17.png,1,1.9722637055395198,1.4148660935038098
sledgehammer_4_v18.png,0,0.9511888081683917,1.3480324766547993
sledgehammer_4_v19.png,0,0.6318068019373415,1.2919745461303258
spear_0_v0.png,0,2.0688313038302724,1.6689185529478077
spear_0_v1.png,0,1.1098275206688941,1.638406687831659
spear_0_v2.png,0,2.704706701490985,1.604518801476854
spear_0_v3.png,1,2.9095012925891566,1.3562469748165185
spear_0_v4.png,0,3.1336836526139025,1.5871077459481715
spear_0_v5.png,0,-1.7978008355416506,1.5854467239849073
spear_0_v6.png,0,0.6648547353835443,1.3646965793191135
spear_0_v7.png,0,1.312350420372446,1.3327506508624078
spear_0_v8.png,1,-1.3692455127747483,1.7655089746459847
spear_0_v9.png,1,-0.9842173182586027,1.4366161268277462
spear_0_v10.png,1,-1.1145625576483784,1.7832288543020915
spear_0_v11.png,1,0.7909329816524941,1.7548074517092735
spear_0_v12.png,0,-2.0250486531356664,1.6731656460494304
spear_0_v13.png,1,-2.726214947713082,1.5543221651563575
spear_0_v14.png,1,2.293426188047847,1.5126610093738557
spear_0_v15.png,0,-1.4292876684384304,1.4731299752001201
spear_0_v16.png,1,-0.3219657976072865,1.5952074905625087
spear_0_v17.png,1,-2.7995824499660085,1.8376062323030213
spear_0_v18.png,1,-1.2276938077107769,1.742030909735053
spear_0_v19.png,0,2.0462417123514176,1.5982429981111226
spear_1_v0.png,1,1.5392173290189273,1.562440285486759
spear_1_v1.png,1,-1.6341271473236656,1.726812577730316
spear_1_v2.png,1,-0.9131914762466664,1.4748172847402017
spear_1_v3.png,1,1.4448773102218642,1.4651922625433484
spear_1_v4.png,1,2.5765296377664373,1.7444247927744811
spear_1_v5.png,0,1.4238918416909343,1.6557186140696452
spear_1_v6.png,1,-0.25569510697189024,1.8342957670735787
spear_1_v7.png,1,-2.541688412161011,1.3873273581510062
spear_1_v8.png,0,3.0830772731080662,1.332972462583095
spear_1_v9.png,0,-0.058113572662449986,1.8178389395726349
spear_1_v10.png,1,-0.33437002873654453,1.437540285660158
spear_1_v11.png,0,0.7403326475945611,1.3361604366600812
spear_1_v12.png,1,-0.9956318928588939,1.53131902716983
spear_1_v13.png,1,-2.1427068478718603,1.5755651386434206
spear_1_v14.png,0,-1.1954128348421342,1.3513361995053348
spear_1_v15.png,0,-0.3211284558251015,1.621916597000025
spear_1_v16.png,0,-0.08318449399549266,1.4829753222664341
spear_1_v17.png,1,-3.0724940193061583,1.5128610015317017
spear_1_v18.png,0,0.7369782736972474,1.7908029541020998
spear_1_v19.png,1,0.8356874626442419,1.3639555553845322
spear_2_v0.png,0,2.840185766081529,1.6880339658425942
spear_2_v1.png,0,0.9873986440523621,1.7331572452823414
spear_2_v2.png,1,0.22474548102945158,1.6457684212407524
spear_2_v3.png,1,2.9254806486580485,1.5169732870014292
spear_2_v4.png,1,-1.0132948992981627,1.6567805424160251
spear_2_v5.png,1,0.1106183398055739,1.624944320492922
spear_2_v6.png,1,1.554389076353013,1.487094938406339
spear_2_v7.png,1,1.3932727033847,1.373649575995085
spear_2_v8.png,0,-1.979123291640581,1.4023472908916985
spear_2_v9.png,0,-0.63640000106272,1.708180950784121
spear_2_v10.png,0,-0.5187822288509558,1.8640269063014179
spear_2_v11.png,0,-0.6640648544477038,1.7762274244239162
spear_2_v12.png,0,-2.364090813932668,1.8534292087253983
spear_2_v13.png,1,-3.1087358143225448,1.4258466801531178
spear_2_v14.png,1,-2.314587370539332,1.3930056961416148
spear_2_v15.png,1,1.9628054673859785,1.6918683814486546
spear_2_v16.png,0,2.0885022355894103,1.705192137038696
spear_2_v17.png,0,-0.331154421135784,1.7599021830167387
spear_2_v18.png,1,-0.0550233335927115,1.7865577381612854
spear_2_v19.png,1,-2.8484266155143505,1.5329366377280391
spear_3_v0.png,1,-2.8863405474882944,1.6980091558173729
spear_3_v1.png,1,-1.753940660821176,1.9966763848716726
spear_3_v2.png,1,3.021492567464578,1.5593833425657928
spear_3_v3.png,0,1.0187306541231074,1.86171816442904
spear_3_v4.png,0,-1.2066908289203235,1.8399119126700356
spear_3_v5.png,0,-0.08803809896788817,1.7653999366325088
spear_3_v6.png,0,2.430829772657384,1.9135094255582796
spear_3_v7.png,1,-2.1769392549014333,1.7407934153736677
spear_3_v8.png,1,2.6876951603163066,1.8013638253923534
spear_3_v9.png,0,-0.28563774651795626,1.507212721406034
spear_3_v10.png,1,0.4879494950544263,1.6735943430469113
spear_3_v11.png,1,-1.8654174365149583,2.03592831475668
spear_3_v12.png,1,-1.4726363802949307,1.8783579068888743
spear_3_v13.png,1,2.977977889783917,1.6115469812019592
spear_3_v14.png,0,-3.0289014858035976,2.0923414854031064
spear_3_v15.png,1,0.25849036285869254,2.0012190224625077
spear_3_v16.png,1,-2.2391146325895392,1.8099202293916166
spear_3_v17.png,1,2.0504949879737664,1.7947945979901083
spear_3_v18.png,1,2.45436755515339,1.6111525212356865
spear_3_v19.png,1,-1.3416827586473956,1.6388480287597875
spear_4_v0.png,0,-0.6313646733212366,1.6117804741026271
spear_4_v1.png,0,-0.2783870045853867,1.9242849358644856
spear_4_v2.png,1,1.8585563609048892,1.4555605320345375
spear_4_v3.png,0,1.5943275821434462,1.361365864119458
spear_4_v4.png,0,0.5597394799325832,1.7138919530863828
spear_4_v5.png,1,-1.0648444313929328,1.453711095266845
spear_4_v6.png,1,0.3596611670415446,1.4270697792515097
spear_4_v7.png,1,-2.2398979781524506,1.5814569958607705
spear_4_v8.png,0,2.3688749439791184,1.888653553887652
spear_4_v9.png,0,-0.0488793690104794,1.8610004872946229
spear_4_v10.png,1,0.31137557588633413,1.9119505822870448
spear_4_v11.png,0,-2.1290281044048793,1.6426837320994203
spear_4_v12.png,1,-1.5705887108954464,1.5384494095643662
spear_4_v13.png,0,-1.46730969051025,1.6054048123266427
spear_4_v14.png,0,-2.134261888355252,1.683503176679605
spear_4_v15.png,0,-3.0868881762138813,1.4774626901737644
spear_4_v16.png,0,0.6391476637597431,1.830154335856854
spear_4_v17.png,0,2.7490461295767874,1.4697393447851952
spear_4_v18.png,0,-2.589135038583549,1.5153199806624897
spear_4_v19.png,0,-2.06673878287985,1.3848822492976616
spectral_scimitar_0_v0.png,1,-2.6191363240994496,1.4736057384354226
spectral_scimitar_0_v1.png,0,2.483628177307342,1.6347413692355726
spectral_scimitar_0_v2.png,1,0.4121118706213549,1.827073632433107
spectral_scimitar_0_v3.png,0,2.6273785740042124,1.8293870390349065
spectral_scimitar_0_v4.png,0,2.2585343937433904,1.4709782203696231
spectral_scimitar_0_v5.png,0,-2.945008023395566,1.561978735874144
spectral_scimitar_0_v6.png,1,-0.45398472248668886,1.6242360468037773
spectral_scimitar_0_v7.png,0,2.0898982127710193,1.780988335213845
spectral_scimitar_0_v8.png,1,2.6355410893870452,1.7204827238919354
spectral_scimitar_0_v9.png,0,1.466931179961512,1.814848573688491
spectral_scimitar_0_v10.png,1,0.79296941386406,1.8288755293883763
spectral_scimitar_0_v11.png,0,-0.14855042401783125,1.6316817959850245
spectral_scimitar_0_v12.png,0,-3.1343811237205808,1.4848010569018466
spectral_scimitar_0_v13.png,0,-3.082379736585491,1.437942451003346
spectral_scimitar_0_v14.png,1,-2.993492597105554,1.4049133813429
spectral_scimitar_0_v15.png,1,2.616230968816594,1.8033128653027446
spectral_scimitar_0_v16.png,1,1.077092924251704,1.56621643493002
spectral_scimitar_0_v17.png,0,-0.7981326378200198,1.391338833879351
spectral_scimitar_0_v18.png,0,0.015661150899602294,1.3899774939814018
spectral_scimitar_0_v19.png,0,-1.623856403330536,1.8177689795710072
spectral_scimitar_1_v0.png,1,-1.2184934516605663,1.4566246117218817
spectral_scimitar_1_v1.png,1,3.127203967502731,1.1724663901537227
spectral_scimitar_1_v2.png,0,1.4771934914468785,1.2475563692087421
spectral_scimitar_1_v3.png,1,-3.0774318394301954,1.2603933320909089
spectral_scimitar_1_v4.png,0,-0.1426530239161079,1.1704286168559868
spectral_scimitar_1_v5.png,0,-3.086114447802083,1.396181101277635
spectral_scimitar_1_v6.png,0,-3.0544433725872526,1.4305659967792113
spectral_scimitar_1_v7.png,1,-1.8726706221445486,1.3983068578189597
spectral_scimitar_1_v8.png,0,1.3510603045837821,1.4271249921428832
spectral_scimitar_1_v9.png,1,2.080011674449573,1.168534608575307
spectral_scimitar_1_v10.png,0,0.8875373224474477,1.546301512316334
spectral_scimitar_1_v11.png,0,-0.4750573740521231,1.534018305257663
spectral_scimitar_1_v12.png,1,2.9828146660318384,1.2832757602932472
spectral_scimitar_1_v13.png,0,-0.8419039848141301,1.541585169617346
spectral_scimitar_1_v14.png,1,0.8123698156957946,1.5191923242842684
spectral_scimitar_1_v15.png,1,1.4387144554371942,1.591592632662844
spectral_scimitar_1_v16.png,1,2.7658034932742184,1.4426969059253394
spectral_scimitar_1_v17.png,1,-1.2598106765263593,1.5815657501743448
spectral_scimitar_1_v18.png,0,1.491057784369871,1.539369278202532
spectral_scimitar_1_v19.png,1,-0.5935125848101945,1.4706102746892922
spectral_scimitar_2_v0.png,0,-0.26191034256319057,1.2593794329064598
spectral_scimitar_2_v1.png,1,-0.03303217414525772,1.7311439873921703
spectral_scimitar_2_v2.png,1,1.8100895977604678,1.4116813393622902
spectral_scimitar_2_v3.png,1,-1.24158187481585,1.3385055304912685
spectral_scimitar_2_v4.png,1,-2.192833606072412,1.640237059733614
spectral_scimitar_2_v5.png,1,2.8042824097881507,1.6941773490494303
spectral_scimitar_2_v6.png,0,-2.0647382872667137,1.2608993512476407
spectral_scimitar_2_v7.png,0,0.6515322841498961,1.4849204206070346
spectral_scimitar_2_v8.png,0,-2.5407475543074693,1.3439745489278563
spectral_scimitar_2_v9.png,0,0.43257869206891986,1.3455100356385992
spectral_scimitar_2_v10.png,1,0.47976030648282353,1.4673001851440033
spectral_scimitar_2_v11.png,0,-1.8897497498495621,1.5590906205022004
spectral_scimitar_2_v12.png,1,2.2598012729601415,1.2901347962734466
spectral_scimitar_2_v13.png,1,2.2264379152402354,1.59189415338374
spectral_scimitar_2_v14.png,1,-0.2885617103319942,1.7176245600008404
spectral_scimitar_2_v15.png,1,2.8934363846996503,1.3460431741918553
spectral_scimitar_2_v16.png,1,-1.3661660063279957,1.634216494070524
spectral_scimitar_2_v17.png,0,-0.9103752282099755,1.3742319789560014
spectral_scimitar_2_v18.png,1,0.5254792464619806,1.5431199082724927
spectral_scimitar_2_v19.png,1,-3.121372940537327,1.5940995600506553
spectral_scimitar_3_v0.png,0,-2.4352794752180658,1.5953852188414694
spectral_scimitar_3_v1.png,1,-2.4509417074923605,1.532439992401049
spectral_scimitar_3_v2.png,1,-0.48420004607439937,1.533675727946887
spectral_scimitar_3_v3.png,1,-1.8628673144038022,1.5560246558432138
spectral_scimitar_3_v4.png,0,-0.05450917486122098,1.8960921507329165
spectral_scimitar_3_v5.png,1,-1.1098839682240085,1.5239542025631538
spectral_scimitar_3_v6.png,1,-0.8745113538767555,1.7212538302522638
spectral_scimitar_3_v7.png,0,0.03145009203496052,1.5733678645481197
spectral_scimitar_3_v8.png,0,-2.6388217206636866,1.7381352562437506
spectral_scimitar_3_v9.png,0,-1.726275462193274,1.511569755843257
spectral_scimitar_3_v10.png,1,3.078564560898603,1.7176447125091427
spectral_scimitar_3_v11.png,0,2.8320721914624998,1.7254217665745102
spectral_scimitar_3_v12.png,1,-0.6030629282064175,1.6244722333095256
spectral_scimitar_3_v13.png,1,1.3457543223154138,1.9258383480850978
spectral_scimitar_3_v14.png,1,-0.6405274268603103,1.9240230644383292
spectral_scimitar_3_v15.png,0,-0.047139612192707236,1.7260660371538874
spectral_scimitar_3_v16.png,1,-2.9944318323222037,1.9299403731291784
spectral_scimitar_3_v17.png,1,-1.5128197970036634,1.5496203110746014
spectral_scimitar_3_v18.png,1,-0.9349673037584196,1.632486511017521
spectral_scimitar_3_v19.png,0,2.981410352382154,1.4086768796642388
spectral_scimitar_4_v0.png,0,0.4743871979939971,1.750758784471867
spectral_scimitar_4_v1.png,0,2.994232306745545,1.9598466560348304
spectral_scimitar_4_v2.png,0,-1.6329653867800555,1.4054023254557257
spectral_scimitar_4_v3.png,0,2.4887770421452453,1.8220555835491288
spectral_scimitar_4_v4.png,1,-0.6100188655420853,1.4625911923268162
spectral_scimitar_4_v5.png,0,-2.0506990364649758,1.4743059236034464
spectral_scimitar_4_v6.png,1,2.465443540966924,1.8621318372670828
spectral_scimitar_4_v7.png,0,-0.2793234471881032,1.850761484754119
spectral_scimitar_4_v8.png,1,2.140662824436374,1.7727979347035627
spectral_scimitar_4_v9.png,1,2.680887238247268,1.6525790828970315
spectral_scimitar_4_v10.png,0,1.8297895365488697,1.600133948012401
spectral_scimitar_4_v11.png,0,-2.141485651836181,1.5544498286268178
spectral_scimitar_4_v12.png,0,-2.930649744377024,1.42840056605277
spectral_scimitar_4_v13.png,1,2.8768603537550392,1.4495183332108574
spectral_scimitar_4_v14.png,1,-2.291724538286842,1.9175510048161744
spectral_scimitar_4_v15.png,0,0.04324671309649197,1.8413954972674214
spectral_scimitar_4_v16.png,1,0.5844359457966795,1.5653791430795736
spectral_scimitar_4_v17.png,1,1.6226834369107033,1.5967706442543783
spectral_scimitar_4_v18.png,1,-0.4802983936432299,1.4700312048949662
spectral_scimitar_4_v19.png,0,-1.590253104388779,1.5182848468292192
staff_of_gandalf_0_v0.png,1,2.8838220314764853,1.3699560978760161
staff_of_gandalf_0_v1.png,1,1.2163186282708087,1.6148779092147505
staff_of_gandalf_0_v2.png,0,-0.010922627581098077,1.474178176121394
staff_of_gandalf_0_v3.png,1,1.6868776008882045,1.3577663336073704
staff_of_gandalf_0_v4.png,0,-1.733787198785814,1.6198258344904084
staff_of_gandalf_0_v5.png,1,-2.3488874059621914,1.8775722719616408
staff_of_gandalf_0_v6.png,1,0.11399208947474415,1.7658027602947677
staff_of_gandalf_0_v7.png,0,2.1106604206471156,1.6239008463210227
staff_of_gandalf_0_v8.png,0,1.213800043258383,1.5376609483551673
staff_of_gandalf_0_v9.png,1,-3.020566437665734,1.3781376083144716
staff_of_gandalf_0_v10.png,1,2.8134970569554616,1.565551935030598
staff_of_gandalf_0_v11.png,1,1.7174196821818677,1.78944594791002
staff_of_gandalf_0_v12.png,1,0.20625402640618962,1.3836436887110755
staff_of_gandalf_0_v13.png,0,-2.9378184392550035,1.8428743761554056
staff_of_gandalf_0_v14.png,0,0.9335203749813508,1.6602928808936679
staff_of_gandalf_0_v15.png,1,3.1084760795955,1.6562341136989345
staff_of_gandalf_0_v16.png,1,-1.8967625090808538,1.844851073297269
staff_of_gandalf_0_v17.png,0,-1.246645263448908,1.5416029766749186
staff_of_gandalf_0_v18.png,0,-2.6457979682982513,1.6664337826994837
staff_of_gandalf_0_v19.png,1,0.8540502746528751,1.5469285938768542
staff_of_gandalf_1_v0.png,0,-0.4545226101425469,1.795282704657225
staff_of_gandalf_1_v1.png,0,-0.878407687200975,1.3613916884871793
staff_of_gandalf_1_v2.png,1,0.7236438076417251,1.7115679568155828
staff_of_gandalf_1_v3.png,1,-0.11021603307370653,1.6141479757336856
staff_of_gandalf_1_v4.png,1,0.2647302662689548,1.5935394109016225
staff_of_gandalf_1_v5.png,0,0.23161631864240373,1.5147882199452773
staff_of_gandalf_1_v6.png,0,-2.9254894926460846,1.4126529814215756
staff_of_gandalf_1_v7.png,0,0.8136239190319323,1.4860317054831556
staff_of_gandalf_1_v8.png,1,-2.1418663194759917,1.6167625398659022
staff_of_gandalf_1_v9.png,0,-0.7126693933114308,1.5817138809347662
staff_of_gandalf_1_v10.png,0,2.5241147527066143,1.4954101087279736
staff_of_gandalf_1_v11.png,1,2.0848428198754467,1.8080201431252974
staff_of_gandalf_1_v12.png,0,-0.9964267769093482,1.8000515707056337
staff_of_gandalf_1_v13.png,1,0.32703528076998656,1.535441908454947
staff_of_gandalf_1_v14.png,1,2.96056892110043,1.7683391739376675
staff_of_gandalf_1_v15.png,0,0.36300084295015256,1.9158237024993556
staff_of_gandalf_1_v16.png,0,-0.6772755542225947,1.5244398615767618
staff_of_gandalf_1_v17.png,0,2.1092674783292793,1.4861964526908813
staff_of_gandalf_1_v18.png,0,0.25818944418446077,1.4459478554396479
staff_of_gandalf_1_v19.png,0,-1.091311653534822,1.7281796789502524
staff_of_gandalf_2_v0.png,0,-0.7160950745484138,1.5700121607403172
staff_of_gandalf_2_v1.png,0,-2.160332639363493,1.6997141913635831
staff_of_gandalf_2_v2.png,1,1.2028489502418522,1.4800306210839735
staff_of_gandalf_2_v3.png,1,2.3176321797825215,1.8165408170486492
staff_of_gandalf_2_v4.png,0,1.0423187254623298,1.6254235453450387
staff_of_gandalf_2_v5.png,0,0.853869461868036,1.9028752372328157
staff_of_gandalf_2_v6.png,1,-2.297799813269596,1.7777442243649642
staff_of_gandalf_2_v7.png,0,0.6720477247463756,1.6227820828425619
staff_of_gandalf_2_v8.png,1,1.369958939475923,1.4438585347706356
staff_of_gandalf_2_v9.png,0,-0.24095479133907505,1.7881841865019679
staff_of_gandalf_2_v10.png,0,-1.4545392630060618,1.388391232320246
staff_of_gandalf_2_v11.png,1,-0.5543339749782041,1.89528635668138
staff_of_gandalf_2_v12.png,1,1.0511161432017113,1.8218387522510304
staff_of_gandalf_2_v13.png,1,-1.9384421025626377,1.5818273966698904
staff_of_gandalf_2_v14.png,0,-1.5476575147668754,1.7836918444644825
staff_of_gandalf_2_v15.png,0,0.13197173905740733,1.7712698535380733
staff_of_gandalf_2_v16.png,1,-2.7972950089397663,1.4175796775092722
staff_of_gandalf_2_v17.png,0,-0.714301504096909,1.5058680358074803
staff_of_gandalf_2_v18.png,1,-2.0840186144728996,1.4921339125350297
staff_of_gandalf_2_v19.png,1,-2.496455665392161,1.4858015249409449
staff_of_gandalf_3_v0.png,1,-0.08621944367723278,1.4934515276249034
staff_of_gandalf_3_v1.png,0,1.991083455166283,1.1987030744180558
staff_of_gandalf_3_v2.png,0,2.000804700705301,1.299838233464284
staff_of_gandalf_3_v3.png,0,-2.2462556485579612,1.29841277669541
staff_of_gandalf_3_v4.png,0,-2.919394425166654,1.4726578946278104
staff_of_gandalf_3_v5.png,1,-3.0881066430520243,1.3327641309869023
staff_of_gandalf_3_v6.png,0,-0.1369202653716427,1.1645438883299333
staff_of_gandalf_3_v7.png,0,1.615322573151429,1.4350438755456556
staff_of_gandalf_3_v8.png,0,-2.0641780217142527,1.2750461930006682
staff_of_gandalf_3_v9.png,1,-2.0228383551429783,1.5833912905271699
staff_of_gandalf_3_v10.png,0,0.8693664365091819,1.354470847799689
staff_of_gandalf_3_v11.png,0,-0.5556038244456121,1.3928116469704819
staff_of_gandalf_3_v12.png,1,-2.3285314936753636,1.3587802327033371
staff_of_gandalf_3_v13.png,1,-0.4275319047252349,1.5855234237469287
staff_of_gandalf_3_v14.png,1,1.0158289006141707,1.4556514507741969
staff_of_gandalf_3_v15.png,0,1.977101361596259,1.4829626222596979
staff_of_gandalf_3_v16.png,1,0.04711701230423837,1.3916112860437249
staff_of_gandalf_3_v17.png,1,-3.0028874368789213,1.333157370737023
staff_of_gandalf_3_v18.png,0,2.689780842585164,1.3176123557458652
staff_of_gandalf_3_v19.png,1,1.9063826009449705,1.585631168039746
staff_of_gandalf_4_v0.png,1,2.5738865755796274,1.5438677625007493
staff_of_gandalf_4_v1.png,0,-2.2511901615561967,1.4794656700183044
staff_of_gandalf_4_v2.png,1,-0.8264693668421728,1.666339397865821
staff_of_gandalf_4_v3.png,1,-2.2127391421099682,1.3069219238253273
staff_of_gandalf_4_v4.png,0,-1.2631434313366445,1.4666422735319053
staff_of_gandalf_4_v5.png,1,0.9103566103193219,1.4015385083182377
staff_of_gandalf_4_v6.png,1,-2.8866781233231453,1.3999897719896617
staff_of_gandalf_4_v7.png,0,2.2925701982213598,1.4872955517202304
staff_of_gandalf_4_v8.png,0,-1.3137751662350707,1.4521264078734801
staff_of_gandalf_4_v9.png,1,2.0430488480420257,1.5514592559309799
staff_of_gandalf_4_v10.png,0,1.2912484571432656,1.54681161902199
staff_of_gandalf_4_v11.png,0,-2.4605203596001473,1.488814232090298
staff_of_gandalf_4_v12.png,1,-0.19747450931920218,1.613854343977936
staff_of_gandalf_4_v13.png,0,-1.7411977277307866,1.286329075256911
staff_of_gandalf_4_v14.png,1,-0.546063570216955,1.6463699858275462
staff_of_gandalf_4_v15.png,0,-0.21343763791875947,1.7493162767327484
staff_of_gandalf_4_v16.png,0,3.1060068912462375,1.75200248033691
staff_of_gandalf_4_v17.png,1,-2.5220374545886726,1.5277279338381666
staff_of_gandalf_4_v18.png,0,-1.329316134084445,1.3740995013549886
staff_of_gandalf_4_v19.png,0,-1.6020908344865568,1.4279962472132024
stormbreaker_0_v0.png,0,0.5538092006449649,1.2094848735989767
stormbreaker_0_v1.png,0,-2.259121936270171,1.5299473308138771
stormbreaker_0_v2.png,1,0.6771386312782135,1.2544713544004402
stormbreaker_0_v3.png,0,0.14896529301020822,1.575720183772576
stormbreaker_0_v4.png,0,1.0849818386106669,1.2032949435867906
stormbreaker_0_v5.png,1,1.5899572436327747,1.6399644783442764
stormbreaker_0_v6.png,0,-0.03343185096516288,1.4585732057002694
stormbreaker_0_v7.png,1,2.2874545505772987,1.361971749647721
stormbreaker_0_v8.png,0,-2.058431980162376,1.3606258684835322
stormbreaker_0_v9.png,1,2.440593987659849,1.6232317473485731
stormbreaker_0_v10.png,0,1.8379469870105025,1.5106760455089832
stormbreaker_0_v11.png,1,0.48561278634923744,1.178969885595524
stormbreaker_0_v12.png,1,0.7884761315639057,1.3977970741075971
stormbreaker_0_v13.png,0,-2.471566984224051,1.555558564293258
stormbreaker_0_v14.png,1,-0.3822157090540194,1.4938220222638912
stormbreaker_0_v15.png,1,1.7718702143107177,1.266805951965322
stormbreaker_0_v16.png,1,-2.738903535643508,1.3984552836870412
stormbreaker_0_v17.png,1,0.6342446932727923,1.2423632879644273
stormbreaker_0_v18.png,0,-1.8288827286819473,1.2853662128354957
stormbreaker_0_v19.png,0,-2.159120372823809,1.384483726525783
stormbreaker_1_v0.png,0,0.7571261246377401,1.5028434612815575
stormbreaker_1_v1.png,0,0.8400034651543835,1.5610667720550995
stormbreaker_1_v2.png,0,0.44296616940094435,1.5238686309692684
stormbreaker_1_v3.png,1,0.37603107792987167,1.3207814585469497
stormbreaker_1_v4.png,1,0.780905781292665,1.3853378593909542
stormbreaker_1_v5.png,1,-0.6235749498543542,1.4382917562081052
stormbreaker_1_v6.png,1,-1.3021704837281303,1.6828803224322466
stormbreaker_1_v7.png,1,-2.530183258302669,1.5426570736878296
stormbreaker_1_v8.png,0,-0.7129015667767933,1.3786800478160262
stormbreaker_1_v9.png,1,2.036689728883263,1.3634819312091406
stormbreaker_1_v10.png,1,-1.2914132101529585,1.5860860804516914
stormbreaker_1_v11.png,1,-0.7865687045059984,1.5678007083132246
stormbreaker_1_v12.png,1,1.22117568594548,1.3260202539481383
stormbreaker_1_v13.png,0,2.400373451222902,1.8514175759961942
stormbreaker_1_v14.png,1,0.38928397137270054,1.3062104255738158
stormbreaker_1_v15.png,1,-1.094684065142944,1.3539277690976714
stormbreaker_1_v16.png,1,-0.5652674619354684,1.8503935583733646
stormbreaker_1_v17.png,0,-1.3009023112345042,1.5464512315127361
stormbreaker_1_v18.png,0,1.1372014379264406,1.5021254112506497
stormbreaker_1_v19.png,1,0.3634786779255115,1.3626992569828935
stormbreaker_2_v0.png,1,-2.9040367820837067,1.188548387631291
stormbreaker_2_v1.png,0,0.19606477788551402,1.3034775006609562
stormbreaker_2_v2.png,0,-0.5147100254626125,1.14264139247304
stormbreaker_2_v3.png,1,0.797813122719564,1.084401878447874
stormbreaker_2_v4.png,0,-1.7169171379079886,1.1546197073681113
stormbreaker_2_v5.png,1,-1.7327443895204029,1.36798357467442
stormbreaker_2_v6.png,1,1.174531023469111,1.2329116089252787
stormbreaker_2_v7.png,0,0.5668012064107861,1.4924664292822902
stormbreaker_2_v8.png,1,-1.1378383237509402,1.1563009466438419
stormbreaker_2_v9.png,1,-0.2868647837127707,1.3254498876796388
stormbreaker_2_v10.png,1,0.26603745751210983,1.4830039141174163
stormbreaker_2_v11.png,0,-0.09742937662777784,1.2148356159735272
stormbreaker_2_v12.png,0,-1.3048033658906413,1.1905502738927471
stormbreaker_2_v13.png,1,1.3833884098454439,1.111254965901066
stormbreaker_2_v14.png,0,-1.0751817341674492,1.353388990449444
stormbreaker_2_v15.png,0,2.9912492871118146,1.3846760318192741
stormbreaker_2_v16.png,0,-2.556935216058755,1.13578932445553
stormbreaker_2_v17.png,1,-0.08457780291377803,1.4232945732478612
stormbreaker_2_v18.png,1,-0.6792329198696101,1.119339719670253
stormbreaker_2_v19.png,1,2.9134798034025504,1.290443586646256
stormbreaker_3_v0.png,1,-0.4902838940749714,1.4762687583079441
stormbreaker_3_v1.png,1,-1.4612754463597137,1.1279703015949838
stormbreaker_3_v2.png,0,3.126728498575758,1.2895163674498504
stormbreaker_3_v3.png,0,-1.3526208441275522,1.2755980368145567
stormbreaker_3_v4.png,1,-1.1304019622647041,1.1761891402572007
stormbreaker_3_v5.png,1,-1.7071857793293637,1.474439429982527
stormbreaker_3_v6.png,0,-1.3419043560249024,1.1071965536677615
stormbreaker_3_v7.png,0,2.8627266428598306,1.4957421529338208
stormbreaker_3_v8.png,0,0.09405213554156489,1.4727219622707546
stormbreaker_3_v9.png,1,-1.6176339696108955,1.2470079141630854
stormbreaker_3_v10.png,0,2.002847902623347,1.132327404050255
stormbreaker_3_v11.png,1,1.5639327343791238,1.232952031890598
stormbreaker_3_v12.png,1,0.43108848528112015,1.2228407395514422
stormbreaker_3_v13.png,1,0.09701505484038336,1.4591077307625127
stormbreaker_3_v14.png,1,-1.1100918495790424,1.2200915687716842
stormbreaker_3_v15.png,0,-1.6685955631818123,1.3726798729143515
stormbreaker_3_v16.png,1,2.2717903075468535,1.2919934971560538
stormbreaker_3_v17.png,0,-2.6658950961365546,1.2856902212511123
stormbreaker_3_v18.png,1,0.9188755249483938,1.4629317845722611
stormbreaker_3_v19.png,1,2.608634787945168,1.241497536633721
stormbreaker_4_v0.png,1,2.940638280337459,1.5300477011170863
stormbreaker_4_v1.png,1,-2.619248880763217,1.5330518140675742
stormbreaker_4_v2.png,0,-1.1546878186585876,1.5257638118488486
stormbreaker_4_v3.png,1,1.9011522820226916,1.2516472289605909
stormbreaker_4_v4.png,1,-0.8718391327167466,1.4224649909281666
stormbreaker_4_v5.png,0,0.588024887358501,1.1691683364005623
stormbreaker_4_v6.png,1,-2.690344587141184,1.4211824806739184
stormbreaker_4_v7.png,1,2.765583045694506,1.4516153176214
stormbreaker_4_v8.png,1,-2.218391783148139,1.514412788454208
stormbreaker_4_v9.png,1,-0.9624171018434172,1.2010514197383586
stormbreaker_4_v10.png,0,-1.8849752106771172,1.1495570284258834
stormbreaker_4_v11.png,1,-2.0027450735306696,1.4815720675299362
stormbreaker_4_v12.png,1,-2.696782585720026,1.3355622477881988
stormbreaker_4_v13.png,1,-0.9691375746081551,1.2152363167827485
stormbreaker_4_v14.png,0,2.3915898224147596,1.5010574163063484
stormbreaker_4_v15.png,1,-1.4526225443185472,1.1905210187710513
stormbreaker_4_v16.png,1,2.8219573766334496,1.5163174456884603
stormbreaker_4_v17.png,1,-1.359440630230067,1.458323351893496
stormbreaker_4_v18.png,1,-1.7074294832081818,1.2819993552050832
stormbreaker_4_v19.png,0,2.018060406191973,1.3294403380674675
switch_axe_0_v0.png,0,1.74809405866357,1.3092822995226179
switch_axe_0_v1.png,1,1.1014767703840993,1.3369360782763011
switch_axe_0_v2.png,1,-2.8201697589092274,1.3541759325720153
switch_axe_0_v3.png,0,0.5196014319655038,1.447434883469598
switch_axe_0_v4.png,0,-1.4645472698133595,1.297972000806364
switch_axe_0_v5.png,1,-1.9747948353170082,1.1983917901828003
switch_axe_0_v6.png,1,-1.6885883997897595,1.198364393476445
switch_axe_0_v7.png,1,-2.373802355271767,1.1426643395216673
switch_axe_0_v8.png,0,-2.5487334465244773,1.5410319092318854
switch_axe_0_v9.png,0,-3.0836503778413498,1.1766408310581717
switch_axe_0_v10.png,1,-1.6588005461635158,1.3786752201874894
switch_axe_0_v11.png,0,-2.79319834916077,1.2428460345198977
switch_axe_0_v12.png,0,-2.1168292590055042,1.1791581851909374
switch_axe_0_v13.png,0,1.455609340183791,1.4676981552086998
switch_axe_0_v14.png,1,-0.6213692239676959,1.389816239814074
switch_axe_0_v15.png,1,1.8981492948975776,1.400653896573617
switch_axe_0_v16.png,1,-1.973457857511566,1.3305140146989187
switch_axe_0_v17.png,1,0.721944220341421,1.362824576436201
switch_axe_0_v18.png,1,-2.534460401540167,1.2982865544800333
switch_axe_0_v19.png,0,-2.6446897693993545,1.3362153951642963
switch_axe_1_v0.png,1,-0.08194826347260187,1.4154428217940977
switch_axe_1_v1.png,0,1.1373460861449252,1.4059524640666758
switch_axe_1_v2.png,1,-1.0398571302106427,1.2525802275543727
switch_axe_1_v3.png,0,-2.161398115081899,1.13347925341456
switch_axe_1_v4.png,0,2.8975187025163853,1.087386238353244
switch_axe_1_v5.png,1,-1.7748979607800743,1.3194684513889157
switch_axe_1_v6.png,1,2.4393390814529647,1.1649190732278347
switch_axe_1_v7.png,0,-0.8685191751689909,1.3145100707770454
switch_axe_1_v8.png,0,2.4026335582625684,1.1875065383286623
switch_axe_1_v9.png,1,-0.130703783003147,1.1394412902883708
switch_axe_1_v10.png,0,-2.943861183294808,1.07756821874798
switch_axe_1_v11.png,0,-0.886156832473974,1.314412629669439
switch_axe_1_v12.png,1,-0.27109216692153515,1.3454696531031152
switch_axe_1_v13.png,1,-3.134359425830614,1.4193648545632622
switch_axe_1_v14.png,0,-1.4538515169842052,1.116787534176994
switch_axe_1_v15.png,1,0.22564020407409524,1.0438278049701701
switch_axe_1_v16.png,0,1.666123412709818,1.1729862822334554
switch_axe_1_v17.png,1,-2.7960554980068864,1.0653607205664803
switch_axe_1_v18.png,1,1.7968354170416145,1.1452634237880859
switch_axe_1_v19.png,1,-2.15492774780571,1.088515119967463
switch_axe_2_v0.png,1,1.9117042619865618,1.2111622690309756
switch_axe_2_v1.png,1,2.042760816611046,1.1875446085584518
switch_axe_2_v2.png,0,-0.5147415051297822,1.1143005951217773
switch_axe_2_v3.png,0,-0.7841631097723853,1.2777183768225826
switch_axe_2_v4.png,1,-0.963946815647736,1.1825612227075415
switch_axe_2_v5.png,0,0.6605385282068275,1.1489516553653907
switch_axe_2_v6.png,1,1.863512911833711,1.3310780045751993
switch_axe_2_v7.png,0,-1.3691691594990028,0.9728804621649882
switch_axe_2_v8.png,0,0.3243554277163616,1.0044629623481076
switch_axe_2_v9.png,0,-0.022499018223251732,1.2801939858108353
switch_axe_2_v10.png,0,1.2287582062659728,0.9732477628692636
switch_axe_2_v11.png,0,2.211880680338693,1.135373628971977
switch_axe_2_v12.png,1,-0.014611471250371988,1.0860820187813662
switch_axe_2_v13.png,0,-1.5227012070307002,1.3072393669375129
switch_axe_2_v14.png,0,2.9567360009005714,1.0786232071954678
switch_axe_2_v15.png,1,-2.69470184318736,1.0494650232458846
switch_axe_2_v16.png,0,1.7190960984948485,1.2845993735266028
switch_axe_2_v17.png,1,1.2351509319221836,1.214195138239432
switch_axe_2_v18.png,1,1.2398812210507268,1.032576155956453
switch_axe_2_v19.png,0,-1.1572758974325115,1.0609964955282742
switch_axe_3_v0.png,0,0.18322807513026218,1.3721239231429934
switch_axe_3_v1.png,1,-1.8445380100974744,1.8044890917503829
switch_axe_3_v2.png,1,-1.6840291039692958,1.4722024214076292
switch_axe_3_v3.png,1,-1.8865115393200278,1.5601086336189551
switch_axe_3_v4.png,1,0.6115571753172333,1.5596314217321618
switch_axe_3_v5.png,0,1.2860468685186444,1.5169659904421964
switch_axe_3_v6.png,1,3.1395080697786524,1.798950454834045
switch_axe_3_v7.png,1,2.416556644051788,1.8249735545298365
switch_axe_3_v8.png,1,-0.659466967707089,1.8017131167993157
switch_axe_3_v9.png,1,-0.5357513437179778,1.3817016206287769
switch_axe_3_v10.png,0,-2.896063958130825,1.590683112456751
switch_axe_3_v11.png,0,-2.072116611259152,1.4380231617709125
switch_axe_3_v12.png,1,2.3596884722869373,1.5890356482709649
switch_axe_3_v13.png,1,-0.0616964077563551,1.70430244942829
switch_axe_3_v14.png,1,-0.43709770686144545,1.5988415952645414
switch_axe_3_v15.png,0,-1.741084838239387,1.7169318353883618
switch_axe_3_v16.png,0,0.983970854711421,1.3921438271644415
switch_axe_3_v17.png,1,2.808374945434894,1.4646120776744085
switch_axe_3_v18.png,1,1.8043303648131706,1.340388320049604
switch_axe_3_v19.png,1,2.0613960910829086,1.7181460691574113
switch_axe_4_v0.png,1,-0.6520876752099778,1.4063770485600378
switch_axe_4_v1.png,1,3.071835450747801,1.4242538382431962
switch_axe_4_v2.png,1,-2.606331107658492,1.4887448450950111
switch_axe_4_v3.png,0,2.967249032859395,1.484118565358291
switch_axe_4_v4.png,1,-2.475396140667363,1.3108001716327975
switch_axe_4_v5.png,0,3.0318192425076766,1.3138886936621914
switch_axe_4_v6.png,1,2.6839363230672535,1.3527655181178118
switch_axe_4_v7.png,0,0.99209839141156,1.4977202077194147
switch_axe_4_v8.png,1,-0.8363901361115293,1.5165236613582354
switch_axe_4_v9.png,1,1.203486143881479,1.3677931813345876
switch_axe_4_v10.png,0,2.987497618538474,1.761759909337351
switch_axe_4_v11.png,0,-1.5101950613871717,1.529368330121454
switch_axe_4_v12.png,1,1.2646967831540383,1.451695441235868
switch_axe_4_v13.png,1,-2.1411277149321215,1.7409103649508366
switch_axe_4_v14.png,0,2.0582173506844152,1.6568429713398662
switch_axe_4_v15.png,0,2.157568897246041,1.5661136430849076
switch_axe_4_v16.png,1,1.0931117752483948,1.4647003208864244
switch_axe_4_v17.png,0,-2.4924343134733977,1.4684889997963755
switch_axe_4_v18.png,0,-2.8999902269249986,1.2888346519235945
switch_axe_4_v19.png,1,2.677396397640836,1.3467611667335713
thunderfury_0_v0.png,0,-1.4359732203191875,1.4745739931628974
thunderfury_0_v1.png,0,-1.9462081188470695,1.7045030693456917
thunderfury_0_v2.png,1,1.8510433697515296,1.6437339387982928
thunderfury_0_v3.png,0,1.0755223005405656,1.9915258152548314
thunderfury_0_v4.png,1,-1.8190116341034885,1.7036174926019643
thunderfury_0_v5.png,1,-2.099239691021041,1.4143153701702016
thunderfury_0_v6.png,0,-2.0814201923492277,1.913442095537271
thunderfury_0_v7.png,1,0.2743055976027726,1.5244409263366787
thunderfury_0_v8.png,1,-1.2798311219696945,1.5837817885874481
thunderfury_0_v9.png,1,-0.42394585567585263,1.8742219008601457
thunderfury_0_v10.png,1,2.040248634465927,1.859443190839427
thunderfury_0_v11.png,1,-0.26073634386553746,1.6289005054355745
thunderfury_0_v12.png,1,1.4095799302221086,1.4579365039484624
thunderfury_0_v13.png,0,2.9330213868631123,1.7530928682519458
thunderfury_0_v14.png,0,-3.007513806817123,1.63342333327932
thunderfury_0_v15.png,0,-2.1379433448627925,1.4569729801534412
thunderfury_0_v16.png,1,1.9291661834415494,1.8607268445210081
thunderfury_0_v17.png,1,-2.171671655668378,1.992722085144154
thunderfury_0_v18.png,0,-2.4777295129005035,1.684274488424674
thunderfury_0_v19.png,1,-1.7742912356184233,1.740360223830768
thunderfury_1_v0.png,0,0.8934739728255092,1.4463402946508976
thunderfury_1_v1.png,1,2.6550606300328834,1.3417146795591501
thunderfury_1_v2.png,0,-2.2981357214450067,1.8148271375843412
thunderfury_1_v3.png,0,0.4807373690964427,1.3369341621670583
thunderfury_1_v4.png,1,-0.19926400643855757,1.7735352580558104
thunderfury_1_v5.png,0,1.4591864801029393,1.7426000482943058
thunderfury_1_v6.png,1,-1.7653103732950637,1.5482040211236752
thunderfury_1_v7.png,1,-2.881669329725632,1.5353620075106376
thunderfury_1_v8.png,0,-2.650484527235479,1.8555383446211613
thunderfury_1_v9.png,1,-1.1846154118487817,1.7328858380476493
thunderfury_1_v10.png,0,0.6835382920371949,1.7724589929530317
thunderfury_1_v11.png,1,0.280297475573561,1.4130298054032742
thunderfury_1_v12.png,0,-2.302659378283155,1.6913722283927217
thunderfury_1_v13.png,0,2.1825088451287784,1.824580376914389
thunderfury_1_v14.png,0,-0.6776849296157779,1.658593310272697
thunderfury_1_v15.png,0,1.0645678611587552,1.3904731996181827
thunderfury_1_v16.png,0,0.9923340177295863,1.8314939121418095
thunderfury_1_v17.png,1,1.0788308573203191,1.6601451956518387
thunderfury_1_v18.png,1,0.6144040254541538,1.6123013182410744
thunderfury_1_v19.png,1,0.04254904458655506,1.4586133650036277
thunderfury_2_v0.png,1,-2.1462265047989506,1.2032797217058329
thunderfury_2_v1.png,0,2.5782167874524053,1.3976903031248944
thunderfury_2_v2.png,1,-1.8782738557981995,1.3603908576987689
thunderfury_2_v3.png,1,0.9897004609842819,1.0806160586560614
thunderfury_2_v4.png,1,-1.4207591633662338,1.0536677532988319
thunderfury_2_v5.png,1,0.17878858451748192,1.0261414363438304
thunderfury_2_v6.png,0,2.3563800348757136,1.233895151469219
thunderfury_2_v7.png,0,-0.3898589325676278,1.2493597931615747
thunderfury_2_v8.png,0,1.8340879960177785,1.1275755272190693
thunderfury_2_v9.png,1,1.9672486814204386,1.4227258466083568
thunderfury_2_v10.png,0,-1.9915977711201336,1.3583827142822362
thunderfury_2_v11.png,0,-2.565031657821458,1.126798814716493
thunderfury_2_v12.png,0,0.5146548595837301,1.0525127715674418
thunderfury_2_v13.png,1,2.6256972989849316,1.3606387171136496
thunderfury_2_v14.png,0,-1.7198720055326797,1.2711058933984754
thunderfury_2_v15.png,0,2.2991118981402177,1.0954640343879456
thunderfury_2_v16.png,1,-0.5376326460550818,1.316596807709647
thunderfury_2_v17.png,0,0.5011655408229347,1.4200119394409119
thunderfury_2_v18.png,0,-2.3709704544972583,1.0360268466041271
thunderfury_2_v19.png,1,-1.1121644097116459,1.0593521950298146
thunderfury_3_v0.png,1,-2.514286672844456,1.7974350815342708
thunderfury_3_v1.png,1,-1.420018734258523,1.8274239934268783
thunderfury_3_v2.png,0,-2.658064050216857,1.6259360884349956
thunderfury_3_v3.png,0,-3.089250955565907,1.543890562493039
thunderfury_3_v4.png,1,1.6272167328888534,1.995659378650747
thunderfury_3_v5.png,0,1.6134668111178376,1.7488145858578898
thunderfury_3_v6.png,0,-2.456783926065577,1.6774926741045693
thunderfury_3_v7.png,0,2.2399201186801254,1.8047580167749122
thunderfury_3_v8.png,1,-1.9238681161897961,1.4952485386712413
thunderfury_3_v9.png,1,1.8613802923256226,1.9465852878802175
thunderfury_3_v10.png,1,2.734211307041572,1.4790953223272492
thunderfury_3_v11.png,1,-0.5509956206107902,1.8601604118332855
thunderfury_3_v12.png,1,-1.5178768040488952,1.6907926387009218
thunderfury_3_v13.png,1,-2.6243345989134825,1.5606603125566274
thunderfury_3_v14.png,1,-0.260023626843525,1.5616476664674985
thunderfury_3_v15.png,1,-1.6034230520293615,1.5496460200429352
thunderfury_3_v16.png,0,2.1293947889066485,1.5509958515843694
thunderfury_3_v17.png,0,-3.048451256935757,1.549053497948594
thunderfury_3_v18.png,0,-1.2941704609056632,1.735219386201704
thunderfury_3_v19.png,1,0.8800585368958329,1.760635190133514
thunderfury_4_v0.png,0,0.3224600383621756,1.3177013080852455
thunderfury_4_v1.png,1,-0.5659076562938843,1.0805976853442332
thunderfury_4_v2.png,1,-1.2750113314545315,1.3565474948069876
thunderfury_4_v3.png,0,1.6123012764521027,1.0620172711283555
thunderfury_4_v4.png,1,-2.313510288323831,1.284951755049046
thunderfury_4_v5.png,0,-0.13415083244486325,1.37481822075826
thunderfury_4_v6.png,1,-2.8116545753034208,1.3924511448704475
thunderfury_4_v7.png,1,1.3740157168396347,1.281982226947398
thunderfury_4_v8.png,1,-0.0775987066864623,1.0182332558987193
thunderfury_4_v9.png,0,-0.5828334127793848,1.326617031792274
thunderfury_4_v10.png,1,2.2026243086813584,1.0862293425190732
thunderfury_4_v11.png,0,-1.5665529473261683,1.3166617161726837
thunderfury_4_v12.png,0,1.683010386726938,1.041673928752421
thunderfury_4_v13.png,0,-2.13591798033032,1.1522014630756794
thunderfury_4_v14.png,0,2.149994021845628,1.3157659161780833
thunderfury_4_v15.png,0,1.5087894738388954,1.1261230385064458
thunderfury_4_v16.png,1,-2.507980192292917,1.148509325392032
thunderfury_4_v17.png,0,2.0907442533462848,1.0564058773291807
thunderfury_4_v18.png,1,-2.534871999137177,1.2980729130682322
thunderfury_4_v19.png,1,-1.7572266563969796,1.121626970705546
trident_0_v0.png,0,-1.2809159902475606,1.388661769698669
trident_0_v1.png,0,1.453994391243358,1.2599565966287605
trident_0_v2.png,0,1.0384016600756092,1.6643756292212557
trident_0_v3.png,0,0.12364957289531908,1.5187521830683455
trident_0_v4.png,0,-2.393100997073755,1.447063284770046
trident_0_v5.png,0,0.9952535734126142,1.7285452143187243
trident_0_v6.png,1,0.7034877392833121,1.759662100445926
trident_0_v7.png,0,0.9581553266665186,1.2616983542840763
trident_0_v8.png,1,-1.643706672557224,1.264910900105948
trident_0_v9.png,1,-2.0346664560779466,1.4816988766147654
trident_0_v10.png,1,-0.7032333221484475,1.3908177847902905
trident_0_v11.png,0,-1.151675498017565,1.6568120128557735
trident_0_v12.png,0,2.327412645721074,1.2800986691883853
trident_0_v13.png,1,-1.7593333159849998,1.2821434086218721
trident_0_v14.png,1,-1.8902681859868444,1.4184657726329304
trident_0_v15.png,0,-2.545869248329993,1.4669178086300996
trident_0_v16.png,1,-1.0289055223715877,1.3410590840081893
trident_0_v17.png,0,-1.9011746422214877,1.3896673952715588
trident_0_v18.png,1,0.2506339279754948,1.410578158593823
trident_0_v19.png,1,-0.3290550290013883,1.2746324396639492
trident_1_v0.png,0,-2.8409245526034343,1.402281862383341
trident_1_v1.png,0,0.8134818610585315,1.4484436363863598
trident_1_v2.png,0,1.440200422188065,1.8034000286898026
trident_1_v3.png,1,-3.0732967253382775,1.5641376966226583
trident_1_v4.png,0,-0.2962997295459982,1.5680927822493322
trident_1_v5.png,0,1.975136970271133,1.6268129503010444
trident_1_v6.png,0,-2.4461257242419885,1.9607993677540818
trident_1_v7.png,1,1.6936859791632959,1.4639181532091357
trident_1_v8.png,0,-1.633311296302396,1.6788547580337791
trident_1_v9.png,1,2.5856652131504037,1.8394352300326662
trident_1_v10.png,0,1.7406458973475922,1.9548389617128143
trident_1_v11.png,0,0.9995111030380388,1.8955764696694222
trident_1_v12.png,1,-1.4447356795173447,1.8875915887454395
trident_1_v13.png,0,2.0693116984472812,1.5079331052931992
trident_1_v14.png,1,-1.1595990285416036,1.8874625416632094
trident_1_v15.png,1,1.816610711101901,1.4105202220967148
trident_1_v16.png,1,-1.3852942803700272,1.661434517720309
trident_1_v17.png,0,-3.0709687902498874,1.5670274510682194
trident_1_v18.png,0,-2.118549966916645,1.7673008711227645
trident_1_v19.png,0,-1.3788555935302456,1.5735674469084227
trident_2_v0.png,1,1.9147998416753231,1.5250302894052057
trident_2_v1.png,1,-1.9242335466045222,1.9477592773004844
trident_2_v2.png,1,2.5258559753404835,1.8293934759693462
trident_2_v3.png,1,-0.8522368164676272,1.8546949709702667
trident_2_v4.png,0,2.485492939585487,1.472989220959405
trident_2_v5.png,1,0.9257596374912992,1.8467109338655627
trident_2_v6.png,0,1.161693633215649,1.5239452077788003
trident_2_v7.png,0,-1.0225174549780847,1.6181735815314915
trident_2_v8.png,1,0.6023443551999396,1.869548490955049
trident_2_v9.png,0,0.344885236166114,1.6162276821100232
trident_2_v10.png,0,0.27589511347612106,1.728036971351054
trident_2_v11.png,0,0.15091956604386014,1.5463329279820184
trident_2_v12.png,0,2.0790739977346324,1.482153183050953
trident_2_v13.png,1,0.28039880223062863,1.7062511712251645
trident_2_v14.png,0,-1.3711338381318638,1.5268818532746316
trident_2_v15.png,0,-1.8923851897930364,1.6147259651892043
trident_2_v16.png,1,0.5135849846634372,1.4688388946293145
trident_2_v17.png,1,-2.6393257516939093,1.536625999906665
trident_2_v18.png,1,2.7864520432594326,1.646663051309878
trident_2_v19.png,0,2.6084433072371858,1.7240782012355473
trident_3_v0.png,1,2.7291481370457102,1.4620742924462953
trident_3_v1.png,0,0.8492915989696581,1.4806465252799812
trident_3_v2.png,0,-1.8952365514638871,1.4098402362951061
trident_3_v3.png,1,-2.5280095109838094,1.6832102104083808
trident_3_v4.png,0,0.7471500818770196,1.5884478773598214
trident_3_v5.png,1,0.25495470826407196,1.5532471818135007
trident_3_v6.png,1,1.0916520840795827,1.4378875966848097
trident_3_v7.png,1,-1.609969703103971,1.4534386905399173
trident_3_v8.png,0,-2.09230327192836,1.5337416764088456
trident_3_v9.png,0,2.173136294360151,1.5335022584667128
trident_3_v10.png,0,-2.774381784015951,1.4416955942746104
trident_3_v11.png,1,1.4919373788094272,1.4828988653046729
trident_3_v12.png,1,0.25955631981054506,1.7171265884804514
trident_3_v13.png,1,-2.3030392680098033,1.7385718423654888
trident_3_v14.png,1,2.6143925655507925,1.4270576022994657
trident_3_v15.png,0,2.5497803792818834,1.4851955258278062
trident_3_v16.png,0,2.8060916918792413,1.6519337472939226
trident_3_v17.png,0,2.3242584537857534,1.5123778903832787
trident_3_v18.png,1,1.1282559134108723,1.4171747089057833
trident_3_v19.png,1,2.138832479306009,1.9489322875249637
trident_4_v0.png,0,-2.198127138709653,1.9561765119415107
trident_4_v1.png,0,-2.567151486132669,1.6209472773618003
trident_4_v2.png,0,2.265408484333805,1.892522261667549
trident_4_v3.png,1,0.14647406222613402,1.416465226628492
trident_4_v4.png,1,0.226986054941948,1.7498024639707395
trident_4_v5.png,0,-1.3684635946662347,1.4759390564764066
trident_4_v6.png,1,2.7410615086855246,1.6149401319491674
trident_4_v7.png,0,-0.7702850169715765,1.6663631656175946
trident_4_v8.png,0,0.5248641588338039,1.548960326021155
trident_4_v9.png,0,-0.3214754389974557,1.4743462846790958
trident_4_v10.png,1,2.7585852448257366,1.8285537615566867
trident_4_v11.png,1,-1.3063274402785083,1.7313296965133516
trident_4_v12.png,1,-0.7543491029793694,1.6027967189709316
trident_4_v13.png,0,2.221600580758662,1.9108896875195966
trident_4_v14.png,0,-1.6927990771698451,1.6325022052871665
trident_4_v15.png,1,1.2582353478026267,1.6649342879975568
trident_4_v16.png,0,2.108385008424518,1.9337469256460622
trident_4_v17.png,1,0.765271173935365,1.6881486362968294
trident_4_v18.png,0,-1.3471881244356276,1.568975852524083
trident_4_v19.png,1,1.449958150745708,1.8492333842335822
trowel_3_v0.png,0,0.9018490086944457,1.483148232586778
trowel_3_v1.png,1,1.6017466461809435,1.5143325064047877
trowel_3_v2.png,0,-1.947994488570602,1.635315926795253
trowel_3_v3.png,0,1.5381165985644663,1.7257231310501937
trowel_3_v4.png,0,1.4409529581540481,1.5596918165992402
trowel_3_v5.png,0,2.2228512303335535,1.5750008640836848
trowel_3_v6.png,0,-0.3637078501170795,1.406447725031973
trowel_3_v7.png,0,2.900542638365372,1.9267783473708866
trowel_3_v8.png,1,-0.009104252850140049,1.4500090793159757
trowel_3_v9.png,1,0.06765538295484674,1.8647143312799737
trowel_3_v10.png,1,-1.957307046751962,1.5697550262334565
trowel_3_v11.png,0,-2.707232698585492,1.92435351831573
trowel_3_v12.png,0,-0.4952603768582898,1.9547769880883494
trowel_3_v13.png,1,0.5921723697648937,1.5165435942512566
trowel_3_v14.png,0,2.6636508251189914,1.5688200061519302
trowel_3_v15.png,1,-3.063423203972299,1.4768208712232926
trowel_3_v16.png,1,-1.040604326762666,1.6533107644100906
trowel_3_v17.png,1,1.0997348242593745,1.5448445772633588
trowel_3_v18.png,1,1.1238129830392103,1.8813784039705652
trowel_3_v19.png,1,-1.2917591082217372,1.5545406007259515
trowel_4_v0.png,1,-2.2808027526860943,1.6825821794713678
trowel_4_v1.png,1,-1.7065917095742966,1.229168116767739
trowel_4_v2.png,1,-0.6198999010733941,1.2867233734090635
trowel_4_v3.png,1,-2.968254296278708,1.2495557545110023
trowel_4_v4.png,0,-2.3498381010412706,1.3821324426463273
trowel_4_v5.png,1,2.976255559124409,1.513352091938702
trowel_4_v6.png,1,-1.8986199902477927,1.2429135478355149
trowel_4_v7.png,1,2.5228251070610215,1.2370720754173745
trowel_4_v8.png,0,1.3485337593339843,1.2723141374390383
trowel_4_v9.png,0,-3.011402196496713,1.4255862242031918
trowel_4_v10.png,0,0.3252802660311759,1.2654883395199568
trowel_4_v11.png,0,0.5074120999898099,1.2665480223508996
trowel_4_v12.png,0,-0.5192948494427246,1.3219091337773343
trowel_4_v13.png,0,-0.16375294788340355,1.5416522906151457
trowel_4_v14.png,0,-1.8742410432510517,1.445811519027433
trowel_4_v15.png,1,1.7776803080720889,1.694092239749997
trowel_4_v16.png,0,-1.1566254632048116,1.6519127908990923
trowel_4_v17.png,1,1.8442343694444605,1.2560944176403064
trowel_4_v18.png,1,2.681824676508991,1.649515973853247
trowel_4_v19.png,0,1.2043559976075136,1.4056881266887482
vampire_killer_whip_0_v0.png,0,1.333905637276686,1.7540696292170666
vampire_killer_whip_0_v1.png,0,2.661319175979327,1.7127061465867812
vampire_killer_whip_0_v2.png,1,-1.5278354152560212,1.605323881559463
vampire_killer_whip_0_v3.png,0,-1.4944349239966055,1.735511800343056
vampire_killer_whip_0_v4.png,0,-1.5681007707259083,1.5426173429303578
vampire_killer_whip_0_v5.png,1,-2.364524053414096,1.636011771000575
vampire_killer_whip_0_v6.png,0,1.4762064108038395,1.3026556244483556
vampire_killer_whip_0_v7.png,1,1.513604867764559,1.5636203190239344
vampire_killer_whip_0_v8.png,0,-1.835743058022895,1.3546325434433162
vampire_killer_whip_0_v9.png,1,0.30562385240012047,1.317601738919378
vampire_killer_whip_0_v10.png,0,-3.089410864491149,1.3788517820233146
vampire_killer_whip_0_v11.png,0,-0.6911442461921895,1.340515436709786
vampire_killer_whip_0_v12.png,1,2.2184748052576504,1.4542867123858287
vampire_killer_whip_0_v13.png,0,2.9299712762374712,1.8015901189763848
vampire_killer_whip_0_v14.png,0,1.5683165367570717,1.6092581469799694
vampire_killer_whip_0_v15.png,1,2.145702441868666,1.318757533371553
vampire_killer_whip_0_v16.png,0,2.6801600291321988,1.3496824723595608
vampire_killer_whip_0_v17.png,0,0.17552701639751855,1.5406529554654187
vampire_killer_whip_0_v18.png,0,1.0925628171393473,1.3462574979993551
vampire_killer_whip_0_v19.png,0,2.0387479171626444,1.6881636922778438
vampire_killer_whip_1_v0.png,1,1.519344751731728,1.4493975940027348
vampire_killer_whip_1_v1.png,0,-2.6615113083805872,1.314461842737811
vampire_killer_whip_1_v2.png,0,1.8253038290855657,1.1067092504873108
vampire_killer_whip_1_v3.png,1,0.034366177202430515,1.1594978254764645
vampire_killer_whip_1_v4.png,1,-0.44129856473424944,1.344315450357536
vampire_killer_whip_1_v5.png,1,-2.14956023999447,1.1051467610622194
vampire_killer_whip_1_v6.png,0,-2.038695503930151,1.3380309956715948
vampire_killer_whip_1_v7.png,1,0.3217756273681187,1.199580081765289
vampire_killer_whip_1_v8.png,0,0.5070908037561064,1.0754685678508864
vampire_killer_whip_1_v9.png,0,2.9881139302204716,1.0966621949480369
vampire_killer_whip_1_v10.png,1,1.669813746963073,1.3321775007233736
vampire_killer_whip_1_v11.png,1,-2.152934100245071,1.050068962109743
vampire_killer_whip_1_v12.png,0,-2.1526527099601767,1.0518016885566535
vampire_killer_whip_1_v13.png,1,1.1955284908899722,1.2424264834707965
vampire_killer_whip_1_v14.png,1,-1.1298600542163484,1.0934272808533994
vampire_killer_whip_1_v15.png,1,-1.6294054195925116,1.2545469899959556
vampire_killer_whip_1_v16.png,0,-1.2931499355573657,1.0859561677472545
vampire_killer_whip_1_v17.png,0,0.17721879602282886,1.4029042233051994
vampire_killer_whip_1_v18.png,1,2.212114438603006,1.0629230231689506
vampire_killer_whip_1_v19.png,0,-2.5692711182410255,1.2868029340742047
vampire_killer_whip_2_v0.png,1,1.0593573829127498,1.3276153037856657
vampire_killer_whip_2_v1.png,0,-0.7462276670922598,1.3034123147476957
vampire_killer_whip_2_v2.png,0,1.1740185505661342,1.4010244034519932
vampire_killer_whip_2_v3.png,0,0.8689849768447206,1.2864533422300615
vampire_killer_whip_2_v4.png,0,-1.4709900572531056,1.3768379449844517
vampire_killer_whip_2_v5.png,0,2.193276381593,1.31691129676885
vampire_killer_whip_2_v6.png,0,-0.09638925111111538,1.4006444464651246
vampire_killer_whip_2_v7.png,1,-3.0298176286596608,1.3463960773443417
vampire_killer_whip_2_v8.png,0,1.1500544378882003,1.0715092550493988
vampire_killer_whip_2_v9.png,1,-1.2403916775230646,1.234420132115241
vampire_killer_whip_2_v10.png,0,-2.574510769156619,1.0524746327444088
vampire_killer_whip_2_v11.png,1,3.0613606130736946,1.3598064078706846
vampire_killer_whip_2_v12.png,0,-2.6532990850702087,1.470905819443141
vampire_killer_whip_2_v13.png,1,0.12948833541459415,1.3963885110782714
vampire_killer_whip_2_v14.png,1,-2.203080111807826,1.2727498454963273
vampire_killer_whip_2_v15.png,1,2.18052077985858,1.361522654965002
vampire_killer_whip_2_v16.png,1,-1.4275999343459904,1.1295047574436827
vampire_killer_whip_2_v17.png,1,-1.6998977761519634,1.1578967478309496
vampire_killer_whip_2_v18.png,0,2.782225131957508,1.2114760457012348
vampire_killer_whip_2_v19.png,1,-2.378163471317631,1.1762355019284108
vampire_killer_whip_3_v0.png,1,-0.7659855141099374,1.73794155142176
vampire_killer_whip_3_v1.png,0,-1.778358214258307,1.615124486251927
vampire_killer_whip_3_v2.png,1,-1.42303402332778,1.8587398087799873
vampire_killer_whip_3_v3.png,1,1.9738528678325045,1.4774932741045546
vampire_killer_whip_3_v4.png,1,-1.2424377186694464,1.6589178136043476
vampire_killer_whip_3_v5.png,1,1.9400821271239705,1.5237064714110562
vampire_killer_whip_3_v6.png,0,2.5963137264732095,1.6307627254033885
vampire_killer_whip_3_v7.png,0,1.4659374896619766,1.6188106611267117
vampire_killer_whip_3_v8.png,0,-0.44140394117539516,1.8450998543605215
vampire_killer_whip_3_v9.png,0,-0.37796481029236295,1.806092114237731
vampire_killer_whip_3_v10.png,1,2.3203007791084507,1.919958283825877
vampire_killer_whip_3_v11.png,1,-2.263127979309843,1.477870265839328
vampire_killer_whip_3_v12.png,1,2.3991742920500183,1.4306904500241024
vampire_killer_whip_3_v13.png,1,3.1008800964666317,1.7579187045485032
vampire_killer_whip_3_v14.png,1,2.8311470712653044,1.6013537376912557
vampire_killer_whip_3_v15.png,0,-0.3753103367742394,1.7963949132385049
vampire_killer_whip_3_v16.png,0,-1.3905800076345232,1.6972253047298698
vampire_killer_whip_3_v17.png,0,-2.556586022590319,1.452664199313624
vampire_killer_whip_3_v18.png,1,2.907806612279906,1.6659057978683933
vampire_killer_whip_3_v19.png,0,-0.0012946002165619142,1.5281209610641566
vampire_killer_whip_4_v0.png,1,1.5889573291071666,1.4112385544536412
vampire_killer_whip_4_v1.png,0,-3.1376287772059746,1.599972758299125
vampire_killer_whip_4_v2.png,0,-1.0376788790319345,1.740044535562704
vampire_killer_whip_4_v3.png,1,-0.8483341841105886,1.2608518598804943
vampire_killer_whip_4_v4.png,0,-1.5051554791708852,1.3375245588298994
vampire_killer_whip_4_v5.png,0,2.4637309980498023,1.4876958496826431
vampire_killer_whip_4_v6.png,1,-2.8899209627247355,1.7222551380136613
vampire_killer_whip_4_v7.png,1,2.9530510774358563,1.5086230011895374
vampire_killer_whip_4_v8.png,0,2.401090069510666,1.3192735800220743
vampire_killer_whip_4_v9.png,0,1.479392561245314,1.272346716695117
vampire_killer_whip_4_v10.png,0,0.37259486405236053,1.676984696323781
vampire_killer_whip_4_v11.png,0,-1.3174945080039266,1.7227242168074237
vampire_killer_whip_4_v12.png,1,2.4034493612437777,1.7374631779781537
vampire_killer_whip_4_v13.png,1,2.706155297455052,1.259440529504236
vampire_killer_whip_4_v14.png,1,-0.7128308678414876,1.321526364963878
vampire_killer_whip_4_v15.png,0,1.342156865268548,1.4025994335119718
vampire_killer_whip_4_v16.png,1,-1.6343187281554443,1.5459571711481526
vampire_killer_whip_4_v17.png,0,-0.5110619913587868,1.2844193420021746
vampire_killer_whip_4_v18.png,0,-0.4183269558097044,1.5103113329305258
vampire_killer_whip_4_v19.png,1,-0.35256337958538114,1.3693839182730447
wabbajack_staff_0_v0.png,1,-0.31286820546033334,1.4672874347096587
wabbajack_staff_0_v1.png,0,-0.806993429584256,1.2126536792179852
wabbajack_staff_0_v2.png,1,-0.4154395846000196,1.4827144320111423
wabbajack_staff_0_v3.png,1,-3.0919539199350234,1.5962221514247728
wabbajack_staff_0_v4.png,1,1.036814092797811,1.2942956888047845
wabbajack_staff_0_v5.png,1,2.222772597594873,1.5771912586240162
wabbajack_staff_0_v6.png,0,1.5233279069960632,1.2985856209344822
wabbajack_staff_0_v7.png,1,1.746656411519682,1.4450604816660706
wabbajack_staff_0_v8.png,1,-2.991573657125412,1.2626650078522843
wabbajack_staff_0_v9.png,1,-2.304794666954022,1.248596362208276
wabbajack_staff_0_v10.png,0,1.9983924263719874,1.4828589467268367
wabbajack_staff_0_v11.png,1,-1.8172077324618678,1.6728158956759014
wabbajack_staff_0_v12.png,0,-1.0048432834313432,1.2842996320919275
wabbajack_staff_0_v13.png,0,-2.5098026325124647,1.2364256506651927
wabbajack_staff_0_v14.png,0,-1.2702358483839307,1.3135838534827804
wabbajack_staff_0_v15.png,0,-1.2138744075021086,1.4131956911169645
wabbajack_staff_0_v16.png,1,-2.909317757272023,1.6610502632997202
wabbajack_staff_0_v17.png,1,2.857372684224385,1.4188962427788308
wabbajack_staff_0_v18.png,1,-1.2776352037283327,1.4449446064664109
wabbajack_staff_0_v19.png,0,-0.5658731008114629,1.4632985897888986
wabbajack_staff_1_v0.png,0,0.24799343401088736,1.276841972010395
wabbajack_staff_1_v1.png,1,-2.9372167737232013,1.6516836118769387
wabbajack_staff_1_v2.png,0,2.4252762386405164,1.4325696042775424
wabbajack_staff_1_v3.png,1,-0.6842638601519739,1.64263337108499
wabbajack_staff_1_v4.png,0,2.4133404723231378,1.7708060435515405
wabbajack_staff_1_v5.png,0,0.3532953756121495,1.6989802205410616
wabbajack_staff_1_v6.png,1,-2.379840016902629,1.3971591750950483
wabbajack_staff_1_v7.png,0,-1.7667592504990535,1.54625131546181
wabbajack_staff_1_v8.png,1,-0.02145278011879026,1.3261830079266477
wabbajack_staff_1_v9.png,0,-2.219717170740897,1.276244628023353
wabbajack_staff_1_v10.png,1,0.5354099820207858,1.7290277889098833
wabbajack_staff_1_v11.png,0,-0.675742360276813,1.4175823818165063
wabbajack_staff_1_v12.png,0,-0.162003906315899,1.7112862306841201
wabbajack_staff_1_v13.png,0,2.971434002628481,1.6694312628965866
wabbajack_staff_1_v14.png,0,-2.2878312801042253,1.7530305567354503
wabbajack_staff_1_v15.png,1,-2.2703190979355994,1.4766704594356492
wabbajack_staff_1_v16.png,1,-0.012351347943421853,1.52298719654136
wabbajack_staff_1_v17.png,1,-2.3890090686268497,1.454370062160288
wabbajack_staff_1_v18.png,0,-2.077919916054374,1.510399749861933
wabbajack_staff_1_v19.png,1,-1.1866053258443965,1.3539691166862404
wabbajack_staff_2_v0.png,1,-0.8018217728194124,1.505172857464155
wabbajack_staff_2_v1.png,1,0.05195582339792715,1.452055719399642
wabbajack_staff_2_v2.png,1,1.0452274250018598,1.5535735924615814
wabbajack_staff_2_v3.png,1,-1.7628342422015104,1.1769960627463516
wabbajack_staff_2_v4.png,1,-1.1976913272327896,1.1669795072154714
wabbajack_staff_2_v5.png,1,3.1212566436895663,1.5551055058429122
wabbajack_staff_2_v6.png,0,-0.4019200458182628,1.2688566310674192
wabbajack_staff_2_v7.png,1,-2.9865848338467753,1.1707985724276122
wabbajack_staff_2_v8.png,0,1.8689795913911658,1.4374668497728482
wabbajack_staff_2_v9.png,1,-2.7659643324757974,1.424831083208871
wabbajack_staff_2_v10.png,0,0.666182774467462,1.272470651467033
wabbajack_staff_2_v11.png,0,1.546192785466069,1.4248485826509951
wabbajack_staff_2_v12.png,1,-0.9109300927118809,1.297877931835982
wabbajack_staff_2_v13.png,1,0.9682025502380991,1.5390049155668801
wabbajack_staff_2_v14.png,1,-1.625147505231763,1.4040263765205234
wabbajack_staff_2_v15.png,1,-2.2478100940145085,1.3336999807962373
wabbajack_staff_2_v16.png,0,-2.088461452338975,1.155534853806496
wabbajack_staff_2_v17.png,0,-1.673405476881519,1.373716148719241
wabbajack_staff_2_v18.png,0,2.226844118689228,1.4696604227454215
wabbajack_staff_2_v19.png,1,0.2834948288556114,1.5656120285080948
wabbajack_staff_3_v0.png,0,-0.761771260843518,1.6731173788470137
wabbajack_staff_3_v1.png,1,1.9584510890991198,1.3991312954970747
wabbajack_staff_3_v2.png,0,0.3196331994008629,1.4962015474533301
wabbajack_staff_3_v3.png,0,-2.2006041770228837,1.6311378445449405
wabbajack_staff_3_v4.png,0,0.6683465481318701,1.4769588904454423
wabbajack_staff_3_v5.png,1,-1.9303813859475345,1.3415808972395016
wabbajack_staff_3_v6.png,0,0.8222371528239462,1.5440371718785733
wabbajack_staff_3_v7.png,1,-0.14459764557461874,1.573371881626221
wabbajack_staff_3_v8.png,1,2.1953003013038233,1.429706666530371
wabbajack_staff_3_v9.png,1,1.7165570493733666,1.4245055914239493
wabbajack_staff_3_v10.png,1,-1.6129809112280213,1.574254780079627
wabbajack_staff_3_v11.png,1,-1.7881424086562463,1.2779262028664844
wabbajack_staff_3_v12.png,0,-1.7549449590721942,1.2799992814221761
wabbajack_staff_3_v13.png,0,-0.29901675919700255,1.4254491130362685
wabbajack_staff_3_v14.png,0,-1.1349449159711738,1.2163902434373928
wabbajack_staff_3_v15.png,0,2.2269366191912283,1.5338669941417231
wabbajack_staff_3_v16.png,1,0.06591918433553423,1.496892921808411
wabbajack_staff_3_v17.png,0,-0.5827928915631404,1.4613071335411825
wabbajack_staff_3_v18.png,0,0.40306724575896447,1.2157610808286068
wabbajack_staff_3_v19.png,0,1.973438099466493,1.3156028972268357
wabbajack_staff_4_v0.png,0,2.9446173334084302,1.5728313531683218
wabbajack_staff_4_v1.png,1,-2.900841837526049,1.535070950105242
wabbajack_staff_4_v2.png,1,2.5309956365470674,1.3859512693680438
wabbajack_staff_4_v3.png,0,-1.1121695261934017,1.9234145248099073
wabbajack_staff_4_v4.png,1,0.17601408378361783,1.4109264907461405
wabbajack_staff_4_v5.png,0,2.6316916470363405,1.4171833033315118
wabbajack_staff_4_v6.png,1,2.6076911796530364,1.8032793296366023
wabbajack_staff_4_v7.png,1,-0.2624000653220734,1.700941302233779
wabbajack_staff_4_v8.png,0,1.243783214417797,1.450728853089352
wabbajack_staff_4_v9.png,1,1.0241619452674646,1.5087216270974488
wabbajack_staff_4_v10.png,0,-2.6220747937071462,1.529021002047258
wabbajack_staff_4_v11.png,0,3.053841555813831,1.8213744826645921
wabbajack_staff_4_v12.png,1,1.6829602456771102,1.476929946787914
wabbajack_staff_4_v13.png,1,-0.6909372987197828,1.7095937952295603
wabbajack_staff_4_v14.png,0,1.0501525856924192,1.7099842792145934
wabbajack_staff_4_v15.png,0,1.7282871319780253,1.8697081218959706
wabbajack_staff_4_v16.png,0,2.938289966622369,1.4091925101650722
wabbajack_staff_4_v17.png,1,-0.3036851549496473,1.379916775269615
wabbajack_staff_4_v18.png,0,-0.13131420436344454,1.777884252179335
wabbajack_staff_4_v19.png,0,-2.6506959966790244,1.7129948923405898
wakizashi_1_v0.png,0,-2.7713181205627793,1.8334777820863863
wakizashi_1_v1.png,1,-0.7618658943275758,1.4299435486164553
wakizashi_1_v2.png,1,2.156923304563873,1.418462059095798
wakizashi_1_v3.png,0,0.5510388447642962,1.5962660000033768
wakizashi_1_v4.png,1,0.09028481002330224,1.4230259125902447
wakizashi_1_v5.png,1,1.3509729133848434,1.4097302525249764
wakizashi_1_v6.png,0,0.03838983805518881,1.4325709643663613
wakizashi_1_v7.png,0,1.8290648694645906,1.5818456627231068
wakizashi_1_v8.png,1,2.8941135344782225,1.763554543749035
wakizashi_1_v9.png,1,1.6041420451031403,1.608183857138277
wakizashi_1_v10.png,0,-1.781465920487367,1.8559754040854288
wakizashi_1_v11.png,1,-0.24029820041945626,1.730352461701506
wakizashi_1_v12.png,0,0.14626231823393976,1.778858160216933
wakizashi_1_v13.png,1,-1.2767402231200542,1.3658527165629881
wakizashi_1_v14.png,1,-0.6185340883188757,1.6795941787083237
wakizashi_1_v15.png,1,-1.7446726693368149,1.4557720280212558
wakizashi_1_v16.png,1,0.5313051129454474,1.4647555668525307
wakizashi_1_v17.png,1,-1.309234532510736,1.7152770662299288
wakizashi_1_v18.png,1,-0.6430684463333614,1.342049289083394
wakizashi_1_v19.png,1,-3.0077690870756926,1.3240244723016454
wakizashi_2_v0.png,0,-1.9959426999294072,1.4284728540915559
wakizashi_2_v1.png,0,1.0706250544508717,1.2539901794388884
wakizashi_2_v2.png,0,0.3828547115703125,1.4630413864196288
wakizashi_2_v3.png,1,3.1253462587412555,1.2728691535292143
wakizashi_2_v4.png,0,-2.1665769200821323,1.5088421735216957
wakizashi_2_v5.png,1,-3.097096824436874,1.2314099991967564
wakizashi_2_v6.png,0,1.63430392868786,1.3732354333318282
wakizashi_2_v7.png,1,-2.6895829449189828,1.2104384670185622
wakizashi_2_v8.png,0,-1.104543748140272,1.128464101955136
wakizashi_2_v9.png,1,-1.0553467548363749,1.1171696464722893
wakizashi_2_v10.png,0,1.2633435686793737,1.1798293631403465
wakizashi_2_v11.png,1,0.11217105299459185,1.3951568581108462
wakizashi_2_v12.png,0,-1.1386198483161802,1.3783136894451309
wakizashi_2_v13.png,1,-2.142369392334409,1.2268908774333347
wakizashi_2_v14.png,1,0.08056877305366061,1.1574063827105538
wakizashi_2_v15.png,0,-1.075348966779436,1.1670982648784773
wakizashi_2_v16.png,0,-2.834346049313117,1.290353202997898
wakizashi_2_v17.png,1,2.2964461281878816,1.2040308104349722
wakizashi_2_v18.png,1,0.19824991241400491,1.491155201294819
wakizashi_2_v19.png,1,1.4413728456769541,1.142092787407337
wakizashi_3_v0.png,0,2.69742594385961,1.0219798349230749
wakizashi_3_v1.png,1,-2.4657368772790793,1.0057445772074514
wakizashi_3_v2.png,1,2.5383341899728498,1.3179512599941323
wakizashi_3_v3.png,1,-1.7985857611400728,1.0392022172851112
wakizashi_3_v4.png,1,-0.3427416736823776,1.1556022659158076
wakizashi_3_v5.png,1,1.3215690827894013,1.1852408965710266
wakizashi_3_v6.png,0,0.2255116159294095,1.0149519084832872
wakizashi_3_v7.png,1,-3.061169315799,1.0619753952724773
wakizashi_3_v8.png,0,-0.6594198196885477,1.1952614087653994
wakizashi_3_v9.png,1,-0.7025909406375856,1.3932945033336575
wakizashi_3_v10.png,1,1.2593870063785686,1.06438505739393
wakizashi_3_v11.png,0,1.6271309709973916,1.2260420833659005
wakizashi_3_v12.png,1,-2.4529250287975186,1.163159122976463
wakizashi_3_v13.png,1,-0.25221730744545434,1.4256984688217973
wakizashi_3_v14.png,0,-2.487560304191267,1.3038076133170193
wakizashi_3_v15.png,0,1.0757444042569182,1.1385868920408415
wakizashi_3_v16.png,1,-0.46316614286252245,1.3779896505995168
wakizashi_3_v17.png,1,-3.0581588486176385,1.0318579315276954
wakizashi_3_v18.png,1,0.3475952709054151,1.1319375111668546
wakizashi_3_v19.png,0,2.685100023235514,1.2308146452748703
wakizashi_4_v0.png,1,2.951230046811499,1.5563023079068794
wakizashi_4_v1.png,1,0.39785957716752307,1.5919895878217478
wakizashi_4_v2.png,1,-1.3003152688067239,1.6376285158663015
wakizashi_4_v3.png,0,-0.7786733294963799,1.5767180247683614
wakizashi_4_v4.png,0,-2.969655546960456,1.6070526773747917
wakizashi_4_v5.png,0,-0.9779190813871228,1.9100826842875773
wakizashi_4_v6.png,0,-2.5699696077365335,1.4338075921849534
wakizashi_4_v7.png,0,2.2225444137828183,1.8621350447176663
wakizashi_4_v8.png,0,1.8881295440320098,1.4473898048205398
wakizashi_4_v9.png,1,-2.8099764115476242,1.6268098219592582
wakizashi_4_v10.png,0,-2.1870612390998083,1.7725711663428643
wakizashi_4_v11.png,1,1.0752026286148797,1.5729695669459824
wakizashi_4_v12.png,0,0.7293973642757128,1.545479148910952
wakizashi_4_v13.png,1,-2.6427770289843737,1.795845240068917
wakizashi_4_v14.png,0,2.1619076595440503,1.6008242128791155
wakizashi_4_v15.png,1,-3.138751106796877,1.4746126089310423
wakizashi_4_v16.png,1,-2.735938935385918,1.6236958331186024
wakizashi_4_v17.png,0,-0.8954134196130266,1.7753536552344935
wakizashi_4_v18.png,0,2.867475219561405,1.739381903364443
wakizashi_4_v19.png,0,-1.079310692347459,1.6407503233806493
warhammer_0_v0.png,0,-0.5836839449683671,1.6712900096966852
warhammer_0_v1.png,0,1.1018790239454987,1.8002065198899504
warhammer_0_v2.png,0,-0.008684337716053703,1.690743390221159
warhammer_0_v3.png,1,0.8376384628318896,1.6739766880398892
warhammer_0_v4.png,0,0.9353644475096041,1.611855537324877
warhammer_0_v5.png,0,-2.375375232363109,2.027245377505051
warhammer_0_v6.png,1,2.125767950606254,2.0793596415698854
warhammer_0_v7.png,0,2.3040880940787902,2.0790786418052285
warhammer_0_v8.png,1,2.1484719643410743,1.9789475302008224
warhammer_0_v9.png,0,0.012446583590064786,2.0611302707283055
warhammer_0_v10.png,0,0.7318467281581689,1.7141086170942
warhammer_0_v11.png,1,2.850157035751117,1.5815917207800168
warhammer_0_v12.png,0,2.8422686932734758,2.136509311123752
warhammer_0_v13.png,0,2.0099378535337857,1.7896714953591497
warhammer_0_v14.png,0,2.9917741219636858,2.059674552076135
warhammer_0_v15.png,0,1.8886984349245795,1.5648125572667564
warhammer_0_v16.png,1,2.249354576308776,1.8803919014393968
warhammer_0_v17.png,1,0.1443629826654672,1.771813974301335
warhammer_0_v18.png,0,1.9456838813193296,2.0081576529650564
warhammer_0_v19.png,1,-0.7394763916268492,1.586966273917264
warhammer_1_v0.png,0,-0.23863617078402,1.1785298265443245
warhammer_1_v1.png,0,2.3568992994008675,1.3161084252526527
warhammer_1_v2.png,1,1.2814762221154719,1.3056164141396869
warhammer_1_v3.png,0,2.0719408545307805,1.1751712182473903
warhammer_1_v4.png,0,0.25895777711025925,1.099895654536978
warhammer_1_v5.png,1,-2.95285630051303,1.294440546523724
warhammer_1_v6.png,0,-2.2872449613527572,1.1323488465988496
warhammer_1_v7.png,0,1.8358918186713424,1.2642922935223948
warhammer_1_v8.png,1,1.7899308258406368,1.0954027966942506
warhammer_1_v9.png,1,2.367556395073935,1.243319789224983
warhammer_1_v10.png,0,1.023443747968078,1.113071571363722
warhammer_1_v11.png,0,-0.34320169096925957,1.1599744201139974
warhammer_1_v12.png,1,1.8767693142556223,1.1781826670876314
warhammer_1_v13.png,0,2.7964590493399895,1.0642761424854656
warhammer_1_v14.png,1,-1.9578293778383271,1.1059037451012605
warhammer_1_v15.png,1,1.1318429774655714,1.312779427817905
warhammer_1_v16.png,1,-2.9125959382866626,1.209229213486851
warhammer_1_v17.png,1,2.952700953773327,1.1117539012446787
warhammer_1_v18.png,0,-2.0596218828280284,1.1304097709820797
warhammer_1_v19.png,0,-1.1566515909655455,1.015780907795492
warhammer_2_v0.png,1,0.9863427184580162,1.6676492503827887
warhammer_2_v1.png,0,-1.194679730573635,1.766247135653064
warhammer_2_v2.png,1,-3.0711499992804656,1.6555780104979263
warhammer_2_v3.png,1,0.5934106507025945,1.5533401246471774
warhammer_2_v4.png,0,-1.2215112007266602,1.639533679161302
warhammer_2_v5.png,0,0.33107594507951266,1.5428757202794867
warhammer_2_v6.png,1,-2.8078185832673714,1.8015981948593038
warhammer_2_v7.png,0,2.76509202751245,1.961914005328327
warhammer_2_v8.png,0,-0.5861780111907828,1.4594847638258748
warhammer_2_v9.png,1,-0.3942194342139876,1.4549412475202943
warhammer_2_v10.png,1,1.2007294635225365,1.5963489184436295
warhammer_2_v11.png,1,-1.2562795344810982,1.4228202065288367
warhammer_2_v12.png,1,-1.7142592366781184,1.9900237570137609
warhammer_2_v13.png,1,0.24207168728911177,1.4754894747567793
warhammer_2_v14.png,0,-0.09982673502296224,1.9848788641166002
warhammer_2_v15.png,0,1.0026553701765517,1.460993825411376
warhammer_2_v16.png,1,-2.6457776879381902,1.8028280249695108
warhammer_2_v17.png,1,-1.5061577093780962,1.6617865043207731
warhammer_2_v18.png,1,2.844981305547998,1.785068520832625
warhammer_2_v19.png,0,-1.9687464842149025,1.586109230120323
warhammer_3_v0.png,1,2.514475299640952,1.1759632926925494
warhammer_3_v1.png,0,-2.5551552488029783,1.2764608989194697
warhammer_3_v2.png,1,2.275542051717818,1.0609752047559515
warhammer_3_v3.png,0,1.5172738143103774,1.2102706912500436
warhammer_3_v4.png,0,-2.387748940589028,1.2128713942633746
warhammer_3_v5.png,1,2.1055377745310055,1.1865857743664776
warhammer_3_v6.png,1,2.363877284726951,1.1369602304482673
warhammer_3_v7.png,1,-0.9177346221689076,1.3337595273583398
warhammer_3_v8.png,0,0.005505902776100191,1.0589576663858347
warhammer_3_v9.png,1,2.424477338298198,1.1553106183924946
warhammer_3_v10.png,0,-2.5987941470593405,1.2197506492796448
warhammer_3_v11.png,0,-2.892380243882588,1.2825496437139832
warhammer_3_v12.png,0,-0.9669912392123339,1.3652867347569257
warhammer_3_v13.png,1,-3.01800733417348,1.322837635139911
warhammer_3_v14.png,1,2.567862416168965,1.1001982488827118
warhammer_3_v15.png,1,-3.137958697271248,1.2503913729270675
warhammer_3_v16.png,0,-2.9305730672775274,1.1056954291868561
warhammer_3_v17.png,0,-2.6916071807188473,1.0366861529121079
warhammer_3_v18.png,0,-0.30757547263659757,1.0896378505479034
warhammer_3_v19.png,1,1.340513205267755,1.1019410902605844
warhammer_4_v0.png,0,-1.8820967939522693,1.4307171004974926
warhammer_4_v1.png,0,-1.326960834829235,1.4810607549933466
warhammer_4_v2.png,0,1.6424754088756555,1.4961692629625924
warhammer_4_v3.png,1,-2.2855015946599466,1.2931452342833791
warhammer_4_v4.png,1,0.742827727781818,1.2125701758716625
warhammer_4_v5.png,1,0.6344860008044437,1.113700582003152
warhammer_4_v6.png,1,-0.42502802677651075,1.0533810303916502
warhammer_4_v7.png,1,2.0327175074710606,1.0502951361285389
warhammer_4_v8.png,0,0.15485663518043824,1.2421280219053288
warhammer_4_v9.png,0,-1.0995878660020701,1.1417035901546335
warhammer_4_v10.png,0,0.11938261367100789,1.1185002472209042
warhammer_4_v11.png,1,-0.16801092899281167,1.1049994767357105
warhammer_4_v12.png,1,-0.0493226478865878,1.066761181213825
warhammer_4_v13.png,0,-1.6808000178324207,1.2426554930858675
warhammer_4_v14.png,0,2.5835509419018887,1.353787911988202
warhammer_4_v15.png,1,1.6382721214106073,1.2737979404862425
warhammer_4_v16.png,1,-1.7136097824807908,1.326339851333567
warhammer_4_v17.png,0,1.8920688476877376,1.1627032866271851
warhammer_4_v18.png,1,-2.363396074206789,1.193798498594898
warhammer_4_v19.png,0,-3.1097852353964566,1.3015985510049253
war_pick_0_v0.png,0,-2.113840970400289,1.2892068462341384
war_pick_0_v1.png,0,2.4210199149880314,1.0517272425012014
war_pick_0_v2.png,0,-1.8212044383645192,1.0292132081646308
war_pick_0_v3.png,0,2.1372582762434686,1.164663796237996
war_pick_0_v4.png,1,1.6445604802138196,1.1809482006146754
war_pick_0_v5.png,0,0.8832488227148448,1.1097447914349063
war_pick_0_v6.png,1,-2.7784413760017954,1.2208057409789286
war_pick_0_v7.png,1,1.3782100221470346,0.9781381106894201
war_pick_0_v8.png,0,-2.283277991525808,1.2249530876435457
war_pick_0_v9.png,0,-0.7124847177916009,1.0692126464550453
war_pick_0_v10.png,0,1.5574512741968838,1.070139135026257
war_pick_0_v11.png,1,0.02663616418361514,1.160842561967535
war_pick_0_v12.png,1,2.617693339031211,1.2179179977349373
war_pick_0_v13.png,1,2.4529324189426083,1.3296167956288791
war_pick_0_v14.png,1,1.0943797962544837,1.1126823083493889
war_pick_0_v15.png,1,-0.5756244588598294,1.1580790189186703
war_pick_0_v16.png,0,1.3050420352414163,1.2058670468122947
war_pick_0_v17.png,1,2.156615996962062,1.0890569221955164
war_pick_0_v18.png,0,2.7665748242117654,0.9773956239716225
war_pick_0_v19.png,0,-3.084198612148924,1.0184693892174672
war_pick_1_v0.png,1,0.19448100746380326,1.156927964498424
war_pick_1_v1.png,0,2.019528141360456,1.1289884928633143
war_pick_1_v2.png,0,-2.971516253067995,1.2585927041509988
war_pick_1_v3.png,0,-0.03978745954754537,1.2189587809273907
war_pick_1_v4.png,1,-0.3386457150482199,1.3896612363141272
war_pick_1_v5.png,1,-2.8121359873139715,1.25374423585446
war_pick_1_v6.png,0,0.5433903000428626,1.0233208847963362
war_pick_1_v7.png,0,-0.43060742425114196,1.105050361139918
war_pick_1_v8.png,0,1.8198709161217281,1.085326639064901
war_pick_1_v9.png,0,-2.306292740292097,1.1123874219930145
war_pick_1_v10.png,1,-2.9661744223112536,1.253260103822834
war_pick_1_v11.png,0,0.21969739101576002,1.0072212388276742
war_pick_1_v12.png,1,1.9391145825267202,1.2344699815357156
war_pick_1_v13.png,1,-2.7965573025235204,1.11542344557347
war_pick_1_v14.png,0,-0.189104542426766,1.114407540351226
war_pick_1_v15.png,0,2.9906214072132804,1.202180036066425
war_pick_1_v16.png,1,1.4937546617643052,1.120892173320735
war_pick_1_v17.png,1,0.5190362285156429,1.060334678363683
war_pick_1_v18.png,0,0.9178315771827612,1.1410218400908456
war_pick_1_v19.png,0,-2.7489104568278524,1.418763252808968
war_pick_2_v0.png,0,-1.5959845576293206,1.3877449578195609
war_pick_2_v1.png,0,-0.32378211360501813,1.416050736794119
war_pick_2_v2.png,0,0.7533581550625772,1.335941167438755
war_pick_2_v3.png,1,2.322690150253207,1.0998121414690119
war_pick_2_v4.png,1,-0.22182278577074233,1.0248428190087362
war_pick_2_v5.png,1,-2.8603615608503006,1.3108462903188893
war_pick_2_v6.png,1,-0.6139602483216116,1.1121966463798738
war_pick_2_v7.png,0,-1.0138422849139461,1.3887816677013964
war_pick_2_v8.png,0,0.029706918197939358,1.002833415136903
war_pick_2_v9.png,0,-2.300755892767817,1.3965386131285509
war_pick_2_v10.png,1,-3.0945539411883356,1.2151980678074032
war_pick_2_v11.png,0,-2.8742423129607335,1.0127793981598041
war_pick_2_v12.png,1,-3.0427086345486307,1.389220887380744
war_pick_2_v13.png,1,-0.9886879847809792,1.2596019906048654
war_pick_2_v14.png,1,-3.1394072345104327,1.1546827890830849
war_pick_2_v15.png,0,0.15773640151122015,1.226750824222709
war_pick_2_v16.png,0,-1.721709214031018,1.3936656713681277
war_pick_2_v17.png,1,2.185194959607424,1.112641509931971
war_pick_2_v18.png,0,-0.12075268512095716,1.1047113916141076
war_pick_2_v19.png,1,-2.917356123184712,1.101656406277172
war_pick_3_v0.png,1,-1.958727569447568,1.8020475414648665
war_pick_3_v1.png,1,0.3892670238218827,1.5051175757208706
war_pick_3_v2.png,1,1.7570491819723666,1.5146797572896373
war_pick_3_v3.png,0,1.15131149731776,1.9336383068910121
war_pick_3_v4.png,1,-2.739973221026635,1.5126083232650736
war_pick_3_v5.png,0,-2.981513839751882,1.6313120472624743
war_pick_3_v6.png,0,-1.9614661465257581,1.4259234161810008
war_pick_3_v7.png,1,-1.1133331028862243,1.9130472883655376
war_pick_3_v8.png,0,-0.7940587321214564,1.546480754137009
war_pick_3_v9.png,1,-1.8543879895826128,1.4529541403326394
war_pick_3_v10.png,0,-0.7399670055475241,1.4050371602464706
war_pick_3_v11.png,0,1.8303786590062072,1.7580643315741917
war_pick_3_v12.png,0,1.6426757015603102,1.9081822902769852
war_pick_3_v13.png,1,-3.0426926765904945,1.6172021644027843
war_pick_3_v14.png,1,-1.6084050503483778,1.8035143733067853
war_pick_3_v15.png,0,1.2343996452844996,1.4854304953550086
war_pick_3_v16.png,0,-0.43493034500492056,1.7890050830632072
war_pick_3_v17.png,1,-0.6817643338821615,1.900419402553357
war_pick_3_v18.png,1,2.7631498690327314,1.9388128366441368
war_pick_3_v19.png,1,-3.112947338064159,1.9036246264999461
witcher_silver_sword_0_v0.png,0,0.350196331244232,1.6037571800120696
witcher_silver_sword_0_v1.png,0,-0.8049944826537985,1.6298471555121368
witcher_silver_sword_0_v2.png,1,0.39241090436888904,1.4955008300999477
witcher_silver_sword_0_v3.png,1,1.3759761041390823,1.5315821365356912
witcher_silver_sword_0_v4.png,1,-0.9778876975336548,1.7301168733298953
witcher_silver_sword_0_v5.png,1,2.7198640616329803,1.491438097615544
witcher_silver_sword_0_v6.png,1,0.48180014710217267,1.6963887123754608
witcher_silver_sword_0_v7.png,1,2.166821305589099,1.5581190427030276
witcher_silver_sword_0_v8.png,0,0.7394502562460852,1.425896760173717
witcher_silver_sword_0_v9.png,1,0.0693201333336706,1.4329227075180118
witcher_silver_sword_0_v10.png,0,0.8916326578368154,1.4379670398695223
witcher_silver_sword_0_v11.png,1,-2.500497004072332,1.4122246522875443
witcher_silver_sword_0_v12.png,1,-0.15187970207318768,1.37394599142291
witcher_silver_sword_0_v13.png,1,1.1043061207831328,1.3773463162696113
witcher_silver_sword_0_v14.png,0,-0.6989009371651607,1.4011907152094196
witcher_silver_sword_0_v15.png,1,-2.317484161350158,1.5543707716579835
witcher_silver_sword_0_v16.png,0,-2.8336470391074595,1.5232143521539174
witcher_silver_sword_0_v17.png,0,-0.365667343078099,1.3841506739992175
witcher_silver_sword_0_v18.png,0,0.3033209693489045,1.3709299790105014
witcher_silver_sword_0_v19.png,0,-0.4769615865282377,1.4806638548857043
witcher_silver_sword_1_v0.png,0,1.7685683208606755,1.493551869096089
witcher_silver_sword_1_v1.png,1,-1.3347375395729149,1.8345884769000718
witcher_silver_sword_1_v2.png,0,0.4218362435220677,2.024562506489784
witcher_silver_sword_1_v3.png,1,-0.6722987438341583,1.8440744962706557
witcher_silver_sword_1_v4.png,0,-0.10114416522498493,2.053142346133844
witcher_silver_sword_1_v5.png,1,1.5837706255181891,1.9255912983103392
witcher_silver_sword_1_v6.png,0,1.7295252898186892,1.5011026773228344
witcher_silver_sword_1_v7.png,0,-2.1849064198725285,1.6261480155097987
witcher_silver_sword_1_v8.png,1,-1.4816244788612902,1.9655536131719353
witcher_silver_sword_1_v9.png,0,-2.001301409654385,1.9168760417579067
witcher_silver_sword_1_v10.png,1,2.6189875356409535,1.7222312207701214
witcher_silver_sword_1_v11.png,0,3.1073895060914047,1.6369855844134875
witcher_silver_sword_1_v12.png,0,-1.1987559869282167,1.8371497361783093
witcher_silver_sword_1_v13.png,0,-3.055290865015263,1.5373885411323518
witcher_silver_sword_1_v14.png,0,-1.0319973745527502,2.0171537829400195
witcher_silver_sword_1_v15.png,1,1.6681358288634125,1.8837336849856663
witcher_silver_sword_1_v16.png,1,0.16468541493832944,1.8731277886863769
witcher_silver_sword_1_v17.png,1,2.999162346643324,1.8931226119573834
witcher_silver_sword_1_v18.png,1,-1.9235417470005256,1.6075423573438576
witcher_silver_sword_1_v19.png,0,-0.0485551788300449,1.5355618826029631
witcher_silver_sword_2_v0.png,0,2.1512060154129036,1.4656815557521012
witcher_silver_sword_2_v1.png,0,-1.307562830441956,1.7463908374319812
witcher_silver_sword_2_v2.png,0,-2.1999984132833292,1.9768342266913586
witcher_silver_sword_2_v3.png,0,0.5960757856621537,1.8172418445496108
witcher_silver_sword_2_v4.png,1,-2.925178599869905,1.4689841586229382
witcher_silver_sword_2_v5.png,0,0.4547713740836248,1.618643187070046
witcher_silver_sword_2_v6.png,0,0.8032894291444861,1.5425399483492126
witcher_silver_sword_2_v7.png,1,-1.472170679383212,1.722851444837723
witcher_silver_sword_2_v8.png,0,0.13383983832574842,1.5526020440969288
witcher_silver_sword_2_v9.png,0,-0.829680349304958,2.0345236770619195
witcher_silver_sword_2_v10.png,0,-1.405973220768649,1.584653802048688
witcher_silver_sword_2_v11.png,0,-2.4209148817013606,1.549089426262597
witcher_silver_sword_2_v12.png,0,-0.18175650431570967,1.9043413498263413
witcher_silver_sword_2_v13.png,0,1.0750058172033574,1.9430983427816944
witcher_silver_sword_2_v14.png,0,0.7712283325347649,2.046382399216004
witcher_silver_sword_2_v15.png,0,1.1774694396147085,1.9309351508664612
witcher_silver_sword_2_v16.png,0,-2.7786867759729796,1.8921369195457236
witcher_silver_sword_2_v17.png,0,-0.24356994049420289,2.058556628925679
witcher_silver_sword_2_v18.png,1,2.496282797060173,1.6620332335153456
witcher_silver_sword_2_v19.png,1,1.4705396441067347,1.813784769159282
witcher_silver_sword_4_v0.png,1,-3.1263085832797035,1.4664600337404585
witcher_silver_sword_4_v1.png,0,-0.3737624621467406,1.4858371109856778
witcher_silver_sword_4_v2.png,1,1.1402722777862384,1.5078906778602215
witcher_silver_sword_4_v3.png,1,-2.7026958159182133,1.3128027293635507
witcher_silver_sword_4_v4.png,0,-1.9143484903025518,1.7419538212754788
witcher_silver_sword_4_v5.png,1,0.38610627986285806,1.3110192146872852
witcher_silver_sword_4_v6.png,0,1.9925129454510082,1.4954838145996825
witcher_silver_sword_4_v7.png,0,2.35170415390349,1.5367156186769486
witcher_silver_sword_4_v8.png,1,0.6222955238817789,1.3928317826664989
witcher_silver_sword_4_v9.png,1,-2.934943561902575,1.3158315021905196
witcher_silver_sword_4_v10.png,0,1.632893969663383,1.6569778037984964
witcher_silver_sword_4_v11.png,1,-2.2484610303466006,1.5223519856627272
witcher_silver_sword_4_v12.png,1,0.14748192979186392,1.464001070521696
witcher_silver_sword_4_v13.png,0,2.663275879998083,1.7463571161179663
witcher_silver_sword_4_v14.png,0,1.6707696307308668,1.4121987457756895
witcher_silver_sword_4_v15.png,1,2.307536511097941,1.5270540926880567
witcher_silver_sword_4_v16.png,0,1.8929566143357943,1.6047090703322167
witcher_silver_sword_4_v17.png,1,2.271991385189635,1.4531811465175777
witcher_silver_sword_4_v18.png,1,1.384533662519428,1.575247895264049
witcher_silver_sword_4_v19.png,1,-2.110503357947489,1.30898610718663
wrench_0_v0.png,0,-0.6552980096356439,1.5429767678221413
wrench_0_v1.png,0,0.15896838173492445,1.376529827553321
wrench_0_v2.png,1,-2.4111362788715343,1.8998119324415002
wrench_0_v3.png,0,1.591037821480603,1.7513313127994277
wrench_0_v4.png,1,1.5307163202615597,1.5272458448399424
wrench_0_v5.png,1,-2.714569131744569,1.7685612716419492
wrench_0_v6.png,1,0.9974563156931968,1.5305403491521008
wrench_0_v7.png,0,1.6116409619176808,1.362907459987882
wrench_0_v8.png,0,2.847880088319328,1.6037420788728767
wrench_0_v9.png,0,2.595194967423952,1.473749780183019
wrench_0_v10.png,1,-3.1414869694158414,1.593527004138104
wrench_0_v11.png,0,2.6733118564653493,1.416009308927508
wrench_0_v12.png,1,1.2875963279404108,1.6593286928987938
wrench_0_v13.png,1,0.30740929162174235,1.3779659902472212
wrench_0_v14.png,0,0.8911374808498935,1.7526865337656432
wrench_0_v15.png,1,2.3163529882512144,1.630892412367236
wrench_0_v16.png,1,-1.243670738958408,1.3678844768267095
wrench_0_v17.png,0,-0.8532644029077886,1.8193442922974243
wrench_0_v18.png,0,-2.2529470776517893,1.35071731994827
wrench_0_v19.png,1,-2.00678075633604,1.5205406404248314
wrench_2_v0.png,0,-0.18197092031001239,1.5471075512356052
wrench_2_v1.png,0,0.14473298848219296,1.5261278212596148
wrench_2_v2.png,0,2.232091665366333,1.2620966995951175
wrench_2_v3.png,1,-0.9218337413155088,1.5215735178773637
wrench_2_v4.png,0,0.599234680236639,1.1498821044817567
wrench_2_v5.png,1,-1.1767473028578328,1.3973112531676193
wrench_2_v6.png,0,1.777089794513456,1.3268004772615267
wrench_2_v7.png,1,0.09443181115133947,1.3219968337697734
wrench_2_v8.png,0,2.6598830215781395,1.2334739206618872
wrench_2_v9.png,0,-2.1912605509115717,1.289826772241465
wrench_2_v10.png,1,2.7818938065531698,1.4241975596294891
wrench_2_v11.png,0,-2.5666205634063353,1.1637749356258404
wrench_2_v12.png,1,-0.0857577032331388,1.5015058912690824
wrench_2_v13.png,1,-2.5630458691923192,1.2388942845676765
wrench_2_v14.png,1,-0.4748450958810686,1.4421368262425402
wrench_2_v15.png,0,2.3299065379670667,1.4931816507420843
wrench_2_v16.png,1,-2.2377362127396405,1.1239706643417486
wrench_2_v17.png,1,2.7430827845292294,1.3397777055128737
wrench_2_v18.png,1,2.2228862413642636,1.4425777010235283
wrench_2_v19.png,1,0.9299573222815055,1.1659556092630872
wrench_3_v0.png,1,0.25192438354170354,1.525822269633531
wrench_3_v1.png,0,-2.607602041977427,1.4935804825622114
wrench_3_v2.png,1,0.9251006729281799,1.4997298151674971
wrench_3_v3.png,0,-0.22564576506431833,1.5693405460804755
wrench_3_v4.png,0,-1.039907012801656,1.469155295944466
wrench_3_v5.png,0,2.0403293446949764,1.5484301599448624
wrench_3_v6.png,0,-0.724663979451044,1.2931070721388749
wrench_3_v7.png,0,-2.2038259723156175,1.618867053659983
wrench_3_v8.png,0,-2.4071945647385915,1.2918331944992463
wrench_3_v9.png,0,0.6775843105160304,1.416538808635949
wrench_3_v10.png,1,1.8500117208393199,1.3445944979424336
wrench_3_v11.png,0,-0.9990780917000718,1.251398184048747
wrench_3_v12.png,1,-0.25544383326533215,1.6497348832159744
wrench_3_v13.png,1,2.3156651913495034,1.2696838741322503
wrench_3_v14.png,1,1.296482462916572,1.3549369196236523
wrench_3_v15.png,0,-0.842858876283702,1.2797245397578394
wrench_3_v16.png,1,-2.798987837055429,1.2828597930045265
wrench_3_v17.png,1,-2.8853401576474837,1.7331677112045023
wrench_3_v18.png,0,1.5724528759511143,1.7181097803615568
wrench_3_v19.png,0,-0.9031546612166318,1.306518619096334
wrench_4_v0.png,0,-0.15799007180414593,1.4553033778088436
wrench_4_v1.png,0,-0.6712172933295489,1.1175204971000328
wrench_4_v2.png,1,3.091019631813114,1.512665546093691
wrench_4_v3.png,1,-2.7497210475116605,1.130840016030694
wrench_4_v4.png,0,-2.39509225520445,1.1778083974407882
wrench_4_v5.png,1,1.2575535098855244,1.334189584738514
wrench_4_v6.png,1,1.4538065277818968,1.2431108239081514
wrench_4_v7.png,0,-1.5720319706980637,1.4875630019964858
wrench_4_v8.png,0,-1.7314822844628486,1.3630155966190776
wrench_4_v9.png,0,1.9541188733253805,1.2613553290826722
wrench_4_v10.png,1,-0.929137841143979,1.147992449264019
wrench_4_v11.png,1,-0.26181682867441514,1.3477372477319778
wrench_4_v12.png,0,-1.9746159246101564,1.4136043756507672
wrench_4_v13.png,1,0.47375231807030027,1.4937587291891714
wrench_4_v14.png,1,-2.6357909221759206,1.5357180212381618
wrench_4_v15.png,0,1.189782487259752,1.305679335166947
wrench_4_v16.png,1,2.5181182471802135,1.4746794359461328
wrench_4_v17.png,1,-1.144156586449781,1.5065834861284184
wrench_4_v18.png,1,1.1417347203006518,1.2557712681824544
wrench_4_v19.png,1,1.7436997904284464,1.1338261119918558
yari_spear_0_v0.png,1,1.3687509967701346,1.4750503720529118
yari_spear_0_v1.png,0,-0.8085191307730076,1.6038491735374885
yari_spear_0_v2.png,0,2.6379335578392107,1.760000570482381
yari_spear_0_v3.png,0,0.020572655464604406,1.9823546324572046
yari_spear_0_v4.png,0,-0.4502433609538947,1.9678647033671257
yari_spear_0_v5.png,1,0.3044840926449843,1.539385340389645
yari_spear_0_v6.png,0,0.1514192224334584,1.994425004462829
yari_spear_0_v7.png,1,-3.036005047331365,1.9871202945187243
yari_spear_0_v8.png,1,1.170638540350197,1.5639073164591266
yari_spear_0_v9.png,0,0.01631976553111192,1.927013106488954
yari_spear_0_v10.png,0,1.3703407768797449,1.6080870665275602
yari_spear_0_v11.png,0,0.014724257219762227,1.5357760172266095
yari_spear_0_v12.png,0,2.5455357772035185,1.7486094929777711
yari_spear_0_v13.png,1,0.527210553140933,1.7161814323622042
yari_spear_0_v14.png,1,-1.6745451295323082,1.8625091180865356
yari_spear_0_v15.png,1,2.049254568249766,1.7295982820261444
yari_spear_0_v16.png,1,-1.3108006646279589,1.8345161377987425
yari_spear_0_v17.png,1,-0.8767419600718189,1.5989019999312066
yari_spear_0_v18.png,0,0.24845720870583232,1.5009614371396898
yari_spear_0_v19.png,0,2.9750015969407464,1.800851066943275
yari_spear_1_v0.png,0,1.1436198191818012,1.5940387409669328
yari_spear_1_v1.png,0,-1.3743620364751163,1.6930386325295639
yari_spear_1_v2.png,1,2.5336206061489275,1.6256498354944064
yari_spear_1_v3.png,1,-1.7309484045106789,1.649783821109799
yari_spear_1_v4.png,1,0.7862845806753682,1.767316525767436
yari_spear_1_v5.png,0,2.0331574304988855,1.9204681088492346
yari_spear_1_v6.png,1,-2.594518875781353,1.49054461952721
yari_spear_1_v7.png,0,-2.8700000130788768,1.567078161891616
yari_spear_1_v8.png,0,-0.5844655672658564,1.6466197869716788
yari_spear_1_v9.png,0,-0.5083201905143377,1.4761850605781974
yari_spear_1_v10.png,1,2.508206551669047,1.5746072630662993
yari_spear_1_v11.png,1,0.427296110272672,1.6601161092803693
yari_spear_1_v12.png,1,1.523779431790398,1.7682600651178648
yari_spear_1_v13.png,1,-0.802943067854693,1.487229585283949
yari_spear_1_v14.png,0,1.1445215642157947,1.8373943533137493
yari_spear_1_v15.png,1,-2.990149088377927,1.490347447628545
yari_spear_1_v16.png,0,-1.6796883132219367,1.964704245975387
yari_spear_1_v17.png,1,-1.367637179693105,1.7179107250270202
yari_spear_1_v18.png,1,2.514706741337423,1.6023950696163225
yari_spear_1_v19.png,1,-0.21356380069276582,1.582226141652564
yari_spear_2_v0.png,1,-2.200944282701678,1.7595605658203197
yari_spear_2_v1.png,0,-2.803180504979496,1.4029241527338574
yari_spear_2_v2.png,0,-1.5902253323887698,1.690121199490773
yari_spear_2_v3.png,1,2.966213973900074,1.8169167423392147
yari_spear_2_v4.png,1,2.762446342594086,1.8628751923626792
yari_spear_2_v5.png,1,-0.6907069989997501,1.6052927684489207
yari_spear_2_v6.png,0,-1.6145516580525374,1.723686108037975
yari_spear_2_v7.png,1,-0.2808843239250431,1.7328176996557874
yari_spear_2_v8.png,0,2.6700059352040526,1.447488971696386
yari_spear_2_v9.png,1,-0.7531353627483297,1.936604367164534
yari_spear_2_v10.png,0,-0.8822069287258326,1.7230628722479244
yari_spear_2_v11.png,1,-0.7730075711791499,1.7716984888531053
yari_spear_2_v12.png,0,0.15792405174694568,1.5432727413660545
yari_spear_2_v13.png,1,2.835583107510688,1.7097116944726263
yari_spear_2_v14.png,0,-2.1814105392540064,1.9894259687051155
yari_spear_2_v15.png,1,1.6677214128295146,1.578459017096702
yari_spear_2_v16.png,1,1.7827573707317,1.9466924507459087
yari_spear_2_v17.png,0,-2.5224419045392406,1.9854677875121984
yari_spear_2_v18.png,0,0.9866115937510753,1.4325863902626395
yari_spear_2_v19.png,0,1.892497429803542,1.6914191542391634
yari_spear_3_v0.png,0,-1.606700604580829,1.5617108933603183
yari_spear_3_v1.png,0,2.5672006134261878,1.375627834713816
yari_spear_3_v2.png,0,2.97850549685134,1.4470845597552384
yari_spear_3_v3.png,0,-1.2623422218301261,1.5845321412385058
yari_spear_3_v4.png,0,0.6649412621485042,1.572753965997752
yari_spear_3_v5.png,0,1.1247960558772452,1.4765411429571678
yari_spear_3_v6.png,0,0.4754076515705261,1.5977480865875708
yari_spear_3_v7.png,0,1.7306793178817088,1.6711206969612318
yari_spear_3_v8.png,1,0.23121918495613603,1.8984361735934787
yari_spear_3_v9.png,0,0.3109664230380562,1.5055336169434852
yari_spear_3_v10.png,1,1.4955366399411614,1.7152556856772723
yari_spear_3_v11.png,1,-1.630805346714407,1.8837983693873868
yari_spear_3_v12.png,0,2.4102942437571846,1.81108748784742
yari_spear_3_v13.png,1,-0.5798135429432123,1.3906467902556134
yari_spear_3_v14.png,1,1.8583130008007576,1.7833903685736674
yari_spear_3_v15.png,1,0.07922874338483998,1.7051517926263005
yari_spear_3_v16.png,0,-1.565243364453739,1.7363768258817964
yari_spear_3_v17.png,0,-1.317267448174439,1.5730428157261647
yari_spear_3_v18.png,1,-0.907020891133218,1.5214294513011084
yari_spear_3_v19.png,0,2.6060872406195363,1.8397961867576678
yari_spear_4_v0.png,0,2.299474044775814,1.3811472176090287
yari_spear_4_v1.png,1,1.5962816345519544,1.780808465461679
yari_spear_4_v2.png,1,0.8818810568178581,1.6479215817710509
yari_spear_4_v3.png,1,-0.3527100563455168,1.4093365604881436
yari_spear_4_v4.png,1,-2.521438220403783,1.423363163946121
yari_spear_4_v5.png,0,-0.33601221135976633,1.7085291663514615
yari_spear_4_v6.png,1,-0.4114164911365976,1.5143329339903229
yari_spear_4_v7.png,1,0.35228918125240183,1.636981319994145
yari_spear_4_v8.png,1,0.6490438477142861,1.7402948668376323
yari_spear_4_v9.png,0,-0.7906837918575427,1.537549865066906
yari_spear_4_v10.png,0,-1.768934369948715,1.825613341846327
yari_spear_4_v11.png,0,-0.9413543785391196,1.5689379817731968
yari_spear_4_v12.png,0,0.6092396966925495,1.556745750922655
yari_spear_4_v13.png,1,-1.958788202688246,1.516829766044514
yari_spear_4_v14.png,0,-0.35844063761712075,1.8601965413916752
yari_spear_4_v15.png,1,-2.979737232572834,1.7938591465216833
yari_spear_4_v16.png,0,-1.8397579350255988,1.6204045208171924
yari_spear_4_v17.png,1,-1.1550302490832234,1.6555524643937352
yari_spear_4_v18.png,1,2.942882163138729,1.5699232043757274
yari_spear_4_v19.png,1,-2.98528272118895,1.3650955349790987
zweihander_0_v0.png,1,-1.2167924967795525,1.7384012386403156
zweihander_0_v1.png,1,-1.9472169807732325,1.393457635954428
zweihander_0_v2.png,1,3.0018152198541395,1.4513393445115392
zweihander_0_v3.png,1,-1.9338316305714534,1.7639720731114532
zweihander_0_v4.png,0,1.6755145878443751,1.753644141608679
zweihander_0_v5.png,1,-0.17651732524997632,1.7815412293868809
zweihander_0_v6.png,0,2.0398306238900306,1.5313319774578296
zweihander_0_v7.png,0,0.26742174449640466,1.665595023742665
zweihander_0_v8.png,0,3.045426784285781,1.5221412036856974
zweihander_0_v9.png,0,2.623979750479631,1.416921756572367
zweihander_0_v10.png,0,1.4127348997675928,1.7358480134989611
zweihander_0_v11.png,0,2.83068347758286,1.8283668160571884
zweihander_0_v12.png,1,0.7656408748800991,1.7841165965897767
zweihander_0_v13.png,0,-0.40416224992808436,1.4567033432821288
zweihander_0_v14.png,1,2.9375388718701316,1.3965960553667025
zweihander_0_v15.png,0,-0.3172956988153133,1.4558290120986463
zweihander_0_v16.png,1,0.6887806626347632,1.5541338029909995
zweihander_0_v17.png,0,2.633239216969197,1.5987697895304065
zweihander_0_v18.png,1,1.1565551575781226,1.546047359876808
zweihander_0_v19.png,0,0.011566271847871068,1.7048917670017754
zweihander_1_v0.png,0,1.3584659886999448,1.4634413501750652
zweihander_1_v1.png,1,-0.7934884860905256,1.3526134048496539
zweihander_1_v2.png,1,-1.196989393327197,1.3422896740681682
zweihander_1_v3.png,0,-0.8841457244222859,1.7303399298553754
zweihander_1_v4.png,0,0.8404822220395707,1.5718334847483362
zweihander_1_v5.png,1,0.49478918044980014,1.284265953147595
zweihander_1_v6.png,1,2.585849953400096,1.5924940175285172
zweihander_1_v7.png,1,-0.35995655242884617,1.693917400533795
zweihander_1_v8.png,1,-1.5332753821450593,1.6697143293646397
zweihander_1_v9.png,0,-2.1684859065737783,1.6523661558136638
zweihander_1_v10.png,1,-1.1468177968266575,1.260734697985063
zweihander_1_v11.png,0,-0.254851741601279,1.4283118596684918
zweihander_1_v12.png,1,-0.24047395931848037,1.3353992188808832
zweihander_1_v13.png,1,2.479824999729786,1.738454402029607
zweihander_1_v14.png,0,-1.4877117862104496,1.7444499818080004
zweihander_1_v15.png,0,-2.964384652872071,1.38142460082583
zweihander_1_v16.png,0,1.4859015740944117,1.5351294408009093
zweihander_1_v17.png,0,0.6320453413701135,1.75587041387716
zweihander_1_v18.png,1,-1.1476105701363775,1.6741486385167388
zweihander_1_v19.png,1,-1.4127845064560258,1.2853980138540078
zweihander_2_v0.png,1,-0.947560410716445,1.065119236824319
zweihander_2_v1.png,0,-0.25499088614241083,1.1829701202681246
zweihander_2_v2.png,0,2.064867281000196,1.1754745501098531
zweihander_2_v3.png,0,2.727444050884386,1.4171299868866591
zweihander_2_v4.png,1,-2.3090522968038054,1.4680032100625044
zweihander_2_v5.png,1,-2.2187573452436924,1.3732706920473565
zweihander_2_v6.png,0,-2.900608472610455,1.3767297108504513
zweihander_2_v7.png,0,-1.2219248836104288,1.145562140944023
zweihander_2_v8.png,0,-1.9445521648573898,1.2449050474304166
zweihander_2_v9.png,1,-0.47151012998162933,1.4265383526618338
zweihander_2_v10.png,0,-1.9659090044750762,1.250134746934706
zweihander_2_v11.png,1,1.0664206095403324,1.2058223962654422
zweihander_2_v12.png,1,-2.928357675021381,1.168735918918221
zweihander_2_v13.png,0,1.2927003500333212,1.2949681060629985
zweihander_2_v14.png,1,2.720449882632101,1.208321892991257
zweihander_2_v15.png,0,0.7071554383871441,1.2569624436199036
zweihander_2_v16.png,1,0.3270388645788924,1.0540313358525506
zweihander_2_v17.png,0,-2.896345951087341,1.2885564666401468
zweihander_2_v18.png,1,-1.6736018820505203,1.113579638757762
zweihander_2_v19.png,0,1.893187751724817,1.2387512198187476
zweihander_3_v0.png,1,0.21956133020784296,1.2863701830227037
zweihander_3_v1.png,0,2.9789992941393106,1.3530158860323875
zweihander_3_v2.png,0,-0.9653101115317675,1.3504992531101518
zweihander_3_v3.png,0,2.836978430448595,1.3764566229431372
zweihander_3_v4.png,0,0.8723275435540885,1.4149120516408398
zweihander_3_v5.png,0,1.8777756469493108,1.5138380221506396
zweihander_3_v6.png,1,1.1628891696878207,1.4644845419773334
zweihander_3_v7.png,1,-2.4563386528214077,1.4977565182306585
zweihander_3_v8.png,0,1.8778750350926947,1.7704951135484013
zweihander_3_v9.png,0,0.9638646558591797,1.6337706365087843
zweihander_3_v10.png,0,-0.43153795546837737,1.544598829343415
zweihander_3_v11.png,1,1.4510970892153985,1.2894860654317148
zweihander_3_v12.png,0,-1.1617336960361975,1.2713430148392182
zweihander_3_v13.png,1,2.906270377790145,1.5445960277802933
zweihander_3_v14.png,0,1.6455555540199478,1.5382888866590578
zweihander_3_v15.png,1,1.4415715355050933,1.5337373473696878
zweihander_3_v16.png,1,1.3084225134020604,1.5619526545746325
zweihander_3_v17.png,1,-2.6682535513947223,1.4217002532038887
zweihander_3_v18.png,1,-3.136516702880419,1.355151756572527
zweihander_3_v19.png,0,1.8247294485310104,1.2686821144477312
zweihander_4_v0.png,0,1.8075231550287059,1.5981558935412168
zweihander_4_v1.png,1,-2.855627519509444,1.7948562364884966
zweihander_4_v2.png,0,-1.3863882674163293,1.8899893158355057
zweihander_4_v3.png,1,1.765585403393649,1.5251118150995604
zweihander_4_v4.png,1,0.023942734925515907,1.809358908721773
zweihander_4_v5.png,1,2.551092943425782,1.6092164820554402
zweihander_4_v6.png,1,-0.08887294008155866,1.461366370872152
zweihander_4_v7.png,0,-0.7836150208494472,1.5191718477137277
zweihander_4_v8.png,0,-0.5600423905848801,1.7925893757373765
zweihander_4_v9.png,0,2.575739672074365,1.4942778392551586
zweihander_4_v10.png,0,-1.9350382083150146,1.5714255786921592
zweihander_4_v11.png,1,0.5761952926589395,1.7719596954100436
zweihander_4_v12.png,1,0.3175916301391162,1.628153732954293
zweihander_4_v13.png,1,1.5673721496338273,1.6730852094318838
zweihander_4_v14.png,0,0.9342833670952502,1.4832077432072757
zweihander_4_v15.png,0,-1.579110028377241,1.7202455396386525
zweihander_4_v16.png,0,-0.15954571033048026,1.8104645618607635
zweihander_4_v17.png,1,0.23975927769568361,1.8931122672262704
zweihander_4_v18.png,0,-0.7225075934228915,1.513821792293562
zweihander_4_v19.png,0,-0.16039238947265622,2.032986025672631
bloodied_cleaver_1_v0.png,1,0.9964505690567296,1.5139730799009639
bloodied_cleaver_1_v1.png,0,-0.8520530690941222,1.593140201401176
bloodied_cleaver_1_v2.png,0,0.5741615289589748,1.577108256500978
bloodied_cleaver_1_v3.png,0,-0.06945031518490286,1.384862210595652
bloodied_cleaver_1_v4.png,0,-2.528873918716572,1.575953977198225
bloodied_cleaver_1_v5.png,1,-2.0233552212043886,1.2939407038617168
bloodied_cleaver_1_v6.png,1,1.7682256092627924,1.5825942783485136
bloodied_cleaver_1_v7.png,1,0.6631875552620048,1.6196211453583595
bloodied_cleaver_1_v8.png,0,-0.9848377110008677,1.177268505504558
bloodied_cleaver_1_v9.png,1,-1.4466400406280648,1.3831425498721888
bloodied_cleaver_1_v10.png,0,-1.7690163370673186,1.6270166645615334
bloodied_cleaver_1_v11.png,1,-0.045034817752635625,1.508316238690146
bloodied_cleaver_1_v12.png,0,-2.385532353275056,1.3754174113999247
bloodied_cleaver_1_v13.png,1,-0.7904727400790783,1.1802463888051207
bloodied_cleaver_1_v14.png,0,-1.906085971579035,1.3189200273069122
bloodied_cleaver_1_v15.png,0,-2.640580694580235,1.2172108565736877
bloodied_cleaver_1_v16.png,0,-1.101093007176324,1.2211727531286647
bloodied_cleaver_1_v17.png,0,0.5716244568443825,1.1534742306750405
bloodied_cleaver_1_v18.png,0,-2.760786512018864,1.2387505504484706
bloodied_cleaver_1_v19.png,1,-3.1352719028009206,1.2296229416188165
bloodied_cleaver_2_v0.png,1,-1.4323222161284903,1.0725461120174342
bloodied_cleaver_2_v1.png,1,-2.8409531924965954,1.1211700186106566
bloodied_cleaver_2_v2.png,0,1.0463349402242024,1.3346963335101472
bloodied_cleaver_2_v3.png,1,-2.3175221378465736,1.3100904885655056
bloodied_cleaver_2_v4.png,1,2.7642929131292266,1.0669377478555269
bloodied_cleaver_2_v5.png,0,-1.9096726203175338,1.0144319420193528
bloodied_cleaver_2_v6.png,0,-0.6225712306390649,1.3384444852671016
bloodied_cleaver_2_v7.png,1,-1.6122894284650222,1.0617765958298009
bloodied_cleaver_2_v8.png,1,1.612559453852898,1.245303962544349
bloodied_cleaver_2_v9.png,1,2.608757308832319,1.2113518144380793
bloodied_cleaver_2_v10.png,0,-2.0574764981137568,1.2855523711777177
bloodied_cleaver_2_v11.png,0,3.1363403813227486,1.235290808511352
bloodied_cleaver_2_v12.png,1,-1.534635484700166,1.0193681245788087
bloodied_cleaver_2_v13.png,1,0.7831332468723056,1.345368539968409
bloodied_cleaver_2_v14.png,1,-0.14271045944450256,1.4243754020379158
bloodied_cleaver_2_v15.png,0,-3.023530520744875,1.008818217487239
bloodied_cleaver_2_v16.png,1,1.144856658020009,1.208787738387902
bloodied_cleaver_2_v17.png,0,-2.406352099750027,1.1995513865284615
bloodied_cleaver_2_v18.png,1,-2.3778679900078394,1.2168305957073018
bloodied_cleaver_2_v19.png,0,0.8937472090904282,1.0349403514260835
great_katana_3_v0.png,0,0.5235900974478831,1.39432652218593
great_katana_3_v1.png,0,-2.832796514190199,1.3850182432384301
great_katana_3_v2.png,1,0.6721344472277986,1.3842694199441115
great_katana_3_v3.png,0,-1.238318780777809,1.6758346231899979
great_katana_3_v4.png,1,2.2052239049669757,1.2202418736863394
great_katana_3_v5.png,1,2.5886456885999616,1.5071467320608058
great_katana_3_v6.png,1,2.6918866238469485,1.37613464581518
great_katana_3_v7.png,0,2.7503419757092433,1.2071513980115693
great_katana_3_v8.png,1,1.1825523128076647,1.2234623226251826
great_katana_3_v9.png,1,2.3186114991702818,1.2417281815771157
great_katana_3_v10.png,1,-1.5615819070195354,1.6198437991390906
great_katana_3_v11.png,0,-1.9423358614578499,1.2998729294760099
great_katana_3_v12.png,0,-2.7363824368695786,1.4219225257391852
great_katana_3_v13.png,1,-1.389547129059589,1.479737927290664
great_katana_3_v14.png,1,0.33094981612248553,1.436403290832724
great_katana_3_v15.png,1,-2.933742609099753,1.6198913054923003
great_katana_3_v16.png,0,-0.26203594973371036,1.4406320244897441
great_katana_3_v17.png,1,-2.1605897156223888,1.4438450645906362
great_katana_3_v18.png,0,0.9685778091094268,1.592310879333991
great_katana_3_v19.png,1,-0.9044008087990312,1.3841805644775127
katana_4_v0.png,0,-2.761641131237382,1.167613269414746
katana_4_v1.png,1,2.7258898552884343,1.1688429901569302
katana_4_v2.png,1,-1.784061862786782,1.445995959226381
katana_4_v3.png,1,-0.5696050030064672,1.2580440297769964
katana_4_v4.png,0,0.16067777689472562,1.1370220580697008
katana_4_v5.png,1,2.1392674808977867,1.411816952506224
katana_4_v6.png,0,-1.8797758901532937,1.3074504451508844
katana_4_v7.png,1,0.8796219769020721,1.3145577315121766
katana_4_v8.png,1,-0.1750293397437197,1.4610863110278998
katana_4_v9.png,0,-1.0524498097168742,1.3765868023666823
katana_4_v10.png,1,-1.3487571662476405,1.4133377082253122
katana_4_v11.png,1,-3.1039556116089764,1.225068591833852
katana_4_v12.png,0,1.8256725637577595,1.4366300734121475
katana_4_v13.png,0,1.5701454876214904,1.2136223072722145
katana_4_v14.png,1,-0.20914612656739795,1.2469807183150439
katana_4_v15.png,0,2.157762657295941,1.5616798587091134
katana_4_v16.png,1,-2.437421403905095,1.1562250210400746
katana_4_v17.png,1,-0.8608804759062654,1.2205784055600002
katana_4_v18.png,1,0.615191116564789,1.1236183145551382
katana_4_v19.png,1,-1.816122591797714,1.465421161885981
sapphire_glaive_3_v0.png,1,-1.1441917145113578,1.5539259661123657
sapphire_glaive_3_v1.png,0,1.0597651419060945,1.8656738750761146
sapphire_glaive_3_v2.png,1,0.7651673961150063,1.7527423399255975
sapphire_glaive_3_v3.png,0,-2.5248810604130894,1.7176290912320515
sapphire_glaive_3_v4.png,1,-1.9326941354940708,1.4286788269628263
sapphire_glaive_3_v5.png,0,-0.40160235154433943,1.5685695509426136
sapphire_glaive_3_v6.png,1,-0.5536017647579277,1.5750685360204244
sapphire_glaive_3_v7.png,0,-2.6379163468029008,1.9020056350366632
sapphire_glaive_3_v8.png,1,1.2795456569073065,1.7138642111397115
sapphire_glaive_3_v9.png,1,-1.7805810933124722,1.6225724069978875
sapphire_glaive_3_v10.png,0,-0.6142301351553545,1.7328554136464793
sapphire_glaive_3_v11.png,1,0.941449916229103,1.8075083785770887
sapphire_glaive_3_v12.png,0,1.7423509733955023,1.7544361337262329
sapphire_glaive_3_v13.png,0,-2.2328026742091627,1.4433680103250683
sapphire_glaive_3_v14.png,0,-1.5311514111163351,1.9179098501534244
sapphire_glaive_3_v15.png,1,0.3135803324342772,1.4213758201633182
sapphire_glaive_3_v16.png,1,0.3730894022084248,1.4398889570483728
sapphire_glaive_3_v17.png,1,-1.4940958445032884,1.8812262401329192
sapphire_glaive_3_v18.png,0,0.291818828708978,1.6854335071389597
sapphire_glaive_3_v19.png,1,1.2000787205900616,1.71880694453202
