epoch,batch,learning_rate,loss_total,loss_rot,loss_scale,mAP15,mAP30
1,0,0.0001,3.6731972694396973,1.0487689971923828,2.6244282722473145,0.125,0.125
1,1,0.0001,3.53395938873291,1.112831950187683,2.4211273193359375,0.0,0.125
1,2,0.0001,3.6167054176330566,1.0331858396530151,2.583519458770752,0.0,0.0
1,3,0.0001,2.589493751525879,0.7633676528930664,1.8261260986328125,0.125,0.375
1,4,0.0001,3.4696714878082275,1.152822732925415,2.3168487548828125,0.125,0.125
1,5,0.0001,3.250105142593384,1.075463056564331,2.1746420860290527,0.0,0.0
1,6,0.0001,3.012446403503418,0.9726830720901489,2.0397634506225586,0.125,0.125
1,7,0.0001,2.645251750946045,0.6968299150466919,1.948421835899353,0.125,0.25
1,8,0.0001,2.2703418731689453,0.7953716516494751,1.4749703407287598,0.25,0.375
1,9,0.0001,2.7137229442596436,1.0774283409118652,1.6362946033477783,0.125,0.25
1,10,0.0001,2.5169239044189453,1.1116001605987549,1.4053236246109009,0.125,0.125
1,11,0.0001,2.3767361640930176,1.1909027099609375,1.1858335733413696,0.0,0.0
1,12,0.0001,2.634056806564331,1.0729219913482666,1.5611348152160645,0.125,0.125
1,13,0.0001,1.7303130626678467,0.6261914372444153,1.1041215658187866,0.25,0.5
1,14,0.0001,1.6043567657470703,0.624640703201294,0.9797161221504211,0.125,0.5
1,15,0.0001,1.8207752704620361,1.1864848136901855,0.6342904567718506,0.0,0.125
1,16,0.0001,1.448265790939331,1.0091192722320557,0.43914657831192017,0.0,0.25
1,17,0.0001,1.4405943155288696,1.099057912826538,0.34153640270233154,0.125,0.125
1,18,0.0001,0.9826557636260986,0.6896152496337891,0.29304051399230957,0.25,0.5
1,19,0.0001,1.2308255434036255,1.0064878463745117,0.22433769702911377,0.125,0.25
1,20,0.0001,1.2474581003189087,1.1255820989608765,0.1218760535120964,0.125,0.125
1,21,0.0001,1.0779331922531128,1.0156296491622925,0.06230349838733673,0.0,0.25
1,22,0.0001,1.3187495470046997,1.2278423309326172,0.09090717881917953,0.0,0.0
1,23,0.0001,0.79597407579422,0.7348209023475647,0.06115317717194557,0.25,0.25
1,24,0.0001,1.1174490451812744,0.9644670486450195,0.15298204123973846,0.0,0.125
1,25,0.0001,1.1995398998260498,1.1422412395477295,0.05729866027832031,0.0,0.125
1,26,0.0001,0.8429738879203796,0.7846516370773315,0.0583222359418869,0.125,0.25
1,27,0.0001,0.7557035088539124,0.6985340118408203,0.05716949701309204,0.25,0.375
1,28,0.0001,1.0436229705810547,0.9759129285812378,0.06770998239517212,0.0,0.0
1,29,0.0001,1.1618608236312866,1.084977149963379,0.07688362896442413,0.0,0.0
1,30,0.0001,0.9285606741905212,0.8117426633834839,0.11681802570819855,0.125,0.25
1,31,0.0001,1.2596033811569214,1.2296814918518066,0.029921848326921463,0.0,0.0
1,32,0.0001,0.9279875159263611,0.90412837266922,0.023859163746237755,0.125,0.125
1,33,0.0001,1.1832505464553833,1.1118464469909668,0.07140408456325531,0.125,0.125
1,34,0.0001,1.1363788843154907,1.0931379795074463,0.04324088245630264,0.125,0.125
1,35,0.0001,0.988060712814331,0.9569900035858154,0.031070716679096222,0.125,0.25
1,36,0.0001,1.1428601741790771,1.099256992340088,0.04360323026776314,0.0,0.0
1,37,0.0001,0.9214363098144531,0.8774836659431458,0.04395263269543648,0.125,0.25
1,38,0.0001,0.9708188772201538,0.9317654371261597,0.03905341401696205,0.125,0.125
1,39,0.0001,1.1088567972183228,1.0720062255859375,0.03685055673122406,0.0,0.125
1,40,0.0001,0.9164122343063354,0.8892039060592651,0.027208322659134865,0.0,0.125
1,41,0.0001,0.9068793058395386,0.8691484928131104,0.03773079067468643,0.125,0.375
1,42,0.0001,0.9617394208908081,0.8998878598213196,0.06185156852006912,0.125,0.125
1,43,0.0001,0.9840112328529358,0.9507302045822144,0.03328104317188263,0.125,0.25
1,44,0.0001,0.7355523705482483,0.7005473375320435,0.035005055367946625,0.25,0.375
1,45,0.0001,0.9505554437637329,0.9454751014709473,0.005080362316220999,0.25,0.25
1,46,0.0001,1.1942429542541504,1.1621687412261963,0.0320742204785347,0.0,0.0
1,47,0.0001,1.0424227714538574,0.9895400404930115,0.05288272723555565,0.0,0.125
1,48,0.0001,0.765769898891449,0.7123788595199585,0.053391024470329285,0.25,0.375
1,49,0.0001,0.7602850198745728,0.7369970083236694,0.023288004100322723,0.125,0.375
1,50,0.0001,0.6829138398170471,0.6254163384437561,0.057497523725032806,0.125,0.25
1,51,0.0001,1.016404151916504,0.9834181070327759,0.032986003905534744,0.125,0.125
1,52,0.0001,0.8496541976928711,0.8208789229393005,0.028775246813893318,0.125,0.25
1,53,0.0001,1.1443650722503662,1.0837488174438477,0.06061629205942154,0.0,0.0
1,54,0.0001,1.3885797262191772,1.3103820085525513,0.07819771766662598,0.0,0.0
1,55,0.0001,0.9770745635032654,0.9625095129013062,0.01456507295370102,0.0,0.0
1,56,0.0001,1.3009357452392578,1.2562565803527832,0.0446791872382164,0.0,0.0
1,57,0.0001,0.9614736437797546,0.9285637140274048,0.03290993720293045,0.0,0.125
1,58,0.0001,1.1168121099472046,1.0731714963912964,0.043640635907649994,0.0,0.125
1,59,0.0001,1.3960254192352295,1.358660101890564,0.03736526519060135,0.0,0.0
1,60,0.0001,0.980631411075592,0.9527335166931152,0.027897898107767105,0.0,0.125
1,61,0.0001,1.293920874595642,1.256202220916748,0.03771866858005524,0.0,0.125
1,62,0.0001,0.824622631072998,0.7910075187683105,0.0336151123046875,0.125,0.25
1,63,0.0001,1.3954112529754639,1.3788130283355713,0.01659826934337616,0.0,0.0
1,64,0.0001,1.0151177644729614,1.0082710981369019,0.006846722215414047,0.0,0.125
1,65,0.0001,0.9615463614463806,0.9026307463645935,0.0589156299829483,0.125,0.375
1,66,0.0001,1.171574592590332,1.1241357326507568,0.047438912093639374,0.0,0.125
1,67,0.0001,0.9431608319282532,0.9142431020736694,0.028917722404003143,0.125,0.125
1,68,0.0001,0.8817358016967773,0.8223749399185181,0.059360843151807785,0.125,0.25
1,69,0.0001,1.1722499132156372,1.1161712408065796,0.056078650057315826,0.0,0.125
1,70,0.0001,0.873979926109314,0.8298505544662476,0.044129353016614914,0.125,0.375
1,71,0.0001,0.8355959057807922,0.8082177639007568,0.02737816795706749,0.25,0.25
1,72,0.0001,0.7450059056282043,0.639811098575592,0.1051948070526123,0.375,0.5
1,73,0.0001,0.9025779366493225,0.872063159942627,0.030514787882566452,0.125,0.125
1,74,0.0001,0.9581531882286072,0.9286772608757019,0.029475925490260124,0.0,0.125
1,75,0.0001,0.8109682202339172,0.7394223213195801,0.07154587656259537,0.125,0.25
1,76,0.0001,0.6901652216911316,0.6452023983001709,0.044962815940380096,0.125,0.375
1,77,0.0001,0.9444665312767029,0.9184896945953369,0.025976864621043205,0.0,0.0
1,78,0.0001,1.0281730890274048,0.9818757772445679,0.0462973490357399,0.0,0.125
1,79,0.0001,1.11038339138031,1.0536049604415894,0.05677841976284981,0.0,0.125
1,80,0.0001,0.9204841256141663,0.886552095413208,0.03393201902508736,0.125,0.25
1,81,0.0001,1.048696517944336,1.028475284576416,0.02022125944495201,0.0,0.0
1,82,0.0001,1.1141831874847412,1.091862440109253,0.022320769727230072,0.0,0.125
1,83,0.0001,1.3184391260147095,1.2624340057373047,0.056005075573921204,0.0,0.0
1,84,0.0001,0.8832943439483643,0.8436386585235596,0.03965568542480469,0.125,0.25
1,85,0.0001,0.9798374772071838,0.9432730078697205,0.03656446933746338,0.125,0.125
1,86,0.0001,0.6381796002388,0.5922493934631348,0.04593023285269737,0.125,0.375
1,87,0.0001,0.6025968194007874,0.5841606855392456,0.018436133861541748,0.125,0.375
1,88,0.0001,0.9430282115936279,0.8989448547363281,0.04408334940671921,0.125,0.25
1,89,0.0001,1.240675449371338,1.1712801456451416,0.06939531862735748,0.0,0.125
1,90,0.0001,0.9848277568817139,0.9330960512161255,0.05173168331384659,0.125,0.25
1,91,0.0001,0.984397292137146,0.9187745451927185,0.06562276184558868,0.0,0.125
1,92,0.0001,1.1206401586532593,1.1063812971115112,0.014258896932005882,0.0,0.0
1,93,0.0001,0.6022265553474426,0.5902225971221924,0.012003937736153603,0.125,0.375
1,94,0.0001,0.9585353136062622,0.9337176084518433,0.024817712604999542,0.25,0.25
1,95,0.0001,0.6154417991638184,0.5767835378646851,0.038658276200294495,0.125,0.625
1,96,0.0001,0.7935909032821655,0.7596496343612671,0.033941298723220825,0.0,0.25
1,97,0.0001,1.150555968284607,1.1023576259613037,0.04819836467504501,0.0,0.0
1,98,0.0001,0.9361827373504639,0.900930643081665,0.03525207191705704,0.125,0.375
1,99,0.0001,0.9164277911186218,0.8665022850036621,0.049925513565540314,0.25,0.25
1,100,0.0001,1.021550178527832,0.9748899936676025,0.046660199761390686,0.125,0.25
1,101,0.0001,0.9441559314727783,0.9163505434989929,0.0278053916990757,0.25,0.25
1,102,0.0001,1.1018881797790527,1.0834383964538574,0.01844983547925949,0.0,0.125
1,103,0.0001,0.9237530827522278,0.8659777641296387,0.05777532607316971,0.25,0.25
1,104,0.0001,1.073110818862915,1.0375951528549194,0.03551571071147919,0.0,0.125
1,105,0.0001,0.7111396193504333,0.6779378652572632,0.03320176899433136,0.375,0.375
1,106,0.0001,0.9433632493019104,0.8843311667442322,0.05903208255767822,0.0,0.25
1,107,0.0001,1.3890959024429321,1.3455339670181274,0.043561965227127075,0.0,0.0
1,108,0.0001,0.8880016207695007,0.8605318665504456,0.027469782158732414,0.125,0.125
1,109,0.0001,0.5964730978012085,0.5462303757667542,0.050242699682712555,0.0,0.375
1,110,0.0001,0.9044902324676514,0.7754489183425903,0.12904131412506104,0.125,0.25
1,111,0.0001,1.1304353475570679,1.0991977453231812,0.03123762086033821,0.0,0.0
1,112,0.0001,0.9321330189704895,0.8997448086738586,0.03238821029663086,0.125,0.25
1,113,0.0001,1.2488853931427002,1.2004302740097046,0.04845510423183441,0.0,0.0
1,114,0.0001,1.2784955501556396,1.2404110431671143,0.038084499537944794,0.125,0.125
1,115,0.0001,1.0046979188919067,0.9358662962913513,0.06883162260055542,0.25,0.25
1,116,0.0001,0.7506362795829773,0.7315208911895752,0.019115416333079338,0.25,0.375
1,117,0.0001,0.9558556079864502,0.9254910945892334,0.03036453016102314,0.0,0.0
1,118,0.0001,0.8171479105949402,0.7888729572296143,0.02827495150268078,0.125,0.125
1,119,0.0001,1.0334641933441162,0.963129997253418,0.07033422589302063,0.125,0.125
1,120,0.0001,0.880305826663971,0.8224548101425171,0.057851023972034454,0.125,0.125
1,121,0.0001,1.2312748432159424,1.1635128259658813,0.06776197999715805,0.0,0.0
1,122,0.0001,1.097233772277832,1.009883165359497,0.08735063672065735,0.125,0.25
1,123,0.0001,0.6651262640953064,0.6554045081138611,0.00972176343202591,0.375,0.5
1,124,0.0001,1.0408679246902466,0.9930176734924316,0.04785020649433136,0.0,0.125
1,125,0.0001,0.7608844637870789,0.7234969139099121,0.03738757222890854,0.125,0.25
1,126,0.0001,1.2587114572525024,1.2202078104019165,0.03850364685058594,0.0,0.0
1,127,0.0001,1.010740876197815,0.9479974508285522,0.0627434179186821,0.125,0.25
1,128,0.0001,1.1282836198806763,1.0950088500976562,0.033274732530117035,0.125,0.125
1,129,0.0001,0.6340951919555664,0.5599629878997803,0.07413217425346375,0.25,0.375
1,130,0.0001,1.2824515104293823,1.188529133796692,0.09392236173152924,0.0,0.0
1,131,0.0001,1.1592921018600464,1.0939878225326538,0.06530426442623138,0.0,0.125
1,132,0.0001,0.8898006081581116,0.8637593984603882,0.026041222736239433,0.0,0.0
1,133,0.0001,1.1568137407302856,1.0920295715332031,0.06478411704301834,0.0,0.0
1,134,0.0001,0.7757617831230164,0.7362217307090759,0.03954002633690834,0.0,0.0
1,135,0.0001,0.9771738648414612,0.8949840068817139,0.08218987286090851,0.125,0.25
1,136,0.0001,0.798115611076355,0.7771329283714294,0.020982669666409492,0.25,0.375
1,137,0.0001,1.14740788936615,1.0898771286010742,0.0575307235121727,0.0,0.0
1,138,0.0001,0.7885080575942993,0.7386529445648193,0.049855101853609085,0.375,0.375
1,139,0.0001,0.9198918342590332,0.8731945157051086,0.046697333455085754,0.0,0.125
1,140,0.0001,0.9657810926437378,0.8795730471611023,0.08620801568031311,0.0,0.25
1,141,0.0001,1.2389029264450073,1.192341685295105,0.04656119644641876,0.0,0.0
1,142,0.0001,1.0057471990585327,0.8994846343994141,0.10626251250505447,0.25,0.25
1,143,0.0001,1.0735400915145874,1.0119938850402832,0.061546191573143005,0.0,0.25
1,144,0.0001,0.5019611716270447,0.48527178168296814,0.016689371317625046,0.25,0.5
1,145,0.0001,0.745658278465271,0.7018404006958008,0.0438179075717926,0.125,0.25
1,146,0.0001,0.8867408633232117,0.8380179405212402,0.048722948879003525,0.25,0.25
1,147,0.0001,0.8643969893455505,0.7909554243087769,0.07344157248735428,0.125,0.375
1,148,0.0001,0.9750695824623108,0.9410973787307739,0.03397218883037567,0.0,0.125
1,149,0.0001,0.9331390261650085,0.840479850769043,0.09265919774770737,0.0,0.25
1,150,0.0001,0.8559213280677795,0.7602967619895935,0.09562458097934723,0.125,0.125
1,151,0.0001,0.6026127338409424,0.5662811398506165,0.03633160516619682,0.375,0.5
1,152,0.0001,1.145289421081543,1.0531282424926758,0.09216123074293137,0.0,0.125
1,153,0.0001,0.9272382259368896,0.7194523215293884,0.20778587460517883,0.25,0.25
1,154,0.0001,0.7248969078063965,0.6613034009933472,0.06359350681304932,0.25,0.375
1,155,0.0001,0.9843907356262207,0.8087654709815979,0.1756252944469452,0.125,0.125
1,156,0.0001,0.8669975399971008,0.7482784986495972,0.11871904879808426,0.25,0.375
1,157,0.0001,0.9042048454284668,0.8909341096878052,0.0132707254961133,0.125,0.125
1,158,0.0001,1.1192889213562012,1.0784127712249756,0.04087613523006439,0.0,0.0
1,159,0.0001,1.085597276687622,0.9599810242652893,0.12561620771884918,0.0,0.0
1,160,0.0001,1.017874002456665,0.9807416796684265,0.03713233023881912,0.0,0.125
1,161,0.0001,0.7880371809005737,0.7723894715309143,0.01564772054553032,0.125,0.375
1,162,0.0001,0.9518922567367554,0.888451337814331,0.06344092637300491,0.0,0.25
1,163,0.0001,1.0449779033660889,0.9218835830688477,0.12309431284666061,0.0,0.125
1,164,0.0001,0.9651491641998291,0.8724809885025024,0.09266816079616547,0.0,0.375
1,165,0.0001,1.6096675395965576,1.2454216480255127,0.36424583196640015,0.0,0.0
1,166,0.0001,0.8998072743415833,0.7714158296585083,0.12839144468307495,0.125,0.25
1,167,0.0001,0.9624313116073608,0.9043264985084534,0.05810483545064926,0.0,0.125
1,168,0.0001,1.012132167816162,0.954304039478302,0.05782812088727951,0.0,0.0
1,169,0.0001,1.2597565650939941,1.195212960243225,0.06454356014728546,0.0,0.0
1,170,0.0001,0.9710797071456909,0.934398889541626,0.036680810153484344,0.125,0.125
1,171,0.0001,0.8935173749923706,0.8297618627548218,0.06375551968812943,0.0,0.125
1,172,0.0001,0.9405556321144104,0.8830349445343018,0.057520706206560135,0.25,0.375
1,173,0.0001,0.839282214641571,0.7921441793441772,0.0471380390226841,0.375,0.375
1,174,0.0001,0.8914666175842285,0.8606151342391968,0.03085145354270935,0.25,0.375
1,175,0.0001,0.7722188830375671,0.7257333397865295,0.04648551717400551,0.125,0.375
1,176,0.0001,1.1305952072143555,1.018050193786621,0.11254499852657318,0.0,0.125
1,177,0.0001,0.930903971195221,0.8325140476226807,0.09838990867137909,0.125,0.375
1,178,0.0001,0.5624004006385803,0.47704532742500305,0.08535505831241608,0.375,0.5
1,179,0.0001,0.7673048973083496,0.7562019228935242,0.011102959513664246,0.375,0.375
1,180,0.0001,0.711303174495697,0.6733084321022034,0.03799476474523544,0.125,0.375
1,181,0.0001,1.0103601217269897,0.952220618724823,0.058139558881521225,0.0,0.25
1,182,0.0001,1.2427396774291992,1.2024095058441162,0.04033011570572853,0.0,0.0
1,183,0.0001,1.1789666414260864,1.1444032192230225,0.034563370048999786,0.0,0.125
1,184,0.0001,0.8895899653434753,0.8450642824172974,0.04452569782733917,0.25,0.25
1,185,0.0001,1.1539431810379028,1.0719200372695923,0.08202315121889114,0.125,0.25
1,186,0.0001,1.0172361135482788,0.9320051670074463,0.0852309837937355,0.25,0.25
1,187,0.0001,0.5895401835441589,0.5397683382034302,0.04977185279130936,0.125,0.375
1,188,0.0001,1.0275938510894775,0.9639531373977661,0.0636407732963562,0.125,0.25
1,189,0.0001,0.9845700263977051,0.946972131729126,0.03759787604212761,0.125,0.25
1,190,0.0001,0.6790856719017029,0.5843217968940735,0.09476389735937119,0.0,0.375
1,191,0.0001,0.8329761028289795,0.7980409860610962,0.0349351167678833,0.125,0.25
1,192,0.0001,1.3394962549209595,1.2641282081604004,0.07536805421113968,0.0,0.125
1,193,0.0001,0.6484376192092896,0.5651031732559204,0.08333443105220795,0.375,0.5
1,194,0.0001,1.277090311050415,1.1978535652160645,0.07923668622970581,0.0,0.0
1,195,0.0001,1.1912486553192139,1.1335569620132446,0.05769171565771103,0.125,0.125
1,196,0.0001,1.306311011314392,1.2237474918365479,0.08256349712610245,0.0,0.0
1,197,0.0001,1.1416091918945312,0.9481896162033081,0.19341951608657837,0.125,0.125
1,198,0.0001,0.8395310640335083,0.7159731388092041,0.12355794757604599,0.0,0.25
1,199,0.0001,1.317449927330017,1.2696726322174072,0.047777336090803146,0.0,0.0
1,200,0.0001,1.0452611446380615,0.7813873291015625,0.263873815536499,0.125,0.25
1,201,0.0001,1.2283473014831543,0.9858704805374146,0.24247679114341736,0.0,0.25
1,202,0.0001,0.8936699032783508,0.7112887501716614,0.18238115310668945,0.25,0.5
1,203,0.0001,1.135244369506836,1.0602315664291382,0.07501280307769775,0.125,0.125
1,204,0.0001,1.159482717514038,0.965516209602356,0.19396653771400452,0.0,0.125
1,205,0.0001,1.0516319274902344,0.9482260942459106,0.1034058928489685,0.0,0.25
1,206,0.0001,1.0614449977874756,0.9634437561035156,0.09800121188163757,0.0,0.125
1,207,0.0001,0.7665971517562866,0.6118449568748474,0.1547521948814392,0.25,0.25
1,208,0.0001,1.302833080291748,1.044327974319458,0.25850504636764526,0.125,0.125
1,209,0.0001,0.8962356448173523,0.7840343117713928,0.11220132559537888,0.25,0.375
1,210,0.0001,1.091557502746582,0.9826608300209045,0.10889667272567749,0.0,0.125
1,211,0.0001,0.9339385032653809,0.8626694679260254,0.07126901298761368,0.125,0.125
1,212,0.0001,0.9705374836921692,0.8598860502243042,0.11065144836902618,0.0,0.25
1,213,0.0001,1.3078956604003906,1.0097306966781616,0.2981649339199066,0.0,0.125
1,214,0.0001,1.061999797821045,0.9541517496109009,0.10784807801246643,0.0,0.125
1,215,0.0001,0.9677932858467102,0.8029550313949585,0.1648382693529129,0.125,0.375
1,216,0.0001,0.872150182723999,0.7266210317611694,0.1455291211605072,0.125,0.25
1,217,0.0001,1.3432444334030151,1.161289095878601,0.18195538222789764,0.0,0.125
1,218,0.0001,0.6227184534072876,0.5794280767440796,0.04329034686088562,0.125,0.25
1,219,0.0001,0.9914942979812622,0.7597966194152832,0.2316976636648178,0.0,0.125
1,220,0.0001,1.2205331325531006,0.8752779960632324,0.3452550768852234,0.0,0.25
1,221,0.0001,1.1737897396087646,0.9404077529907227,0.23338200151920319,0.0,0.0
1,222,0.0001,1.5319833755493164,1.1962854862213135,0.33569782972335815,0.0,0.0
1,223,0.0001,0.8920765519142151,0.6762145757675171,0.215861976146698,0.25,0.25
1,224,0.0001,1.069370150566101,0.8573375344276428,0.21203258633613586,0.0,0.25
1,225,0.0001,0.9489489793777466,0.7200870513916016,0.22886192798614502,0.25,0.375
1,226,0.0001,1.194974422454834,0.8174632787704468,0.37751108407974243,0.125,0.25
1,227,0.0001,1.2729911804199219,0.8657408356666565,0.4072502851486206,0.125,0.25
1,228,0.0001,1.2222919464111328,0.9282548427581787,0.2940371036529541,0.25,0.25
1,229,0.0001,1.3723845481872559,1.1797734498977661,0.19261103868484497,0.125,0.125
1,230,0.0001,0.9539533853530884,0.7543457746505737,0.19960761070251465,0.125,0.25
1,231,0.0001,0.9773780107498169,0.949602484703064,0.027775513008236885,0.125,0.25
1,232,0.0001,1.3563019037246704,1.1262538433074951,0.2300480604171753,0.125,0.125
1,233,0.0001,1.2244462966918945,1.087967872619629,0.13647842407226562,0.0,0.0
1,234,0.0001,1.2159833908081055,1.0859043598175049,0.13007909059524536,0.0,0.0
1,235,0.0001,1.324122428894043,1.0566139221191406,0.26750853657722473,0.0,0.125
1,236,0.0001,1.1107351779937744,0.7969797253608704,0.31375548243522644,0.0,0.125
1,237,0.0001,1.2072668075561523,1.0333822965621948,0.17388451099395752,0.125,0.125
1,238,0.0001,0.8469486832618713,0.6334181427955627,0.2135305255651474,0.375,0.375
1,239,0.0001,1.4314546585083008,1.1620843410491943,0.2693703770637512,0.0,0.125
1,240,0.0001,1.065502405166626,0.9110987186431885,0.15440374612808228,0.125,0.125
1,241,0.0001,1.3311048746109009,1.296255111694336,0.03484979644417763,0.0,0.0
1,242,0.0001,1.2989423274993896,1.176928162574768,0.12201420962810516,0.0,0.0
1,243,0.0001,1.1763107776641846,1.132767677307129,0.04354313760995865,0.0,0.0
1,244,0.0001,1.062851071357727,1.0313923358917236,0.03145872801542282,0.125,0.125
1,245,0.0001,1.1279338598251343,1.1053590774536133,0.022574789822101593,0.125,0.125
1,246,0.0001,1.1509146690368652,1.0397348403930664,0.11117985844612122,0.0,0.0
1,247,0.0001,1.2016518115997314,1.1279324293136597,0.07371936738491058,0.0,0.0
1,248,0.0001,0.9578663110733032,0.776567816734314,0.18129846453666687,0.125,0.25
1,249,0.0001,0.8093348741531372,0.7801585793495178,0.029176266863942146,0.125,0.25
1,250,0.0001,0.8613327741622925,0.7176706790924072,0.14366212487220764,0.25,0.25
1,251,0.0001,1.0468775033950806,1.0121448040008545,0.0347326435148716,0.0,0.0
1,252,0.0001,0.841062605381012,0.7748367786407471,0.0662258118391037,0.25,0.25
1,253,0.0001,1.0445994138717651,1.0130620002746582,0.031537462025880814,0.0,0.0
1,254,0.0001,0.8732910752296448,0.8219962120056152,0.05129485949873924,0.0,0.25
1,255,0.0001,1.05734384059906,1.010591745376587,0.04675211012363434,0.125,0.125
1,256,0.0001,1.22433340549469,1.1866393089294434,0.0376940593123436,0.0,0.125
1,257,0.0001,1.1154829263687134,1.0638337135314941,0.05164921656250954,0.0,0.0
1,258,0.0001,0.5851777195930481,0.5430965423583984,0.04208118095993996,0.125,0.375
1,259,0.0001,0.8172184228897095,0.7833338975906372,0.03388453647494316,0.125,0.375
1,260,0.0001,0.9366660118103027,0.9021190404891968,0.03454698994755745,0.25,0.25
1,261,0.0001,1.0538417100906372,1.0115209817886353,0.04232070595026016,0.0,0.125
1,262,0.0001,0.7494916319847107,0.7230616807937622,0.02642996422946453,0.125,0.25
1,263,0.0001,0.9493385553359985,0.8599928021430969,0.08934572339057922,0.125,0.125
1,264,0.0001,1.1664986610412598,1.1234500408172607,0.04304862767457962,0.0,0.125
1,265,0.0001,0.8232415318489075,0.7991484999656677,0.024093057960271835,0.125,0.125
1,266,0.0001,1.0231248140335083,0.9992601871490479,0.023864656686782837,0.0,0.0
1,267,0.0001,0.885741114616394,0.8190233707427979,0.06671775132417679,0.125,0.125
1,268,0.0001,1.0831639766693115,1.0138790607452393,0.06928488612174988,0.0,0.125
1,269,0.0001,1.0199953317642212,1.006148338317871,0.013847040943801403,0.125,0.125
1,270,0.0001,0.7104747295379639,0.6706464290618896,0.039828307926654816,0.125,0.5
1,271,0.0001,1.11588716506958,0.9747906923294067,0.14109651744365692,0.0,0.125
1,272,0.0001,1.1544272899627686,1.0774309635162354,0.07699629664421082,0.0,0.0
1,273,0.0001,0.8107080459594727,0.7897447943687439,0.02096322551369667,0.125,0.25
1,274,0.0001,1.3262296915054321,1.31210196018219,0.014127735048532486,0.0,0.0
1,275,0.0001,1.2105377912521362,1.1483519077301025,0.06218583881855011,0.0,0.0
1,276,0.0001,1.1736326217651367,1.1494042873382568,0.02422838658094406,0.125,0.125
1,277,0.0001,1.0527926683425903,0.99472975730896,0.058062948286533356,0.0,0.0
1,278,0.0001,1.175138235092163,1.1669299602508545,0.008208253420889378,0.0,0.0
1,279,0.0001,1.3221044540405273,1.2994329929351807,0.022671479731798172,0.0,0.0
1,280,0.0001,0.8108932375907898,0.7821533679962158,0.028739891946315765,0.0,0.125
1,281,0.0001,1.1368175745010376,1.0612461566925049,0.0755714476108551,0.0,0.0
1,282,0.0001,1.0137057304382324,0.9277527332305908,0.08595295250415802,0.0,0.25
1,283,0.0001,1.0764192342758179,1.040807843208313,0.035611435770988464,0.25,0.25
1,284,0.0001,0.8094226121902466,0.7761951684951782,0.033227428793907166,0.25,0.25
1,285,0.0001,1.0454157590866089,0.9690050482749939,0.07641074061393738,0.0,0.0
1,286,0.0001,0.8413087129592896,0.8062232732772827,0.03508543595671654,0.25,0.25
1,287,0.0001,0.9894108772277832,0.9214071035385132,0.06800380349159241,0.0,0.25
1,288,0.0001,0.9868157505989075,0.9726800918579102,0.01413564383983612,0.125,0.25
1,289,0.0001,1.1826512813568115,1.1662607192993164,0.016390565782785416,0.0,0.0
1,290,0.0001,0.8638082146644592,0.8301821351051331,0.03362606465816498,0.125,0.125
1,291,0.0001,0.9493340253829956,0.9228770136833191,0.026457009837031364,0.125,0.25
1,292,0.0001,1.161816120147705,1.1119800806045532,0.04983607679605484,0.125,0.125
1,293,0.0001,0.9955815076828003,0.9557175636291504,0.039863914251327515,0.125,0.25
1,294,0.0001,1.0982732772827148,1.0784724950790405,0.01980072818696499,0.0,0.0
1,295,0.0001,0.8181349039077759,0.7303565740585327,0.08777835220098495,0.0,0.375
1,296,0.0001,1.1939105987548828,1.1248598098754883,0.06905078887939453,0.0,0.0
1,297,0.0001,0.7330289483070374,0.6964044570922852,0.036624476313591,0.25,0.375
1,298,0.0001,1.1635562181472778,1.1261934041976929,0.03736281394958496,0.0,0.125
1,299,0.0001,1.0412683486938477,0.999218761920929,0.042049553245306015,0.125,0.125
1,300,0.0001,1.0549641847610474,1.0288305282592773,0.026133688166737556,0.25,0.25
1,301,0.0001,1.1105027198791504,1.0876390933990479,0.022863686084747314,0.0,0.125
1,302,0.0001,0.7749130725860596,0.7430380582809448,0.03187502920627594,0.125,0.25
1,303,0.0001,0.984173059463501,0.8978715538978577,0.0863015353679657,0.125,0.25
1,304,0.0001,0.9195753335952759,0.7620612978935242,0.1575140506029129,0.125,0.5
1,305,0.0001,1.0359786748886108,1.0185335874557495,0.01744507998228073,0.125,0.125
1,306,0.0001,0.9687763452529907,0.9236440658569336,0.04513230174779892,0.0,0.125
1,307,0.0001,0.9473159909248352,0.9022103548049927,0.04510565102100372,0.125,0.25
1,308,0.0001,1.1452604532241821,1.1174840927124023,0.02777637168765068,0.125,0.125
1,309,0.0001,0.9756295680999756,0.9312076568603516,0.044421885162591934,0.25,0.25
1,310,0.0001,0.9164934754371643,0.8965175151824951,0.019975941628217697,0.25,0.25
1,311,0.0001,1.0563366413116455,1.0347349643707275,0.02160172536969185,0.0,0.125
1,312,0.0001,1.091377854347229,1.045794129371643,0.045583710074424744,0.0,0.125
1,313,0.0001,0.9318299293518066,0.8978271484375,0.034002795815467834,0.0,0.125
1,314,0.0001,1.1876686811447144,1.1591057777404785,0.02856294810771942,0.0,0.0
1,315,0.0001,0.8717705011367798,0.7900687456130981,0.08170172572135925,0.0,0.125
1,316,0.0001,1.1903481483459473,1.065293788909912,0.12505437433719635,0.125,0.125
1,317,0.0001,0.6367141008377075,0.6080442667007446,0.02866981364786625,0.125,0.25
1,318,0.0001,0.9579139947891235,0.9244384169578552,0.033475589007139206,0.0,0.0
1,319,0.0001,1.1332751512527466,1.1058464050292969,0.027428733184933662,0.0,0.0
1,320,0.0001,0.8857470750808716,0.8703557252883911,0.015391325578093529,0.25,0.25
1,321,0.0001,1.205080270767212,1.164829969406128,0.040250249207019806,0.0,0.0
1,322,0.0001,1.1500918865203857,1.080012559890747,0.07007936388254166,0.125,0.125
1,323,0.0001,0.845866858959198,0.8295674324035645,0.016299407929182053,0.0,0.25
1,324,0.0001,1.065246343612671,1.0366411209106445,0.028605230152606964,0.125,0.125
1,325,0.0001,0.907112717628479,0.8683212995529175,0.03879140317440033,0.0,0.0
1,326,0.0001,0.7823070883750916,0.7443479299545288,0.03795917332172394,0.125,0.375
1,327,0.0001,0.9093894362449646,0.8650658130645752,0.04432363063097,0.0,0.125
1,328,0.0001,1.0058809518814087,0.9812214374542236,0.02465955913066864,0.0,0.0
1,329,0.0001,0.6654951572418213,0.5924539566040039,0.073041170835495,0.125,0.5
1,330,0.0001,1.0365650653839111,0.9875216484069824,0.04904346168041229,0.125,0.125
1,331,0.0001,1.178147792816162,1.1088863611221313,0.06926143169403076,0.125,0.125
1,332,0.0001,0.8114721179008484,0.7647613286972046,0.0467107892036438,0.25,0.375
1,333,0.0001,1.0328502655029297,0.9964469075202942,0.036403317004442215,0.0,0.125
1,334,0.0001,1.1443997621536255,1.1154522895812988,0.028947530314326286,0.0,0.25
1,335,0.0001,0.745783805847168,0.7337062954902649,0.01207750104367733,0.125,0.5
1,336,0.0001,1.187893033027649,1.153146505355835,0.034746501594781876,0.0,0.125
1,337,0.0001,1.0772838592529297,1.0345337390899658,0.04275008663535118,0.125,0.125
1,338,0.0001,0.8785732984542847,0.8659290075302124,0.01264431793242693,0.0,0.0
1,339,0.0001,0.7299780249595642,0.6987952589988708,0.031182778999209404,0.25,0.25
1,340,0.0001,1.136491298675537,1.1157015562057495,0.020789775997400284,0.0,0.0
1,341,0.0001,1.1272664070129395,1.0696275234222412,0.057638898491859436,0.125,0.125
1,342,0.0001,0.8402807712554932,0.8134157657623291,0.02686498314142227,0.0,0.125
1,343,0.0001,0.8528689742088318,0.8315409421920776,0.0213280338793993,0.0,0.125
1,344,0.0001,0.8038190007209778,0.7253875136375427,0.07843147218227386,0.0,0.125
1,345,0.0001,1.1080347299575806,1.051944375038147,0.05609031021595001,0.0,0.125
1,346,0.0001,1.0295639038085938,0.9758844375610352,0.0536794513463974,0.125,0.25
1,347,0.0001,0.7318505048751831,0.6090871095657349,0.12276338040828705,0.125,0.25
1,348,0.0001,0.756564736366272,0.6972214579582214,0.059343256056308746,0.0,0.375
1,349,0.0001,1.270495891571045,1.216484546661377,0.05401138216257095,0.0,0.0
1,350,0.0001,1.2141993045806885,1.1487903594970703,0.06540888547897339,0.0,0.125
1,351,0.0001,0.8747251033782959,0.8412526249885559,0.0334724560379982,0.0,0.25
1,352,0.0001,1.0263127088546753,0.9328393340110779,0.09347335249185562,0.125,0.25
1,353,0.0001,1.1818028688430786,1.1246412992477417,0.05716152489185333,0.125,0.125
1,354,0.0001,1.104939579963684,1.043473243713379,0.06146639212965965,0.0,0.0
1,355,0.0001,0.9637066721916199,0.9525197148323059,0.011186964809894562,0.125,0.125
1,356,0.0001,1.0246262550354004,0.9720779657363892,0.05254824459552765,0.0,0.125
1,357,0.0001,1.0601015090942383,1.0403594970703125,0.01974206604063511,0.0,0.25
1,358,0.0001,1.1516343355178833,1.0840160846710205,0.06761820614337921,0.125,0.125
1,359,0.0001,0.880732536315918,0.8501511812210083,0.030581366270780563,0.125,0.25
1,360,0.0001,0.9233548045158386,0.8858264088630676,0.0375283882021904,0.0,0.125
1,361,0.0001,1.2564421892166138,1.1947848796844482,0.061657339334487915,0.0,0.0
1,362,0.0001,0.912034273147583,0.8962104320526123,0.01582382246851921,0.25,0.25
1,363,0.0001,0.8617827892303467,0.8181871175765991,0.04359569773077965,0.0,0.0
1,364,0.0001,1.2640149593353271,1.1619224548339844,0.10209251940250397,0.0,0.0
1,365,0.0001,1.283551812171936,1.19203519821167,0.09151658415794373,0.0,0.125
1,366,0.0001,1.1268614530563354,1.1040921211242676,0.02276936173439026,0.0,0.125
1,367,0.0001,1.248034119606018,1.2293118238449097,0.018722258508205414,0.0,0.125
1,368,0.0001,0.8581868410110474,0.8151611089706421,0.04302570968866348,0.25,0.25
1,369,0.0001,1.0084490776062012,0.9228978157043457,0.08555126190185547,0.125,0.25
1,370,0.0001,1.1150884628295898,0.9569932818412781,0.15809524059295654,0.25,0.25
1,371,0.0001,0.9948862791061401,0.9556052684783936,0.039281025528907776,0.25,0.25
1,372,0.0001,0.9330400228500366,0.9054509997367859,0.02758900634944439,0.0,0.25
1,373,0.0001,1.0076258182525635,0.9294098615646362,0.07821601629257202,0.125,0.25
1,374,0.0001,1.1069955825805664,1.0922329425811768,0.014762619510293007,0.0,0.0
1,375,0.0001,1.0583149194717407,1.0375888347625732,0.02072603441774845,0.125,0.25
1,376,0.0001,1.257562518119812,1.2431033849716187,0.014459183439612389,0.0,0.0
1,377,0.0001,0.8703152537345886,0.8640756607055664,0.00623958557844162,0.0,0.25
1,378,0.0001,0.9078633785247803,0.8888741135597229,0.018989242613315582,0.125,0.25
1,379,0.0001,1.1483031511306763,1.111063838005066,0.03723926097154617,0.0,0.0
1,380,0.0001,1.0241551399230957,0.9522459506988525,0.07190912961959839,0.0,0.25
1,381,0.0001,1.240609049797058,1.222334384918213,0.018274642527103424,0.125,0.125
1,382,0.0001,1.1003265380859375,1.0598199367523193,0.04050660878419876,0.125,0.25
1,383,0.0001,1.1503753662109375,1.121124505996704,0.029250919818878174,0.0,0.0
1,384,0.0001,0.9912447333335876,0.9782817363739014,0.012963009998202324,0.0,0.125
1,385,0.0001,1.1447927951812744,1.0799334049224854,0.06485939025878906,0.0,0.0
1,386,0.0001,1.105307698249817,1.059585690498352,0.04572204500436783,0.0,0.0
1,387,0.0001,0.9189428091049194,0.9019086360931396,0.01703415811061859,0.125,0.125
1,388,0.0001,1.1519731283187866,1.1278231143951416,0.024149995297193527,0.0,0.0
1,389,0.0001,0.9529252052307129,0.9065073132514954,0.04641792178153992,0.125,0.125
1,390,0.0001,0.9711620211601257,0.9359166026115417,0.03524540737271309,0.125,0.25
1,391,0.0001,0.8479763269424438,0.8407202959060669,0.007256028708070517,0.125,0.125
1,392,0.0001,0.7647317051887512,0.753985583782196,0.010746105574071407,0.125,0.125
1,393,0.0001,0.9353765845298767,0.8869011402130127,0.04847543686628342,0.125,0.25
1,394,0.0001,0.939189612865448,0.9275217652320862,0.01166786253452301,0.125,0.125
1,395,0.0001,0.8616141676902771,0.70506751537323,0.15654665231704712,0.125,0.25
1,396,0.0001,0.8992867469787598,0.8521848917007446,0.04710187017917633,0.125,0.125
1,397,0.0001,0.9125411510467529,0.8600170016288757,0.0525241419672966,0.0,0.375
1,398,0.0001,1.1682016849517822,1.1177752017974854,0.05042644590139389,0.0,0.0
1,399,0.0001,1.0732487440109253,1.0533077716827393,0.01994098164141178,0.0,0.125
1,400,0.0001,0.695156991481781,0.6783444881439209,0.01681249588727951,0.125,0.375
1,401,0.0001,0.8792058825492859,0.8406388163566589,0.03856705501675606,0.25,0.375
1,402,0.0001,1.3275740146636963,1.2353723049163818,0.09220172464847565,0.0,0.0
1,403,0.0001,1.0898470878601074,1.007566213607788,0.08228081464767456,0.125,0.125
1,404,0.0001,1.1551066637039185,1.1355013847351074,0.01960524544119835,0.0,0.0
1,405,0.0001,1.312873125076294,1.1418499946594238,0.1710231900215149,0.0,0.125
1,406,0.0001,0.8660950064659119,0.8522721529006958,0.013822833076119423,0.125,0.125
1,407,0.0001,0.867429256439209,0.8284016847610474,0.039027586579322815,0.125,0.25
1,408,0.0001,1.2715051174163818,1.1674718856811523,0.10403326153755188,0.0,0.125
1,409,0.0001,1.0999763011932373,1.039660930633545,0.06031537801027298,0.125,0.125
1,410,0.0001,1.2100324630737305,1.1800484657287598,0.029983945190906525,0.0,0.0
1,411,0.0001,1.260986566543579,1.223678708076477,0.037307802587747574,0.0,0.0
1,412,0.0001,0.9888628125190735,0.9530283212661743,0.035834480077028275,0.125,0.125
1,413,0.0001,1.0432419776916504,1.0095515251159668,0.0336904302239418,0.125,0.125
1,414,0.0001,1.0630813837051392,1.0050883293151855,0.0579930804669857,0.0,0.25
1,415,0.0001,1.0186430215835571,0.9984813928604126,0.020161611959338188,0.0,0.0
1,416,0.0001,0.7970219850540161,0.759231686592102,0.03779032453894615,0.125,0.25
1,417,0.0001,0.6213877201080322,0.5978612303733826,0.023526500910520554,0.375,0.5
1,418,0.0001,0.8526720404624939,0.8050609827041626,0.047611065208911896,0.125,0.125
1,419,0.0001,1.1620583534240723,1.1021087169647217,0.05994962155818939,0.0,0.0
1,420,0.0001,1.1817365884780884,1.1648249626159668,0.01691160351037979,0.0,0.0
1,421,0.0001,1.096771478652954,1.0740740299224854,0.02269742265343666,0.0,0.125
1,422,0.0001,0.7730684280395508,0.7282611131668091,0.04480729624629021,0.375,0.375
1,423,0.0001,1.0628167390823364,1.025789737701416,0.037027038633823395,0.125,0.125
1,424,0.0001,1.2588154077529907,1.1372332572937012,0.12158216536045074,0.0,0.0
1,425,0.0001,1.2333319187164307,1.215241551399231,0.018090326339006424,0.0,0.0
1,426,0.0001,1.1773738861083984,1.1511812210083008,0.02619270794093609,0.0,0.0
1,427,0.0001,0.919901967048645,0.9045469760894775,0.015354967676103115,0.0,0.375
1,428,0.0001,1.0905985832214355,1.0105241537094116,0.08007441461086273,0.0,0.0
1,429,0.0001,0.8465299010276794,0.8138000965118408,0.03272978961467743,0.125,0.25
1,430,0.0001,1.1219463348388672,1.0587210655212402,0.06322531402111053,0.25,0.25
1,431,0.0001,1.2679649591445923,1.2496263980865479,0.01833859458565712,0.0,0.0
1,432,0.0001,0.7865980267524719,0.7673775553703308,0.019220462068915367,0.25,0.25
1,433,0.0001,0.8795025944709778,0.8620385527610779,0.0174640491604805,0.0,0.125
1,434,0.0001,1.025226354598999,0.9910104274749756,0.03421591967344284,0.0,0.25
1,435,0.0001,0.7193864583969116,0.6803034543991089,0.03908302262425423,0.0,0.25
1,436,0.0001,0.9265618920326233,0.912631094455719,0.013930787332355976,0.125,0.25
1,437,0.0001,1.190641164779663,1.0517899990081787,0.1388511210680008,0.0,0.125
1,438,0.0001,0.7619025707244873,0.7061858177185059,0.055716730654239655,0.125,0.25
1,439,0.0001,1.129608154296875,1.0937519073486328,0.03585618734359741,0.0,0.125
1,440,0.0001,1.0070544481277466,0.9673961400985718,0.03965827822685242,0.0,0.125
1,441,0.0001,0.9577301740646362,0.8730462193489075,0.08468396961688995,0.125,0.375
1,442,0.0001,0.7053516507148743,0.6464475393295288,0.058904100209474564,0.0,0.375
1,443,0.0001,1.1352729797363281,1.1026122570037842,0.03266070410609245,0.0,0.125
1,444,0.0001,0.9444372653961182,0.9320899248123169,0.012347361072897911,0.125,0.25
1,445,0.0001,1.1726194620132446,1.119565486907959,0.053053922951221466,0.0,0.125
1,446,0.0001,1.027383804321289,0.9918562769889832,0.03552750498056412,0.0,0.125
1,447,0.0001,1.106011986732483,1.0503900051116943,0.055621977895498276,0.0,0.0
1,448,0.0001,0.849416196346283,0.81144118309021,0.03797502815723419,0.125,0.375
1,449,0.0001,1.0511314868927002,0.9062355160713196,0.14489597082138062,0.25,0.25
1,450,0.0001,0.9881297945976257,0.9614871740341187,0.026642639189958572,0.125,0.125
1,451,0.0001,1.2567170858383179,1.2025196552276611,0.054197411984205246,0.0,0.0
1,452,0.0001,1.1186740398406982,0.9976876378059387,0.1209864467382431,0.125,0.25
1,453,0.0001,0.7988567352294922,0.7559157013893127,0.04294104874134064,0.25,0.375
1,454,0.0001,0.6725061535835266,0.6278587579727173,0.044647395610809326,0.125,0.375
1,455,0.0001,1.0204339027404785,0.9767451882362366,0.043688707053661346,0.0,0.0
1,456,0.0001,1.0086157321929932,0.9791427850723267,0.029472902417182922,0.0,0.125
1,457,0.0001,1.152289867401123,1.1413493156433105,0.010940520092844963,0.125,0.125
1,458,0.0001,1.108476996421814,1.0934386253356934,0.0150383822619915,0.125,0.125
1,459,0.0001,1.1269193887710571,1.0838921070098877,0.043027251958847046,0.0,0.0
1,460,0.0001,0.8331380486488342,0.8143016695976257,0.018836375325918198,0.125,0.25
1,461,0.0001,0.8630311489105225,0.8518937826156616,0.011137355118989944,0.0,0.125
1,462,0.0001,0.9145863652229309,0.8876364231109619,0.026949968189001083,0.0,0.25
1,463,0.0001,1.085028052330017,1.0218889713287354,0.06313905864953995,0.0,0.125
1,464,0.0001,0.9001444578170776,0.8407870531082153,0.059357382357120514,0.125,0.25
1,465,0.0001,1.144487738609314,1.1231497526168823,0.021338026970624924,0.0,0.0
1,466,0.0001,1.0790175199508667,1.041393518447876,0.037623949348926544,0.125,0.125
1,467,0.0001,0.741280734539032,0.6491423845291138,0.09213835000991821,0.25,0.375
1,468,0.0001,0.9716870784759521,0.9609881639480591,0.010698939673602581,0.125,0.25
1,469,0.0001,1.14938485622406,1.1044374704360962,0.04494740068912506,0.0,0.125
1,470,0.0001,1.3007245063781738,1.2525640726089478,0.048160478472709656,0.0,0.0
1,471,0.0001,1.1701523065567017,1.0602322816848755,0.10992003977298737,0.125,0.125
1,472,0.0001,0.9913462996482849,0.9537825584411621,0.03756373003125191,0.0,0.0
1,473,0.0001,0.5288776159286499,0.5108358860015869,0.018041720613837242,0.375,0.5
1,474,0.0001,1.2872196435928345,1.2416905164718628,0.04552917927503586,0.0,0.0
1,475,0.0001,1.0762444734573364,1.0537248849868774,0.022519558668136597,0.25,0.25
1,476,0.0001,0.7180160284042358,0.6976693868637085,0.020346643403172493,0.125,0.375
1,477,0.0001,1.3374407291412354,1.137993335723877,0.199447363615036,0.0,0.0
1,478,0.0001,0.6146390438079834,0.5765231847763062,0.038115888833999634,0.25,0.375
1,479,0.0001,0.6506932973861694,0.5873593091964722,0.06333396583795547,0.125,0.375
1,480,0.0001,1.0753127336502075,1.064617395401001,0.010695293545722961,0.0,0.0
1,481,0.0001,0.9007222056388855,0.8773095607757568,0.023412663489580154,0.25,0.375
1,482,0.0001,0.7883182168006897,0.7401825189590454,0.04813572019338608,0.125,0.375
1,483,0.0001,0.8952319025993347,0.8578876852989197,0.03734419867396355,0.25,0.25
1,484,0.0001,1.0826115608215332,1.0309514999389648,0.05166000872850418,0.0,0.0
1,485,0.0001,0.8869859576225281,0.8513026237487793,0.035683341324329376,0.125,0.375
1,486,0.0001,1.3861615657806396,1.2910490036010742,0.09511254727840424,0.0,0.0
1,487,0.0001,0.5688974857330322,0.47549015283584595,0.09340731799602509,0.25,0.5
1,488,0.0001,0.8635207414627075,0.8497240543365479,0.013796680606901646,0.125,0.25
1,489,0.0001,0.6530876159667969,0.6337295770645142,0.01935802958905697,0.25,0.5
1,490,0.0001,1.2106561660766602,1.0958012342453003,0.11485496163368225,0.0,0.0
1,491,0.0001,0.9769173860549927,0.9205028414726257,0.05641452968120575,0.0,0.25
1,492,0.0001,1.2944648265838623,1.2666211128234863,0.027843672782182693,0.0,0.0
1,493,0.0001,1.3601677417755127,1.2717335224151611,0.08843422681093216,0.125,0.125
1,494,0.0001,0.9613428711891174,0.8704596757888794,0.09088318794965744,0.25,0.25
1,495,0.0001,1.0427122116088867,0.9445577263832092,0.09815451502799988,0.125,0.25
1,496,0.0001,0.8835738897323608,0.8358782529830933,0.047695621848106384,0.125,0.125
1,497,0.0001,1.0396897792816162,0.9947519898414612,0.044937796890735626,0.25,0.25
1,498,0.0001,0.737686038017273,0.6925977468490601,0.04508830979466438,0.125,0.25
1,499,0.0001,1.061112403869629,1.0067417621612549,0.05437062308192253,0.25,0.25
1,500,0.0001,1.1521615982055664,1.0992450714111328,0.052916549146175385,0.0,0.25
1,501,0.0001,1.0020238161087036,0.9770933389663696,0.024930480867624283,0.125,0.125
1,502,0.0001,0.8768706321716309,0.8552252650260925,0.02164536714553833,0.25,0.375
1,503,0.0001,0.9598504900932312,0.9181307554244995,0.041719742119312286,0.0,0.25
1,504,0.0001,0.6399942636489868,0.5966748595237732,0.043319426476955414,0.375,0.5
1,505,0.0001,0.9835882782936096,0.9557732343673706,0.02781505137681961,0.25,0.25
1,506,0.0001,0.7977390885353088,0.761587381362915,0.0361516997218132,0.125,0.375
1,507,0.0001,1.0389559268951416,0.9844613671302795,0.05449454113841057,0.125,0.125
1,508,0.0001,0.7806514501571655,0.7033239603042603,0.07732751965522766,0.25,0.375
1,509,0.0001,1.17347252368927,1.1427342891693115,0.03073824569582939,0.125,0.125
1,510,0.0001,0.8106365203857422,0.7385863661766052,0.07205013185739517,0.0,0.25
1,511,0.0001,0.9609794616699219,0.9229036569595337,0.03807579725980759,0.0,0.375
1,512,0.0001,1.2665783166885376,1.2327840328216553,0.03379432111978531,0.0,0.0
1,513,0.0001,1.076094627380371,1.0198906660079956,0.056203991174697876,0.125,0.25
1,514,0.0001,0.8727505207061768,0.847844123840332,0.024906417354941368,0.0,0.125
1,515,0.0001,1.4213151931762695,1.3688862323760986,0.0524289570748806,0.0,0.0
1,516,0.0001,1.269633412361145,1.2144551277160645,0.055178239941596985,0.125,0.125
1,517,0.0001,1.1612235307693481,1.1256163120269775,0.03560720384120941,0.125,0.125
1,518,0.0001,0.9648393988609314,0.9229414463043213,0.041897933930158615,0.125,0.25
1,519,0.0001,0.8546732664108276,0.7752096652984619,0.07946360856294632,0.125,0.25
1,520,0.0001,0.6185757517814636,0.578941285610199,0.03963448852300644,0.125,0.375
1,521,0.0001,0.9986538887023926,0.9117568731307983,0.08689700812101364,0.25,0.25
1,522,0.0001,1.0195984840393066,0.9815948009490967,0.03800365328788757,0.125,0.25
1,523,0.0001,0.8856956958770752,0.8472435474395752,0.0384521558880806,0.25,0.375
1,524,0.0001,0.9272659420967102,0.9026997089385986,0.024566231295466423,0.25,0.375
1,525,0.0001,0.8463918566703796,0.815144419670105,0.03124741092324257,0.125,0.125
1,526,0.0001,0.6949313282966614,0.6356173753738403,0.05931396037340164,0.25,0.375
1,527,0.0001,1.0693312883377075,0.9930826425552368,0.07624869048595428,0.0,0.125
1,528,0.0001,0.8196366429328918,0.7794380187988281,0.040198616683483124,0.125,0.25
1,529,0.0001,0.8141818642616272,0.7736056447029114,0.04057624563574791,0.0,0.375
1,530,0.0001,1.1072626113891602,1.085004210472107,0.022258419543504715,0.0,0.125
1,531,0.0001,1.4045307636260986,1.329982042312622,0.07454877346754074,0.0,0.0
1,532,0.0001,1.0987741947174072,1.0243487358093262,0.07442544400691986,0.0,0.25
1,533,0.0001,1.0077815055847168,0.9258647561073303,0.08191675692796707,0.25,0.25
1,534,0.0001,1.287280797958374,1.213511347770691,0.07376943528652191,0.0,0.125
1,535,0.0001,1.0704684257507324,1.0245448350906372,0.04592360928654671,0.125,0.25
1,536,0.0001,0.7624162435531616,0.7305304408073425,0.031885795295238495,0.0,0.375
1,537,0.0001,0.9911891222000122,0.9660818576812744,0.025107264518737793,0.0,0.125
1,538,0.0001,1.0551645755767822,0.977824330329895,0.07734020799398422,0.25,0.25
1,539,0.0001,0.9311507940292358,0.8994756937026978,0.031675074249506,0.125,0.125
1,540,0.0001,1.12108314037323,1.0639915466308594,0.05709158256649971,0.0,0.125
1,541,0.0001,1.197288155555725,1.142167091369629,0.05512102693319321,0.0,0.0
1,542,0.0001,1.2204623222351074,1.1906161308288574,0.029846206307411194,0.0,0.125
1,543,0.0001,0.9768093228340149,0.8567403554916382,0.12006895244121552,0.0,0.25
1,544,0.0001,0.5116932988166809,0.4531952142715454,0.05849810689687729,0.25,0.5
1,545,0.0001,0.9982714653015137,0.8817667961120605,0.11650463938713074,0.25,0.25
1,546,0.0001,0.4867784082889557,0.43861931562423706,0.048159100115299225,0.5,0.625
1,547,0.0001,0.6175578832626343,0.5097333788871765,0.10782453417778015,0.375,0.5
1,548,0.0001,1.0718858242034912,1.0141515731811523,0.057734206318855286,0.125,0.25
1,549,0.0001,1.2458502054214478,1.1274962425231934,0.11835397779941559,0.0,0.0
1,550,0.0001,0.7446928024291992,0.6869143843650818,0.057778410613536835,0.125,0.5
1,551,0.0001,1.1074929237365723,1.0347336530685425,0.07275931537151337,0.125,0.25
1,552,0.0001,0.7126651406288147,0.6482356786727905,0.06442946940660477,0.0,0.5
1,553,0.0001,0.7179352045059204,0.6530900001525879,0.06484519690275192,0.25,0.5
1,554,0.0001,1.0440056324005127,1.001983880996704,0.042021751403808594,0.0,0.25
1,555,0.0001,0.8347148299217224,0.8161014318466187,0.018613401800394058,0.25,0.375
1,556,0.0001,0.9979143738746643,0.9957756400108337,0.0021387413144111633,0.0,0.0
2,557,0.0001,0.9145466089248657,0.8631901741027832,0.05135642737150192,0.125,0.125
2,558,0.0001,1.0479494333267212,1.013169765472412,0.03477972373366356,0.0,0.25
2,559,0.0001,1.154024600982666,1.0520625114440918,0.1019621342420578,0.0,0.0
2,560,0.0001,1.0883373022079468,1.0531724691390991,0.03516479581594467,0.0,0.25
2,561,0.0001,1.0293724536895752,0.9479943513870239,0.08137813210487366,0.0,0.25
2,562,0.0001,0.9595632553100586,0.8462117910385132,0.1133514791727066,0.125,0.25
2,563,0.0001,0.9686561226844788,0.9400829672813416,0.028573134914040565,0.125,0.25
2,564,0.0001,0.898872435092926,0.7485105991363525,0.1503618359565735,0.375,0.5
2,565,0.0001,1.1720528602600098,1.1431152820587158,0.028937524184584618,0.125,0.125
2,566,0.0001,1.1008541584014893,1.0856976509094238,0.015156512148678303,0.125,0.25
2,567,0.0001,0.8488451838493347,0.7557922005653381,0.09305299818515778,0.375,0.375
2,568,0.0001,1.04863703250885,0.9965997338294983,0.05203728750348091,0.0,0.25
2,569,0.0001,0.6346424221992493,0.5841095447540283,0.050532855093479156,0.375,0.625
2,570,0.0001,0.6699330806732178,0.6347732543945312,0.035159822553396225,0.25,0.375
2,571,0.0001,0.8989909291267395,0.8717482089996338,0.027242695912718773,0.25,0.375
2,572,0.0001,0.40440019965171814,0.37692689895629883,0.027473293244838715,0.375,0.625
2,573,0.0001,0.9200875759124756,0.887542724609375,0.032544851303100586,0.25,0.375
2,574,0.0001,0.9742147922515869,0.9243863821029663,0.04982839524745941,0.25,0.375
2,575,0.0001,0.7613807916641235,0.7046700119972229,0.05671078711748123,0.25,0.25
2,576,0.0001,0.5365614295005798,0.5045784711837769,0.03198297321796417,0.125,0.5
2,577,0.0001,1.0522674322128296,0.9883160591125488,0.06395135074853897,0.125,0.25
2,578,0.0001,0.6930103302001953,0.644165575504303,0.048844728618860245,0.5,0.5
2,579,0.0001,1.1247354745864868,1.1182632446289062,0.006472203880548477,0.0,0.125
2,580,0.0001,1.102787971496582,1.035783052444458,0.06700491905212402,0.0,0.25
2,581,0.0001,0.7137855887413025,0.6895208358764648,0.024264775216579437,0.5,0.5
2,582,0.0001,0.7746183276176453,0.7352595329284668,0.039358776062726974,0.25,0.375
2,583,0.0001,1.2509167194366455,1.1902797222137451,0.06063694879412651,0.0,0.125
2,584,0.0001,0.8941665291786194,0.8722312450408936,0.02193525806069374,0.25,0.25
2,585,0.0001,1.0882850885391235,1.0255639553070068,0.06272115558385849,0.25,0.25
2,586,0.0001,0.40783751010894775,0.3945271372795105,0.013310369104146957,0.625,0.75
2,587,0.0001,1.1160774230957031,1.0855917930603027,0.030485590919852257,0.0,0.25
2,588,0.0001,0.8169721364974976,0.7865357398986816,0.030436404049396515,0.125,0.5
2,589,0.0001,1.0365372896194458,1.0165005922317505,0.02003670483827591,0.25,0.25
2,590,0.0001,0.679389238357544,0.6451458930969238,0.034243352711200714,0.125,0.5
2,591,0.0001,0.9901042580604553,0.9379684329032898,0.05213585123419762,0.25,0.25
2,592,0.0001,1.044194221496582,1.0087108612060547,0.03548333793878555,0.125,0.25
2,593,0.0001,0.7678269743919373,0.7427334189414978,0.025093544274568558,0.25,0.375
2,594,0.0001,0.23527511954307556,0.21258023381233215,0.02269488200545311,0.75,0.875
2,595,0.0001,1.1788041591644287,1.1098575592041016,0.06894662976264954,0.125,0.25
2,596,0.0001,1.1655579805374146,1.111246109008789,0.05431187152862549,0.125,0.25
2,597,0.0001,1.0815808773040771,1.0622951984405518,0.019285710528492928,0.125,0.125
2,598,0.0001,0.5161202549934387,0.48941320180892944,0.026707064360380173,0.25,0.5
2,599,0.0001,0.7942403554916382,0.761638879776001,0.032601483166217804,0.25,0.375
2,600,0.0001,1.2414120435714722,1.1996417045593262,0.04177035391330719,0.125,0.125
2,601,0.0001,1.0535200834274292,0.9831207394599915,0.07039938867092133,0.125,0.25
2,602,0.0001,1.017151951789856,1.007560133934021,0.009591786190867424,0.125,0.125
2,603,0.0001,0.760968804359436,0.7357184290885925,0.025250375270843506,0.25,0.25
2,604,0.0001,0.8305876851081848,0.784203827381134,0.04638385772705078,0.125,0.5
2,605,0.0001,0.7534798979759216,0.6799089908599854,0.07357090711593628,0.375,0.5
2,606,0.0001,0.8482570052146912,0.8243014216423035,0.023955609649419785,0.25,0.25
2,607,0.0001,1.0342987775802612,0.9938184022903442,0.04048040881752968,0.125,0.25
2,608,0.0001,1.0144524574279785,0.9989475011825562,0.015504960902035236,0.0,0.125
2,609,0.0001,0.9155464172363281,0.9037907123565674,0.011755730956792831,0.25,0.25
2,610,0.0001,1.2434011697769165,1.2224177122116089,0.020983412861824036,0.0,0.125
2,611,0.0001,0.6561369895935059,0.6090602874755859,0.04707668721675873,0.375,0.5
2,612,0.0001,1.0434294939041138,1.0386189222335815,0.004810584243386984,0.125,0.25
2,613,0.0001,0.9731752276420593,0.9459238648414612,0.027251344174146652,0.25,0.25
2,614,0.0001,1.0557100772857666,1.0227015018463135,0.03300853073596954,0.125,0.125
2,615,0.0001,0.9279566407203674,0.8834145665168762,0.0445420928299427,0.375,0.375
2,616,0.0001,0.7398524284362793,0.7038002014160156,0.036052241921424866,0.25,0.5
2,617,0.0001,0.8948873281478882,0.8744363784790039,0.020450927317142487,0.25,0.375
2,618,0.0001,0.9867222309112549,0.9223119616508484,0.0644102469086647,0.25,0.375
2,619,0.0001,0.6436173319816589,0.6081359386444092,0.03548138961195946,0.125,0.375
2,620,0.0001,0.9349742531776428,0.7457519769668579,0.1892222762107849,0.0,0.125
2,621,0.0001,1.3083739280700684,1.252357006072998,0.0560169517993927,0.125,0.125
2,622,0.0001,0.5162708759307861,0.46532925963401794,0.050941623747348785,0.375,0.5
2,623,0.0001,0.6465110182762146,0.6237367391586304,0.02277429588139057,0.375,0.375
2,624,0.0001,0.6207776069641113,0.5935162901878357,0.02726132795214653,0.5,0.5
2,625,0.0001,1.012353539466858,0.984261691570282,0.028091799467802048,0.25,0.25
2,626,0.0001,1.0288962125778198,0.9747081995010376,0.054188020527362823,0.125,0.125
2,627,0.0001,0.9483044147491455,0.9199694395065308,0.0283349696546793,0.25,0.25
2,628,0.0001,1.1078617572784424,1.0872130393981934,0.0206487737596035,0.125,0.25
2,629,0.0001,0.7798601984977722,0.764512300491333,0.015347883105278015,0.125,0.5
2,630,0.0001,0.9019508361816406,0.8206586837768555,0.08129215985536575,0.125,0.375
2,631,0.0001,1.1255751848220825,1.1047606468200684,0.02081453427672386,0.125,0.25
2,632,0.0001,0.5817387104034424,0.5652313232421875,0.016507374122738838,0.375,0.625
2,633,0.0001,0.775213897228241,0.7627987265586853,0.012415198609232903,0.375,0.375
2,634,0.0001,0.6748188138008118,0.6320414543151855,0.04277736693620682,0.375,0.5
2,635,0.0001,0.5549190640449524,0.4802132248878479,0.0747058242559433,0.375,0.5
2,636,0.0001,0.6988580226898193,0.6776915788650513,0.021166417747735977,0.0,0.5
2,637,0.0001,1.206214427947998,1.1644885540008545,0.041725922375917435,0.125,0.125
2,638,0.0001,0.9446073770523071,0.9043790698051453,0.040228284895420074,0.25,0.375
2,639,0.0001,0.7042604684829712,0.6815512180328369,0.02270924486219883,0.25,0.25
2,640,0.0001,1.0762723684310913,0.955603301525116,0.12066909670829773,0.25,0.25
2,641,0.0001,1.263352870941162,1.1560622453689575,0.10729063302278519,0.0,0.0
2,642,0.0001,1.2102118730545044,1.1765022277832031,0.033709652721881866,0.125,0.125
2,643,0.0001,0.9685217142105103,0.9470670819282532,0.02145460434257984,0.125,0.25
2,644,0.0001,0.893281877040863,0.8865434527397156,0.006738442461937666,0.125,0.25
2,645,0.0001,1.1144648790359497,1.1068212985992432,0.007643582299351692,0.125,0.25
2,646,0.0001,1.2413865327835083,1.2238761186599731,0.01751038059592247,0.125,0.125
2,647,0.0001,0.4253097176551819,0.38267070055007935,0.04263902083039284,0.25,0.75
2,648,0.0001,0.737899661064148,0.707090437412262,0.030809208750724792,0.125,0.25
2,649,0.0001,1.1784929037094116,1.165359377861023,0.013133574277162552,0.0,0.0
2,650,0.0001,1.0851900577545166,1.023618459701538,0.061571650207042694,0.125,0.25
2,651,0.0001,0.6628063917160034,0.6373084187507629,0.02549794875085354,0.25,0.5
2,652,0.0001,1.0458248853683472,0.8168225884437561,0.22900229692459106,0.25,0.375
2,653,0.0001,1.110798716545105,1.074629545211792,0.03616911545395851,0.0,0.0
2,654,0.0001,0.8634370565414429,0.7303911447525024,0.13304592669010162,0.25,0.5
2,655,0.0001,0.8125228881835938,0.7890051603317261,0.023517750203609467,0.375,0.375
2,656,0.0001,0.8065770864486694,0.7815185785293579,0.025058533996343613,0.125,0.375
2,657,0.0001,1.0617859363555908,1.0019679069519043,0.05981806665658951,0.25,0.25
2,658,0.0001,0.5720155239105225,0.5460718870162964,0.025943607091903687,0.5,0.5
2,659,0.0001,0.8013025522232056,0.7535190582275391,0.0477835088968277,0.25,0.375
2,660,0.0001,0.6981066465377808,0.675521194934845,0.022585421800613403,0.125,0.375
2,661,0.0001,0.773177981376648,0.7607629299163818,0.012415040284395218,0.375,0.375
2,662,0.0001,1.1420791149139404,1.0128531455993652,0.12922602891921997,0.125,0.25
2,663,0.0001,0.9985410571098328,0.8833816647529602,0.11515937000513077,0.375,0.375
2,664,0.0001,0.6362172365188599,0.6202022433280945,0.016015000641345978,0.5,0.5
2,665,0.0001,0.6595229506492615,0.6018113493919373,0.05771160498261452,0.25,0.5
2,666,0.0001,0.7315651774406433,0.7072144746780396,0.02435072511434555,0.125,0.375
2,667,0.0001,0.28484392166137695,0.2397347390651703,0.04510917514562607,0.625,0.75
2,668,0.0001,0.8620304465293884,0.8353607654571533,0.026669705286622047,0.125,0.25
2,669,0.0001,0.7311463356018066,0.6884037256240845,0.042742639780044556,0.25,0.25
2,670,0.0001,0.9532061815261841,0.9101352691650391,0.04307090491056442,0.125,0.25
2,671,0.0001,0.8876804709434509,0.8609523773193359,0.0267280675470829,0.125,0.125
2,672,0.0001,0.6173579096794128,0.554856538772583,0.06250136345624924,0.375,0.625
2,673,0.0001,1.3420462608337402,1.2837189435958862,0.058327291160821915,0.0,0.0
2,674,0.0001,1.1945481300354004,1.1629853248596191,0.03156275302171707,0.0,0.125
2,675,0.0001,0.9417527914047241,0.9120451211929321,0.029707664623856544,0.375,0.375
2,676,0.0001,0.8123015761375427,0.785280704498291,0.02702084369957447,0.25,0.5
2,677,0.0001,0.8465859293937683,0.8079822063446045,0.038603730499744415,0.125,0.375
2,678,0.0001,0.7407310605049133,0.7250776290893555,0.015653422102332115,0.5,0.5
2,679,0.0001,0.6472412943840027,0.626456081867218,0.02078523114323616,0.25,0.5
2,680,0.0001,1.1159292459487915,1.0156888961791992,0.1002403050661087,0.0,0.125
2,681,0.0001,1.0827224254608154,1.0392045974731445,0.043517883867025375,0.125,0.25
2,682,0.0001,0.6758144497871399,0.622003436088562,0.053811006247997284,0.25,0.25
2,683,0.0001,0.9443130493164062,0.8975366950035095,0.04677637666463852,0.25,0.25
2,684,0.0001,0.8557925820350647,0.8358874320983887,0.019905168563127518,0.25,0.25
2,685,0.0001,0.8523820638656616,0.8152821063995361,0.03709997609257698,0.25,0.375
2,686,0.0001,0.9738871455192566,0.9247354865074158,0.04915165156126022,0.25,0.375
2,687,0.0001,1.0264029502868652,0.9899722933769226,0.03643066808581352,0.125,0.125
2,688,0.0001,1.115789532661438,1.0786333084106445,0.03715620934963226,0.0,0.125
2,689,0.0001,1.3243380784988403,1.229919195175171,0.09441885352134705,0.125,0.125
2,690,0.0001,1.2183794975280762,1.1856896877288818,0.03268982097506523,0.0,0.0
2,691,0.0001,0.7421609163284302,0.6960669755935669,0.046093910932540894,0.125,0.25
2,692,0.0001,0.6816935539245605,0.65614914894104,0.025544432923197746,0.125,0.5
2,693,0.0001,1.0190030336380005,0.964525580406189,0.05447746813297272,0.0,0.125
2,694,0.0001,0.8338251113891602,0.8080922365188599,0.02573286183178425,0.0,0.375
2,695,0.0001,0.8513553142547607,0.7583691477775574,0.09298618137836456,0.0,0.375
2,696,0.0001,0.9690370559692383,0.911084771156311,0.05795227736234665,0.375,0.375
2,697,0.0001,0.803040623664856,0.7750692367553711,0.027971386909484863,0.25,0.375
2,698,0.0001,1.1772880554199219,1.1031602621078491,0.07412774860858917,0.125,0.25
2,699,0.0001,0.9852262735366821,0.9559467434883118,0.029279520735144615,0.25,0.25
2,700,0.0001,0.7363897562026978,0.72010338306427,0.016286343336105347,0.5,0.5
2,701,0.0001,0.9719350934028625,0.9486715793609619,0.023263489827513695,0.125,0.25
2,702,0.0001,0.9580800533294678,0.8805705308914185,0.07750952243804932,0.25,0.375
2,703,0.0001,0.9459397196769714,0.7854055166244507,0.16053421795368195,0.25,0.25
2,704,0.0001,0.9539892077445984,0.9194888472557068,0.03450034558773041,0.125,0.25
2,705,0.0001,1.2109848260879517,1.061991572380066,0.14899322390556335,0.0,0.0
2,706,0.0001,0.8197563886642456,0.8109402656555176,0.008816137909889221,0.25,0.375
2,707,0.0001,1.014575719833374,0.9761848449707031,0.03839091211557388,0.0,0.25
2,708,0.0001,0.6372265219688416,0.5950120687484741,0.04221444949507713,0.375,0.5
2,709,0.0001,0.808943510055542,0.7652061581611633,0.04373737797141075,0.375,0.5
2,710,0.0001,0.9865281581878662,0.9167202711105347,0.06980790197849274,0.125,0.125
2,711,0.0001,0.85172039270401,0.8261433839797974,0.025577012449502945,0.25,0.375
2,712,0.0001,1.2340844869613647,1.196058988571167,0.03802553936839104,0.125,0.125
2,713,0.0001,1.162149429321289,1.0885971784591675,0.07355229556560516,0.125,0.125
2,714,0.0001,0.6597788333892822,0.578146755695343,0.08163206279277802,0.375,0.625
2,715,0.0001,0.8333215713500977,0.779312252998352,0.054009340703487396,0.375,0.375
2,716,0.0001,0.6807273626327515,0.6468795537948608,0.03384780138731003,0.5,0.5
2,717,0.0001,0.8040164113044739,0.7723320722579956,0.03168436139822006,0.125,0.375
2,718,0.0001,1.1050115823745728,1.0891164541244507,0.01589510403573513,0.125,0.125
2,719,0.0001,0.8212657570838928,0.7751942276954651,0.04607154428958893,0.375,0.375
2,720,0.0001,0.5955886840820312,0.5813272595405579,0.01426142267882824,0.25,0.5
2,721,0.0001,0.8113201856613159,0.7597813606262207,0.0515388548374176,0.25,0.5
2,722,0.0001,0.9107987284660339,0.885063111782074,0.02573559060692787,0.375,0.375
2,723,0.0001,1.0034961700439453,0.9825621843338013,0.020933926105499268,0.125,0.25
2,724,0.0001,0.9207572937011719,0.8606624603271484,0.06009482964873314,0.125,0.375
2,725,0.0001,1.0391426086425781,1.016371488571167,0.022771067917346954,0.125,0.25
2,726,0.0001,1.026562213897705,0.984052836894989,0.04250939190387726,0.25,0.25
2,727,0.0001,0.8889265060424805,0.8311091661453247,0.057817354798316956,0.125,0.375
2,728,0.0001,0.5703622102737427,0.5421276092529297,0.028234610334038734,0.375,0.625
2,729,0.0001,0.9520615935325623,0.9311633110046387,0.02089826576411724,0.125,0.25
2,730,0.0001,1.2159929275512695,1.1394155025482178,0.07657746225595474,0.0,0.125
2,731,0.0001,0.8965368270874023,0.8402161598205566,0.056320659816265106,0.0,0.375
2,732,0.0001,0.9749631881713867,0.9449531435966492,0.030010057613253593,0.125,0.25
2,733,0.0001,0.7327733039855957,0.6849915981292725,0.04778169095516205,0.375,0.375
2,734,0.0001,1.1059410572052002,1.0595834255218506,0.04635758697986603,0.0,0.125
2,735,0.0001,0.6419500708580017,0.6160025596618652,0.025947511196136475,0.375,0.5
2,736,0.0001,1.1462727785110474,1.1277713775634766,0.018501412123441696,0.0,0.125
2,737,0.0001,1.4927732944488525,1.4450199604034424,0.04775333032011986,0.0,0.0
2,738,0.0001,0.975947380065918,0.9462686777114868,0.029678698629140854,0.125,0.25
2,739,0.0001,0.9499607682228088,0.8940999507904053,0.055860813707113266,0.125,0.25
2,740,0.0001,1.1859642267227173,1.133178949356079,0.052785295993089676,0.0,0.125
2,741,0.0001,0.5532220005989075,0.5252950191497803,0.027926992624998093,0.375,0.375
2,742,0.0001,0.6524732708930969,0.629990816116333,0.02248244732618332,0.25,0.25
2,743,0.0001,0.9507551789283752,0.9333075284957886,0.01744767092168331,0.25,0.25
2,744,0.0001,0.9570631980895996,0.9359806776046753,0.021082527935504913,0.25,0.375
2,745,0.0001,0.5939228534698486,0.5706833004951477,0.023239538073539734,0.375,0.375
2,746,0.0001,1.2462536096572876,1.1806633472442627,0.06559023261070251,0.0,0.0
2,747,0.0001,0.8626611232757568,0.8231602311134338,0.0395008847117424,0.125,0.375
2,748,0.0001,1.0496288537979126,1.000535488128662,0.04909339174628258,0.0,0.0
2,749,0.0001,1.1455415487289429,1.134803295135498,0.010738272219896317,0.0,0.25
2,750,0.0001,0.6655013561248779,0.6383060216903687,0.02719533070921898,0.25,0.375
2,751,0.0001,0.5878669619560242,0.5665497779846191,0.02131720259785652,0.125,0.5
2,752,0.0001,0.6258167624473572,0.5931776762008667,0.032639071345329285,0.25,0.5
2,753,0.0001,0.5387614369392395,0.5137141346931458,0.0250473041087389,0.375,0.5
2,754,0.0001,0.5625473260879517,0.5480803847312927,0.014466959983110428,0.375,0.375
2,755,0.0001,0.909633219242096,0.8817657232284546,0.027867484837770462,0.375,0.375
2,756,0.0001,1.0812090635299683,1.0046402215957642,0.07656887173652649,0.0,0.25
2,757,0.0001,0.7683768272399902,0.7313652634620667,0.037011582404375076,0.375,0.5
2,758,0.0001,1.159967064857483,1.1355341672897339,0.02443290501832962,0.0,0.125
2,759,0.0001,0.5824189782142639,0.5603684186935425,0.02205057069659233,0.25,0.625
2,760,0.0001,1.1277291774749756,1.107065200805664,0.02066398411989212,0.0,0.25
2,761,0.0001,1.1146485805511475,1.092246174812317,0.022402388975024223,0.25,0.25
2,762,0.0001,1.0082032680511475,0.9710642695426941,0.03713901713490486,0.125,0.25
2,763,0.0001,1.115078091621399,1.101313591003418,0.013764487579464912,0.125,0.25
2,764,0.0001,0.8501545190811157,0.821129322052002,0.02902522124350071,0.25,0.375
2,765,0.0001,1.448262095451355,1.4128868579864502,0.03537525236606598,0.0,0.0
2,766,0.0001,1.0764493942260742,1.0618880987167358,0.014561332762241364,0.25,0.25
2,767,0.0001,0.826697587966919,0.8127046823501587,0.013992926105856895,0.375,0.375
2,768,0.0001,0.8204416632652283,0.8065710067749023,0.013870635069906712,0.25,0.375
2,769,0.0001,0.990399956703186,0.9719685316085815,0.018431399017572403,0.125,0.125
2,770,0.0001,0.7888510227203369,0.7566480040550232,0.03220300003886223,0.375,0.5
2,771,0.0001,0.6821578145027161,0.6622664332389832,0.019891398027539253,0.125,0.375
2,772,0.0001,0.8425023555755615,0.8057066798210144,0.03679567575454712,0.25,0.375
2,773,0.0001,0.8037441968917847,0.7751700282096863,0.028574138879776,0.25,0.5
2,774,0.0001,0.7662526369094849,0.7335329055786133,0.03271973133087158,0.375,0.5
2,775,0.0001,0.7643237113952637,0.7541799545288086,0.010143730789422989,0.25,0.5
2,776,0.0001,1.1257294416427612,1.1160753965377808,0.00965405534952879,0.125,0.125
2,777,0.0001,0.6056317687034607,0.5420747995376587,0.063556969165802,0.25,0.5
2,778,0.0001,1.031693458557129,0.9832130670547485,0.048480331897735596,0.125,0.25
2,779,0.0001,0.8192176818847656,0.7955468893051147,0.02367081120610237,0.25,0.375
2,780,0.0001,0.6057940721511841,0.5954075455665588,0.010386554524302483,0.125,0.625
2,781,0.0001,0.8367809057235718,0.8245848417282104,0.012196074239909649,0.125,0.375
2,782,0.0001,0.962364673614502,0.9329798817634583,0.029384782537817955,0.125,0.25
2,783,0.0001,0.7308034896850586,0.6401703357696533,0.09063317626714706,0.0,0.25
2,784,0.0001,1.0722508430480957,0.9874553084373474,0.08479554206132889,0.125,0.25
2,785,0.0001,1.1209361553192139,1.086775541305542,0.03416060656309128,0.25,0.25
2,786,0.0001,0.8007957339286804,0.7656213045120239,0.03517444431781769,0.25,0.375
2,787,0.0001,0.7919509410858154,0.7353206872940063,0.05663023144006729,0.375,0.5
2,788,0.0001,0.9578818082809448,0.9155939221382141,0.04228787124156952,0.125,0.375
2,789,0.0001,0.768914520740509,0.7194052338600159,0.04950926825404167,0.125,0.5
2,790,0.0001,0.9394350647926331,0.8952240943908691,0.04421099275350571,0.25,0.375
2,791,0.0001,1.178120493888855,1.1648184061050415,0.01330205425620079,0.125,0.125
2,792,0.0001,0.61860591173172,0.6104834675788879,0.008122473023831844,0.125,0.5
2,793,0.0001,0.6115735173225403,0.6050341129302979,0.006539393216371536,0.5,0.5
2,794,0.0001,0.6110712289810181,0.5698572397232056,0.04121401906013489,0.375,0.625
2,795,0.0001,0.922807514667511,0.9077968597412109,0.015010664239525795,0.25,0.375
2,796,0.0001,0.9714177846908569,0.9390496015548706,0.03236820548772812,0.125,0.125
2,797,0.0001,0.8669613599777222,0.8476240634918213,0.019337281584739685,0.25,0.25
2,798,0.0001,0.764016330242157,0.7495083212852478,0.01450798287987709,0.125,0.375
2,799,0.0001,0.6578313708305359,0.6254532933235168,0.03237810358405113,0.5,0.5
2,800,0.0001,1.161710500717163,1.1428990364074707,0.0188114196062088,0.125,0.125
2,801,0.0001,1.135638952255249,1.0521056652069092,0.08353331685066223,0.0,0.125
2,802,0.0001,1.0785527229309082,1.0507018566131592,0.027850888669490814,0.125,0.25
2,803,0.0001,0.5384877920150757,0.49037089943885803,0.04811687767505646,0.25,0.5
2,804,0.0001,1.012559175491333,0.9954336285591125,0.01712552085518837,0.125,0.25
2,805,0.0001,0.6365132927894592,0.6114383935928345,0.025074884295463562,0.125,0.625
2,806,0.0001,0.9161568880081177,0.8227325677871704,0.09342431277036667,0.25,0.375
2,807,0.0001,1.0220730304718018,0.9397326707839966,0.08234041929244995,0.125,0.375
2,808,0.0001,0.9148447513580322,0.9012870788574219,0.013557692989706993,0.375,0.375
2,809,0.0001,1.1124076843261719,1.0915499925613403,0.02085772529244423,0.25,0.25
2,810,0.0001,1.1402052640914917,1.093762755393982,0.04644245654344559,0.0,0.25
2,811,0.0001,0.7799688577651978,0.7700392007827759,0.009929662570357323,0.125,0.375
2,812,0.0001,0.6918307542800903,0.6558582782745361,0.03597249835729599,0.125,0.5
2,813,0.0001,0.5227881669998169,0.49307653307914734,0.029711661860346794,0.25,0.625
2,814,0.0001,0.3511306643486023,0.3154686689376831,0.03566199541091919,0.25,0.625
2,815,0.0001,0.7934673428535461,0.7227461338043213,0.07072118669748306,0.125,0.5
2,816,0.0001,0.9276227951049805,0.8530957102775574,0.07452711462974548,0.0,0.25
2,817,0.0001,0.5653716921806335,0.5553134083747864,0.010058309882879257,0.625,0.625
2,818,0.0001,0.5769801139831543,0.5719218254089355,0.0050582922995090485,0.5,0.5
2,819,0.0001,0.794094979763031,0.7623541355133057,0.03174085170030594,0.25,0.5
2,820,0.0001,0.8794878125190735,0.8268551826477051,0.05263263359665871,0.375,0.375
2,821,0.0001,0.8826407194137573,0.8505285978317261,0.03211210295557976,0.375,0.375
2,822,0.0001,1.0217968225479126,0.9406072497367859,0.08118957281112671,0.125,0.375
2,823,0.0001,0.7910363078117371,0.7736653685569763,0.01737091690301895,0.125,0.5
2,824,0.0001,0.965559720993042,0.9358161091804504,0.029743600636720657,0.125,0.375
2,825,0.0001,1.143483281135559,1.1075716018676758,0.03591162711381912,0.0,0.125
2,826,0.0001,0.5590944886207581,0.5516980290412903,0.007396458648145199,0.375,0.625
2,827,0.0001,0.644493579864502,0.6141785383224487,0.030315015465021133,0.25,0.5
2,828,0.0001,0.5951247811317444,0.5504815578460693,0.04464324563741684,0.375,0.625
2,829,0.0001,1.077325701713562,1.043750286102295,0.033575430512428284,0.125,0.125
2,830,0.0001,0.9820232391357422,0.9673291444778442,0.014694105833768845,0.125,0.125
2,831,0.0001,1.0817660093307495,1.049004316329956,0.03276169300079346,0.125,0.25
2,832,0.0001,0.45482420921325684,0.4386674761772156,0.016156721860170364,0.625,0.625
2,833,0.0001,0.7935890555381775,0.7667384743690491,0.026850581169128418,0.375,0.375
2,834,0.0001,0.9211543202400208,0.8582952618598938,0.06285907328128815,0.0,0.375
2,835,0.0001,0.7358750700950623,0.6833934783935547,0.052481576800346375,0.375,0.5
2,836,0.0001,0.9292093515396118,0.918639063835144,0.010570265352725983,0.375,0.375
2,837,0.0001,0.7961821556091309,0.7685081362724304,0.027674002572894096,0.25,0.5
2,838,0.0001,1.2416203022003174,1.2067787647247314,0.03484150767326355,0.0,0.0
2,839,0.0001,0.9535201191902161,0.8681225776672363,0.08539754897356033,0.0,0.375
2,840,0.0001,0.4774988293647766,0.45192238688468933,0.025576438754796982,0.125,0.5
2,841,0.0001,0.7820628881454468,0.764033317565918,0.018029553815722466,0.25,0.5
2,842,0.0001,0.6031774282455444,0.5945192575454712,0.008658166043460369,0.125,0.625
2,843,0.0001,1.0996707677841187,1.0905886888504028,0.009082082659006119,0.125,0.25
2,844,0.0001,0.43406596779823303,0.4051230549812317,0.028942910954356194,0.5,0.75
2,845,0.0001,0.9221386909484863,0.9051108360290527,0.01702784188091755,0.25,0.25
2,846,0.0001,0.5926340818405151,0.5631130933761597,0.02952096052467823,0.375,0.625
2,847,0.0001,0.7781714200973511,0.7696967124938965,0.00847473181784153,0.25,0.375
2,848,0.0001,1.181553840637207,1.1478424072265625,0.03371148183941841,0.125,0.125
2,849,0.0001,0.8761143684387207,0.8479174375534058,0.028196927160024643,0.375,0.375
2,850,0.0001,0.904208779335022,0.8847055435180664,0.01950320601463318,0.25,0.375
2,851,0.0001,1.0284539461135864,0.9689905047416687,0.05946344882249832,0.125,0.25
2,852,0.0001,0.9481667280197144,0.9376740455627441,0.010492675006389618,0.125,0.25
2,853,0.0001,0.3833490312099457,0.3598077893257141,0.023541241884231567,0.5,0.75
2,854,0.0001,0.8810217380523682,0.8353399634361267,0.04568175971508026,0.25,0.375
2,855,0.0001,0.9684709310531616,0.960693359375,0.007777559570968151,0.0,0.125
2,856,0.0001,0.6659003496170044,0.6601219177246094,0.00577840581536293,0.375,0.375
2,857,0.0001,0.845231294631958,0.804550290107727,0.040681011974811554,0.125,0.375
2,858,0.0001,0.9980001449584961,0.9771947264671326,0.020805392414331436,0.125,0.25
2,859,0.0001,0.6063718795776367,0.5765862464904785,0.029785629361867905,0.5,0.625
2,860,0.0001,1.1508510112762451,1.126086711883545,0.024764331057667732,0.125,0.125
2,861,0.0001,0.7497645020484924,0.7347528338432312,0.015011652372777462,0.25,0.5
2,862,0.0001,0.7889524698257446,0.7715868353843689,0.017365634441375732,0.125,0.5
2,863,0.0001,0.7880929112434387,0.7188609838485718,0.06923194229602814,0.375,0.375
2,864,0.0001,0.2501847743988037,0.22197473049163818,0.028210029006004333,0.75,0.875
2,865,0.0001,0.5865137577056885,0.5762970447540283,0.01021674182265997,0.5,0.625
2,866,0.0001,0.5966436266899109,0.5456854104995728,0.050958238542079926,0.625,0.625
2,867,0.0001,0.7964346408843994,0.7589437961578369,0.037490859627723694,0.25,0.5
2,868,0.0001,1.2707951068878174,1.2540028095245361,0.016792310401797295,0.0,0.125
2,869,0.0001,0.7115649580955505,0.671783447265625,0.03978149592876434,0.0,0.5
2,870,0.0001,0.741543173789978,0.7235996723175049,0.017943499609827995,0.375,0.375
2,871,0.0001,1.0989583730697632,1.0842766761779785,0.014681726694107056,0.125,0.25
2,872,0.0001,0.8062307238578796,0.7445709705352783,0.061659738421440125,0.125,0.375
2,873,0.0001,1.1353569030761719,1.1013104915618896,0.034046441316604614,0.125,0.25
2,874,0.0001,0.9998757839202881,0.9689662456512451,0.030909523367881775,0.125,0.25
2,875,0.0001,0.9909898042678833,0.9636837244033813,0.027306057512760162,0.125,0.375
2,876,0.0001,1.2173372507095337,1.1882014274597168,0.02913576550781727,0.0,0.125
2,877,0.0001,0.6534581780433655,0.620175838470459,0.033282320946455,0.25,0.5
2,878,0.0001,0.940797746181488,0.9246165752410889,0.016181152313947678,0.375,0.375
2,879,0.0001,1.0421042442321777,1.0050575733184814,0.03704668581485748,0.125,0.25
2,880,0.0001,1.1176586151123047,1.1100502014160156,0.007608463987708092,0.0,0.25
2,881,0.0001,0.9405061602592468,0.9005469083786011,0.03995927795767784,0.125,0.375
2,882,0.0001,1.1464422941207886,1.1083418130874634,0.03810044750571251,0.0,0.25
2,883,0.0001,0.7087038159370422,0.6860096454620361,0.022694183513522148,0.25,0.375
2,884,0.0001,0.9352617859840393,0.9240112900733948,0.011250512674450874,0.25,0.375
2,885,0.0001,1.0915266275405884,1.0657622814178467,0.02576436474919319,0.125,0.125
2,886,0.0001,1.1294686794281006,1.1043708324432373,0.025097860023379326,0.0,0.125
2,887,0.0001,0.7967795133590698,0.7639142274856567,0.03286530077457428,0.25,0.5
2,888,0.0001,0.5498760342597961,0.5188956260681152,0.030980415642261505,0.375,0.375
2,889,0.0001,1.0608199834823608,1.0482492446899414,0.01257073599845171,0.125,0.125
2,890,0.0001,0.9492679834365845,0.935785174369812,0.013482792302966118,0.125,0.375
2,891,0.0001,0.8258495926856995,0.8118723630905151,0.013977224007248878,0.375,0.375
2,892,0.0001,0.41748860478401184,0.398497074842453,0.01899152807891369,0.375,0.75
2,893,0.0001,1.1440292596817017,1.1213161945343018,0.022713039070367813,0.125,0.25
2,894,0.0001,0.9296683073043823,0.9076988697052002,0.02196943387389183,0.25,0.25
2,895,0.0001,0.1598385125398636,0.1404191553592682,0.019419359043240547,0.75,0.75
2,896,0.0001,0.8204493522644043,0.7925620675086975,0.027887266129255295,0.25,0.375
2,897,0.0001,0.5801896452903748,0.5630891919136047,0.017100472003221512,0.625,0.625
2,898,0.0001,1.2506577968597412,1.222099781036377,0.028557956218719482,0.125,0.125
2,899,0.0001,1.3074074983596802,1.285522699356079,0.02188485488295555,0.0,0.0
2,900,0.0001,1.0764120817184448,1.0476436614990234,0.028768423944711685,0.0,0.0
2,901,0.0001,1.1043134927749634,1.0983222723007202,0.005991161800920963,0.25,0.25
2,902,0.0001,0.8509466052055359,0.8349827527999878,0.015963830053806305,0.25,0.375
2,903,0.0001,0.9455665349960327,0.9255310893058777,0.020035453140735626,0.0,0.375
2,904,0.0001,0.8384987711906433,0.8222162127494812,0.016282567754387856,0.125,0.375
2,905,0.0001,1.0853550434112549,1.0313692092895508,0.053985826671123505,0.25,0.25
2,906,0.0001,1.1796244382858276,1.1551343202590942,0.024490175768733025,0.125,0.125
2,907,0.0001,0.4903528392314911,0.4731942415237427,0.017158595845103264,0.625,0.625
2,908,0.0001,0.9631889462471008,0.9210923314094543,0.04209659993648529,0.375,0.375
2,909,0.0001,1.0956966876983643,1.0817064046859741,0.013990298844873905,0.0,0.125
2,910,0.0001,1.105212926864624,1.079937219619751,0.025275764986872673,0.25,0.25
2,911,0.0001,1.108724594116211,1.0931422710418701,0.01558227650821209,0.25,0.25
2,912,0.0001,1.1282341480255127,1.099595069885254,0.028639022260904312,0.125,0.125
2,913,0.0001,1.0997467041015625,1.0790249109268188,0.02072175033390522,0.125,0.25
2,914,0.0001,1.005057692527771,0.9817321300506592,0.02332553267478943,0.125,0.25
2,915,0.0001,0.9804447293281555,0.9249906539916992,0.055454086512327194,0.25,0.25
2,916,0.0001,0.8550801873207092,0.8254116773605347,0.02966851182281971,0.25,0.375
2,917,0.0001,0.8059490323066711,0.777319610118866,0.02862940914928913,0.125,0.5
2,918,0.0001,1.0655502080917358,1.0531880855560303,0.0123621616512537,0.25,0.25
2,919,0.0001,0.5131403803825378,0.4871651530265808,0.025975212454795837,0.25,0.625
2,920,0.0001,0.5875749588012695,0.5773282051086426,0.010246743448078632,0.5,0.625
2,921,0.0001,0.46934422850608826,0.43832868337631226,0.0310155488550663,0.5,0.625
2,922,0.0001,1.152237892150879,1.1151840686798096,0.03705379366874695,0.125,0.25
2,923,0.0001,0.7383045554161072,0.7205243110656738,0.017780236899852753,0.375,0.375
2,924,0.0001,0.7684376239776611,0.7482836246490479,0.02015400305390358,0.375,0.5
2,925,0.0001,0.796288788318634,0.7460284233093262,0.05026034638285637,0.375,0.5
2,926,0.0001,0.7254049181938171,0.7046146392822266,0.020790284499526024,0.0,0.375
2,927,0.0001,1.027464747428894,1.015118956565857,0.012345806695520878,0.125,0.25
2,928,0.0001,1.4450467824935913,1.4350979328155518,0.009948846884071827,0.0,0.0
2,929,0.0001,0.8883621096611023,0.8662895560264587,0.022072549909353256,0.125,0.25
2,930,0.0001,0.967530369758606,0.945794939994812,0.02173541486263275,0.125,0.375
2,931,0.0001,0.9741018414497375,0.9487492442131042,0.025352587923407555,0.25,0.25
2,932,0.0001,0.6230331063270569,0.5993607044219971,0.023672401905059814,0.375,0.625
2,933,0.0001,0.7810937762260437,0.7740725874900818,0.007021183148026466,0.25,0.375
2,934,0.0001,0.7306044101715088,0.7132538557052612,0.01735052838921547,0.5,0.5
2,935,0.0001,0.8889726996421814,0.8655893206596375,0.023383397608995438,0.375,0.375
2,936,0.0001,0.9905239343643188,0.9793002605438232,0.011223649606108665,0.125,0.25
2,937,0.0001,0.5994966626167297,0.5801382660865784,0.019358422607183456,0.5,0.5
2,938,0.0001,0.39144089818000793,0.38596272468566895,0.005478184204548597,0.75,0.75
2,939,0.0001,0.5837298631668091,0.5574545860290527,0.026275262236595154,0.625,0.625
2,940,0.0001,0.7038143873214722,0.6448798179626465,0.058934569358825684,0.25,0.5
2,941,0.0001,0.7994585037231445,0.7615218758583069,0.03793663531541824,0.125,0.5
2,942,0.0001,1.2632290124893188,1.2344385385513306,0.0287904292345047,0.125,0.125
2,943,0.0001,1.2386348247528076,1.2103464603424072,0.028288304805755615,0.125,0.125
2,944,0.0001,0.5732778310775757,0.5640618205070496,0.009216006845235825,0.625,0.625
2,945,0.0001,1.2431720495224,1.216746211051941,0.0264257974922657,0.125,0.125
2,946,0.0001,1.0241777896881104,0.9606266021728516,0.06355118751525879,0.125,0.375
2,947,0.0001,0.39219000935554504,0.38839849829673767,0.0037915147840976715,0.625,0.75
2,948,0.0001,0.8238593935966492,0.7956927418708801,0.028166646137833595,0.25,0.5
2,949,0.0001,0.4696933925151825,0.4522351622581482,0.0174582377076149,0.375,0.625
2,950,0.0001,0.6489048600196838,0.6303257346153259,0.01857914589345455,0.25,0.5
2,951,0.0001,0.9371324181556702,0.879569947719574,0.05756247788667679,0.25,0.375
2,952,0.0001,0.7007119655609131,0.6763356924057007,0.02437630295753479,0.5,0.5
2,953,0.0001,0.7668331861495972,0.7360544204711914,0.030778752639889717,0.5,0.5
2,954,0.0001,1.0134310722351074,0.9620543718338013,0.051376745104789734,0.25,0.25
2,955,0.0001,0.48685333132743835,0.4462781548500061,0.040575169026851654,0.5,0.625
2,956,0.0001,1.1465457677841187,1.0990324020385742,0.04751330986618996,0.125,0.125
2,957,0.0001,1.1699625253677368,1.1509292125701904,0.019033286720514297,0.0,0.125
2,958,0.0001,0.45919427275657654,0.416326642036438,0.042867619544267654,0.375,0.75
2,959,0.0001,0.7345336675643921,0.7213375568389893,0.013196112588047981,0.375,0.5
2,960,0.0001,0.8953533172607422,0.848280668258667,0.047072649002075195,0.25,0.25
2,961,0.0001,0.5543124675750732,0.544994592666626,0.00931788980960846,0.25,0.5
2,962,0.0001,0.7735819816589355,0.7509531378746033,0.022628866136074066,0.25,0.5
2,963,0.0001,1.1116774082183838,1.0922887325286865,0.0193887148052454,0.25,0.25
2,964,0.0001,1.0198765993118286,1.0015785694122314,0.018298063427209854,0.25,0.25
2,965,0.0001,0.9674574136734009,0.9329014420509338,0.03455595672130585,0.25,0.375
2,966,0.0001,1.2165607213974,1.1894025802612305,0.027158088982105255,0.0,0.0
2,967,0.0001,1.1404472589492798,1.114799976348877,0.025647278875112534,0.125,0.25
2,968,0.0001,0.7986181378364563,0.7866575717926025,0.011960554867982864,0.375,0.375
2,969,0.0001,0.5969274640083313,0.5891764163970947,0.007751052267849445,0.5,0.5
2,970,0.0001,0.8510919213294983,0.8351643681526184,0.015927549451589584,0.375,0.375
2,971,0.0001,0.944114625453949,0.9320439100265503,0.012070706114172935,0.25,0.25
2,972,0.0001,0.6285806894302368,0.6167141795158386,0.01186653133481741,0.375,0.5
2,973,0.0001,0.8066803812980652,0.7888240814208984,0.01785629242658615,0.25,0.375
2,974,0.0001,0.931301474571228,0.9177815914154053,0.013519885018467903,0.25,0.25
2,975,0.0001,1.0989488363265991,1.0760350227355957,0.02291378565132618,0.25,0.25
2,976,0.0001,0.9199482202529907,0.9062030911445618,0.013745102100074291,0.375,0.375
2,977,0.0001,0.7835628390312195,0.7762272357940674,0.007335588335990906,0.375,0.375
2,978,0.0001,0.7085379958152771,0.6853526830673218,0.023185301572084427,0.375,0.375
2,979,0.0001,0.7738662958145142,0.7370296716690063,0.036836620420217514,0.5,0.5
2,980,0.0001,1.1087192296981812,1.081181526184082,0.0275377556681633,0.25,0.25
2,981,0.0001,0.8111668825149536,0.7958993315696716,0.015267523005604744,0.375,0.375
2,982,0.0001,0.9840729832649231,0.980954110622406,0.0031188689172267914,0.25,0.25
2,983,0.0001,0.6592990159988403,0.6382299661636353,0.02106902003288269,0.375,0.5
2,984,0.0001,0.9357566833496094,0.9297041893005371,0.006052464712411165,0.25,0.375
2,985,0.0001,0.7676827311515808,0.7418748140335083,0.025807907804846764,0.5,0.5
2,986,0.0001,0.6159495115280151,0.5833957195281982,0.032553788274526596,0.25,0.625
2,987,0.0001,0.5244377851486206,0.5074336528778076,0.01700413227081299,0.25,0.5
2,988,0.0001,0.9550533294677734,0.9328723549842834,0.022180946543812752,0.25,0.375
2,989,0.0001,0.9254699349403381,0.9090520143508911,0.01641794666647911,0.125,0.375
2,990,0.0001,0.6087169647216797,0.6016912460327148,0.0070257000625133514,0.25,0.625
2,991,0.0001,1.1251161098480225,1.0791971683502197,0.045918919146060944,0.25,0.25
2,992,0.0001,0.7868282794952393,0.7481323480606079,0.038695916533470154,0.375,0.375
2,993,0.0001,0.4258798360824585,0.4158351719379425,0.01004466786980629,0.5,0.75
2,994,0.0001,0.901560366153717,0.8457911014556885,0.05576924979686737,0.125,0.375
2,995,0.0001,0.9094277620315552,0.8798384666442871,0.029589267447590828,0.25,0.25
2,996,0.0001,0.7601652145385742,0.7437841892242432,0.01638101041316986,0.125,0.25
2,997,0.0001,0.9330591559410095,0.9150411486625671,0.018018007278442383,0.375,0.375
2,998,0.0001,0.9927947521209717,0.9649010896682739,0.027893666177988052,0.25,0.25
2,999,0.0001,0.9211059808731079,0.9071807265281677,0.013925263658165932,0.25,0.375
2,1000,0.0001,0.9786927103996277,0.9506988525390625,0.027993831783533096,0.125,0.125
2,1001,0.0001,0.6100829839706421,0.5924819111824036,0.017601097002625465,0.375,0.625
2,1002,0.0001,0.4510957598686218,0.43115469813346863,0.01994105614721775,0.375,0.75
2,1003,0.0001,0.5667681097984314,0.5565624833106995,0.010205632075667381,0.625,0.625
2,1004,0.0001,0.44648486375808716,0.40134692192077637,0.04513794556260109,0.5,0.75
2,1005,0.0001,0.5039796233177185,0.4391874074935913,0.0647922083735466,0.5,0.625
2,1006,0.0001,0.7664017677307129,0.7501386404037476,0.016263147816061974,0.375,0.5
2,1007,0.0001,0.7751011848449707,0.7479521632194519,0.027149047702550888,0.375,0.5
2,1008,0.0001,0.945664644241333,0.9369341135025024,0.00873054750263691,0.25,0.375
2,1009,0.0001,0.40570321679115295,0.3948506712913513,0.010852553881704807,0.625,0.75
2,1010,0.0001,0.7546330690383911,0.7359766364097595,0.018656402826309204,0.5,0.5
2,1011,0.0001,1.0667966604232788,1.0469610691070557,0.01983555220067501,0.125,0.125
2,1012,0.0001,0.6001548171043396,0.5825515985488892,0.017603212967514992,0.375,0.5
2,1013,0.0001,0.749472975730896,0.7272930145263672,0.02217996120452881,0.5,0.5
2,1014,0.0001,0.7380064129829407,0.7236919403076172,0.014314469881355762,0.375,0.5
2,1015,0.0001,0.5620878338813782,0.5484873652458191,0.013600444421172142,0.625,0.625
2,1016,0.0001,0.9233845472335815,0.9095972776412964,0.013787245377898216,0.375,0.375
2,1017,0.0001,0.8983497023582458,0.8905234932899475,0.007826199755072594,0.25,0.25
2,1018,0.0001,1.2638983726501465,1.2249622344970703,0.03893618285655975,0.125,0.125
2,1019,0.0001,1.0020933151245117,0.9861677885055542,0.015925569459795952,0.25,0.25
2,1020,0.0001,0.8614290356636047,0.8257180452346802,0.035710982978343964,0.25,0.375
2,1021,0.0001,0.879284679889679,0.8622469305992126,0.01703777350485325,0.125,0.375
2,1022,0.0001,0.46194323897361755,0.4474281072616577,0.01451514009386301,0.25,0.625
2,1023,0.0001,0.821671724319458,0.8071961998939514,0.014475511386990547,0.25,0.25
2,1024,0.0001,0.9081040620803833,0.8858734369277954,0.022230608388781548,0.0,0.25
2,1025,0.0001,1.0418353080749512,1.035832405090332,0.006002858746796846,0.0,0.0
2,1026,0.0001,0.5245769619941711,0.5182223916053772,0.006354542914777994,0.125,0.25
2,1027,0.0001,1.0755611658096313,1.0558006763458252,0.019760478287935257,0.125,0.25
2,1028,0.0001,0.8387644290924072,0.8232060670852661,0.015558339655399323,0.375,0.375
2,1029,0.0001,0.39007750153541565,0.3854190707206726,0.004658443853259087,0.625,0.625
2,1030,0.0001,0.607489287853241,0.5938968062400818,0.013592461124062538,0.5,0.625
2,1031,0.0001,0.5894628167152405,0.5727320909500122,0.016730714589357376,0.5,0.625
2,1032,0.0001,0.8101242780685425,0.7895720601081848,0.020552197471261024,0.125,0.375
2,1033,0.0001,1.0097436904907227,0.9629278182983398,0.0468158945441246,0.0,0.375
2,1034,0.0001,1.264177918434143,1.2460179328918457,0.01815999299287796,0.125,0.125
2,1035,0.0001,0.6236377358436584,0.5993746519088745,0.02426309511065483,0.375,0.5
2,1036,0.0001,1.040702223777771,1.006416916847229,0.034285277128219604,0.0,0.25
2,1037,0.0001,1.125863790512085,1.0941184759140015,0.03174528107047081,0.125,0.25
2,1038,0.0001,0.7642198204994202,0.7430040836334229,0.021215761080384254,0.375,0.5
2,1039,0.0001,0.809837818145752,0.7766103744506836,0.03322741761803627,0.25,0.375
2,1040,0.0001,0.5998328924179077,0.5545733571052551,0.04525955766439438,0.25,0.5
2,1041,0.0001,0.932534396648407,0.9232308864593506,0.009303491562604904,0.25,0.375
2,1042,0.0001,0.7893055081367493,0.7767661809921265,0.012539327144622803,0.375,0.375
2,1043,0.0001,0.7671720385551453,0.7485604286193848,0.018611615523695946,0.375,0.5
2,1044,0.0001,0.4953659176826477,0.47891107201576233,0.016454854980111122,0.375,0.5
2,1045,0.0001,0.6434510350227356,0.632378339767456,0.011072710156440735,0.25,0.5
2,1046,0.0001,0.5827679634094238,0.5605108737945557,0.022257113829255104,0.5,0.625
2,1047,0.0001,0.8427609205245972,0.80430006980896,0.0384608656167984,0.25,0.375
2,1048,0.0001,1.2946486473083496,1.2696614265441895,0.02498726174235344,0.125,0.125
2,1049,0.0001,0.8147202730178833,0.8022069931030273,0.012513292953372002,0.25,0.375
2,1050,0.0001,0.7305342555046082,0.7151684761047363,0.015365803614258766,0.5,0.5
2,1051,0.0001,0.8886783719062805,0.8762670755386353,0.012411274015903473,0.125,0.25
2,1052,0.0001,0.6297246813774109,0.5876752138137817,0.04204944521188736,0.5,0.625
2,1053,0.0001,0.5963519215583801,0.5779507756233215,0.018401138484477997,0.5,0.5
2,1054,0.0001,0.11484837532043457,0.1129310131072998,0.0019173595355823636,0.5,0.875
2,1055,0.0001,1.0652410984039307,1.0468254089355469,0.01841564290225506,0.25,0.25
2,1056,0.0001,1.0896987915039062,1.0743796825408936,0.015319118276238441,0.25,0.25
2,1057,0.0001,0.5721511244773865,0.5581623911857605,0.013988708145916462,0.625,0.625
2,1058,0.0001,0.7742794752120972,0.7439804077148438,0.03029908798635006,0.5,0.5
2,1059,0.0001,0.5226333141326904,0.5070469975471497,0.015586321242153645,0.375,0.625
2,1060,0.0001,0.7107515335083008,0.7021580934524536,0.008593449369072914,0.125,0.5
2,1061,0.0001,0.47638586163520813,0.4660530686378479,0.010332804173231125,0.375,0.625
2,1062,0.0001,0.9018055200576782,0.8726303577423096,0.029175136238336563,0.375,0.375
2,1063,0.0001,0.7866823077201843,0.7556483745574951,0.031033949926495552,0.0,0.5
2,1064,0.0001,0.7119664549827576,0.6812728643417358,0.030693577602505684,0.375,0.5
2,1065,0.0001,0.7726021409034729,0.7485074400901794,0.024094723165035248,0.375,0.375
2,1066,0.0001,0.7986988425254822,0.7631124258041382,0.0355864018201828,0.25,0.375
2,1067,0.0001,0.9168622493743896,0.8858352899551392,0.031026966869831085,0.125,0.25
2,1068,0.0001,1.141627311706543,1.1158950328826904,0.025732239708304405,0.125,0.125
2,1069,0.0001,0.9468231201171875,0.9420384764671326,0.0047846632078289986,0.125,0.375
2,1070,0.0001,0.6888713836669922,0.6621034145355225,0.02676795795559883,0.375,0.5
2,1071,0.0001,1.0274828672409058,1.0226101875305176,0.004872627556324005,0.25,0.25
2,1072,0.0001,0.5506029725074768,0.5264183282852173,0.024184636771678925,0.25,0.5
2,1073,0.0001,0.616897463798523,0.6018595695495605,0.015037920325994492,0.25,0.625
2,1074,0.0001,0.8509231805801392,0.8175709247589111,0.03335222974419594,0.125,0.375
2,1075,0.0001,0.65667325258255,0.6229400634765625,0.03373318165540695,0.25,0.5
2,1076,0.0001,1.1669104099273682,1.1391587257385254,0.02775164321064949,0.0,0.125
2,1077,0.0001,0.7582541108131409,0.7457664608955383,0.012487653642892838,0.375,0.375
2,1078,0.0001,1.0034523010253906,0.9910211563110352,0.012431109324097633,0.125,0.25
2,1079,0.0001,0.8060486912727356,0.7848859429359436,0.0211627297103405,0.25,0.5
2,1080,0.0001,0.4913000464439392,0.45502132177352905,0.03627873584628105,0.5,0.5
2,1081,0.0001,0.9700040817260742,0.9629111289978027,0.00709297601133585,0.25,0.25
2,1082,0.0001,0.6310829520225525,0.6024270057678223,0.028655938804149628,0.125,0.625
2,1083,0.0001,1.1130143404006958,1.0907037258148193,0.022310558706521988,0.0,0.125
2,1084,0.0001,0.7397600412368774,0.7329959869384766,0.006764029152691364,0.5,0.5
2,1085,0.0001,0.6241567730903625,0.6119585037231445,0.012198273092508316,0.125,0.5
2,1086,0.0001,0.4740315079689026,0.46087464690208435,0.013156872242689133,0.5,0.625
2,1087,0.0001,1.1093441247940063,1.0982749462127686,0.011069165542721748,0.125,0.25
2,1088,0.0001,0.9624955058097839,0.9133998155593872,0.049095697700977325,0.125,0.25
2,1089,0.0001,0.8272799253463745,0.8010751605033875,0.026204785332083702,0.125,0.5
2,1090,0.0001,0.7684133052825928,0.7386310696601868,0.029782216995954514,0.375,0.375
2,1091,0.0001,0.4924176335334778,0.43552112579345703,0.05689651146531105,0.5,0.5
2,1092,0.0001,0.7517827153205872,0.7330408096313477,0.018741915002465248,0.5,0.5
2,1093,0.0001,0.5615776777267456,0.552146315574646,0.00943136215209961,0.5,0.625
2,1094,0.0001,0.958007276058197,0.9543505907058716,0.00365667836740613,0.125,0.125
2,1095,0.0001,0.8491660356521606,0.826045572757721,0.023120472207665443,0.375,0.375
2,1096,0.0001,0.9614225029945374,0.9309862852096558,0.030436214059591293,0.25,0.375
2,1097,0.0001,0.9510006904602051,0.9380471706390381,0.012953532859683037,0.125,0.25
2,1098,0.0001,0.9276473522186279,0.9109188318252563,0.01672849990427494,0.25,0.25
2,1099,0.0001,0.9173999428749084,0.8881282210350037,0.029271721839904785,0.125,0.25
2,1100,0.0001,0.8549878597259521,0.8115416765213013,0.043446168303489685,0.125,0.375
2,1101,0.0001,0.5272507667541504,0.5158430337905884,0.011407721787691116,0.375,0.625
2,1102,0.0001,0.9177016019821167,0.9024906158447266,0.015210984274744987,0.125,0.375
2,1103,0.0001,0.8157228827476501,0.7607365846633911,0.054986294358968735,0.25,0.5
2,1104,0.0001,0.7871506214141846,0.7647771835327148,0.022373441606760025,0.25,0.5
2,1105,0.0001,1.4560245275497437,1.4429864883422852,0.013038018718361855,0.0,0.0
2,1106,0.0001,0.9721661806106567,0.9420475959777832,0.030118608847260475,0.125,0.25
2,1107,0.0001,0.9750863909721375,0.959653377532959,0.015432998538017273,0.25,0.25
2,1108,0.0001,0.9467768669128418,0.9374575614929199,0.009319295175373554,0.25,0.375
2,1109,0.0001,1.296895980834961,1.279887080192566,0.017008882015943527,0.0,0.0
2,1110,0.0001,0.30563318729400635,0.28129610419273376,0.024337071925401688,0.625,0.625
2,1111,0.0001,1.1098015308380127,1.097955346107483,0.011846175417304039,0.25,0.25
2,1112,0.0001,0.6390444040298462,0.6264709234237671,0.012573468498885632,0.375,0.5
2,1113,0.0001,1.4473899602890015,1.4472360610961914,0.0001539322838652879,0.0,0.0
3,1114,0.0001,0.41792431473731995,0.416378378868103,0.001545947277918458,0.5,0.625
3,1115,0.0001,0.8912460803985596,0.8632267713546753,0.028019309043884277,0.375,0.375
3,1116,0.0001,1.299058198928833,1.2755341529846191,0.02352409064769745,0.125,0.125
3,1117,0.0001,0.3626459240913391,0.3365788161754608,0.0260671004652977,0.375,0.625
3,1118,0.0001,0.9774599671363831,0.9653531908988953,0.012106791138648987,0.125,0.25
3,1119,0.0001,0.4051230847835541,0.3932447135448456,0.011878374963998795,0.625,0.75
3,1120,0.0001,0.9361442923545837,0.9134121537208557,0.02273215353488922,0.375,0.375
3,1121,0.0001,0.8010701537132263,0.7912818789482117,0.00978824682533741,0.125,0.375
3,1122,0.0001,0.6482107043266296,0.6373084187507629,0.010902293026447296,0.375,0.5
3,1123,0.0001,0.8046674132347107,0.7651569843292236,0.039510421454906464,0.125,0.5
3,1124,0.0001,0.7661395072937012,0.745647668838501,0.02049185521900654,0.5,0.5
3,1125,0.0001,0.5729241371154785,0.5543878078460693,0.018536308780312538,0.625,0.625
3,1126,0.0001,0.7996979355812073,0.7697528600692749,0.029945090413093567,0.25,0.375
3,1127,0.0001,0.6179857850074768,0.5882046222686768,0.02978118695318699,0.5,0.625
3,1128,0.0001,1.0790754556655884,1.0523436069488525,0.026731880381703377,0.25,0.25
3,1129,0.0001,0.7092021107673645,0.6921161413192749,0.017085954546928406,0.5,0.5
3,1130,0.0001,0.5559224486351013,0.5429531931877136,0.012969251722097397,0.375,0.625
3,1131,0.0001,0.7073891758918762,0.6925187110900879,0.014870435930788517,0.5,0.5
3,1132,0.0001,0.758120059967041,0.747420608997345,0.010699431411921978,0.375,0.5
3,1133,0.0001,0.7238420248031616,0.7105724811553955,0.013269561342895031,0.5,0.5
3,1134,0.0001,0.7903634309768677,0.7776307463645935,0.012732701376080513,0.25,0.375
3,1135,0.0001,1.2174034118652344,1.1956627368927002,0.021740645170211792,0.125,0.125
3,1136,0.0001,1.0502097606658936,1.0245758295059204,0.02563396655023098,0.25,0.25
3,1137,0.0001,0.7420132756233215,0.7301801443099976,0.011833113618195057,0.375,0.5
3,1138,0.0001,0.7269920706748962,0.6942986249923706,0.032693468034267426,0.25,0.5
3,1139,0.0001,0.795379638671875,0.7760060429573059,0.019373606890439987,0.25,0.5
3,1140,0.0001,0.7580207586288452,0.7401642203330994,0.01785653457045555,0.375,0.5
3,1141,0.0001,1.2875276803970337,1.2741063833236694,0.013421312905848026,0.0,0.125
3,1142,0.0001,1.125262975692749,1.1032350063323975,0.022027945145964622,0.25,0.25
3,1143,0.0001,1.1507927179336548,1.1223751306533813,0.028417546302080154,0.125,0.125
3,1144,0.0001,0.8974266052246094,0.8655847311019897,0.031841881573200226,0.25,0.375
3,1145,0.0001,0.6160616874694824,0.5831767320632935,0.03288494050502777,0.0,0.375
3,1146,0.0001,0.4174959659576416,0.4018959403038025,0.015600025653839111,0.625,0.75
3,1147,0.0001,1.0675791501998901,1.0518994331359863,0.01567971706390381,0.25,0.25
3,1148,0.0001,0.6721532344818115,0.6631729602813721,0.008980287238955498,0.375,0.5
3,1149,0.0001,0.7507140040397644,0.7312073111534119,0.019506698474287987,0.25,0.375
3,1150,0.0001,0.9806339144706726,0.958746075630188,0.02188785746693611,0.125,0.25
3,1151,0.0001,0.705081045627594,0.6665623188018799,0.038518719375133514,0.25,0.5
3,1152,0.0001,1.1322795152664185,1.1193501949310303,0.012929335236549377,0.0,0.25
3,1153,0.0001,0.866454005241394,0.833598792552948,0.03285522386431694,0.0,0.25
3,1154,0.0001,0.69847571849823,0.6453319191932678,0.05314379930496216,0.5,0.5
3,1155,0.0001,0.9160938262939453,0.9135627746582031,0.002531034406274557,0.25,0.375
3,1156,0.0001,0.7871111035346985,0.7530727982521057,0.034038323909044266,0.375,0.5
3,1157,0.0001,1.3051220178604126,1.2821717262268066,0.022950343787670135,0.0,0.0
3,1158,0.0001,0.5897200107574463,0.5710083246231079,0.018711699172854424,0.5,0.625
3,1159,0.0001,1.2101963758468628,1.1837928295135498,0.0264035202562809,0.125,0.125
3,1160,0.0001,0.805947482585907,0.797529935836792,0.00841754674911499,0.0,0.25
3,1161,0.0001,1.2534236907958984,1.2110087871551514,0.042414844036102295,0.0,0.0
3,1162,0.0001,0.6168534159660339,0.6024826765060425,0.014370735734701157,0.25,0.625
3,1163,0.0001,0.6901508569717407,0.6734126806259155,0.016738148406147957,0.0,0.5
3,1164,0.0001,0.8800792098045349,0.8530678153038025,0.027011413127183914,0.125,0.375
3,1165,0.0001,0.7537846565246582,0.7387938499450684,0.014990800060331821,0.375,0.5
3,1166,0.0001,0.4614694118499756,0.44395512342453003,0.017514295876026154,0.375,0.75
3,1167,0.0001,0.44688382744789124,0.4278053045272827,0.019078511744737625,0.375,0.75
3,1168,0.0001,0.4540298581123352,0.4420574903488159,0.011972354725003242,0.375,0.75
3,1169,0.0001,0.6416434645652771,0.6193112134933472,0.02233223058283329,0.125,0.5
3,1170,0.0001,0.84482741355896,0.8373594284057617,0.007468007504940033,0.25,0.25
3,1171,0.0001,1.0368585586547852,1.0067830085754395,0.03007555566728115,0.125,0.125
3,1172,0.0001,0.6306242942810059,0.6169494986534119,0.013674788177013397,0.375,0.5
3,1173,0.0001,0.7549248933792114,0.7469050884246826,0.00801980309188366,0.375,0.5
3,1174,0.0001,0.9184341430664062,0.9044830203056335,0.013951143249869347,0.25,0.375
3,1175,0.0001,1.0508756637573242,1.033567190170288,0.017308518290519714,0.125,0.25
3,1176,0.0001,1.075157642364502,1.0637274980545044,0.011430150829255581,0.25,0.25
3,1177,0.0001,0.7928944230079651,0.7843840718269348,0.008510380052030087,0.375,0.375
3,1178,0.0001,0.7150070071220398,0.7047951817512512,0.010211850516498089,0.25,0.5
3,1179,0.0001,0.6156662702560425,0.5997843742370605,0.01588192582130432,0.5,0.5
3,1180,0.0001,0.7753320336341858,0.749924898147583,0.02540711499750614,0.375,0.5
3,1181,0.0001,0.9224011301994324,0.9043587446212769,0.018042387440800667,0.25,0.375
3,1182,0.0001,0.9431324601173401,0.9293869137763977,0.013745533302426338,0.25,0.375
3,1183,0.0001,0.8623038530349731,0.8334870338439941,0.028816794976592064,0.25,0.375
3,1184,0.0001,1.1679973602294922,1.152475357055664,0.01552196778357029,0.0,0.125
3,1185,0.0001,0.9542146325111389,0.9411279559135437,0.013086676597595215,0.25,0.375
3,1186,0.0001,0.748492956161499,0.7328022718429565,0.015690704807639122,0.5,0.5
3,1187,0.0001,0.9796045422554016,0.9738976359367371,0.005706914700567722,0.125,0.25
3,1188,0.0001,0.7137429714202881,0.7006813883781433,0.013061612844467163,0.5,0.5
3,1189,0.0001,0.8935757875442505,0.8666568994522095,0.026918863877654076,0.125,0.375
3,1190,0.0001,1.1031442880630493,1.0670377016067505,0.03610658645629883,0.125,0.25
3,1191,0.0001,0.9408640265464783,0.9210193157196045,0.019844695925712585,0.125,0.375
3,1192,0.0001,0.9525437355041504,0.9375837445259094,0.014959976077079773,0.25,0.375
3,1193,0.0001,1.1016316413879395,1.0899426937103271,0.011688909493386745,0.125,0.25
3,1194,0.0001,0.9807149171829224,0.9726291298866272,0.008085810579359531,0.125,0.25
3,1195,0.0001,0.7540479898452759,0.7470880746841431,0.006959908176213503,0.375,0.5
3,1196,0.0001,0.9537869691848755,0.9354987144470215,0.018288256600499153,0.125,0.375
3,1197,0.0001,1.2683950662612915,1.2629756927490234,0.005419316701591015,0.125,0.125
3,1198,0.0001,0.7950047254562378,0.7842940092086792,0.010710710659623146,0.25,0.375
3,1199,0.0001,0.6187506318092346,0.6032294631004333,0.01552114263176918,0.375,0.625
3,1200,0.0001,0.7736366987228394,0.7640237808227539,0.00961289368569851,0.125,0.5
3,1201,0.0001,0.47274163365364075,0.45416152477264404,0.018580112606287003,0.375,0.625
3,1202,0.0001,0.8033521771430969,0.7687594890594482,0.034592702984809875,0.125,0.375
3,1203,0.0001,0.7717722654342651,0.7342134714126587,0.03755882382392883,0.5,0.5
3,1204,0.0001,1.0955147743225098,1.0927033424377441,0.002811457496136427,0.25,0.25
3,1205,0.0001,0.8391165137290955,0.8171381950378418,0.021978307515382767,0.375,0.375
3,1206,0.0001,0.7724965214729309,0.7586216926574707,0.013874826952815056,0.25,0.5
3,1207,0.0001,0.7331429123878479,0.7055094838142395,0.027633432298898697,0.25,0.375
3,1208,0.0001,1.1286721229553223,1.1055598258972168,0.023112241178750992,0.125,0.125
3,1209,0.0001,0.5880406498908997,0.5719066262245178,0.016134005039930344,0.5,0.625
3,1210,0.0001,1.162218451499939,1.133711338043213,0.028507141396403313,0.0,0.125
3,1211,0.0001,0.5055937170982361,0.4859905540943146,0.019603179767727852,0.25,0.625
3,1212,0.0001,0.7262186408042908,0.70543372631073,0.020784933120012283,0.125,0.375
3,1213,0.0001,1.1210342645645142,1.0923621654510498,0.028672128915786743,0.125,0.25
3,1214,0.0001,0.7486082315444946,0.7413126826286316,0.007295573130249977,0.5,0.5
3,1215,0.0001,0.598198413848877,0.5679891109466553,0.030209321528673172,0.375,0.625
3,1216,0.0001,0.879158079624176,0.862574577331543,0.016583509743213654,0.25,0.375
3,1217,0.0001,0.7642231583595276,0.7267475128173828,0.03747566044330597,0.375,0.5
3,1218,0.0001,1.0997469425201416,1.0613617897033691,0.03838510811328888,0.125,0.25
3,1219,0.0001,0.9293246865272522,0.9040629863739014,0.02526169642806053,0.375,0.375
3,1220,0.0001,1.061711072921753,1.0391490459442139,0.022561971098184586,0.25,0.25
3,1221,0.0001,0.6621500253677368,0.6337847709655762,0.028365248814225197,0.25,0.5
3,1222,0.0001,1.0522557497024536,1.0339069366455078,0.01834886334836483,0.125,0.25
3,1223,0.0001,0.2202194780111313,0.21759086847305298,0.0026286146603524685,0.625,0.875
3,1224,0.0001,1.0145539045333862,1.0013054609298706,0.013248441740870476,0.125,0.25
3,1225,0.0001,0.8939627408981323,0.8679808378219604,0.025981927290558815,0.25,0.375
3,1226,0.0001,0.5943921804428101,0.5396836996078491,0.05470848083496094,0.5,0.625
3,1227,0.0001,0.6125575304031372,0.5314162969589233,0.08114124089479446,0.5,0.625
3,1228,0.0001,0.8345807790756226,0.8224793672561646,0.012101389467716217,0.125,0.25
3,1229,0.0001,0.7394174337387085,0.7197549343109131,0.01966247707605362,0.375,0.375
3,1230,0.0001,0.651612401008606,0.6352776288986206,0.016334768384695053,0.5,0.5
3,1231,0.0001,0.7727647423744202,0.7532219290733337,0.01954280026257038,0.25,0.5
3,1232,0.0001,0.8038718104362488,0.7441921234130859,0.059679679572582245,0.25,0.5
3,1233,0.0001,0.48980510234832764,0.4673866033554077,0.02241850644350052,0.25,0.625
3,1234,0.0001,0.9812818169593811,0.9653461575508118,0.015935659408569336,0.125,0.25
3,1235,0.0001,0.6325588226318359,0.626076340675354,0.006482474971562624,0.5,0.5
3,1236,0.0001,1.019324541091919,1.0114002227783203,0.007924370467662811,0.25,0.25
3,1237,0.0001,0.8910433650016785,0.8732407689094543,0.01780262216925621,0.25,0.25
3,1238,0.0001,0.8913713097572327,0.8824762105941772,0.008895119652152061,0.375,0.375
3,1239,0.0001,0.9916396141052246,0.976805567741394,0.014834065921604633,0.0,0.25
3,1240,0.0001,0.6082304120063782,0.6005246639251709,0.007705756928771734,0.25,0.5
3,1241,0.0001,0.4330361485481262,0.40800943970680237,0.0250267181545496,0.375,0.75
3,1242,0.0001,0.936549723148346,0.9163973331451416,0.02015240304172039,0.25,0.375
3,1243,0.0001,0.9854751825332642,0.9668131470680237,0.01866200938820839,0.125,0.375
3,1244,0.0001,0.8915053606033325,0.866925835609436,0.02457953244447708,0.125,0.25
3,1245,0.0001,0.24095085263252258,0.22378882765769958,0.017162024974822998,0.75,0.875
3,1246,0.0001,1.1238057613372803,1.1124671697616577,0.011338564567267895,0.125,0.25
3,1247,0.0001,0.43398940563201904,0.4150960147380829,0.018893402069807053,0.375,0.75
3,1248,0.0001,0.8081265091896057,0.7950564622879028,0.013070067390799522,0.375,0.375
3,1249,0.0001,0.8123547434806824,0.7957808971405029,0.016573848202824593,0.25,0.375
3,1250,0.0001,0.7696394920349121,0.7389833927154541,0.030656129121780396,0.5,0.5
3,1251,0.0001,1.0043385028839111,0.9945484399795532,0.009790120646357536,0.25,0.25
3,1252,0.0001,1.1022567749023438,1.096736192703247,0.005520529113709927,0.0,0.0
3,1253,0.0001,0.9478546380996704,0.9263039231300354,0.02155071124434471,0.25,0.375
3,1254,0.0001,0.5690111517906189,0.5633867383003235,0.005624415352940559,0.625,0.625
3,1255,0.0001,0.5950603485107422,0.5788609981536865,0.016199326142668724,0.5,0.625
3,1256,0.0001,0.5313699245452881,0.5023351907730103,0.02903473749756813,0.5,0.5
3,1257,0.0001,0.8272218704223633,0.8180612921714783,0.009160567075014114,0.125,0.375
3,1258,0.0001,0.6914833188056946,0.6773734092712402,0.014109887182712555,0.25,0.5
3,1259,0.0001,0.7138087749481201,0.7103325128555298,0.003476287703961134,0.5,0.5
3,1260,0.0001,0.5583900213241577,0.552740216255188,0.005649798549711704,0.625,0.625
3,1261,0.0001,1.0724685192108154,0.997279942035675,0.07518855482339859,0.25,0.25
3,1262,0.0001,0.9348921775817871,0.912506103515625,0.02238609828054905,0.375,0.375
3,1263,0.0001,0.9476123452186584,0.924910306930542,0.022702038288116455,0.25,0.375
3,1264,0.0001,0.5720045566558838,0.5472822785377502,0.024722248315811157,0.625,0.625
3,1265,0.0001,1.1062496900558472,1.0927796363830566,0.013470105826854706,0.0,0.25
3,1266,0.0001,0.8301349878311157,0.8194783926010132,0.010656580328941345,0.125,0.375
3,1267,0.0001,0.6921083927154541,0.6441076993942261,0.04800071194767952,0.375,0.5
3,1268,0.0001,0.5453674793243408,0.5094356536865234,0.03593185544013977,0.625,0.625
3,1269,0.0001,0.6238215565681458,0.5851806998252869,0.03864087164402008,0.375,0.625
3,1270,0.0001,0.8749797940254211,0.8220632076263428,0.05291658267378807,0.25,0.375
3,1271,0.0001,0.8793108463287354,0.8339607119560242,0.04535014182329178,0.25,0.375
3,1272,0.0001,0.5632871389389038,0.5534915924072266,0.009795574471354485,0.5,0.625
3,1273,0.0001,0.8921027183532715,0.8796745538711548,0.0124281607568264,0.125,0.375
3,1274,0.0001,0.647888720035553,0.5969071388244629,0.050981584936380386,0.25,0.625
3,1275,0.0001,0.4917645752429962,0.4677461087703705,0.02401847392320633,0.375,0.625
3,1276,0.0001,0.9233381152153015,0.9099099636077881,0.013428149744868279,0.25,0.375
3,1277,0.0001,0.8919611573219299,0.882328987121582,0.009632144123315811,0.25,0.375
3,1278,0.0001,0.7695313692092896,0.7630177140235901,0.006513684056699276,0.375,0.5
3,1279,0.0001,0.29097098112106323,0.22148838639259338,0.06948257982730865,0.75,0.875
3,1280,0.0001,0.7348934412002563,0.7274875640869141,0.007405887357890606,0.5,0.5
3,1281,0.0001,0.7884760499000549,0.7641391754150391,0.02433689497411251,0.375,0.375
3,1282,0.0001,0.42437586188316345,0.4175970256328583,0.0067788343876600266,0.375,0.625
3,1283,0.0001,0.8300408124923706,0.7491271495819092,0.08091363310813904,0.125,0.5
3,1284,0.0001,1.1251087188720703,1.0990259647369385,0.026082783937454224,0.25,0.25
3,1285,0.0001,0.6725618243217468,0.6647320985794067,0.007829710841178894,0.25,0.5
3,1286,0.0001,0.9527866244316101,0.9332829117774963,0.01950373686850071,0.0,0.375
3,1287,0.0001,0.7960727214813232,0.769051194190979,0.02702155150473118,0.25,0.5
3,1288,0.0001,0.8238353729248047,0.8043649792671204,0.01947038248181343,0.125,0.375
3,1289,0.0001,0.9735497832298279,0.9320857524871826,0.04146401584148407,0.25,0.375
3,1290,0.0001,1.1453860998153687,1.1171083450317383,0.028277743607759476,0.125,0.25
3,1291,0.0001,0.9189497232437134,0.9110924005508423,0.007857318967580795,0.375,0.375
3,1292,0.0001,0.47263091802597046,0.4524860680103302,0.02014484442770481,0.25,0.75
3,1293,0.0001,0.9190688133239746,0.9017382264137268,0.01733057014644146,0.375,0.375
3,1294,0.0001,0.5396366119384766,0.523414134979248,0.016222458332777023,0.5,0.5
3,1295,0.0001,0.8918539881706238,0.881340742111206,0.01051323302090168,0.25,0.375
3,1296,0.0001,0.4245396852493286,0.398246705532074,0.02629297599196434,0.625,0.75
3,1297,0.0001,0.9508453607559204,0.9135011434555054,0.03734421357512474,0.375,0.375
3,1298,0.0001,0.412097692489624,0.3889879882335663,0.02310970053076744,0.625,0.75
3,1299,0.0001,0.7763065695762634,0.7672237157821655,0.009082840755581856,0.25,0.5
3,1300,0.0001,0.9852929711341858,0.9595346450805664,0.025758348405361176,0.125,0.375
3,1301,0.0001,0.7306819558143616,0.7184230089187622,0.012258923612535,0.5,0.5
3,1302,0.0001,0.5995994210243225,0.5854913592338562,0.014108056202530861,0.5,0.625
3,1303,0.0001,0.6016148328781128,0.5712266564369202,0.03038819134235382,0.25,0.375
3,1304,0.0001,0.9774525761604309,0.9549651741981506,0.02248738333582878,0.25,0.375
3,1305,0.0001,0.9208619594573975,0.9085091948509216,0.012352772057056427,0.375,0.375
3,1306,0.0001,0.6302494406700134,0.6127315759658813,0.017517874017357826,0.25,0.625
3,1307,0.0001,0.6711560487747192,0.6540981531143188,0.017057904973626137,0.5,0.5
3,1308,0.0001,1.2831671237945557,1.2637913227081299,0.019375748932361603,0.125,0.125
3,1309,0.0001,0.9580228924751282,0.9350224733352661,0.023000391200184822,0.125,0.25
3,1310,0.0001,0.9411464333534241,0.9189010858535767,0.02224535495042801,0.375,0.375
3,1311,0.0001,1.2587560415267944,1.2401185035705566,0.018637502565979958,0.125,0.125
3,1312,0.0001,0.41298380494117737,0.4014705419540405,0.011513262055814266,0.625,0.75
3,1313,0.0001,0.9202274680137634,0.9084855318069458,0.011741910129785538,0.375,0.375
3,1314,0.0001,0.7736392021179199,0.7533645033836365,0.020274687558412552,0.375,0.5
3,1315,0.0001,1.0350621938705444,1.0248162746429443,0.010245921090245247,0.125,0.125
3,1316,0.0001,1.018480658531189,0.9731490612030029,0.04533163458108902,0.25,0.25
3,1317,0.0001,0.8708465695381165,0.8467851877212524,0.02406136319041252,0.25,0.375
3,1318,0.0001,0.9134433269500732,0.9049622416496277,0.008481089025735855,0.25,0.375
3,1319,0.0001,0.907494306564331,0.9008359909057617,0.006658341735601425,0.375,0.375
3,1320,0.0001,0.6911688446998596,0.6772317290306091,0.013937118463218212,0.375,0.5
3,1321,0.0001,1.1009283065795898,1.0746641159057617,0.026264138519763947,0.0,0.25
3,1322,0.0001,0.6080575585365295,0.5872994065284729,0.020758138969540596,0.5,0.625
3,1323,0.0001,0.7278831601142883,0.7139161825180054,0.013966966420412064,0.375,0.5
3,1324,0.0001,0.961868405342102,0.9404233694076538,0.021445056423544884,0.125,0.375
3,1325,0.0001,1.229140281677246,1.2098926305770874,0.019247708842158318,0.125,0.125
3,1326,0.0001,0.9396370053291321,0.9213045835494995,0.018332406878471375,0.25,0.375
3,1327,0.0001,1.0085139274597168,1.0006999969482422,0.007813973352313042,0.25,0.25
3,1328,0.0001,0.9259304404258728,0.9116721153259277,0.014258310198783875,0.375,0.375
3,1329,0.0001,0.8660233020782471,0.857213020324707,0.008810291066765785,0.25,0.375
3,1330,0.0001,0.9551429152488708,0.9275102615356445,0.027632664889097214,0.125,0.375
3,1331,0.0001,0.9280743598937988,0.9221922159194946,0.0058821686543524265,0.375,0.375
3,1332,0.0001,0.936568558216095,0.9209579825401306,0.015610575675964355,0.25,0.375
3,1333,0.0001,1.288307785987854,1.2606900930404663,0.027617644518613815,0.125,0.125
3,1334,0.0001,0.907845139503479,0.8911964893341064,0.016648640856146812,0.375,0.375
3,1335,0.0001,0.92399662733078,0.9138806462287903,0.010115960612893105,0.375,0.375
3,1336,0.0001,0.9409309029579163,0.9285544157028198,0.012376484461128712,0.125,0.25
3,1337,0.0001,1.0014009475708008,0.9930119514465332,0.008388946764171124,0.25,0.25
3,1338,0.0001,0.29375189542770386,0.2601432204246521,0.03360867500305176,0.625,0.75
3,1339,0.0001,0.9586085677146912,0.9445763230323792,0.014032259583473206,0.25,0.375
3,1340,0.0001,0.9374950528144836,0.8982986807823181,0.03919636458158493,0.375,0.375
3,1341,0.0001,0.24920012056827545,0.23333550989627838,0.01586460880935192,0.5,0.875
3,1342,0.0001,0.7560956478118896,0.7358124256134033,0.020283211022615433,0.375,0.5
3,1343,0.0001,1.0759625434875488,1.0404255390167236,0.03553703799843788,0.125,0.25
3,1344,0.0001,0.8876296281814575,0.8791769742965698,0.008452655747532845,0.375,0.375
3,1345,0.0001,0.45556771755218506,0.44554391503334045,0.010023797862231731,0.25,0.625
3,1346,0.0001,0.9841520190238953,0.9605741500854492,0.023577891290187836,0.125,0.25
3,1347,0.0001,0.9772613048553467,0.9579557180404663,0.019305581226944923,0.125,0.375
3,1348,0.0001,0.9385952353477478,0.917465329170227,0.021129895001649857,0.25,0.375
3,1349,0.0001,0.9696484804153442,0.9641668796539307,0.005481574684381485,0.0,0.125
3,1350,0.0001,0.7603087425231934,0.7275419235229492,0.03276684880256653,0.375,0.5
3,1351,0.0001,0.7788806557655334,0.7546401023864746,0.024240553379058838,0.375,0.5
3,1352,0.0001,0.9129346609115601,0.9012202024459839,0.011714467778801918,0.25,0.375
3,1353,0.0001,1.1115856170654297,1.094719409942627,0.01686626672744751,0.0,0.125
3,1354,0.0001,0.7151618599891663,0.7053855657577515,0.00977630540728569,0.375,0.5
3,1355,0.0001,0.7696743607521057,0.7528960108757019,0.016778331249952316,0.375,0.5
3,1356,0.0001,0.7856616973876953,0.7700051665306091,0.015656523406505585,0.375,0.375
3,1357,0.0001,1.1562708616256714,1.1378003358840942,0.01847049966454506,0.125,0.125
3,1358,0.0001,0.9497401118278503,0.9410992860794067,0.008640843443572521,0.125,0.25
3,1359,0.0001,1.1169049739837646,1.0806872844696045,0.036217644810676575,0.25,0.25
3,1360,0.0001,0.7350845336914062,0.7182379364967346,0.016846584156155586,0.0,0.5
3,1361,0.0001,0.4604957401752472,0.43272775411605835,0.027767982333898544,0.625,0.625
3,1362,0.0001,0.6238176822662354,0.6055792570114136,0.01823844574391842,0.25,0.625
3,1363,0.0001,0.5366604924201965,0.5167897939682007,0.01987072452902794,0.375,0.375
3,1364,0.0001,1.006613850593567,0.988736629486084,0.01787722297012806,0.0,0.25
3,1365,0.0001,0.7485039830207825,0.6994101405143738,0.0490938276052475,0.125,0.5
3,1366,0.0001,0.8532628417015076,0.8319559693336487,0.021306894719600677,0.125,0.125
3,1367,0.0001,0.7660648822784424,0.7435948252677917,0.022470027208328247,0.25,0.5
3,1368,0.0001,1.05010187625885,1.0287715196609497,0.02133040875196457,0.0,0.25
3,1369,0.0001,0.7809438109397888,0.7703405618667603,0.010603250935673714,0.25,0.5
3,1370,0.0001,0.8758479356765747,0.8245323300361633,0.05131557583808899,0.0,0.25
3,1371,0.0001,0.531867265701294,0.5232274532318115,0.008639826439321041,0.625,0.625
3,1372,0.0001,1.0165940523147583,0.9704813957214355,0.04611260071396828,0.125,0.25
3,1373,0.0001,0.9347346425056458,0.9082183241844177,0.02651633881032467,0.375,0.375
3,1374,0.0001,0.7868214249610901,0.7512544393539429,0.03556698560714722,0.375,0.5
3,1375,0.0001,0.7717490196228027,0.7513886094093323,0.020360417664051056,0.375,0.375
3,1376,0.0001,0.747901201248169,0.7060214877128601,0.04187973588705063,0.375,0.5
3,1377,0.0001,0.2644771337509155,0.25127482414245605,0.013202305883169174,0.625,0.75
3,1378,0.0001,1.1433610916137695,1.1313960552215576,0.011965084820985794,0.125,0.125
3,1379,0.0001,0.7571777701377869,0.7449375987052917,0.012240152806043625,0.375,0.5
3,1380,0.0001,1.3258548974990845,1.3094998598098755,0.016355089843273163,0.0,0.0
3,1381,0.0001,0.5157094597816467,0.49837037920951843,0.01733907125890255,0.25,0.5
3,1382,0.0001,0.7760573625564575,0.7671787738800049,0.008878564462065697,0.125,0.375
3,1383,0.0001,0.9695190787315369,0.9126249551773071,0.05689413100481033,0.375,0.375
3,1384,0.0001,0.8166466355323792,0.7796403169631958,0.03700631111860275,0.25,0.375
3,1385,0.0001,0.7900566458702087,0.7512675523757935,0.038789086043834686,0.375,0.5
3,1386,0.0001,0.6432992815971375,0.616669237613678,0.026630070060491562,0.25,0.5
3,1387,0.0001,0.6593202948570251,0.6138175129890442,0.04550275579094887,0.125,0.375
3,1388,0.0001,1.0607943534851074,1.0553128719329834,0.005481530446559191,0.25,0.25
3,1389,0.0001,0.9413836002349854,0.9252839088439941,0.016099661588668823,0.25,0.375
3,1390,0.0001,0.5617409944534302,0.5361351370811462,0.02560586854815483,0.625,0.625
3,1391,0.0001,1.131674885749817,1.0887949466705322,0.04287996143102646,0.125,0.25
3,1392,0.0001,0.9520728588104248,0.9069795608520508,0.04509330540895462,0.25,0.375
3,1393,0.0001,0.39823564887046814,0.3624521791934967,0.03578346222639084,0.375,0.75
3,1394,0.0001,1.276090145111084,1.2282872200012207,0.047802869230508804,0.0,0.125
3,1395,0.0001,0.7396683096885681,0.7171941995620728,0.02247413620352745,0.375,0.375
3,1396,0.0001,0.9685913920402527,0.9442751407623291,0.024316273629665375,0.125,0.375
3,1397,0.0001,0.7212352752685547,0.6414428949356079,0.07979235798120499,0.5,0.5
3,1398,0.0001,0.9255121946334839,0.9102903008460999,0.015221887268126011,0.375,0.375
3,1399,0.0001,0.8832833170890808,0.8496981263160706,0.03358520194888115,0.375,0.375
3,1400,0.0001,0.4452509582042694,0.4252062141895294,0.020044732838869095,0.5,0.75
3,1401,0.0001,0.9789538979530334,0.9296241998672485,0.0493297204375267,0.25,0.375
3,1402,0.0001,1.1578834056854248,1.147013545036316,0.010869807563722134,0.125,0.125
3,1403,0.0001,0.6418967843055725,0.6316352486610413,0.010261522606015205,0.375,0.375
3,1404,0.0001,0.7023805975914001,0.6964935064315796,0.005887078121304512,0.375,0.5
3,1405,0.0001,0.6226790547370911,0.606408417224884,0.016270659863948822,0.375,0.5
3,1406,0.0001,0.799554705619812,0.7854195833206177,0.01413511112332344,0.25,0.375
3,1407,0.0001,1.2071504592895508,1.2029017210006714,0.004248694516718388,0.0,0.0
3,1408,0.0001,0.6144859194755554,0.5877133011817932,0.02677261456847191,0.25,0.625
3,1409,0.0001,0.5941293835639954,0.5861978530883789,0.00793154165148735,0.375,0.625
3,1410,0.0001,0.5232898592948914,0.5063496828079224,0.0169401653110981,0.5,0.5
3,1411,0.0001,0.6897059679031372,0.6737771034240723,0.01592884585261345,0.25,0.5
3,1412,0.0001,0.5732506513595581,0.5562965869903564,0.01695404388010502,0.625,0.625
3,1413,0.0001,0.6030990481376648,0.5612815618515015,0.041817475110292435,0.625,0.625
3,1414,0.0001,1.2108632326126099,1.1999800205230713,0.01088316272944212,0.0,0.125
3,1415,0.0001,1.056227445602417,1.0488269329071045,0.0074004922062158585,0.25,0.25
3,1416,0.0001,0.621465265750885,0.5401979088783264,0.0812673419713974,0.375,0.625
3,1417,0.0001,0.9731095433235168,0.9309815168380737,0.04212801530957222,0.125,0.25
3,1418,0.0001,0.7171799540519714,0.6500427722930908,0.06713718920946121,0.25,0.5
3,1419,0.0001,0.7798682451248169,0.758665144443512,0.021203074604272842,0.375,0.5
3,1420,0.0001,0.9250001907348633,0.917250394821167,0.007749797310680151,0.375,0.375
3,1421,0.0001,0.29247748851776123,0.25679346919059753,0.035684019327163696,0.5,0.75
3,1422,0.0001,0.8198273777961731,0.7803306579589844,0.039496731013059616,0.0,0.375
3,1423,0.0001,0.7611279487609863,0.7533949613571167,0.007732981350272894,0.25,0.5
3,1424,0.0001,0.8465784788131714,0.8047716021537781,0.04180685058236122,0.125,0.375
3,1425,0.0001,1.091002345085144,1.0745880603790283,0.016414279118180275,0.125,0.25
3,1426,0.0001,0.907904863357544,0.9017622470855713,0.00614259485155344,0.375,0.375
3,1427,0.0001,0.4150118827819824,0.4003443121910095,0.014667557552456856,0.25,0.625
3,1428,0.0001,0.9363524317741394,0.924089789390564,0.012262629345059395,0.25,0.375
3,1429,0.0001,1.0596323013305664,1.0359652042388916,0.023667044937610626,0.25,0.25
3,1430,0.0001,0.3764594793319702,0.35471388697624207,0.02174558863043785,0.75,0.75
3,1431,0.0001,0.4305765926837921,0.3754368722438812,0.055139727890491486,0.625,0.75
3,1432,0.0001,0.922692596912384,0.9076938629150391,0.014998742379248142,0.25,0.375
3,1433,0.0001,0.7384530305862427,0.7250458598136902,0.013407155871391296,0.375,0.375
3,1434,0.0001,0.9498472809791565,0.9103245139122009,0.03952278941869736,0.25,0.375
3,1435,0.0001,1.008312702178955,0.9627825021743774,0.04553022235631943,0.125,0.375
3,1436,0.0001,0.5784043073654175,0.5524264574050903,0.025977836921811104,0.375,0.625
3,1437,0.0001,0.9962255358695984,0.9727621078491211,0.023463455960154533,0.25,0.25
3,1438,0.0001,1.1199339628219604,1.0938069820404053,0.026126932352781296,0.125,0.25
3,1439,0.0001,0.9257302284240723,0.9057495594024658,0.019980644807219505,0.375,0.375
3,1440,0.0001,0.5765259861946106,0.5632706880569458,0.013255303725600243,0.25,0.625
3,1441,0.0001,0.7524352669715881,0.7149213552474976,0.037513915449380875,0.25,0.375
3,1442,0.0001,0.6823883056640625,0.6645923256874084,0.017795972526073456,0.25,0.375
3,1443,0.0001,0.7825283408164978,0.7480829954147339,0.03444536775350571,0.375,0.5
3,1444,0.0001,0.9147442579269409,0.9034583568572998,0.011285891756415367,0.25,0.25
3,1445,0.0001,0.9638955593109131,0.9570772647857666,0.006818320136517286,0.25,0.25
3,1446,0.0001,0.48122450709342957,0.4474104344844818,0.03381406515836716,0.5,0.625
3,1447,0.0001,0.4186559021472931,0.39763525128364563,0.02102065645158291,0.5,0.75
3,1448,0.0001,1.1519131660461426,1.1273510456085205,0.02456214651465416,0.0,0.25
3,1449,0.0001,0.5734437108039856,0.5595108866691589,0.013932833448052406,0.625,0.625
3,1450,0.0001,0.4598926305770874,0.4159694314002991,0.043923214077949524,0.5,0.75
3,1451,0.0001,0.7679650783538818,0.7399806380271912,0.02798442542552948,0.5,0.5
3,1452,0.0001,0.9839557409286499,0.9556213021278381,0.028334446251392365,0.25,0.25
3,1453,0.0001,1.040819764137268,1.019993782043457,0.020825926214456558,0.125,0.25
3,1454,0.0001,0.8678677678108215,0.8596315383911133,0.008236258290708065,0.25,0.375
3,1455,0.0001,0.7113158702850342,0.6837174892425537,0.02759837731719017,0.375,0.5
3,1456,0.0001,0.44839414954185486,0.43606388568878174,0.012330269441008568,0.375,0.75
3,1457,0.0001,0.768041729927063,0.7522708177566528,0.015770936384797096,0.25,0.5
3,1458,0.0001,0.756536066532135,0.7355372905731201,0.020998775959014893,0.5,0.5
3,1459,0.0001,0.8772152662277222,0.8624232411384583,0.014791995286941528,0.125,0.375
3,1460,0.0001,1.092496633529663,1.0527595281600952,0.039737068116664886,0.0,0.125
3,1461,0.0001,1.0991036891937256,1.0916250944137573,0.007478591054677963,0.125,0.25
3,1462,0.0001,0.8043563365936279,0.7976272106170654,0.006729151122272015,0.25,0.25
3,1463,0.0001,0.7607662081718445,0.7398202419281006,0.020945947617292404,0.5,0.5
3,1464,0.0001,0.918512761592865,0.9117087125778198,0.006804035510867834,0.375,0.375
3,1465,0.0001,1.0125184059143066,1.0043333768844604,0.008185088634490967,0.25,0.25
3,1466,0.0001,1.2698787450790405,1.2527601718902588,0.0171185415238142,0.0,0.125
3,1467,0.0001,0.39118486642837524,0.3848891854286194,0.006295670755207539,0.625,0.75
3,1468,0.0001,1.0290995836257935,1.0213090181350708,0.007790587842464447,0.25,0.25
3,1469,0.0001,0.6449390053749084,0.6214190721511841,0.02351992204785347,0.375,0.5
3,1470,0.0001,0.8667380213737488,0.8293454647064209,0.03739253059029579,0.25,0.375
3,1471,0.0001,0.7570578455924988,0.7345585823059082,0.02249925397336483,0.5,0.5
3,1472,0.0001,0.7774624824523926,0.7484794855117798,0.02898300811648369,0.25,0.5
3,1473,0.0001,0.7986010313034058,0.7626303434371948,0.035970695316791534,0.25,0.5
3,1474,0.0001,0.7798255085945129,0.7723778486251831,0.007447670213878155,0.125,0.5
3,1475,0.0001,1.0251964330673218,1.0119788646697998,0.013217536732554436,0.25,0.25
3,1476,0.0001,0.9534860253334045,0.9414343237876892,0.012051712721586227,0.25,0.25
3,1477,0.0001,0.6498278975486755,0.6358808875083923,0.013947004452347755,0.375,0.5
3,1478,0.0001,1.148310661315918,1.1415176391601562,0.006793012376874685,0.125,0.125
3,1479,0.0001,0.8200099468231201,0.8141916990280151,0.005818253383040428,0.25,0.375
3,1480,0.0001,0.7661383152008057,0.7447533011436462,0.02138499729335308,0.375,0.5
3,1481,0.0001,0.9717630743980408,0.953426718711853,0.018336372449994087,0.25,0.25
3,1482,0.0001,0.5660826563835144,0.5489993095397949,0.01708332821726799,0.625,0.625
3,1483,0.0001,0.7966306209564209,0.7654891610145569,0.031141476705670357,0.25,0.375
3,1484,0.0001,0.5960753560066223,0.5720400810241699,0.024035286158323288,0.5,0.625
3,1485,0.0001,0.7765873670578003,0.7425861358642578,0.03400126099586487,0.375,0.5
3,1486,0.0001,0.9172192215919495,0.9073299169540405,0.009889306500554085,0.375,0.375
3,1487,0.0001,0.7201617360115051,0.6774435043334961,0.04271823540329933,0.375,0.5
3,1488,0.0001,0.9746593236923218,0.9579265117645264,0.016732823103666306,0.125,0.25
3,1489,0.0001,0.42501285672187805,0.4107546806335449,0.014258170500397682,0.375,0.75
3,1490,0.0001,0.9144644141197205,0.9060238599777222,0.008440528064966202,0.375,0.375
3,1491,0.0001,1.0668061971664429,1.050450325012207,0.01635582186281681,0.125,0.125
3,1492,0.0001,0.716274082660675,0.7028751373291016,0.013398930430412292,0.375,0.5
3,1493,0.0001,0.5804135203361511,0.5723758935928345,0.008037639781832695,0.5,0.625
3,1494,0.0001,0.7391173243522644,0.7226794958114624,0.01643783412873745,0.25,0.375
3,1495,0.0001,0.880986750125885,0.8614610433578491,0.01952570118010044,0.125,0.25
3,1496,0.0001,0.3733714520931244,0.3576853275299072,0.015686122700572014,0.75,0.75
3,1497,0.0001,0.7349992394447327,0.7306918501853943,0.0043073734268546104,0.5,0.5
3,1498,0.0001,0.5362197160720825,0.515278160572052,0.02094154804944992,0.5,0.625
3,1499,0.0001,0.9500839710235596,0.9335760474205017,0.016507945954799652,0.25,0.375
3,1500,0.0001,0.6413974165916443,0.6147710084915161,0.02662641927599907,0.375,0.5
3,1501,0.0001,0.562909722328186,0.5458507537841797,0.017058949917554855,0.625,0.625
3,1502,0.0001,0.8318120241165161,0.7994632720947266,0.03234874829649925,0.375,0.375
3,1503,0.0001,0.6136478781700134,0.5932397842407227,0.02040806971490383,0.375,0.5
3,1504,0.0001,0.7826930284500122,0.7598832845687866,0.022809728980064392,0.125,0.5
3,1505,0.0001,0.9303287863731384,0.9097427725791931,0.02058599144220352,0.125,0.375
3,1506,0.0001,0.7826853394508362,0.7579164505004883,0.0247688889503479,0.375,0.5
3,1507,0.0001,0.8371067047119141,0.8241617679595947,0.012944945134222507,0.0,0.375
3,1508,0.0001,0.5919055938720703,0.5666051506996155,0.025300420820713043,0.5,0.625
3,1509,0.0001,1.032738447189331,1.0197131633758545,0.013025244697928429,0.125,0.25
3,1510,0.0001,0.7684274315834045,0.7392929792404175,0.029134443029761314,0.5,0.5
3,1511,0.0001,1.1149271726608276,1.1010351181030273,0.013892105780541897,0.125,0.25
3,1512,0.0001,1.1531774997711182,1.1420512199401855,0.0111262621358037,0.125,0.125
3,1513,0.0001,0.565740704536438,0.5573291778564453,0.008411556482315063,0.5,0.625
3,1514,0.0001,0.9348132610321045,0.9138795137405396,0.020933743566274643,0.375,0.375
3,1515,0.0001,0.9749106764793396,0.9699240326881409,0.004986638203263283,0.25,0.25
3,1516,0.0001,0.3991563320159912,0.38463541865348816,0.014520899392664433,0.625,0.75
3,1517,0.0001,0.7554404139518738,0.7385344505310059,0.01690599136054516,0.5,0.5
3,1518,0.0001,0.9640461802482605,0.9506124258041382,0.013433746993541718,0.25,0.375
3,1519,0.0001,0.3464828133583069,0.3333275020122528,0.013155313208699226,0.75,0.75
3,1520,0.0001,1.277238368988037,1.2612378597259521,0.01600049063563347,0.0,0.125
3,1521,0.0001,0.5929568409919739,0.5806314945220947,0.012325350195169449,0.5,0.5
3,1522,0.0001,0.5616819858551025,0.5502863526344299,0.01139561366289854,0.375,0.5
3,1523,0.0001,1.0078094005584717,0.995922327041626,0.011887060478329659,0.25,0.25
3,1524,0.0001,0.710220217704773,0.6991819143295288,0.011038325726985931,0.375,0.375
3,1525,0.0001,0.8774176239967346,0.8628665208816528,0.01455109566450119,0.125,0.375
3,1526,0.0001,0.8073268532752991,0.784359335899353,0.022967513650655746,0.25,0.375
3,1527,0.0001,1.0619525909423828,1.0533671379089355,0.008585474453866482,0.125,0.25
3,1528,0.0001,0.5842798948287964,0.5676634311676025,0.016616467386484146,0.5,0.625
3,1529,0.0001,0.774308443069458,0.7501617074012756,0.02414674684405327,0.375,0.5
3,1530,0.0001,0.812346339225769,0.7989784479141235,0.013367881067097187,0.125,0.375
3,1531,0.0001,0.5643155574798584,0.5294424295425415,0.03487313911318779,0.5,0.625
3,1532,0.0001,1.0982601642608643,1.0893889665603638,0.008871194906532764,0.25,0.25
3,1533,0.0001,0.7443400025367737,0.7064374685287476,0.037902530282735825,0.5,0.5
3,1534,0.0001,0.42284685373306274,0.4060458242893219,0.016801033169031143,0.625,0.75
3,1535,0.0001,0.6171990633010864,0.6026471257209778,0.014551914297044277,0.5,0.5
3,1536,0.0001,0.7696555852890015,0.7590584754943848,0.010597115382552147,0.375,0.375
3,1537,0.0001,0.7692092061042786,0.7500810623168945,0.019128121435642242,0.375,0.5
3,1538,0.0001,1.0533909797668457,1.0308213233947754,0.022569704800844193,0.25,0.25
3,1539,0.0001,0.8628560900688171,0.8495214581489563,0.013334649614989758,0.25,0.375
3,1540,0.0001,0.9179612994194031,0.9088689684867859,0.009092316031455994,0.0,0.25
3,1541,0.0001,0.5745663046836853,0.5639992952346802,0.010566980578005314,0.5,0.625
3,1542,0.0001,1.004832148551941,0.991012692451477,0.01381942443549633,0.125,0.25
3,1543,0.0001,1.0714352130889893,1.0638401508331299,0.00759502686560154,0.25,0.25
3,1544,0.0001,0.6065963506698608,0.5777654647827148,0.02883090265095234,0.5,0.625
3,1545,0.0001,1.1801605224609375,1.1565415859222412,0.023618951439857483,0.0,0.125
3,1546,0.0001,0.8324046730995178,0.8175143599510193,0.014890316873788834,0.25,0.25
3,1547,0.0001,0.6108130216598511,0.6059774160385132,0.004835586994886398,0.25,0.625
3,1548,0.0001,1.2939175367355347,1.270525574684143,0.02339196391403675,0.125,0.125
3,1549,0.0001,0.8115562200546265,0.7746393084526062,0.03691692650318146,0.25,0.5
3,1550,0.0001,0.9140815734863281,0.9080988764762878,0.005982689559459686,0.25,0.375
3,1551,0.0001,0.9653322696685791,0.9528124332427979,0.01251986064016819,0.25,0.25
3,1552,0.0001,0.8880409002304077,0.8810850381851196,0.00695584062486887,0.25,0.375
3,1553,0.0001,1.2985421419143677,1.2711515426635742,0.02739056386053562,0.0,0.0
3,1554,0.0001,1.0051852464675903,0.965186595916748,0.03999863564968109,0.125,0.25
3,1555,0.0001,0.5673248767852783,0.5589694976806641,0.008355377241969109,0.625,0.625
3,1556,0.0001,0.8784266710281372,0.8671685457229614,0.011258101090788841,0.375,0.375
3,1557,0.0001,0.6441060900688171,0.5831091403961182,0.06099695339798927,0.25,0.625
3,1558,0.0001,0.8160206079483032,0.8087918758392334,0.0072287037037312984,0.125,0.375
3,1559,0.0001,1.251928687095642,1.227992296218872,0.02393634431064129,0.0,0.125
3,1560,0.0001,1.2679452896118164,1.2565793991088867,0.0113658607006073,0.125,0.125
3,1561,0.0001,0.7033745646476746,0.6845585107803345,0.018816068768501282,0.125,0.375
3,1562,0.0001,0.6682510375976562,0.6338910460472107,0.03436001390218735,0.0,0.5
3,1563,0.0001,0.388477623462677,0.3869973421096802,0.0014802952064201236,0.625,0.75
3,1564,0.0001,1.297441840171814,1.2762048244476318,0.021236976608633995,0.125,0.125
3,1565,0.0001,1.026625156402588,0.954863965511322,0.07176115363836288,0.25,0.25
3,1566,0.0001,0.6670379638671875,0.5647215843200684,0.10231637954711914,0.25,0.625
3,1567,0.0001,0.25745412707328796,0.2184603214263916,0.03899379447102547,0.625,0.75
3,1568,0.0001,0.7583581805229187,0.7459937930107117,0.012364394962787628,0.375,0.5
3,1569,0.0001,0.5549167394638062,0.5387212634086609,0.016195494681596756,0.5,0.5
3,1570,0.0001,0.7489832639694214,0.7447078227996826,0.004275470040738583,0.375,0.5
3,1571,0.0001,0.9618743062019348,0.9052130579948425,0.05666126310825348,0.0,0.25
3,1572,0.0001,0.7991863489151001,0.7519899606704712,0.047196369618177414,0.0,0.375
3,1573,0.0001,0.8737077116966248,0.8105278015136719,0.06317990273237228,0.125,0.5
3,1574,0.0001,1.0037957429885864,0.9446987509727478,0.059097014367580414,0.125,0.25
3,1575,0.0001,1.0002943277359009,0.9747317433357239,0.02556256204843521,0.125,0.25
3,1576,0.0001,1.075714111328125,1.0585455894470215,0.01716851256787777,0.125,0.125
3,1577,0.0001,0.6560500264167786,0.6045025587081909,0.05154748260974884,0.375,0.625
3,1578,0.0001,0.7687605023384094,0.7502528429031372,0.01850765198469162,0.375,0.5
3,1579,0.0001,0.7892276644706726,0.7604657411575317,0.02876194193959236,0.25,0.5
3,1580,0.0001,0.8208755850791931,0.7385057210922241,0.0823698416352272,0.125,0.5
3,1581,0.0001,0.6953216791152954,0.6742376685142517,0.02108403854072094,0.375,0.375
3,1582,0.0001,0.7783132791519165,0.7715162038803101,0.006797086447477341,0.375,0.375
3,1583,0.0001,0.8404279947280884,0.8303414583206177,0.010086546652019024,0.25,0.375
3,1584,0.0001,0.9101279377937317,0.8860576748847961,0.024070238694548607,0.375,0.375
3,1585,0.0001,1.2653214931488037,1.2419077157974243,0.023413730785250664,0.0,0.125
3,1586,0.0001,0.6746648550033569,0.6195396184921265,0.05512526258826256,0.0,0.625
3,1587,0.0001,0.8828523755073547,0.8427621126174927,0.04009024426341057,0.125,0.375
3,1588,0.0001,0.9330589175224304,0.9213051199913025,0.011753812432289124,0.375,0.375
3,1589,0.0001,0.3867438733577728,0.3769437074661255,0.009800178930163383,0.75,0.75
3,1590,0.0001,1.2962100505828857,1.2812092304229736,0.01500084437429905,0.0,0.125
3,1591,0.0001,0.7690302729606628,0.7559986114501953,0.013031674548983574,0.25,0.5
3,1592,0.0001,1.105760097503662,1.0919588804244995,0.013801202178001404,0.25,0.25
3,1593,0.0001,1.0054361820220947,0.9810293912887573,0.024406809359788895,0.0,0.25
3,1594,0.0001,1.2584728002548218,1.238872766494751,0.019600067287683487,0.125,0.125
3,1595,0.0001,0.5262989401817322,0.5132585167884827,0.01304041687399149,0.5,0.625
3,1596,0.0001,0.828663170337677,0.8109419345855713,0.01772122271358967,0.25,0.375
3,1597,0.0001,1.246559500694275,1.23000168800354,0.01655779778957367,0.125,0.125
3,1598,0.0001,0.9035341739654541,0.8896991610527039,0.013835007324814796,0.125,0.25
3,1599,0.0001,0.9155799150466919,0.9029233455657959,0.012656576931476593,0.25,0.375
3,1600,0.0001,0.6420021057128906,0.620820164680481,0.021181946620345116,0.125,0.625
3,1601,0.0001,1.09919273853302,1.091673493385315,0.007519281003624201,0.25,0.25
3,1602,0.0001,0.5699608325958252,0.5598213076591492,0.010139510966837406,0.625,0.625
3,1603,0.0001,0.8144290447235107,0.7986222505569458,0.015806769952178,0.125,0.375
3,1604,0.0001,1.1351954936981201,1.10630464553833,0.028890907764434814,0.125,0.125
3,1605,0.0001,0.6633990406990051,0.6595536470413208,0.0038453866727650166,0.25,0.5
3,1606,0.0001,0.2845921516418457,0.27102550864219666,0.013566642068326473,0.25,0.875
3,1607,0.0001,0.5818400979042053,0.5461732149124146,0.03566686436533928,0.625,0.625
3,1608,0.0001,0.7441323399543762,0.7391064167022705,0.005025951191782951,0.25,0.5
3,1609,0.0001,1.20315420627594,1.158111333847046,0.04504283145070076,0.125,0.125
3,1610,0.0001,0.6202294230461121,0.5747573375701904,0.04547210410237312,0.375,0.625
3,1611,0.0001,0.34650808572769165,0.3279045522212982,0.018603522330522537,0.625,0.75
3,1612,0.0001,1.2742692232131958,1.2623209953308105,0.011948197148740292,0.125,0.125
3,1613,0.0001,1.0173819065093994,0.9981158375740051,0.019266054034233093,0.25,0.25
3,1614,0.0001,0.9121208786964417,0.9059455394744873,0.006175350397825241,0.125,0.375
3,1615,0.0001,0.9479995965957642,0.9342963695526123,0.013703220523893833,0.125,0.375
3,1616,0.0001,1.0377235412597656,1.018293857574463,0.01942967250943184,0.0,0.125
3,1617,0.0001,0.7493392825126648,0.727576732635498,0.021762575954198837,0.5,0.5
3,1618,0.0001,0.9231135249137878,0.8926903009414673,0.030423220247030258,0.375,0.375
3,1619,0.0001,1.1391053199768066,1.0908105373382568,0.04829477146267891,0.25,0.25
3,1620,0.0001,0.8928306698799133,0.8639022707939148,0.028928373008966446,0.125,0.25
3,1621,0.0001,0.7720702886581421,0.7341272234916687,0.03794306144118309,0.5,0.5
3,1622,0.0001,0.7988191843032837,0.7710067629814148,0.02781243622303009,0.375,0.375
3,1623,0.0001,0.5952544808387756,0.5835161805152893,0.01173829659819603,0.5,0.625
3,1624,0.0001,0.9253984689712524,0.9119157195091248,0.01348276436328888,0.375,0.375
3,1625,0.0001,1.2520784139633179,1.2323347330093384,0.019743667915463448,0.125,0.125
3,1626,0.0001,1.109834909439087,1.0936553478240967,0.01617962121963501,0.25,0.25
3,1627,0.0001,0.8328561782836914,0.8160001635551453,0.01685604266822338,0.375,0.375
3,1628,0.0001,0.8919690847396851,0.8551334142684937,0.036835648119449615,0.25,0.25
3,1629,0.0001,0.44090747833251953,0.4304332435131073,0.010474232956767082,0.125,0.75
3,1630,0.0001,0.7517967820167542,0.7386072278022766,0.013189565390348434,0.5,0.5
3,1631,0.0001,0.8527907133102417,0.8422234654426575,0.010567240417003632,0.125,0.375
3,1632,0.0001,0.6513970494270325,0.6382114887237549,0.01318557932972908,0.375,0.5
3,1633,0.0001,0.6177241206169128,0.5921043157577515,0.025619808584451675,0.5,0.625
3,1634,0.0001,0.983029842376709,0.9669157862663269,0.016114039346575737,0.125,0.375
3,1635,0.0001,1.107967734336853,1.0979293584823608,0.01003832183778286,0.25,0.25
3,1636,0.0001,0.6087620854377747,0.5674350261688232,0.04132707789540291,0.375,0.625
3,1637,0.0001,0.5971143245697021,0.5868218541145325,0.010292485356330872,0.375,0.5
3,1638,0.0001,0.8002335429191589,0.7933709621429443,0.006862584501504898,0.25,0.375
3,1639,0.0001,1.023537278175354,1.0048896074295044,0.01864762231707573,0.125,0.25
3,1640,0.0001,0.5615695714950562,0.537283182144165,0.024286365136504173,0.625,0.625
3,1641,0.0001,0.6846001744270325,0.6628173589706421,0.021782822906970978,0.375,0.5
3,1642,0.0001,0.7999799847602844,0.7768880128860474,0.02309197001159191,0.25,0.375
3,1643,0.0001,0.8372491002082825,0.809308648109436,0.02794046141207218,0.25,0.25
3,1644,0.0001,0.7415742874145508,0.737540602684021,0.004033658653497696,0.5,0.5
3,1645,0.0001,0.6222864985466003,0.6015944480895996,0.020692074671387672,0.125,0.5
3,1646,0.0001,0.7971888184547424,0.7901505827903748,0.0070382095873355865,0.375,0.375
3,1647,0.0001,0.9728794693946838,0.9668415784835815,0.006037870422005653,0.125,0.25
3,1648,0.0001,1.2163089513778687,1.1885507106781006,0.027758272364735603,0.0,0.125
3,1649,0.0001,0.9346831440925598,0.9215368032455444,0.013146351091563702,0.25,0.375
3,1650,0.0001,0.4253295063972473,0.40609854459762573,0.019230956211686134,0.625,0.75
3,1651,0.0001,0.7600799202919006,0.7230055332183838,0.037074409425258636,0.125,0.25
3,1652,0.0001,1.0356277227401733,1.0078777074813843,0.027750065550208092,0.25,0.25
3,1653,0.0001,0.5992683172225952,0.5902394652366638,0.009028873406350613,0.375,0.625
3,1654,0.0001,0.9457146525382996,0.929184079170227,0.016530580818653107,0.25,0.375
3,1655,0.0001,0.3823172450065613,0.3690178394317627,0.013299399986863136,0.625,0.75
3,1656,0.0001,0.8900342583656311,0.88200443983078,0.008029823191463947,0.375,0.375
3,1657,0.0001,0.5336613655090332,0.5072809457778931,0.026380449533462524,0.625,0.625
3,1658,0.0001,0.7759804129600525,0.7559877634048462,0.01999267376959324,0.25,0.5
3,1659,0.0001,0.570424497127533,0.5440284013748169,0.02639610320329666,0.625,0.625
3,1660,0.0001,0.9287469983100891,0.9066383838653564,0.022108640521764755,0.25,0.375
3,1661,0.0001,1.1086422204971313,1.0748660564422607,0.033776137977838516,0.25,0.25
3,1662,0.0001,0.42534565925598145,0.41378384828567505,0.01156180165708065,0.5,0.5
3,1663,0.0001,0.48468056321144104,0.44773104786872864,0.036949522793293,0.5,0.625
3,1664,0.0001,0.7656905055046082,0.7473164200782776,0.01837407797574997,0.375,0.5
3,1665,0.0001,0.6231472492218018,0.6059982776641846,0.0171489454805851,0.375,0.5
3,1666,0.0001,1.1183357238769531,1.095089316368103,0.023246441036462784,0.0,0.25
3,1667,0.0001,0.8649510145187378,0.8499392867088318,0.01501170638948679,0.25,0.375
3,1668,0.0001,1.1985841989517212,1.1671456098556519,0.03143859654664993,0.125,0.125
3,1669,0.0001,1.001950740814209,0.9856575727462769,0.016293171793222427,0.125,0.25
3,1670,0.0001,1.4773306846618652,1.4300099611282349,0.04732070490717888,0.0,0.0
4,1671,0.0001,0.8000748157501221,0.7483804821968079,0.05169431120157242,0.375,0.5
4,1672,0.0001,0.9497014880180359,0.9360251426696777,0.013676329515874386,0.125,0.375
4,1673,0.0001,0.7476167678833008,0.729979395866394,0.017637373879551888,0.5,0.5
4,1674,0.0001,0.7917644381523132,0.775750994682312,0.01601344347000122,0.25,0.5
4,1675,0.0001,0.9561086297035217,0.9475857615470886,0.008522884920239449,0.25,0.375
4,1676,0.0001,0.58148193359375,0.5386233329772949,0.042858608067035675,0.625,0.625
4,1677,0.0001,0.3964660167694092,0.38023287057876587,0.01623314991593361,0.625,0.75
4,1678,0.0001,1.0108506679534912,0.9606115818023682,0.050239115953445435,0.0,0.25
4,1679,0.0001,0.3683219254016876,0.3461236357688904,0.02219828963279724,0.625,0.75
4,1680,0.0001,0.9688235521316528,0.9605348110198975,0.008288754150271416,0.125,0.25
4,1681,0.0001,0.45056992769241333,0.43661004304885864,0.013959885574877262,0.5,0.625
4,1682,0.0001,0.7615902423858643,0.7394055128097534,0.02218472585082054,0.5,0.5
4,1683,0.0001,0.9696804881095886,0.9400736093521118,0.029606850817799568,0.125,0.375
4,1684,0.0001,1.1333905458450317,1.1005462408065796,0.03284429758787155,0.125,0.25
4,1685,0.0001,1.2498642206192017,1.220787525177002,0.02907668426632881,0.0,0.0
4,1686,0.0001,0.8054423332214355,0.7579296827316284,0.047512639313936234,0.25,0.5
4,1687,0.0001,0.6718196868896484,0.639930248260498,0.03188943862915039,0.125,0.625
4,1688,0.0001,0.9913762211799622,0.9658792018890381,0.025497013702988625,0.125,0.25
4,1689,0.0001,0.950907289981842,0.9372482895851135,0.013659002259373665,0.25,0.25
4,1690,0.0001,0.9022570848464966,0.8702500462532043,0.03200703114271164,0.375,0.375
4,1691,0.0001,0.7480744123458862,0.7290311455726624,0.019043240696191788,0.375,0.5
4,1692,0.0001,0.9507620334625244,0.9052802324295044,0.045481786131858826,0.25,0.375
4,1693,0.0001,0.7167099118232727,0.6307215690612793,0.08598832786083221,0.25,0.5
4,1694,0.0001,1.0743207931518555,1.0376168489456177,0.03670394793152809,0.125,0.125
4,1695,0.0001,0.9296508431434631,0.9078600406646729,0.021790791302919388,0.25,0.375
4,1696,0.0001,1.017001748085022,0.9992926716804504,0.017709091305732727,0.25,0.25
4,1697,0.0001,1.0040827989578247,0.9455031156539917,0.05857965722680092,0.25,0.25
4,1698,0.0001,1.1302732229232788,1.1170850992202759,0.013188101351261139,0.125,0.25
4,1699,0.0001,0.36110422015190125,0.3332310914993286,0.02787313610315323,0.375,0.5
4,1700,0.0001,0.4591066837310791,0.39513641595840454,0.06397025287151337,0.625,0.75
4,1701,0.0001,0.7809837460517883,0.7536640167236328,0.027319734916090965,0.375,0.5
4,1702,0.0001,0.9223867058753967,0.8934447169303894,0.028941981494426727,0.125,0.375
4,1703,0.0001,0.9326239824295044,0.9113558530807495,0.02126813866198063,0.375,0.375
4,1704,0.0001,0.5638588070869446,0.5530737042427063,0.010785090737044811,0.5,0.625
4,1705,0.0001,0.9589275121688843,0.9404953718185425,0.01843216083943844,0.25,0.375
4,1706,0.0001,0.7094914317131042,0.692518949508667,0.016972482204437256,0.5,0.5
4,1707,0.0001,0.744356632232666,0.7313065528869629,0.013050093315541744,0.5,0.5
4,1708,0.0001,0.5945528745651245,0.5625159740447998,0.03203688561916351,0.5,0.625
4,1709,0.0001,0.7099772691726685,0.6941502094268799,0.01582704856991768,0.25,0.5
4,1710,0.0001,0.959279477596283,0.9135136604309082,0.045765843242406845,0.25,0.375
4,1711,0.0001,0.7544065713882446,0.7231655120849609,0.031241049990057945,0.25,0.5
4,1712,0.0001,0.6808866858482361,0.6592768430709839,0.021609865128993988,0.375,0.5
4,1713,0.0001,0.849181056022644,0.828624963760376,0.02055610902607441,0.375,0.375
4,1714,0.0001,0.8131905794143677,0.8014887571334839,0.01170182041823864,0.375,0.375
4,1715,0.0001,0.6094130873680115,0.5605359077453613,0.04887719452381134,0.5,0.625
4,1716,0.0001,0.7877956032752991,0.7784913778305054,0.009304236620664597,0.25,0.375
4,1717,0.0001,0.9388498663902283,0.9156551361083984,0.023194720968604088,0.0,0.25
4,1718,0.0001,0.913999080657959,0.8714643120765686,0.042534779757261276,0.0,0.25
4,1719,0.0001,0.5758620500564575,0.5677492618560791,0.008112804964184761,0.5,0.625
4,1720,0.0001,1.0637810230255127,1.0428237915039062,0.020957209169864655,0.25,0.25
4,1721,0.0001,0.7622730135917664,0.7585663199424744,0.003706678282469511,0.25,0.375
4,1722,0.0001,0.9499806761741638,0.9401625394821167,0.009818118065595627,0.25,0.375
4,1723,0.0001,0.9373306035995483,0.9283469915390015,0.008983640000224113,0.25,0.375
4,1724,0.0001,0.9532129168510437,0.9367589950561523,0.016453949734568596,0.25,0.375
4,1725,0.0001,0.7773836851119995,0.7487509846687317,0.028632694855332375,0.375,0.5
4,1726,0.0001,0.9473321437835693,0.9094204902648926,0.03791164606809616,0.375,0.375
4,1727,0.0001,0.5752612352371216,0.5669610500335693,0.008300182409584522,0.5,0.625
4,1728,0.0001,0.9767622947692871,0.9692485332489014,0.0075137559324502945,0.0,0.25
4,1729,0.0001,0.8328700065612793,0.806470513343811,0.02639949321746826,0.25,0.375
4,1730,0.0001,0.3441742956638336,0.3354843854904175,0.008689917623996735,0.625,0.75
4,1731,0.0001,0.562011182308197,0.5508627891540527,0.01114837545901537,0.625,0.625
4,1732,0.0001,0.7884376049041748,0.751407265663147,0.03703032061457634,0.375,0.5
4,1733,0.0001,0.642795205116272,0.6158109307289124,0.02698424644768238,0.5,0.5
4,1734,0.0001,0.2969180643558502,0.2757035493850708,0.021214503794908524,0.375,0.875
4,1735,0.0001,0.7423621416091919,0.7372353076934814,0.005126828793436289,0.5,0.5
4,1736,0.0001,0.867120623588562,0.8297443389892578,0.03737625479698181,0.375,0.375
4,1737,0.0001,1.2439213991165161,1.1857904195785522,0.058131031692028046,0.0,0.125
4,1738,0.0001,0.6655389666557312,0.6345539689064026,0.03098500519990921,0.25,0.5
4,1739,0.0001,1.0595438480377197,1.0520843267440796,0.0074595189653337,0.0,0.25
4,1740,0.0001,1.0951178073883057,1.070351243019104,0.024766530841588974,0.25,0.25
4,1741,0.0001,0.8765029907226562,0.796623945236206,0.07987906038761139,0.25,0.25
4,1742,0.0001,0.7513635158538818,0.7481281757354736,0.003235342912375927,0.375,0.5
4,1743,0.0001,1.1194021701812744,1.0987565517425537,0.020645566284656525,0.25,0.25
4,1744,0.0001,0.8133552074432373,0.8092529773712158,0.004102205857634544,0.125,0.375
4,1745,0.0001,0.6365699172019958,0.6196495294570923,0.01692039892077446,0.125,0.625
4,1746,0.0001,0.7839210629463196,0.7550168037414551,0.02890424244105816,0.25,0.5
4,1747,0.0001,0.572607696056366,0.5434248447418213,0.029182879254221916,0.5,0.5
4,1748,0.0001,0.9419590830802917,0.9214531779289246,0.02050587721168995,0.25,0.375
4,1749,0.0001,0.5094037652015686,0.47704195976257324,0.03236180171370506,0.25,0.625
4,1750,0.0001,0.9357345700263977,0.9187918901443481,0.01694267801940441,0.125,0.375
4,1751,0.0001,0.7852684855461121,0.7622731924057007,0.022995274513959885,0.125,0.5
4,1752,0.0001,0.5882197618484497,0.5662174820899963,0.022002287209033966,0.5,0.625
4,1753,0.0001,0.7544873356819153,0.7457889318466187,0.008698416873812675,0.375,0.5
4,1754,0.0001,0.7911045551300049,0.7512545585632324,0.03985002636909485,0.375,0.5
4,1755,0.0001,1.0756598711013794,1.0609073638916016,0.01475248672068119,0.125,0.25
4,1756,0.0001,1.068654179573059,1.0572412014007568,0.01141299307346344,0.0,0.25
4,1757,0.0001,0.42413589358329773,0.40253743529319763,0.021598447114229202,0.5,0.75
4,1758,0.0001,1.1030032634735107,1.0873072147369385,0.015696030110120773,0.25,0.25
4,1759,0.0001,0.8188591003417969,0.7947427034378052,0.02411639876663685,0.25,0.5
4,1760,0.0001,0.689811110496521,0.6551403403282166,0.034670788794755936,0.375,0.5
4,1761,0.0001,0.4780210852622986,0.4626922607421875,0.01532883569598198,0.5,0.625
4,1762,0.0001,0.9504418969154358,0.9359362125396729,0.014505679719150066,0.125,0.375
4,1763,0.0001,0.5069038271903992,0.43609941005706787,0.07080439478158951,0.125,0.625
4,1764,0.0001,0.7655661702156067,0.7383512854576111,0.02721487730741501,0.25,0.5
4,1765,0.0001,1.2458209991455078,1.2422020435333252,0.0036189144011586905,0.125,0.125
4,1766,0.0001,1.14436674118042,1.1257115602493286,0.018655238673090935,0.125,0.125
4,1767,0.0001,0.9272997379302979,0.9133901000022888,0.013909643515944481,0.375,0.375
4,1768,0.0001,0.9830257296562195,0.9745986461639404,0.008427055552601814,0.125,0.25
4,1769,0.0001,0.8047227263450623,0.7885593175888062,0.016163408756256104,0.125,0.375
4,1770,0.0001,1.132616639137268,1.1040318012237549,0.028584834188222885,0.125,0.25
4,1771,0.0001,0.7424523830413818,0.7287594079971313,0.013692990876734257,0.5,0.5
4,1772,0.0001,0.9893239736557007,0.9831936359405518,0.006130336783826351,0.25,0.25
4,1773,0.0001,1.1417789459228516,1.1339914798736572,0.007787452545017004,0.0,0.125
4,1774,0.0001,0.6580854058265686,0.6407186388969421,0.017366742715239525,0.375,0.5
4,1775,0.0001,0.46709465980529785,0.45276695489883423,0.01432769000530243,0.375,0.625
4,1776,0.0001,0.2473742514848709,0.22861260175704956,0.0187616515904665,0.75,0.875
4,1777,0.0001,0.5982112288475037,0.5852110981941223,0.013000108301639557,0.375,0.625
4,1778,0.0001,0.9255110025405884,0.9137547016143799,0.011756318621337414,0.375,0.375
4,1779,0.0001,0.8063585162162781,0.7820055484771729,0.024352945387363434,0.375,0.375
4,1780,0.0001,0.7999904751777649,0.7907990217208862,0.009191435761749744,0.125,0.375
4,1781,0.0001,0.8023519515991211,0.7871931791305542,0.015158799476921558,0.125,0.375
4,1782,0.0001,0.6550755500793457,0.6296820044517517,0.025393541902303696,0.25,0.5
4,1783,0.0001,0.5917772054672241,0.5641920566558838,0.02758517488837242,0.375,0.625
4,1784,0.0001,1.1055457592010498,1.0967402458190918,0.008805478923022747,0.25,0.25
4,1785,0.0001,0.27032196521759033,0.25784939527511597,0.012472564354538918,0.5,0.75
4,1786,0.0001,0.593708872795105,0.587733805179596,0.0059750871732831,0.5,0.625
4,1787,0.0001,0.7718875408172607,0.7510688304901123,0.02081873267889023,0.375,0.5
4,1788,0.0001,0.9314480423927307,0.9221023321151733,0.00934569537639618,0.375,0.375
4,1789,0.0001,0.5650757551193237,0.5453349947929382,0.019740751013159752,0.5,0.625
4,1790,0.0001,0.0393296517431736,0.02781774289906025,0.01151190884411335,0.875,1.0
4,1791,0.0001,1.4532747268676758,1.4482262134552002,0.0050485641695559025,0.0,0.0
4,1792,0.0001,0.5794290900230408,0.5678551197052002,0.011573953554034233,0.5,0.625
4,1793,0.0001,1.1642417907714844,1.1472684144973755,0.016973434016108513,0.125,0.125
4,1794,0.0001,0.6993476748466492,0.6693532466888428,0.029994409531354904,0.375,0.5
4,1795,0.0001,1.0100985765457153,0.9406875967979431,0.06941097229719162,0.25,0.375
4,1796,0.0001,0.8120614886283875,0.7879120707511902,0.024149421602487564,0.375,0.375
4,1797,0.0001,1.2201825380325317,1.1871364116668701,0.03304608538746834,0.0,0.125
4,1798,0.0001,0.8947790265083313,0.8836833834648132,0.011095628142356873,0.25,0.375
4,1799,0.0001,0.9375394582748413,0.9223330020904541,0.015206473879516125,0.375,0.375
4,1800,0.0001,1.0298914909362793,1.0147343873977661,0.015157131478190422,0.25,0.25
4,1801,0.0001,0.8115453720092773,0.7929900288581848,0.018555354326963425,0.125,0.5
4,1802,0.0001,0.942492663860321,0.9221789836883545,0.02031366340816021,0.375,0.375
4,1803,0.0001,0.9695757031440735,0.9586881995201111,0.010887512937188148,0.125,0.25
4,1804,0.0001,0.4151001274585724,0.40799450874328613,0.007105613127350807,0.625,0.625
4,1805,0.0001,0.9441701173782349,0.9349433183670044,0.009226796217262745,0.125,0.375
4,1806,0.0001,0.7702956795692444,0.7530593872070312,0.017236264422535896,0.25,0.5
4,1807,0.0001,0.636585533618927,0.60666823387146,0.02991732582449913,0.375,0.5
4,1808,0.0001,0.7590961456298828,0.7488522529602051,0.010243909433484077,0.25,0.375
4,1809,0.0001,0.968514621257782,0.9555171728134155,0.01299743540585041,0.125,0.25
4,1810,0.0001,0.8309086561203003,0.813683032989502,0.01722559705376625,0.375,0.375
4,1811,0.0001,1.2848104238510132,1.2710673809051514,0.013743061572313309,0.125,0.125
4,1812,0.0001,0.9534258842468262,0.9452105760574341,0.008215319365262985,0.25,0.25
4,1813,0.0001,0.9047560691833496,0.8343473672866821,0.07040867954492569,0.0,0.25
4,1814,0.0001,0.9188286662101746,0.9003328680992126,0.018495826050639153,0.25,0.375
4,1815,0.0001,0.9707249402999878,0.95478755235672,0.015937399119138718,0.125,0.375
4,1816,0.0001,0.9960091710090637,0.9842010736465454,0.011808114126324654,0.25,0.25
4,1817,0.0001,0.7489460110664368,0.7370932102203369,0.011852828785777092,0.25,0.375
4,1818,0.0001,0.5813681483268738,0.5754441022872925,0.0059240348637104034,0.5,0.625
4,1819,0.0001,0.7939420938491821,0.7759836912155151,0.017958421260118484,0.25,0.5
4,1820,0.0001,0.7780129909515381,0.7660512924194336,0.011961724609136581,0.25,0.5
4,1821,0.0001,0.8915788531303406,0.8534607887268066,0.03811804950237274,0.25,0.25
4,1822,0.0001,0.8117102980613708,0.8025273680686951,0.00918290950357914,0.375,0.375
4,1823,0.0001,1.0297482013702393,1.0151774883270264,0.014570694416761398,0.25,0.25
4,1824,0.0001,0.800068199634552,0.7878824472427368,0.012185744009912014,0.125,0.5
4,1825,0.0001,0.6189777851104736,0.602102518081665,0.016875237226486206,0.125,0.625
4,1826,0.0001,0.403984397649765,0.38649868965148926,0.01748570427298546,0.625,0.75
4,1827,0.0001,0.7853078842163086,0.766859769821167,0.01844809576869011,0.125,0.5
4,1828,0.0001,0.7378830313682556,0.7210940718650818,0.016788946464657784,0.25,0.5
4,1829,0.0001,0.5724778771400452,0.567652702331543,0.004825156182050705,0.375,0.625
4,1830,0.0001,0.7602478265762329,0.7476689219474792,0.012578928843140602,0.25,0.5
4,1831,0.0001,0.7442674040794373,0.7361593246459961,0.00810805894434452,0.5,0.5
4,1832,0.0001,0.6151704788208008,0.5992628335952759,0.015907632187008858,0.125,0.5
4,1833,0.0001,0.5751428008079529,0.5603152513504028,0.014827534556388855,0.625,0.625
4,1834,0.0001,0.8381677865982056,0.8067927360534668,0.03137507662177086,0.375,0.375
4,1835,0.0001,0.5716441869735718,0.5595375299453735,0.012106664478778839,0.375,0.5
4,1836,0.0001,1.1251269578933716,1.1034297943115234,0.021697193384170532,0.0,0.25
4,1837,0.0001,0.3119112253189087,0.3037897050380707,0.008121510967612267,0.125,0.875
4,1838,0.0001,0.6156532168388367,0.5842894911766052,0.03136371076107025,0.5,0.625
4,1839,0.0001,1.0781551599502563,1.059931755065918,0.01822344958782196,0.125,0.25
4,1840,0.0001,0.6758477091789246,0.6393411755561829,0.03650654852390289,0.0,0.625
4,1841,0.0001,1.0022205114364624,0.9971877336502075,0.005032769870012999,0.125,0.25
4,1842,0.0001,0.8077236413955688,0.7989485859870911,0.008775032125413418,0.125,0.5
4,1843,0.0001,0.7402064204216003,0.7134436964988708,0.026762736961245537,0.125,0.5
4,1844,0.0001,0.7366525530815125,0.7239705324172974,0.012682045809924603,0.375,0.5
4,1845,0.0001,0.7595922350883484,0.7469096779823303,0.012682538479566574,0.5,0.5
4,1846,0.0001,0.7356358170509338,0.7266700863838196,0.00896573904901743,0.5,0.5
4,1847,0.0001,0.47591522336006165,0.4414675235748291,0.03444768860936165,0.25,0.75
4,1848,0.0001,0.9542900919914246,0.9289472103118896,0.025342900305986404,0.125,0.375
4,1849,0.0001,1.141968846321106,1.105018138885498,0.03695067763328552,0.0,0.25
4,1850,0.0001,0.2641150653362274,0.22804202139377594,0.03607304394245148,0.75,0.875
4,1851,0.0001,0.199179008603096,0.1788993775844574,0.02027962915599346,0.625,0.875
4,1852,0.0001,1.1311968564987183,1.1100859642028809,0.02111084759235382,0.125,0.125
4,1853,0.0001,0.5988662242889404,0.5573864579200745,0.04147978127002716,0.625,0.625
4,1854,0.0001,0.4168631434440613,0.40027639269828796,0.01658674143254757,0.625,0.75
4,1855,0.0001,0.8353061676025391,0.8283131122589111,0.006993028335273266,0.375,0.375
4,1856,0.0001,0.23076759278774261,0.21669283509254456,0.01407475396990776,0.75,0.875
4,1857,0.0001,1.0906511545181274,1.066344976425171,0.0243061650544405,0.125,0.125
4,1858,0.0001,1.1249936819076538,1.1031373739242554,0.021856337785720825,0.125,0.25
4,1859,0.0001,0.9325885772705078,0.9187307953834534,0.013857796788215637,0.25,0.375
4,1860,0.0001,0.9818887114524841,0.9567179679870605,0.025170762091875076,0.25,0.25
4,1861,0.0001,0.7565789222717285,0.7436686754226685,0.012910226359963417,0.375,0.5
4,1862,0.0001,0.8603527545928955,0.8331345319747925,0.02721824124455452,0.375,0.375
4,1863,0.0001,0.9401139616966248,0.9191135764122009,0.02100037783384323,0.25,0.375
4,1864,0.0001,1.0687490701675415,1.0510008335113525,0.017748259007930756,0.25,0.25
4,1865,0.0001,0.7443376779556274,0.7319675087928772,0.01237015426158905,0.5,0.5
4,1866,0.0001,0.9974259734153748,0.9829534888267517,0.014472510665655136,0.0,0.25
4,1867,0.0001,0.7155948281288147,0.6942501664161682,0.02134466916322708,0.375,0.5
4,1868,0.0001,0.628676176071167,0.6175426244735718,0.011133553460240364,0.5,0.5
4,1869,0.0001,1.0143067836761475,1.010948896408081,0.0033578325528651476,0.25,0.25
4,1870,0.0001,0.8696541786193848,0.8574905395507812,0.012163640931248665,0.25,0.375
4,1871,0.0001,0.7722495794296265,0.7531888484954834,0.019060708582401276,0.375,0.5
4,1872,0.0001,1.162598729133606,1.1527783870697021,0.00982037652283907,0.125,0.125
4,1873,0.0001,0.5847881436347961,0.5714291334152222,0.013359038159251213,0.5,0.625
4,1874,0.0001,0.5790137052536011,0.5521422624588013,0.026871424168348312,0.5,0.625
4,1875,0.0001,0.8805401921272278,0.8629847168922424,0.017555490136146545,0.375,0.375
4,1876,0.0001,0.5704506039619446,0.5661822557449341,0.004268348682671785,0.625,0.625
4,1877,0.0001,1.1051229238510132,1.0952814817428589,0.009841475635766983,0.25,0.25
4,1878,0.0001,1.3068169355392456,1.3036080598831177,0.0032088840380311012,0.0,0.125
4,1879,0.0001,0.5071064233779907,0.48824208974838257,0.018864355981349945,0.25,0.5
4,1880,0.0001,0.7269070148468018,0.7232365012168884,0.0036705355159938335,0.375,0.5
4,1881,0.0001,0.6745900511741638,0.6510851979255676,0.023504842072725296,0.375,0.5
4,1882,0.0001,1.001866102218628,0.9453462362289429,0.05651985853910446,0.25,0.375
4,1883,0.0001,0.5515440106391907,0.5403754711151123,0.011168548837304115,0.375,0.625
4,1884,0.0001,0.41381269693374634,0.38189059495925903,0.031922098249197006,0.625,0.75
4,1885,0.0001,0.9592512845993042,0.9484026432037354,0.010848631151020527,0.25,0.25
4,1886,0.0001,0.6855275630950928,0.6674253940582275,0.018102187663316727,0.25,0.5
4,1887,0.0001,0.5806025862693787,0.5517486333847046,0.02885397896170616,0.5,0.625
4,1888,0.0001,0.9438592195510864,0.9335588812828064,0.01030036248266697,0.25,0.375
4,1889,0.0001,0.747715413570404,0.7223963737487793,0.02531903237104416,0.5,0.5
4,1890,0.0001,0.9487566947937012,0.9409263134002686,0.007830401882529259,0.25,0.375
4,1891,0.0001,0.4315793514251709,0.4129711091518402,0.018608245998620987,0.375,0.75
4,1892,0.0001,0.8235231637954712,0.7969555854797363,0.026567554101347923,0.25,0.375
4,1893,0.0001,0.7662336826324463,0.7501277923583984,0.016105899587273598,0.375,0.5
4,1894,0.0001,0.6153044700622559,0.6005071997642517,0.01479729637503624,0.5,0.5
4,1895,0.0001,0.816657543182373,0.8077389001846313,0.008918644860386848,0.375,0.375
4,1896,0.0001,0.5979713797569275,0.5848254561424255,0.013145936653017998,0.375,0.625
4,1897,0.0001,0.4599528908729553,0.4444475471973419,0.015505354851484299,0.5,0.5
4,1898,0.0001,0.9195258021354675,0.9025251865386963,0.017000596970319748,0.25,0.375
4,1899,0.0001,1.0957164764404297,1.0867633819580078,0.008953065611422062,0.25,0.25
4,1900,0.0001,1.293953776359558,1.2768551111221313,0.01709861122071743,0.125,0.125
4,1901,0.0001,0.9533137083053589,0.9419164657592773,0.011397247202694416,0.125,0.375
4,1902,0.0001,0.6864966750144958,0.676180899143219,0.010315801948308945,0.125,0.375
4,1903,0.0001,0.742404580116272,0.7271139621734619,0.015290629118680954,0.375,0.5
4,1904,0.0001,0.860545814037323,0.8505613803863525,0.009984435513615608,0.25,0.375
4,1905,0.0001,1.1397420167922974,1.1323206424713135,0.00742133054882288,0.0,0.125
4,1906,0.0001,1.1224522590637207,1.108849287033081,0.013602958992123604,0.125,0.25
4,1907,0.0001,0.48905786871910095,0.4504721164703369,0.03858575597405434,0.25,0.75
4,1908,0.0001,0.9907354712486267,0.9606657028198242,0.030069781467318535,0.125,0.25
4,1909,0.0001,0.2912420630455017,0.27703478932380676,0.014207287691533566,0.625,0.75
4,1910,0.0001,0.8501220345497131,0.8199582695960999,0.03016379289329052,0.125,0.375
4,1911,0.0001,0.9820400476455688,0.9471756219863892,0.03486444801092148,0.125,0.375
4,1912,0.0001,1.1365174055099487,1.0860812664031982,0.050436124205589294,0.125,0.25
4,1913,0.0001,1.1133451461791992,1.098477840423584,0.014867318794131279,0.25,0.25
4,1914,0.0001,1.0187766551971436,0.990221381187439,0.028555307537317276,0.25,0.25
4,1915,0.0001,0.8972678184509277,0.8787989616394043,0.01846883073449135,0.375,0.375
4,1916,0.0001,0.9223369359970093,0.9048966765403748,0.01744026318192482,0.375,0.375
4,1917,0.0001,0.6748498678207397,0.6552413702011108,0.019608501344919205,0.5,0.5
4,1918,0.0001,0.9384816288948059,0.9301084280014038,0.008373210206627846,0.25,0.375
4,1919,0.0001,0.9027146100997925,0.8975089192390442,0.005205672699958086,0.375,0.375
4,1920,0.0001,0.5225176215171814,0.5091873407363892,0.013330281712114811,0.5,0.625
4,1921,0.0001,1.0886375904083252,1.0664441585540771,0.022193389013409615,0.0,0.125
4,1922,0.0001,0.9510733485221863,0.9380754232406616,0.012997911311686039,0.25,0.375
4,1923,0.0001,1.2951914072036743,1.2738006114959717,0.021390825510025024,0.125,0.125
4,1924,0.0001,0.878041684627533,0.8650757670402527,0.012965923175215721,0.375,0.375
4,1925,0.0001,0.7638279795646667,0.7380212545394897,0.02580672688782215,0.375,0.5
4,1926,0.0001,0.7191502451896667,0.7125388979911804,0.00661135371774435,0.375,0.5
4,1927,0.0001,0.5912813544273376,0.5751900672912598,0.016091307625174522,0.375,0.625
4,1928,0.0001,0.9744187593460083,0.9678281545639038,0.006590602453798056,0.25,0.25
4,1929,0.0001,0.3881678581237793,0.3737485408782959,0.014419324696063995,0.5,0.75
4,1930,0.0001,0.5242596864700317,0.5110324621200562,0.013227245770394802,0.5,0.625
4,1931,0.0001,1.0985056161880493,1.0912542343139648,0.007251352071762085,0.25,0.25
4,1932,0.0001,1.001744031906128,0.9883183240890503,0.013425723649561405,0.125,0.25
4,1933,0.0001,1.1211693286895752,1.0968313217163086,0.02433796599507332,0.25,0.25
4,1934,0.0001,0.9758927822113037,0.9603791832923889,0.015513606369495392,0.25,0.25
4,1935,0.0001,0.43516841530799866,0.4219505190849304,0.013217889703810215,0.5,0.625
4,1936,0.0001,0.7303717136383057,0.7224857807159424,0.007885913364589214,0.5,0.5
4,1937,0.0001,1.1401761770248413,1.129565715789795,0.010610418394207954,0.125,0.125
4,1938,0.0001,1.1094589233398438,1.0866060256958008,0.02285294607281685,0.25,0.25
4,1939,0.0001,0.7552457451820374,0.7467853426933289,0.008460398763418198,0.125,0.5
4,1940,0.0001,0.7628864049911499,0.742608904838562,0.020277490839362144,0.375,0.5
4,1941,0.0001,0.41026774048805237,0.3769018054008484,0.03336593136191368,0.75,0.75
4,1942,0.0001,0.9447183609008789,0.9273924827575684,0.017325855791568756,0.0,0.375
4,1943,0.0001,0.9309732913970947,0.9091962575912476,0.021777018904685974,0.375,0.375
4,1944,0.0001,0.5549461245536804,0.5422873497009277,0.012658782303333282,0.375,0.625
4,1945,0.0001,0.7654250860214233,0.748078465461731,0.01734662428498268,0.5,0.5
4,1946,0.0001,0.7999414205551147,0.7855932116508484,0.014348199591040611,0.25,0.375
4,1947,0.0001,0.8322635889053345,0.8163269758224487,0.015936603769659996,0.375,0.375
4,1948,0.0001,0.903706967830658,0.8910361528396606,0.012670792639255524,0.375,0.375
4,1949,0.0001,0.9322380423545837,0.9090039730072021,0.023234065622091293,0.375,0.375
4,1950,0.0001,0.9450679421424866,0.9271852970123291,0.01788262650370598,0.25,0.375
4,1951,0.0001,0.768466055393219,0.7326726913452148,0.03579338639974594,0.25,0.375
4,1952,0.0001,0.9700981378555298,0.9500638842582703,0.020034248009324074,0.125,0.25
4,1953,0.0001,1.3160938024520874,1.279604196548462,0.03648964688181877,0.0,0.125
4,1954,0.0001,0.5940098166465759,0.5485926866531372,0.04541712626814842,0.5,0.625
4,1955,0.0001,0.9094551205635071,0.8824769258499146,0.02697816863656044,0.25,0.25
4,1956,0.0001,0.22301256656646729,0.20007698237895966,0.022935589775443077,0.75,0.875
4,1957,0.0001,0.6502523422241211,0.6377052068710327,0.012547134421765804,0.125,0.625
4,1958,0.0001,0.6040529012680054,0.5748487710952759,0.029204104095697403,0.25,0.625
4,1959,0.0001,0.7656469345092773,0.7512539625167847,0.01439298503100872,0.125,0.375
4,1960,0.0001,0.75662761926651,0.7405429482460022,0.01608465611934662,0.375,0.5
4,1961,0.0001,0.3611181080341339,0.35131514072418213,0.009802966378629208,0.5,0.75
4,1962,0.0001,0.3990347683429718,0.3874775767326355,0.011557179503142834,0.5,0.75
4,1963,0.0001,0.9316986799240112,0.9101231098175049,0.021575557067990303,0.25,0.375
4,1964,0.0001,0.46698012948036194,0.45470646023750305,0.012273656204342842,0.125,0.5
4,1965,0.0001,0.7218198180198669,0.6978210210800171,0.023998813703656197,0.375,0.5
4,1966,0.0001,0.9110363125801086,0.9057830572128296,0.005253278650343418,0.25,0.375
4,1967,0.0001,0.39276379346847534,0.38649410009384155,0.0062696789391338825,0.625,0.75
4,1968,0.0001,0.7727134227752686,0.7390942573547363,0.033619191497564316,0.5,0.5
4,1969,0.0001,1.2892812490463257,1.2768927812576294,0.012388433329761028,0.125,0.125
4,1970,0.0001,1.137695074081421,1.127817153930664,0.009877866134047508,0.125,0.25
4,1971,0.0001,0.9202402234077454,0.899376630783081,0.020863577723503113,0.25,0.375
4,1972,0.0001,1.289043664932251,1.2864761352539062,0.002567561576142907,0.0,0.125
4,1973,0.0001,0.9397640824317932,0.9330109357833862,0.0067531755194067955,0.0,0.125
4,1974,0.0001,0.9172559380531311,0.9105390310287476,0.006716913543641567,0.375,0.375
4,1975,0.0001,0.3940671682357788,0.38948550820350647,0.004581667482852936,0.625,0.75
4,1976,0.0001,1.2685513496398926,1.2639367580413818,0.004614625591784716,0.0,0.125
4,1977,0.0001,0.7180633544921875,0.6999533176422119,0.018110012635588646,0.5,0.5
4,1978,0.0001,0.8062607645988464,0.7779062986373901,0.02835446409881115,0.125,0.5
4,1979,0.0001,0.7932599782943726,0.7772112488746643,0.016048744320869446,0.25,0.375
4,1980,0.0001,0.8056672811508179,0.7495096325874329,0.05615765228867531,0.25,0.5
4,1981,0.0001,1.2871724367141724,1.2699878215789795,0.017184609547257423,0.0,0.125
4,1982,0.0001,0.4812074303627014,0.4538818895816803,0.027325553819537163,0.375,0.75
4,1983,0.0001,0.7406835556030273,0.7306018471717834,0.0100817009806633,0.5,0.5
4,1984,0.0001,0.5976155400276184,0.5836653709411621,0.013950181193649769,0.375,0.625
4,1985,0.0001,0.9673779010772705,0.9187967777252197,0.04858114570379257,0.375,0.375
4,1986,0.0001,0.5139198303222656,0.4904485046863556,0.02347133681178093,0.5,0.5
4,1987,0.0001,0.9623362421989441,0.9289300441741943,0.03340619429945946,0.125,0.375
4,1988,0.0001,0.7433375120162964,0.7304121255874634,0.01292539481073618,0.5,0.5
4,1989,0.0001,1.3571292161941528,1.2768484354019165,0.08028076589107513,0.125,0.125
4,1990,0.0001,1.463026523590088,1.4521992206573486,0.010827295482158661,0.0,0.0
4,1991,0.0001,0.6185330748558044,0.6048845052719116,0.013648572377860546,0.375,0.5
4,1992,0.0001,0.7067855000495911,0.6991569399833679,0.007628564722836018,0.5,0.5
4,1993,0.0001,0.7613539695739746,0.7311902046203613,0.03016379475593567,0.25,0.5
4,1994,0.0001,1.1269012689590454,1.1074671745300293,0.019434088841080666,0.125,0.25
4,1995,0.0001,0.7759402990341187,0.7421723008155823,0.03376800939440727,0.5,0.5
4,1996,0.0001,0.7762742042541504,0.7689388990402222,0.007335302419960499,0.125,0.5
4,1997,0.0001,0.911395251750946,0.8780658841133118,0.03332935646176338,0.125,0.375
4,1998,0.0001,0.9098238945007324,0.8865424394607544,0.02328145131468773,0.125,0.25
4,1999,0.0001,0.738326907157898,0.7259665131568909,0.01236041635274887,0.5,0.5
4,2000,0.0001,0.7183687090873718,0.7100416421890259,0.008327048271894455,0.375,0.5
4,2001,0.0001,0.44932010769844055,0.43578463792800903,0.013535475358366966,0.25,0.625
4,2002,0.0001,0.740139901638031,0.7255659103393555,0.014574012719094753,0.375,0.5
4,2003,0.0001,0.9381548166275024,0.9251741170883179,0.012980729341506958,0.125,0.375
4,2004,0.0001,0.7009849548339844,0.6878557205200195,0.013129230588674545,0.125,0.375
4,2005,0.0001,0.7966318130493164,0.7698797583580017,0.02675202488899231,0.25,0.375
4,2006,0.0001,0.5714760422706604,0.5656728148460388,0.005803254898637533,0.5,0.625
4,2007,0.0001,0.9370263814926147,0.9343805313110352,0.0026458483189344406,0.125,0.375
4,2008,0.0001,0.9401010274887085,0.9218955039978027,0.018205493688583374,0.25,0.375
4,2009,0.0001,0.7714301347732544,0.7319739460945129,0.03945617750287056,0.25,0.375
4,2010,0.0001,0.6397325992584229,0.6094158887863159,0.030316734686493874,0.125,0.5
4,2011,0.0001,0.601022481918335,0.5853565335273743,0.015665946528315544,0.5,0.625
4,2012,0.0001,0.7513614296913147,0.7377866506576538,0.01357477530837059,0.5,0.5
4,2013,0.0001,0.9129627346992493,0.8849337697029114,0.028028972446918488,0.125,0.25
4,2014,0.0001,0.963943600654602,0.9310263395309448,0.03291727975010872,0.25,0.375
4,2015,0.0001,0.4357486069202423,0.4180815815925598,0.01766703650355339,0.375,0.5
4,2016,0.0001,1.2825937271118164,1.2757577896118164,0.006835887208580971,0.125,0.125
4,2017,0.0001,0.7611681818962097,0.7453343272209167,0.015833847224712372,0.5,0.5
4,2018,0.0001,0.9198176860809326,0.8612314462661743,0.05858622491359711,0.25,0.375
4,2019,0.0001,0.37020328640937805,0.3590259253978729,0.011177354492247105,0.75,0.75
4,2020,0.0001,0.8006969690322876,0.7816909551620483,0.019006043672561646,0.125,0.375
4,2021,0.0001,1.1033674478530884,1.098473072052002,0.0048943981528282166,0.125,0.25
4,2022,0.0001,0.6013970375061035,0.5858032703399658,0.015593750402331352,0.375,0.625
4,2023,0.0001,0.9082462787628174,0.9018779397010803,0.006368360482156277,0.375,0.375
4,2024,0.0001,0.9329795837402344,0.9198887944221497,0.0130907678976655,0.25,0.375
4,2025,0.0001,0.7690603137016296,0.7534306645393372,0.015629641711711884,0.25,0.375
4,2026,0.0001,0.9878042936325073,0.9188145995140076,0.06898972392082214,0.25,0.375
4,2027,0.0001,0.49316126108169556,0.48470187187194824,0.00845939852297306,0.125,0.625
4,2028,0.0001,0.5827667713165283,0.5740411281585693,0.008725622668862343,0.5,0.625
4,2029,0.0001,0.5850093364715576,0.5654585361480713,0.019550807774066925,0.25,0.625
4,2030,0.0001,0.9363513588905334,0.9208651185035706,0.015486253425478935,0.25,0.25
4,2031,0.0001,0.8287959098815918,0.8161693811416626,0.012626501731574535,0.375,0.375
4,2032,0.0001,0.8840805888175964,0.8675766587257385,0.016503917053341866,0.25,0.375
4,2033,0.0001,1.1116925477981567,1.099999189376831,0.011693385429680347,0.125,0.125
4,2034,0.0001,1.149410367012024,1.1216762065887451,0.027734115719795227,0.125,0.125
4,2035,0.0001,0.5806962251663208,0.5629531145095825,0.01774308830499649,0.5,0.625
4,2036,0.0001,0.8299675583839417,0.8098203539848328,0.020147230476140976,0.125,0.375
4,2037,0.0001,0.909210205078125,0.8945106267929077,0.014699604362249374,0.25,0.375
4,2038,0.0001,1.0635260343551636,1.058685064315796,0.0048409439623355865,0.25,0.25
4,2039,0.0001,0.7662889957427979,0.7500454783439636,0.016243500635027885,0.5,0.5
4,2040,0.0001,0.7973216772079468,0.7797530293464661,0.017568618059158325,0.25,0.5
4,2041,0.0001,0.9674469232559204,0.917211651802063,0.05023524910211563,0.375,0.375
4,2042,0.0001,0.43162646889686584,0.40065985918045044,0.03096660040318966,0.5,0.75
4,2043,0.0001,1.11732017993927,1.1086266040802002,0.008693594485521317,0.125,0.25
4,2044,0.0001,0.9187991619110107,0.9066944122314453,0.01210477203130722,0.375,0.375
4,2045,0.0001,0.9626938104629517,0.9468415975570679,0.015852216631174088,0.25,0.375
4,2046,0.0001,1.0865610837936401,1.0610463619232178,0.025514774024486542,0.25,0.25
4,2047,0.0001,0.7957414388656616,0.778799295425415,0.016942134127020836,0.375,0.375
4,2048,0.0001,0.7705665826797485,0.7623676061630249,0.0081989960744977,0.375,0.5
4,2049,0.0001,0.7738037705421448,0.7532329559326172,0.02057080902159214,0.375,0.5
4,2050,0.0001,0.6883012652397156,0.6675551533699036,0.020746124908328056,0.0,0.5
4,2051,0.0001,1.0814788341522217,1.0751354694366455,0.0063433218747377396,0.25,0.25
4,2052,0.0001,0.3862951397895813,0.3763873875141144,0.009907747618854046,0.75,0.75
4,2053,0.0001,1.2863081693649292,1.2793712615966797,0.006936854682862759,0.125,0.125
4,2054,0.0001,0.44336527585983276,0.4247892498970032,0.01857602782547474,0.375,0.625
4,2055,0.0001,1.0162584781646729,1.003716230392456,0.012542224489152431,0.25,0.25
4,2056,0.0001,0.751224160194397,0.7415537238121033,0.009670463390648365,0.375,0.5
4,2057,0.0001,0.7514079213142395,0.7337618470191956,0.017646048218011856,0.5,0.5
4,2058,0.0001,0.4107205271720886,0.39245015382766724,0.018270375207066536,0.625,0.75
4,2059,0.0001,0.6054506301879883,0.5955201387405396,0.009930484928190708,0.5,0.5
4,2060,0.0001,0.3407120704650879,0.3251994848251343,0.015512576326727867,0.75,0.75
4,2061,0.0001,0.9932555556297302,0.9583117961883545,0.034943755716085434,0.125,0.25
4,2062,0.0001,0.6174297332763672,0.6105940341949463,0.006835698150098324,0.25,0.625
4,2063,0.0001,1.2692123651504517,1.2597219944000244,0.009490379132330418,0.125,0.125
4,2064,0.0001,0.9360427260398865,0.9202263951301575,0.015816345810890198,0.375,0.375
4,2065,0.0001,0.7804467678070068,0.7668654322624207,0.013581307604908943,0.25,0.5
4,2066,0.0001,0.9393323659896851,0.9189379811286926,0.02039436437189579,0.375,0.375
4,2067,0.0001,0.570404589176178,0.5583695769309998,0.012035018764436245,0.375,0.625
4,2068,0.0001,0.7018613219261169,0.6900436878204346,0.01181764155626297,0.25,0.375
4,2069,0.0001,0.7418456077575684,0.732896625995636,0.008948974311351776,0.5,0.5
4,2070,0.0001,0.4304651916027069,0.39965754747390747,0.030807631090283394,0.5,0.75
4,2071,0.0001,1.0915045738220215,1.0689444541931152,0.022560078650712967,0.25,0.25
4,2072,0.0001,0.7780730724334717,0.7528066635131836,0.02526642382144928,0.25,0.5
4,2073,0.0001,0.5197908878326416,0.5072214603424072,0.01256943866610527,0.25,0.625
4,2074,0.0001,1.0144212245941162,1.0035045146942139,0.010916687548160553,0.25,0.25
4,2075,0.0001,0.4906620681285858,0.4695538878440857,0.021108191460371017,0.625,0.625
4,2076,0.0001,0.9438303112983704,0.9344964027404785,0.009333917871117592,0.125,0.375
4,2077,0.0001,0.8977518677711487,0.8837989568710327,0.013952936977148056,0.25,0.375
4,2078,0.0001,0.7557286620140076,0.7290463447570801,0.026682324707508087,0.25,0.375
4,2079,0.0001,0.7487192749977112,0.7271422743797302,0.021577026695013046,0.375,0.5
4,2080,0.0001,1.2325834035873413,1.221755027770996,0.010828416794538498,0.0,0.125
4,2081,0.0001,0.7120627760887146,0.6841718554496765,0.027890939265489578,0.5,0.5
4,2082,0.0001,0.7694894075393677,0.7567440271377563,0.012745356187224388,0.25,0.5
4,2083,0.0001,1.196759581565857,1.1747018098831177,0.02205781638622284,0.125,0.125
4,2084,0.0001,0.5615145564079285,0.551556408405304,0.009958132170140743,0.625,0.625
4,2085,0.0001,0.5656988024711609,0.5585008263587952,0.007197981234639883,0.625,0.625
4,2086,0.0001,0.9294256567955017,0.9095580577850342,0.01986761763691902,0.375,0.375
4,2087,0.0001,0.7558227777481079,0.7492589950561523,0.006563752889633179,0.25,0.5
4,2088,0.0001,0.6883745193481445,0.6796445846557617,0.00872991792857647,0.5,0.5
4,2089,0.0001,0.9475045204162598,0.9387055039405823,0.008799027651548386,0.25,0.375
4,2090,0.0001,0.45137491822242737,0.44280552864074707,0.008569397032260895,0.625,0.625
4,2091,0.0001,1.1255499124526978,1.1196691989898682,0.005880723707377911,0.125,0.25
4,2092,0.0001,0.6227298974990845,0.6089403629302979,0.01378951221704483,0.5,0.5
4,2093,0.0001,0.7519370913505554,0.7321498394012451,0.01978723332285881,0.375,0.375
4,2094,0.0001,0.9214377999305725,0.9183788299560547,0.0030589946545660496,0.375,0.375
4,2095,0.0001,0.8982663154602051,0.8746532797813416,0.02361302822828293,0.375,0.375
4,2096,0.0001,0.35220867395401,0.3167416751384735,0.035466987639665604,0.625,0.75
4,2097,0.0001,1.1515982151031494,1.1301207542419434,0.02147742733359337,0.0,0.25
4,2098,0.0001,0.5828936696052551,0.5609491467475891,0.021944528445601463,0.5,0.625
4,2099,0.0001,0.4097574055194855,0.3730345070362091,0.036722905933856964,0.625,0.75
4,2100,0.0001,0.5428417325019836,0.5330135822296143,0.009828133508563042,0.375,0.5
4,2101,0.0001,0.6109259128570557,0.574741542339325,0.03618437796831131,0.375,0.625
4,2102,0.0001,0.8939743041992188,0.8623822927474976,0.03159201145172119,0.25,0.375
4,2103,0.0001,0.9826631546020508,0.9150719046592712,0.06759127974510193,0.25,0.375
4,2104,0.0001,1.3626633882522583,1.3539990186691284,0.008664356544613838,0.0,0.0
4,2105,0.0001,0.27136343717575073,0.25810182094573975,0.01326160877943039,0.375,0.875
4,2106,0.0001,1.1154152154922485,1.095470666885376,0.019944598898291588,0.25,0.25
4,2107,0.0001,0.5631944537162781,0.5548385381698608,0.008355888538062572,0.625,0.625
4,2108,0.0001,0.661967396736145,0.6133235096931458,0.04864387586712837,0.5,0.5
4,2109,0.0001,0.4282243549823761,0.3782648742198944,0.04995948076248169,0.75,0.75
4,2110,0.0001,0.5535179972648621,0.5422576665878296,0.01126033440232277,0.25,0.5
4,2111,0.0001,1.1281768083572388,1.0872628688812256,0.04091398045420647,0.125,0.25
4,2112,0.0001,0.9944653511047363,0.9787362217903137,0.01572914607822895,0.25,0.25
4,2113,0.0001,0.9378111362457275,0.9179372787475586,0.01987387239933014,0.375,0.375
4,2114,0.0001,0.7396424412727356,0.7209162712097168,0.018726175650954247,0.5,0.5
4,2115,0.0001,0.5962305665016174,0.581095814704895,0.015134774148464203,0.25,0.5
4,2116,0.0001,0.948114275932312,0.9305555820465088,0.01755867898464203,0.125,0.25
4,2117,0.0001,0.9392610192298889,0.9082048535346985,0.03105614148080349,0.375,0.375
4,2118,0.0001,0.872951865196228,0.8370192646980286,0.035932570695877075,0.25,0.25
4,2119,0.0001,0.5923582911491394,0.5733544826507568,0.019003819674253464,0.375,0.625
4,2120,0.0001,0.9356033205986023,0.923862099647522,0.01174123864620924,0.375,0.375
4,2121,0.0001,0.5359359979629517,0.5210493206977844,0.014886699616909027,0.125,0.5
4,2122,0.0001,0.7951057553291321,0.7656421065330505,0.02946363389492035,0.25,0.5
4,2123,0.0001,0.9097755551338196,0.903179943561554,0.00659563485532999,0.375,0.375
4,2124,0.0001,0.7281590700149536,0.723410964012146,0.004748084582388401,0.5,0.5
4,2125,0.0001,0.7680138349533081,0.7509051561355591,0.017108699306845665,0.375,0.5
4,2126,0.0001,1.0018744468688965,0.9737677574157715,0.028106745332479477,0.25,0.25
4,2127,0.0001,0.9199977517127991,0.9053158164024353,0.014681920409202576,0.375,0.375
4,2128,0.0001,0.23021450638771057,0.20874309539794922,0.021471410989761353,0.75,0.875
4,2129,0.0001,0.7612571716308594,0.746485710144043,0.014771484769880772,0.25,0.375
4,2130,0.0001,0.9454426169395447,0.9380267858505249,0.007415858097374439,0.25,0.375
4,2131,0.0001,0.704278826713562,0.6917459964752197,0.012532802298665047,0.25,0.5
4,2132,0.0001,0.586608350276947,0.5739005208015442,0.012707825750112534,0.5,0.625
4,2133,0.0001,0.958446204662323,0.9344601631164551,0.02398606762290001,0.25,0.375
4,2134,0.0001,0.8985440135002136,0.8731380701065063,0.025405950844287872,0.375,0.375
4,2135,0.0001,0.5671634078025818,0.561684787273407,0.005478634033352137,0.5,0.625
4,2136,0.0001,0.5922101736068726,0.5852853655815125,0.006924792658537626,0.375,0.5
4,2137,0.0001,1.0787826776504517,1.073749303817749,0.0050333826802670956,0.25,0.25
4,2138,0.0001,0.8663842678070068,0.8508379459381104,0.015546346083283424,0.375,0.375
4,2139,0.0001,1.2741245031356812,1.2590389251708984,0.015085605904459953,0.125,0.125
4,2140,0.0001,0.653316855430603,0.6455942392349243,0.0077226064167916775,0.5,0.5
4,2141,0.0001,0.7361767292022705,0.7290579080581665,0.0071187978610396385,0.375,0.5
4,2142,0.0001,0.6165115833282471,0.5848710536956787,0.031640514731407166,0.375,0.625
4,2143,0.0001,0.652287483215332,0.6307386159896851,0.021548887714743614,0.25,0.375
4,2144,0.0001,0.9206702709197998,0.9132569432258606,0.007413333281874657,0.375,0.375
4,2145,0.0001,0.9104913473129272,0.8878113031387329,0.022680068388581276,0.375,0.375
4,2146,0.0001,0.69134521484375,0.5972273349761963,0.09411788731813431,0.0,0.375
4,2147,0.0001,0.4587025046348572,0.4262121915817261,0.032490313053131104,0.5,0.75
4,2148,0.0001,0.6450325846672058,0.6272491216659546,0.017783451825380325,0.5,0.5
4,2149,0.0001,1.2079182863235474,1.1948308944702148,0.013087335973978043,0.125,0.125
4,2150,0.0001,0.6062926650047302,0.5872564911842346,0.01903618313372135,0.25,0.625
4,2151,0.0001,0.9479547739028931,0.9291357398033142,0.01881902664899826,0.125,0.375
4,2152,0.0001,0.5705797672271729,0.5630383491516113,0.007541447877883911,0.5,0.625
4,2153,0.0001,0.8017743825912476,0.793656051158905,0.008118306286633015,0.375,0.375
4,2154,0.0001,0.6371712684631348,0.5759804248809814,0.06119083985686302,0.5,0.625
4,2155,0.0001,0.8795043230056763,0.8278905749320984,0.05161374807357788,0.375,0.375
4,2156,0.0001,1.0861268043518066,1.0519676208496094,0.03415912389755249,0.125,0.25
4,2157,0.0001,1.2980742454528809,1.2697868347167969,0.028287356719374657,0.125,0.125
4,2158,0.0001,0.9358254075050354,0.9183979034423828,0.01742752268910408,0.25,0.375
4,2159,0.0001,0.44054538011550903,0.4163351058959961,0.024210279807448387,0.5,0.75
4,2160,0.0001,1.0134661197662354,1.0011903047561646,0.012275801040232182,0.25,0.25
4,2161,0.0001,1.273848056793213,1.199232816696167,0.0746152475476265,0.125,0.125
4,2162,0.0001,0.7544659972190857,0.7404363751411438,0.014029597863554955,0.5,0.5
4,2163,0.0001,1.0967813730239868,1.0819274187088013,0.014853977598249912,0.125,0.25
4,2164,0.0001,0.7509523034095764,0.7408778071403503,0.010074506513774395,0.25,0.375
4,2165,0.0001,0.5980783700942993,0.5906663537025452,0.007411993108689785,0.5,0.5
4,2166,0.0001,0.5724917650222778,0.5508891940116882,0.021602559834718704,0.625,0.625
4,2167,0.0001,0.9396589398384094,0.9217135906219482,0.017945371568202972,0.375,0.375
4,2168,0.0001,0.5139228105545044,0.4963077902793884,0.017615027725696564,0.5,0.5
4,2169,0.0001,0.48590993881225586,0.46349868178367615,0.022411255165934563,0.25,0.625
4,2170,0.0001,0.964767336845398,0.9435808658599854,0.021186498925089836,0.125,0.375
4,2171,0.0001,0.9897422790527344,0.9761449098587036,0.013597358018159866,0.125,0.25
4,2172,0.0001,0.6151084303855896,0.6114447116851807,0.0036637126468122005,0.5,0.5
4,2173,0.0001,0.5978682041168213,0.5599023103713989,0.03796587511897087,0.5,0.625
4,2174,0.0001,0.6195611953735352,0.5720514059066772,0.04750981554389,0.5,0.625
4,2175,0.0001,1.0705397129058838,1.031762957572937,0.038776785135269165,0.25,0.25
4,2176,0.0001,0.5111668109893799,0.46196869015693665,0.04919809103012085,0.25,0.625
4,2177,0.0001,0.9771687984466553,0.9573593735694885,0.019809436053037643,0.0,0.25
4,2178,0.0001,0.991345226764679,0.9822760820388794,0.009069124236702919,0.125,0.25
4,2179,0.0001,0.9477302432060242,0.9259507656097412,0.02177947387099266,0.25,0.375
4,2180,0.0001,0.7677172422409058,0.7422040104866028,0.02551325224339962,0.375,0.5
4,2181,0.0001,0.8022531270980835,0.7690542340278625,0.03319886326789856,0.375,0.375
4,2182,0.0001,0.7083765864372253,0.636677622795105,0.07169895619153976,0.125,0.5
4,2183,0.0001,0.7470400929450989,0.6971234083175659,0.04991669952869415,0.375,0.5
4,2184,0.0001,0.8363823890686035,0.7948667407035828,0.04151562601327896,0.125,0.375
4,2185,0.0001,0.8861466646194458,0.8648850917816162,0.021261591464281082,0.125,0.375
4,2186,0.0001,1.2839690446853638,1.2722454071044922,0.011723654344677925,0.0,0.125
4,2187,0.0001,0.9619682431221008,0.9377965927124023,0.024171650409698486,0.25,0.375
4,2188,0.0001,1.066864013671875,1.008248209953308,0.0586157962679863,0.0,0.25
4,2189,0.0001,0.9761772751808167,0.9554675817489624,0.020709721371531487,0.0,0.375
4,2190,0.0001,0.5908108949661255,0.5639142394065857,0.026896636933088303,0.375,0.625
4,2191,0.0001,0.3121972978115082,0.29531723260879517,0.01688006892800331,0.625,0.75
4,2192,0.0001,0.9872154593467712,0.9726359248161316,0.014579515904188156,0.25,0.25
4,2193,0.0001,0.9365013241767883,0.9236952662467957,0.012806043960154057,0.375,0.375
4,2194,0.0001,0.4122026562690735,0.39888933300971985,0.013313316740095615,0.625,0.75
4,2195,0.0001,1.0539942979812622,1.0210511684417725,0.03294313699007034,0.125,0.25
4,2196,0.0001,0.2723112106323242,0.2388281524181366,0.03348306566476822,0.625,0.875
4,2197,0.0001,1.1074506044387817,1.0955824851989746,0.011868135072290897,0.125,0.25
4,2198,0.0001,0.7379793524742126,0.7137295007705688,0.02424982562661171,0.375,0.375
4,2199,0.0001,1.135048508644104,1.1296635866165161,0.005384975112974644,0.0,0.125
4,2200,0.0001,0.4176550805568695,0.39867961406707764,0.01897546648979187,0.5,0.75
4,2201,0.0001,0.9071686267852783,0.9018384218215942,0.005330190993845463,0.375,0.375
4,2202,0.0001,0.5521330833435059,0.5474485158920288,0.004684572573751211,0.625,0.625
4,2203,0.0001,0.4259885549545288,0.4109337031841278,0.015054861083626747,0.5,0.75
4,2204,0.0001,0.8047648668289185,0.7793754935264587,0.025389399379491806,0.375,0.375
4,2205,0.0001,0.36780086159706116,0.3572729825973511,0.010527871549129486,0.5,0.5
4,2206,0.0001,0.9351938962936401,0.9227902293205261,0.0124036381021142,0.25,0.375
4,2207,0.0001,0.7654090523719788,0.7468150854110718,0.01859395019710064,0.5,0.5
4,2208,0.0001,0.41726890206336975,0.4038814306259155,0.013387464918196201,0.5,0.75
4,2209,0.0001,0.8736706972122192,0.8453683853149414,0.028302336111664772,0.25,0.375
4,2210,0.0001,0.5934110283851624,0.5719181299209595,0.02149287611246109,0.5,0.625
4,2211,0.0001,0.40326181054115295,0.3957579433917999,0.007503874134272337,0.5,0.75
4,2212,0.0001,0.584317147731781,0.5770593881607056,0.007257738150656223,0.375,0.625
4,2213,0.0001,0.5840956568717957,0.555763840675354,0.028331829234957695,0.625,0.625
4,2214,0.0001,1.1710851192474365,1.13167142868042,0.039413727819919586,0.125,0.125
4,2215,0.0001,0.9282812476158142,0.9137318730354309,0.014549359679222107,0.375,0.375
4,2216,0.0001,0.3930608630180359,0.3884010910987854,0.00465976120904088,0.625,0.75
4,2217,0.0001,1.2698780298233032,1.2672367095947266,0.0026413328014314175,0.125,0.125
4,2218,0.0001,0.8916125297546387,0.8782447576522827,0.01336775254458189,0.125,0.25
4,2219,0.0001,0.8743799924850464,0.8546037673950195,0.019776195287704468,0.25,0.375
4,2220,0.0001,0.8879846334457397,0.8833330869674683,0.00465155765414238,0.25,0.375
4,2221,0.0001,0.5628334283828735,0.552682101726532,0.010151306167244911,0.625,0.625
4,2222,0.0001,0.7667075395584106,0.7298041582107544,0.03690340369939804,0.5,0.5
4,2223,0.0001,0.8613779544830322,0.8441947102546692,0.017183218151330948,0.25,0.375
4,2224,0.0001,0.6488527655601501,0.6070449352264404,0.04180782288312912,0.125,0.625
4,2225,0.0001,0.7712303400039673,0.7584404945373535,0.012789815664291382,0.375,0.5
4,2226,0.0001,0.5831103920936584,0.5411437749862671,0.04196661338210106,0.375,0.5
4,2227,0.0001,1.452265739440918,1.4515248537063599,0.0007408965611830354,0.0,0.0
5,2228,0.0001,0.7210686206817627,0.7078813910484314,0.013187244534492493,0.125,0.5
5,2229,0.0001,1.1723891496658325,1.1133394241333008,0.05904972553253174,0.125,0.25
5,2230,0.0001,0.9253937602043152,0.8886268734931946,0.0367668941617012,0.125,0.375
5,2231,0.0001,0.8975249528884888,0.8897308111190796,0.007794153410941362,0.0,0.375
5,2232,0.0001,0.7826735973358154,0.7755168676376343,0.007156738080084324,0.125,0.5
5,2233,0.0001,0.8659347891807556,0.8525823354721069,0.013352479785680771,0.25,0.375
5,2234,0.0001,0.8340302109718323,0.7864934206008911,0.04753676801919937,0.25,0.375
5,2235,0.0001,0.7732367515563965,0.7376977205276489,0.03553900867700577,0.5,0.5
5,2236,0.0001,0.6371863484382629,0.6247152090072632,0.012471158057451248,0.25,0.5
5,2237,0.0001,1.1216875314712524,1.1013145446777344,0.0203730259090662,0.25,0.25
5,2238,0.0001,0.9172813296318054,0.8935738801956177,0.023707449436187744,0.25,0.375
5,2239,0.0001,1.153030514717102,1.123545527458191,0.02948499098420143,0.125,0.125
5,2240,0.0001,0.5252302885055542,0.5065518617630005,0.01867840066552162,0.25,0.625
5,2241,0.0001,0.9460009336471558,0.9427184462547302,0.00328251626342535,0.125,0.375
5,2242,0.0001,0.8892602920532227,0.871010422706604,0.018249863758683205,0.375,0.375
5,2243,0.0001,1.1237053871154785,1.1070834398269653,0.01662190817296505,0.125,0.25
5,2244,0.0001,1.0099046230316162,0.9907417297363281,0.01916290447115898,0.125,0.125
5,2245,0.0001,0.7686336636543274,0.7488054037094116,0.019828278571367264,0.25,0.5
5,2246,0.0001,1.2736927270889282,1.2484123706817627,0.025280319154262543,0.0,0.0
5,2247,0.0001,0.24125437438488007,0.22551554441452026,0.015738828107714653,0.75,0.875
5,2248,0.0001,0.418800950050354,0.4020523428916931,0.016748592257499695,0.625,0.75
5,2249,0.0001,0.7598637342453003,0.7541072368621826,0.00575651228427887,0.25,0.5
5,2250,0.0001,0.47842714190483093,0.4672466516494751,0.011180488392710686,0.5,0.625
5,2251,0.0001,0.6551147699356079,0.6426215767860413,0.012493221089243889,0.25,0.5
5,2252,0.0001,0.7521358132362366,0.7391616106033325,0.01297422032803297,0.5,0.5
5,2253,0.0001,0.9574615955352783,0.9465761184692383,0.010885505937039852,0.25,0.375
5,2254,0.0001,0.8769398331642151,0.8409966826438904,0.035943176597356796,0.125,0.375
5,2255,0.0001,0.809010922908783,0.7818650007247925,0.02714591659605503,0.125,0.5
5,2256,0.0001,0.7863723635673523,0.7569335699081421,0.029438819736242294,0.25,0.5
5,2257,0.0001,0.7762125134468079,0.7577456831932068,0.018466850742697716,0.375,0.5
5,2258,0.0001,0.7071874737739563,0.6797177791595459,0.027469715103507042,0.25,0.5
5,2259,0.0001,0.9347910284996033,0.9186844229698181,0.016106631606817245,0.25,0.375
5,2260,0.0001,0.5949202179908752,0.5837904214859009,0.011129814200103283,0.125,0.625
5,2261,0.0001,0.5247840881347656,0.4532327651977539,0.07155132293701172,0.625,0.625
5,2262,0.0001,0.7973541617393494,0.7828921675682068,0.014462003484368324,0.25,0.5
5,2263,0.0001,0.3962821662425995,0.38101714849472046,0.015265021473169327,0.75,0.75
5,2264,0.0001,0.23602385818958282,0.2224999964237213,0.013523856177926064,0.75,0.875
5,2265,0.0001,0.7836096882820129,0.7751802206039429,0.008429446257650852,0.125,0.5
5,2266,0.0001,1.0576549768447876,1.0445144176483154,0.013140594586730003,0.25,0.25
5,2267,0.0001,0.5136353373527527,0.4872448444366455,0.026390504091978073,0.625,0.625
5,2268,0.0001,0.7502506375312805,0.7332377433776855,0.017012888565659523,0.5,0.5
5,2269,0.0001,0.8245632648468018,0.8065835237503052,0.01797974854707718,0.125,0.375
5,2270,0.0001,0.8313378691673279,0.8159856796264648,0.015352198854088783,0.375,0.375
5,2271,0.0001,0.4051673114299774,0.3932620882987976,0.011905219405889511,0.625,0.75
5,2272,0.0001,0.5685843229293823,0.5614525675773621,0.0071317292749881744,0.625,0.625
5,2273,0.0001,0.7212867140769958,0.6929630637168884,0.028323665261268616,0.5,0.5
5,2274,0.0001,0.6348434686660767,0.6229437589645386,0.011899704113602638,0.5,0.5
5,2275,0.0001,0.9037607312202454,0.8906053304672241,0.01315542683005333,0.25,0.375
5,2276,0.0001,1.072489857673645,1.0551624298095703,0.017327452078461647,0.25,0.25
5,2277,0.0001,0.6985805034637451,0.6599825620651245,0.03859797120094299,0.25,0.5
5,2278,0.0001,0.7815008759498596,0.7627317905426025,0.018769079819321632,0.25,0.5
5,2279,0.0001,0.764340877532959,0.7475485801696777,0.016792304813861847,0.375,0.5
5,2280,0.0001,0.8876693248748779,0.8801584839820862,0.007510836701840162,0.375,0.375
5,2281,0.0001,0.5825968384742737,0.5545912981033325,0.028005534783005714,0.625,0.625
5,2282,0.0001,0.9338723421096802,0.9182442426681519,0.015628105029463768,0.375,0.375
5,2283,0.0001,1.1227658987045288,1.0916870832443237,0.031078821048140526,0.25,0.25
5,2284,0.0001,0.9483005404472351,0.9256364703178406,0.022664081305265427,0.25,0.375
5,2285,0.0001,0.577773928642273,0.5676794052124023,0.010094499215483665,0.5,0.625
5,2286,0.0001,0.24714231491088867,0.22720015048980713,0.019942158833146095,0.5,0.875
5,2287,0.0001,0.5907527208328247,0.5742521286010742,0.016500607132911682,0.5,0.625
5,2288,0.0001,0.5917970538139343,0.5734735727310181,0.01832350343465805,0.5,0.625
5,2289,0.0001,0.24678966403007507,0.23336488008499146,0.013424777425825596,0.5,0.875
5,2290,0.0001,0.23079349100589752,0.21908807754516602,0.011705413460731506,0.625,0.75
5,2291,0.0001,0.6113681197166443,0.589686930179596,0.02168116718530655,0.375,0.625
5,2292,0.0001,0.6509692668914795,0.6310913562774658,0.019877899438142776,0.375,0.5
5,2293,0.0001,0.7814474105834961,0.7608935832977295,0.020553823560476303,0.125,0.5
5,2294,0.0001,1.098248839378357,1.0694336891174316,0.02881518006324768,0.125,0.25
5,2295,0.0001,1.1025059223175049,1.0940337181091309,0.008472185581922531,0.125,0.25
5,2296,0.0001,0.7398999333381653,0.728862464427948,0.011037488467991352,0.25,0.5
5,2297,0.0001,1.1414021253585815,1.1075495481491089,0.033852532505989075,0.125,0.25
5,2298,0.0001,0.7135365605354309,0.7073581218719482,0.006178451236337423,0.5,0.5
5,2299,0.0001,0.2298775315284729,0.2119804471731186,0.01789707876741886,0.75,0.875
5,2300,0.0001,0.8295968770980835,0.8174963593482971,0.012100502848625183,0.25,0.375
5,2301,0.0001,0.5766040086746216,0.5670254230499268,0.009578565135598183,0.5,0.625
5,2302,0.0001,1.1158747673034668,1.0948736667633057,0.021001098677515984,0.125,0.25
5,2303,0.0001,0.9371501803398132,0.9153426885604858,0.021807482466101646,0.375,0.375
5,2304,0.0001,0.7480996251106262,0.7201865315437317,0.027913101017475128,0.5,0.5
5,2305,0.0001,1.1018898487091064,1.0943256616592407,0.007564163766801357,0.25,0.25
5,2306,0.0001,1.1088588237762451,1.0976674556732178,0.011191359721124172,0.25,0.25
5,2307,0.0001,0.8016898036003113,0.7862805128097534,0.015409307554364204,0.25,0.5
5,2308,0.0001,0.7600180506706238,0.7410931587219238,0.01892486959695816,0.375,0.5
5,2309,0.0001,0.7617615461349487,0.7328732013702393,0.028888344764709473,0.5,0.5
5,2310,0.0001,0.9197295904159546,0.9090984463691711,0.010631156153976917,0.25,0.375
5,2311,0.0001,0.6024795174598694,0.5824668407440186,0.020012659952044487,0.5,0.625
5,2312,0.0001,0.8013954162597656,0.7934614419937134,0.007933994755148888,0.25,0.375
5,2313,0.0001,0.23178169131278992,0.2165222316980362,0.01525946520268917,0.625,0.875
5,2314,0.0001,0.6875129342079163,0.6351335048675537,0.05237944424152374,0.375,0.5
5,2315,0.0001,0.9611038565635681,0.9356783628463745,0.025425519794225693,0.25,0.375
5,2316,0.0001,0.5873607397079468,0.565982460975647,0.021378293633461,0.5,0.625
5,2317,0.0001,1.1516611576080322,1.1236281394958496,0.028033055365085602,0.125,0.25
5,2318,0.0001,0.5506490468978882,0.534956693649292,0.015692338347434998,0.625,0.625
5,2319,0.0001,0.7547798156738281,0.740138053894043,0.014641756191849709,0.5,0.5
5,2320,0.0001,0.4732152819633484,0.4536437690258026,0.019571509212255478,0.5,0.625
5,2321,0.0001,0.8105800747871399,0.7935794591903687,0.017000624909996986,0.375,0.375
5,2322,0.0001,0.3998827636241913,0.3816235065460205,0.018259264528751373,0.75,0.75
5,2323,0.0001,0.9431161880493164,0.9267907738685608,0.016325440257787704,0.25,0.375
5,2324,0.0001,0.7622712850570679,0.7397364377975464,0.02253483422100544,0.5,0.5
5,2325,0.0001,0.6219420433044434,0.6026172637939453,0.019324783235788345,0.375,0.5
5,2326,0.0001,0.9578876495361328,0.9371795654296875,0.020708102732896805,0.25,0.375
5,2327,0.0001,0.8042389154434204,0.7892014384269714,0.015037482604384422,0.125,0.5
5,2328,0.0001,1.0806787014007568,1.063380241394043,0.017298506572842598,0.25,0.25
5,2329,0.0001,0.46035271883010864,0.44183817505836487,0.018514538183808327,0.625,0.625
5,2330,0.0001,0.2769520580768585,0.2632189095020294,0.01373314019292593,0.625,0.75
5,2331,0.0001,0.797097384929657,0.7831083536148071,0.013989005237817764,0.25,0.5
5,2332,0.0001,0.7118426561355591,0.6950271725654602,0.016815457493066788,0.125,0.375
5,2333,0.0001,0.9392881393432617,0.9197477698326111,0.019540343433618546,0.125,0.375
5,2334,0.0001,0.665797233581543,0.6608363389968872,0.004960902035236359,0.375,0.5
5,2335,0.0001,0.9374899864196777,0.9298279285430908,0.007662070449441671,0.25,0.375
5,2336,0.0001,0.979764997959137,0.9599447250366211,0.019820285961031914,0.25,0.25
5,2337,0.0001,0.8803161382675171,0.8720061182975769,0.008310031145811081,0.125,0.25
5,2338,0.0001,0.47573769092559814,0.4690067172050476,0.006730975583195686,0.5,0.625
5,2339,0.0001,0.8041373491287231,0.7804588675498962,0.023678451776504517,0.25,0.375
5,2340,0.0001,0.6460006833076477,0.6069230437278748,0.03907765448093414,0.25,0.625
5,2341,0.0001,0.9484161734580994,0.9365752339363098,0.0118409413844347,0.125,0.375
5,2342,0.0001,0.43216100335121155,0.40527912974357605,0.026881873607635498,0.5,0.625
5,2343,0.0001,0.754915714263916,0.7321868538856506,0.022728832438588142,0.5,0.5
5,2344,0.0001,0.9576078057289124,0.9455463886260986,0.012061391025781631,0.25,0.375
5,2345,0.0001,0.7401776909828186,0.7336344122886658,0.006543298251926899,0.5,0.5
5,2346,0.0001,0.5694059133529663,0.5578235983848572,0.01158229447901249,0.625,0.625
5,2347,0.0001,0.5825709104537964,0.5623478889465332,0.020222997292876244,0.5,0.625
5,2348,0.0001,0.6067904233932495,0.5965969562530518,0.010193461552262306,0.25,0.625
5,2349,0.0001,0.5770223140716553,0.5593665838241577,0.01765572465956211,0.625,0.625
5,2350,0.0001,1.0855965614318848,1.0806375741958618,0.004959032405167818,0.0,0.25
5,2351,0.0001,0.5628916621208191,0.5532167553901672,0.009674899280071259,0.625,0.625
5,2352,0.0001,0.5596952438354492,0.5378896594047546,0.02180558629333973,0.5,0.625
5,2353,0.0001,0.5668880343437195,0.5410228967666626,0.025865137577056885,0.625,0.625
5,2354,0.0001,1.1051344871520996,1.0910618305206299,0.014072679914534092,0.25,0.25
5,2355,0.0001,0.8377217650413513,0.8092633485794067,0.028458422049880028,0.25,0.375
5,2356,0.0001,1.1588432788848877,1.133389949798584,0.02545328438282013,0.0,0.25
5,2357,0.0001,0.873102605342865,0.851891279220581,0.021211352199316025,0.0,0.375
5,2358,0.0001,0.7763561010360718,0.7594795823097229,0.016876501962542534,0.125,0.375
5,2359,0.0001,0.806150496006012,0.7913849949836731,0.014765512198209763,0.125,0.5
5,2360,0.0001,0.08326461911201477,0.06456129997968674,0.018703319132328033,0.75,0.875
5,2361,0.0001,0.7826412320137024,0.7365496158599854,0.04609162360429764,0.375,0.5
5,2362,0.0001,0.660017728805542,0.6174707412719727,0.04254700988531113,0.375,0.5
5,2363,0.0001,0.6235736608505249,0.5997437238693237,0.02382996305823326,0.25,0.375
5,2364,0.0001,0.9676533937454224,0.9218238592147827,0.04582955315709114,0.25,0.375
5,2365,0.0001,1.2477740049362183,1.243825912475586,0.003948044963181019,0.0,0.125
5,2366,0.0001,0.6216197609901428,0.6166157722473145,0.005004012491554022,0.25,0.625
5,2367,0.0001,0.4059155285358429,0.3956143260002136,0.010301216505467892,0.5,0.75
5,2368,0.0001,0.8408621549606323,0.8061872124671936,0.03467492386698723,0.375,0.375
5,2369,0.0001,0.7839015126228333,0.779228150844574,0.004673347808420658,0.375,0.375
5,2370,0.0001,0.8110308051109314,0.7504802942276001,0.06055048853158951,0.375,0.5
5,2371,0.0001,0.8448529839515686,0.794618546962738,0.05023441091179848,0.125,0.375
5,2372,0.0001,0.5681226849555969,0.558604896068573,0.009517773985862732,0.625,0.625
5,2373,0.0001,0.9566372632980347,0.919509768486023,0.03712749853730202,0.25,0.375
5,2374,0.0001,0.9439064860343933,0.9323972463607788,0.011509254574775696,0.25,0.375
5,2375,0.0001,0.7921336889266968,0.7673547267913818,0.02477896958589554,0.25,0.25
5,2376,0.0001,1.1224299669265747,1.0997122526168823,0.022717760875821114,0.25,0.25
5,2377,0.0001,1.088445782661438,1.0754599571228027,0.01298581250011921,0.25,0.25
5,2378,0.0001,0.7818936705589294,0.7486504316329956,0.03324323147535324,0.375,0.5
5,2379,0.0001,0.965959370136261,0.9322788119316101,0.03368055820465088,0.375,0.375
5,2380,0.0001,0.7462926506996155,0.7383037805557251,0.007988852448761463,0.5,0.5
5,2381,0.0001,0.718675971031189,0.6832293272018433,0.03544666990637779,0.25,0.375
5,2382,0.0001,0.754181444644928,0.7364845871925354,0.01769687607884407,0.5,0.5
5,2383,0.0001,0.4317161738872528,0.4275991916656494,0.0041169701144099236,0.375,0.75
5,2384,0.0001,0.7021118402481079,0.694026529788971,0.008085313253104687,0.375,0.375
5,2385,0.0001,0.9421318769454956,0.9277772903442383,0.014354567974805832,0.25,0.375
5,2386,0.0001,0.9478699564933777,0.9086133241653442,0.03925664350390434,0.375,0.375
5,2387,0.0001,0.7598536014556885,0.7370814085006714,0.02277216501533985,0.5,0.5
5,2388,0.0001,1.465373158454895,1.4450762271881104,0.020296961069107056,0.0,0.0
5,2389,0.0001,0.6592167019844055,0.6503046751022339,0.008912053890526295,0.375,0.5
5,2390,0.0001,0.8100283741950989,0.7809306979179382,0.02909768372774124,0.0,0.375
5,2391,0.0001,0.5851766467094421,0.5600278377532959,0.025148823857307434,0.125,0.375
5,2392,0.0001,0.4952363967895508,0.465498685836792,0.029737699776887894,0.25,0.625
5,2393,0.0001,0.7541403770446777,0.7351430654525757,0.018997324630618095,0.375,0.5
5,2394,0.0001,0.46926814317703247,0.4045853912830353,0.06468275189399719,0.625,0.75
5,2395,0.0001,1.1432409286499023,1.0908769369125366,0.05236398056149483,0.25,0.25
5,2396,0.0001,0.7625204920768738,0.7275537252426147,0.03496677055954933,0.5,0.5
5,2397,0.0001,0.5782037973403931,0.5698341727256775,0.008369611576199532,0.5,0.625
5,2398,0.0001,0.6609438061714172,0.6531195640563965,0.00782424584031105,0.125,0.5
5,2399,0.0001,0.7529368996620178,0.738963782787323,0.013973100110888481,0.375,0.5
5,2400,0.0001,0.7642436623573303,0.7409512996673584,0.023292340338230133,0.5,0.5
5,2401,0.0001,1.278808832168579,1.2705464363098145,0.008262349292635918,0.125,0.125
5,2402,0.0001,1.151227593421936,1.106215238571167,0.04501232132315636,0.125,0.25
5,2403,0.0001,0.7734978199005127,0.7339943647384644,0.03950342535972595,0.5,0.5
5,2404,0.0001,1.1562857627868652,1.123962163925171,0.03232358768582344,0.0,0.25
5,2405,0.0001,0.8424396514892578,0.821037769317627,0.021401897072792053,0.25,0.25
5,2406,0.0001,1.0962680578231812,1.0837783813476562,0.01248973049223423,0.25,0.25
5,2407,0.0001,1.0888190269470215,1.0760457515716553,0.012773234397172928,0.25,0.25
5,2408,0.0001,0.9186689853668213,0.9060624241828918,0.012606584466993809,0.375,0.375
5,2409,0.0001,0.777228593826294,0.7527951002120972,0.02443350851535797,0.375,0.5
5,2410,0.0001,0.4701251685619354,0.4542194604873657,0.015905704349279404,0.5,0.625
5,2411,0.0001,1.0231623649597168,0.9548628330230713,0.06829958409070969,0.25,0.25
5,2412,0.0001,0.6163233518600464,0.5823720693588257,0.03395127132534981,0.375,0.625
5,2413,0.0001,0.5325742363929749,0.525836706161499,0.0067375521175563335,0.5,0.625
5,2414,0.0001,1.16352379322052,1.152498722076416,0.01102503016591072,0.0,0.0
5,2415,0.0001,0.7384767532348633,0.7286511063575745,0.009825669229030609,0.5,0.5
5,2416,0.0001,1.080454707145691,1.0669426918029785,0.013512001372873783,0.125,0.25
5,2417,0.0001,0.9553503394126892,0.9216243028640747,0.03372602164745331,0.25,0.375
5,2418,0.0001,1.1394100189208984,1.1220189332962036,0.017391029745340347,0.0,0.25
5,2419,0.0001,0.6262153387069702,0.6179489493370056,0.00826638750731945,0.375,0.5
5,2420,0.0001,0.8522290587425232,0.8163009881973267,0.03592805936932564,0.0,0.375
5,2421,0.0001,0.4287809133529663,0.4173019528388977,0.011478949338197708,0.625,0.625
5,2422,0.0001,1.0468471050262451,1.0274264812469482,0.019420672208070755,0.25,0.25
5,2423,0.0001,1.1170462369918823,1.1015082597732544,0.015537995845079422,0.25,0.25
5,2424,0.0001,0.9224176406860352,0.9125093817710876,0.009908259846270084,0.25,0.375
5,2425,0.0001,0.58821702003479,0.5703591108322144,0.017857929691672325,0.5,0.625
5,2426,0.0001,0.655286967754364,0.6453853845596313,0.009901588782668114,0.125,0.5
5,2427,0.0001,0.5621125102043152,0.555277943611145,0.0068345521576702595,0.5,0.625
5,2428,0.0001,0.753751277923584,0.7375869750976562,0.016164300963282585,0.25,0.25
5,2429,0.0001,0.9160899519920349,0.9034355878829956,0.012654358521103859,0.375,0.375
5,2430,0.0001,0.9454596638679504,0.9251041412353516,0.020355498418211937,0.25,0.375
5,2431,0.0001,0.529998779296875,0.5009732246398926,0.029025550931692123,0.625,0.625
5,2432,0.0001,0.9225045442581177,0.9083123207092285,0.014192203059792519,0.25,0.375
5,2433,0.0001,0.90071040391922,0.8909419775009155,0.009768430143594742,0.375,0.375
5,2434,0.0001,0.891350507736206,0.8658140897750854,0.025536442175507545,0.375,0.375
5,2435,0.0001,0.7729088664054871,0.7513986825942993,0.02151017263531685,0.125,0.375
5,2436,0.0001,0.9810477495193481,0.9266496896743774,0.054398030042648315,0.25,0.25
5,2437,0.0001,0.9591890573501587,0.9209403991699219,0.038248684257268906,0.375,0.375
5,2438,0.0001,0.7710505723953247,0.73148512840271,0.039565443992614746,0.5,0.5
5,2439,0.0001,0.4376787841320038,0.4127698838710785,0.024908898398280144,0.5,0.75
5,2440,0.0001,0.7477319240570068,0.7326590418815613,0.015072898007929325,0.5,0.5
5,2441,0.0001,0.5724963545799255,0.5639737248420715,0.008522623218595982,0.5,0.625
5,2442,0.0001,0.6602482199668884,0.6268268823623657,0.03342131897807121,0.125,0.625
5,2443,0.0001,0.9544879198074341,0.9319308996200562,0.022557035088539124,0.25,0.375
5,2444,0.0001,1.1370444297790527,1.0969045162200928,0.04013994708657265,0.25,0.25
5,2445,0.0001,0.78818279504776,0.7689844965934753,0.019198305904865265,0.25,0.5
5,2446,0.0001,0.5718712210655212,0.5603700876235962,0.011501137167215347,0.625,0.625
5,2447,0.0001,0.8786484003067017,0.8719220161437988,0.006726369261741638,0.375,0.375
5,2448,0.0001,0.9606057405471802,0.9398317337036133,0.020774001255631447,0.125,0.375
5,2449,0.0001,0.8846156597137451,0.8675988912582397,0.017016761004924774,0.25,0.375
5,2450,0.0001,1.1515005826950073,1.1421239376068115,0.00937668140977621,0.0,0.25
5,2451,0.0001,0.5453987717628479,0.5278838872909546,0.017514867708086967,0.25,0.375
5,2452,0.0001,0.786116361618042,0.7714005708694458,0.014715809375047684,0.375,0.375
5,2453,0.0001,0.4156852662563324,0.4093021750450134,0.006383098661899567,0.5,0.75
5,2454,0.0001,0.2441500574350357,0.21886727213859558,0.025282779708504677,0.375,0.625
5,2455,0.0001,0.4395487308502197,0.4236331880092621,0.01591554842889309,0.5,0.5
5,2456,0.0001,0.7300006747245789,0.7260726094245911,0.003928040154278278,0.375,0.5
5,2457,0.0001,0.7229378819465637,0.7075154781341553,0.015422414988279343,0.125,0.25
5,2458,0.0001,0.8075585961341858,0.8014320135116577,0.00612658029422164,0.25,0.375
5,2459,0.0001,0.8973274230957031,0.8828321695327759,0.014495261013507843,0.25,0.375
5,2460,0.0001,0.5654027462005615,0.5551198124885559,0.010282957926392555,0.625,0.625
5,2461,0.0001,0.7754634022712708,0.7612353563308716,0.014228066429495811,0.375,0.5
5,2462,0.0001,0.797951340675354,0.7501077651977539,0.047843582928180695,0.125,0.375
5,2463,0.0001,0.789089024066925,0.7598941922187805,0.02919485792517662,0.375,0.375
5,2464,0.0001,0.7055441737174988,0.6874613165855408,0.018082862719893456,0.5,0.5
5,2465,0.0001,0.7992135882377625,0.7840393781661987,0.015174202620983124,0.375,0.375
5,2466,0.0001,0.9319680333137512,0.9231756925582886,0.008792316541075706,0.375,0.375
5,2467,0.0001,0.5955888032913208,0.5884922742843628,0.00709653552621603,0.5,0.5
5,2468,0.0001,0.9254198670387268,0.8890824913978577,0.03633737564086914,0.25,0.375
5,2469,0.0001,1.3219114542007446,1.2975294589996338,0.024382051080465317,0.0,0.0
5,2470,0.0001,0.7595052123069763,0.7498247623443604,0.009680443443357944,0.375,0.5
5,2471,0.0001,1.286843180656433,1.2704830169677734,0.01636010780930519,0.125,0.125
5,2472,0.0001,0.7917851805686951,0.7829055190086365,0.00887963268905878,0.125,0.25
5,2473,0.0001,0.9427513480186462,0.925728976726532,0.01702236384153366,0.125,0.375
5,2474,0.0001,0.8105058073997498,0.7982310652732849,0.012274714186787605,0.375,0.375
5,2475,0.0001,0.56809002161026,0.5522600412368774,0.01582995243370533,0.625,0.625
5,2476,0.0001,1.0934295654296875,1.0843678712844849,0.009061729535460472,0.25,0.25
5,2477,0.0001,0.9220288395881653,0.9182868003845215,0.003742024302482605,0.375,0.375
5,2478,0.0001,0.43113288283348083,0.4059980809688568,0.025134800001978874,0.375,0.75
5,2479,0.0001,0.7707481980323792,0.7507966160774231,0.0199515949934721,0.375,0.5
5,2480,0.0001,0.9835878610610962,0.9550748467445374,0.028512999415397644,0.125,0.25
5,2481,0.0001,0.8548868298530579,0.8288779258728027,0.02600889466702938,0.25,0.375
5,2482,0.0001,0.6533981561660767,0.6353214979171753,0.018076658248901367,0.25,0.5
5,2483,0.0001,0.6932986378669739,0.6807924509048462,0.012506168335676193,0.25,0.5
5,2484,0.0001,0.6070355176925659,0.5956007838249207,0.011434746906161308,0.375,0.625
5,2485,0.0001,0.9150369763374329,0.8929949998855591,0.022041967138648033,0.0,0.25
5,2486,0.0001,0.8171200752258301,0.7942177057266235,0.022902388125658035,0.125,0.375
5,2487,0.0001,0.7779061794281006,0.7029037475585938,0.07500241696834564,0.0,0.375
5,2488,0.0001,0.3267853856086731,0.29074549674987793,0.03603989630937576,0.25,0.625
5,2489,0.0001,0.547326385974884,0.5185595750808716,0.02876681461930275,0.375,0.625
5,2490,0.0001,0.8019611239433289,0.7913849949836731,0.010576103813946247,0.25,0.375
5,2491,0.0001,0.835102379322052,0.8258157968521118,0.009286610409617424,0.25,0.25
5,2492,0.0001,0.7765195369720459,0.7535721659660339,0.022947369143366814,0.125,0.375
5,2493,0.0001,0.662108838558197,0.628570020198822,0.0335388109087944,0.375,0.5
5,2494,0.0001,0.5672330260276794,0.5322279334068298,0.035005081444978714,0.125,0.5
5,2495,0.0001,0.5630714893341064,0.5347363352775574,0.028335146605968475,0.25,0.5
5,2496,0.0001,0.9796829223632812,0.9636965990066528,0.015986327081918716,0.25,0.25
5,2497,0.0001,0.6244087219238281,0.611576497554779,0.012832233682274818,0.25,0.625
5,2498,0.0001,0.7395520806312561,0.706714928150177,0.0328371562063694,0.25,0.375
5,2499,0.0001,0.7180567383766174,0.7109968066215515,0.007059960160404444,0.25,0.375
5,2500,0.0001,0.7400797009468079,0.7100212574005127,0.03005843609571457,0.25,0.375
5,2501,0.0001,0.6149998307228088,0.5833483934402466,0.03165144845843315,0.5,0.625
5,2502,0.0001,0.9219541549682617,0.9149656295776367,0.006988525390625,0.25,0.25
5,2503,0.0001,0.7481310963630676,0.7216585874557495,0.026472512632608414,0.5,0.5
5,2504,0.0001,0.7019616961479187,0.6890020370483398,0.0129596758633852,0.25,0.5
5,2505,0.0001,0.4874429702758789,0.4137572646141052,0.07368572056293488,0.375,0.625
5,2506,0.0001,0.6307849287986755,0.6188198328018188,0.011965081095695496,0.25,0.5
5,2507,0.0001,0.6245880126953125,0.6134272217750549,0.011160782538354397,0.375,0.5
5,2508,0.0001,0.5907263159751892,0.5726130604743958,0.018113266676664352,0.375,0.625
5,2509,0.0001,0.7843640446662903,0.7730714082717896,0.01129261776804924,0.25,0.5
5,2510,0.0001,0.7650467157363892,0.747639000415802,0.017407704144716263,0.375,0.5
5,2511,0.0001,0.22493568062782288,0.21140757203102112,0.013528110459446907,0.875,0.875
5,2512,0.0001,0.7173799276351929,0.6898195743560791,0.02756037749350071,0.25,0.375
5,2513,0.0001,0.9394288659095764,0.92633056640625,0.013098316267132759,0.125,0.375
5,2514,0.0001,0.7801719307899475,0.7527940273284912,0.02737792208790779,0.25,0.5
5,2515,0.0001,0.9384808540344238,0.9290223121643066,0.009458566084504128,0.125,0.375
5,2516,0.0001,0.602693498134613,0.5958114862442017,0.006882009096443653,0.375,0.625
5,2517,0.0001,0.2286352813243866,0.2175443023443222,0.011090986430644989,0.625,0.875
5,2518,0.0001,0.6973932385444641,0.6855127811431885,0.011880462057888508,0.375,0.5
5,2519,0.0001,0.5503742694854736,0.5193575024604797,0.031016739085316658,0.25,0.5
5,2520,0.0001,0.919968843460083,0.9145947098731995,0.005374121014028788,0.375,0.375
5,2521,0.0001,0.753424882888794,0.7430182099342346,0.01040666364133358,0.375,0.5
5,2522,0.0001,0.5998214483261108,0.5781223177909851,0.021699151024222374,0.5,0.625
5,2523,0.0001,0.6234504580497742,0.5999420881271362,0.023508377373218536,0.25,0.625
5,2524,0.0001,0.9591760039329529,0.9283563494682312,0.030819635838270187,0.25,0.25
5,2525,0.0001,0.6398195624351501,0.6111674904823303,0.02865207940340042,0.0,0.5
5,2526,0.0001,0.5708082914352417,0.5662754774093628,0.004532817751169205,0.5,0.625
5,2527,0.0001,0.9895561933517456,0.9631475210189819,0.02640867978334427,0.125,0.375
5,2528,0.0001,0.5990849733352661,0.5715386867523193,0.02754625678062439,0.375,0.625
5,2529,0.0001,0.9094141721725464,0.8847877979278564,0.02462637983262539,0.0,0.375
5,2530,0.0001,0.9333847761154175,0.9130786657333374,0.020306136459112167,0.375,0.375
5,2531,0.0001,1.0185520648956299,0.9833056926727295,0.035246334969997406,0.125,0.125
5,2532,0.0001,1.1878454685211182,1.1765714883804321,0.011273970827460289,0.0,0.125
5,2533,0.0001,1.257561445236206,1.2486016750335693,0.008959765546023846,0.125,0.125
5,2534,0.0001,0.828235924243927,0.8059343695640564,0.022301578894257545,0.25,0.375
5,2535,0.0001,0.7860502600669861,0.780191957950592,0.00585827324539423,0.25,0.5
5,2536,0.0001,0.9401857852935791,0.937373161315918,0.002812598831951618,0.25,0.375
5,2537,0.0001,0.7890526056289673,0.7461101412773132,0.04294249042868614,0.375,0.5
5,2538,0.0001,0.7941446900367737,0.7800400257110596,0.014104675501585007,0.25,0.375
5,2539,0.0001,0.9088442325592041,0.9015634059906006,0.007280799560248852,0.375,0.375
5,2540,0.0001,1.148845911026001,1.119152545928955,0.029693353921175003,0.125,0.25
5,2541,0.0001,0.7629984021186829,0.7281771898269653,0.03482123091816902,0.5,0.5
5,2542,0.0001,0.6580148339271545,0.6344759464263916,0.023538878187537193,0.375,0.5
5,2543,0.0001,0.6168380379676819,0.5999632477760315,0.016874780878424644,0.5,0.5
5,2544,0.0001,1.2984415292739868,1.2793341875076294,0.01910732500255108,0.125,0.125
5,2545,0.0001,0.5781876444816589,0.5702662467956543,0.007921380922198296,0.5,0.625
5,2546,0.0001,0.9237604141235352,0.9093270897865295,0.014433320611715317,0.375,0.375
5,2547,0.0001,0.7969694137573242,0.7583207488059998,0.03864867240190506,0.375,0.5
5,2548,0.0001,0.5743321776390076,0.5613294243812561,0.013002753257751465,0.625,0.625
5,2549,0.0001,0.7924987077713013,0.7879953384399414,0.004503356292843819,0.25,0.5
5,2550,0.0001,0.7426609992980957,0.7238788604736328,0.018782151862978935,0.5,0.5
5,2551,0.0001,0.886603832244873,0.8653554916381836,0.02124834433197975,0.375,0.375
5,2552,0.0001,0.3073800802230835,0.28172630071640015,0.02565377950668335,0.75,0.75
5,2553,0.0001,0.5383716225624084,0.5279008150100708,0.010470793582499027,0.25,0.5
5,2554,0.0001,0.7263900637626648,0.7150313854217529,0.011358690448105335,0.125,0.375
5,2555,0.0001,0.5256474614143372,0.5116927623748779,0.013954708352684975,0.375,0.625
5,2556,0.0001,0.7389572262763977,0.7356986999511719,0.003258527023717761,0.375,0.5
5,2557,0.0001,0.7444806098937988,0.7377277612686157,0.00675283744931221,0.5,0.5
5,2558,0.0001,0.6093562841415405,0.5885505676269531,0.020805688574910164,0.25,0.625
5,2559,0.0001,0.9508821964263916,0.9238470792770386,0.02703513205051422,0.25,0.375
5,2560,0.0001,0.7956398725509644,0.7879389524459839,0.007700898218899965,0.25,0.375
5,2561,0.0001,0.6113311052322388,0.5997202396392822,0.01161087118089199,0.25,0.625
5,2562,0.0001,0.5691841840744019,0.5375825762748718,0.03160157799720764,0.375,0.625
5,2563,0.0001,0.5930509567260742,0.5864935517311096,0.006557396613061428,0.375,0.625
5,2564,0.0001,0.7686643004417419,0.7600231766700745,0.008641130290925503,0.375,0.5
5,2565,0.0001,0.581994354724884,0.5488597750663757,0.033134572207927704,0.625,0.625
5,2566,0.0001,1.1204309463500977,1.0737509727478027,0.04668000340461731,0.0,0.25
5,2567,0.0001,0.6745871901512146,0.6181334257125854,0.05645378306508064,0.125,0.25
5,2568,0.0001,0.4331420660018921,0.401236891746521,0.0319051668047905,0.5,0.75
5,2569,0.0001,0.5724397897720337,0.5573597550392151,0.015080060809850693,0.625,0.625
5,2570,0.0001,0.9774250984191895,0.927125096321106,0.05030002444982529,0.25,0.375
5,2571,0.0001,1.24480140209198,1.1732053756713867,0.07159602642059326,0.125,0.125
5,2572,0.0001,1.0127509832382202,0.9545040130615234,0.05824696272611618,0.0,0.375
5,2573,0.0001,0.9211563467979431,0.8789008855819702,0.0422554537653923,0.0,0.0
5,2574,0.0001,1.2808454036712646,1.2691622972488403,0.011683148331940174,0.125,0.125
5,2575,0.0001,1.1223762035369873,1.1112911701202393,0.011085065081715584,0.125,0.25
5,2576,0.0001,0.43596526980400085,0.41039466857910156,0.025570601224899292,0.25,0.75
5,2577,0.0001,0.45070594549179077,0.38990339636802673,0.06080254167318344,0.5,0.75
5,2578,0.0001,0.4879160523414612,0.45398518443107605,0.03393087163567543,0.625,0.625
5,2579,0.0001,0.5259495973587036,0.5119503736495972,0.013999203220009804,0.5,0.625
5,2580,0.0001,0.6152281165122986,0.6036298274993896,0.011598266661167145,0.125,0.5
5,2581,0.0001,0.8169059753417969,0.7782130837440491,0.038692884147167206,0.25,0.375
5,2582,0.0001,0.8395128846168518,0.8245787620544434,0.014934143982827663,0.0,0.375
5,2583,0.0001,0.9562695622444153,0.9274908304214478,0.02877875417470932,0.25,0.375
5,2584,0.0001,1.1165038347244263,1.101623773574829,0.014880013652145863,0.125,0.125
5,2585,0.0001,0.7781921029090881,0.7737010717391968,0.004491003230214119,0.125,0.5
5,2586,0.0001,1.0289664268493652,1.0067877769470215,0.02217862755060196,0.0,0.25
5,2587,0.0001,0.931946337223053,0.9170858263969421,0.014860527589917183,0.375,0.375
5,2588,0.0001,1.0738158226013184,1.0450494289398193,0.02876640483736992,0.25,0.25
5,2589,0.0001,0.9299564957618713,0.9130957126617432,0.01686077006161213,0.375,0.375
5,2590,0.0001,1.171663761138916,1.1068472862243652,0.06481651216745377,0.0,0.0
5,2591,0.0001,0.9396653175354004,0.9298929572105408,0.009772375226020813,0.25,0.375
5,2592,0.0001,0.6437152028083801,0.5945312976837158,0.049183882772922516,0.25,0.625
5,2593,0.0001,0.4602784812450409,0.4447665810585022,0.01551189087331295,0.125,0.75
5,2594,0.0001,0.6320537328720093,0.6229761242866516,0.009077604860067368,0.25,0.625
5,2595,0.0001,0.9347920417785645,0.9207440614700317,0.01404800545424223,0.375,0.375
5,2596,0.0001,0.9614306092262268,0.9317204356193542,0.0297101903706789,0.25,0.375
5,2597,0.0001,0.9032911062240601,0.8809158205986023,0.022375265136361122,0.25,0.375
5,2598,0.0001,0.5742285251617432,0.5531514883041382,0.02107703872025013,0.625,0.625
5,2599,0.0001,1.158007264137268,1.1131260395050049,0.044881198555231094,0.125,0.25
5,2600,0.0001,0.6560892462730408,0.6497430205345154,0.006346223410218954,0.375,0.5
5,2601,0.0001,0.7632192373275757,0.7529454231262207,0.01027381606400013,0.375,0.5
5,2602,0.0001,0.8037869930267334,0.7855836153030396,0.018203362822532654,0.125,0.5
5,2603,0.0001,0.8575956225395203,0.8350439071655273,0.02255168929696083,0.125,0.375
5,2604,0.0001,0.9708167314529419,0.9649534821510315,0.005863223224878311,0.125,0.25
5,2605,0.0001,0.5694343447685242,0.562220573425293,0.0072137946262955666,0.375,0.625
5,2606,0.0001,0.7407249808311462,0.7304051518440247,0.010319804772734642,0.375,0.5
5,2607,0.0001,0.4962994158267975,0.49255239963531494,0.0037470185197889805,0.375,0.625
5,2608,0.0001,0.7485422492027283,0.7387787103652954,0.009763529524207115,0.5,0.5
5,2609,0.0001,0.7462880611419678,0.7345906496047974,0.011697428300976753,0.5,0.5
5,2610,0.0001,0.41017434000968933,0.3863260746002197,0.023848261684179306,0.625,0.75
5,2611,0.0001,0.5991681218147278,0.5767691135406494,0.022399025037884712,0.5,0.625
5,2612,0.0001,0.5885215401649475,0.5771850347518921,0.011336494237184525,0.5,0.5
5,2613,0.0001,0.9340248703956604,0.9194030165672302,0.014621841721236706,0.375,0.375
5,2614,0.0001,0.7561182975769043,0.734339714050293,0.021778589114546776,0.5,0.5
5,2615,0.0001,0.7815324664115906,0.769750714302063,0.011781729757785797,0.25,0.5
5,2616,0.0001,0.9562783241271973,0.9516140222549438,0.0046643042005598545,0.125,0.375
5,2617,0.0001,0.5666882395744324,0.5272573828697205,0.039430879056453705,0.375,0.625
5,2618,0.0001,1.3036147356033325,1.2842652797698975,0.01934940367937088,0.125,0.125
5,2619,0.0001,0.5325520038604736,0.5152949094772339,0.01725710928440094,0.5,0.625
5,2620,0.0001,0.7399041652679443,0.6914793252944946,0.0484248585999012,0.375,0.5
5,2621,0.0001,0.45935487747192383,0.4356721043586731,0.023682771250605583,0.625,0.625
5,2622,0.0001,1.1980124711990356,1.093528389930725,0.10448408126831055,0.25,0.25
5,2623,0.0001,0.7764366865158081,0.7333536148071289,0.043083079159259796,0.5,0.5
5,2624,0.0001,0.6343618035316467,0.6143311262130737,0.02003069594502449,0.375,0.5
5,2625,0.0001,0.6752058863639832,0.6604487895965576,0.014757072553038597,0.5,0.5
5,2626,0.0001,0.9333088994026184,0.9207004308700562,0.01260849367827177,0.375,0.375
5,2627,0.0001,0.9503036737442017,0.9390305280685425,0.011273144744336605,0.25,0.375
5,2628,0.0001,0.5843932032585144,0.5673381090164185,0.01705509051680565,0.5,0.625
5,2629,0.0001,0.9151721596717834,0.8894897699356079,0.025682391598820686,0.0,0.375
5,2630,0.0001,0.5623682141304016,0.552018404006958,0.010349798947572708,0.625,0.625
5,2631,0.0001,1.0518282651901245,1.0352063179016113,0.016621991991996765,0.25,0.25
5,2632,0.0001,0.7049431800842285,0.6945794224739075,0.010363753885030746,0.375,0.5
5,2633,0.0001,0.787505567073822,0.7779203653335571,0.009585227817296982,0.125,0.25
5,2634,0.0001,0.7501919269561768,0.7386542558670044,0.011537641286849976,0.5,0.5
5,2635,0.0001,1.0560615062713623,1.045217514038086,0.010844048112630844,0.125,0.25
5,2636,0.0001,1.1930869817733765,1.1857250928878784,0.007361902389675379,0.125,0.125
5,2637,0.0001,1.2983324527740479,1.2766950130462646,0.0216374471783638,0.125,0.125
5,2638,0.0001,0.2717844247817993,0.25861573219299316,0.01316868420690298,0.375,0.875
5,2639,0.0001,0.8064062595367432,0.7931115627288818,0.013294677250087261,0.25,0.375
5,2640,0.0001,0.4434216618537903,0.438917338848114,0.004504314623773098,0.5,0.625
5,2641,0.0001,0.7264928817749023,0.6887235045433044,0.03776940703392029,0.125,0.375
5,2642,0.0001,0.5711079835891724,0.5638108849525452,0.00729707395657897,0.5,0.625
5,2643,0.0001,0.7469558119773865,0.7371014952659607,0.00985434465110302,0.5,0.5
5,2644,0.0001,0.6155094504356384,0.5620085000991821,0.0535009428858757,0.625,0.625
5,2645,0.0001,0.9438538551330566,0.9369583129882812,0.006895563565194607,0.25,0.375
5,2646,0.0001,0.5441080927848816,0.5245879888534546,0.019520118832588196,0.25,0.625
5,2647,0.0001,0.5565904378890991,0.5505591630935669,0.00603129155933857,0.625,0.625
5,2648,0.0001,0.7539822459220886,0.7442722320556641,0.00971003994345665,0.375,0.5
5,2649,0.0001,0.5934799909591675,0.572605550289154,0.020874422043561935,0.5,0.625
5,2650,0.0001,1.1075326204299927,1.0799872875213623,0.02754536084830761,0.25,0.25
5,2651,0.0001,1.2151762247085571,1.1476017236709595,0.06757445633411407,0.0,0.25
5,2652,0.0001,1.1384295225143433,1.1179722547531128,0.020457271486520767,0.125,0.125
5,2653,0.0001,0.9250522255897522,0.9125407934188843,0.012511420994997025,0.375,0.375
5,2654,0.0001,0.6697567105293274,0.6491893529891968,0.02056734822690487,0.5,0.5
5,2655,0.0001,0.9341861009597778,0.9189993143081665,0.01518679317086935,0.375,0.375
5,2656,0.0001,0.5840101838111877,0.5526340007781982,0.0313761830329895,0.5,0.625
5,2657,0.0001,0.5919485092163086,0.5678335428237915,0.024114996194839478,0.5,0.625
5,2658,0.0001,1.0102041959762573,1.0007288455963135,0.009475396946072578,0.25,0.25
5,2659,0.0001,0.3894992470741272,0.3726347088813782,0.01686452329158783,0.625,0.625
5,2660,0.0001,0.7532081604003906,0.7317352294921875,0.021472938358783722,0.5,0.5
5,2661,0.0001,1.1707600355148315,1.1612803936004639,0.009479641914367676,0.125,0.125
5,2662,0.0001,0.6582274436950684,0.6404699087142944,0.017757536843419075,0.25,0.5
5,2663,0.0001,0.38558346033096313,0.3694392442703247,0.01614421233534813,0.75,0.75
5,2664,0.0001,0.8116550445556641,0.7981953024864197,0.013459712266921997,0.25,0.375
5,2665,0.0001,0.7677882313728333,0.7474181652069092,0.020370053127408028,0.375,0.5
5,2666,0.0001,0.9495319724082947,0.9297019243240356,0.019830070436000824,0.25,0.375
5,2667,0.0001,0.9254639744758606,0.917892336845398,0.007571650668978691,0.375,0.375
5,2668,0.0001,0.7569491267204285,0.7216500639915466,0.035299040377140045,0.125,0.25
5,2669,0.0001,0.636111319065094,0.6089396476745605,0.027171656489372253,0.375,0.625
5,2670,0.0001,0.7436648607254028,0.7197372913360596,0.023927580565214157,0.375,0.5
5,2671,0.0001,0.8715547919273376,0.8624881505966187,0.009066655300557613,0.375,0.375
5,2672,0.0001,0.744841456413269,0.7389543056488037,0.005887133069336414,0.375,0.5
5,2673,0.0001,1.2496440410614014,1.2446430921554565,0.005000906530767679,0.125,0.125
5,2674,0.0001,1.1016706228256226,1.0924429893493652,0.009227599948644638,0.25,0.25
5,2675,0.0001,0.91009122133255,0.9017242193222046,0.008367030881345272,0.375,0.375
5,2676,0.0001,0.5909345746040344,0.5818003416061401,0.00913422554731369,0.5,0.5
5,2677,0.0001,0.37829771637916565,0.37096908688545227,0.0073286183178424835,0.75,0.75
5,2678,0.0001,0.3992583751678467,0.39125120639801025,0.008007182739675045,0.5,0.75
5,2679,0.0001,0.5857369303703308,0.5701789855957031,0.015557920560240746,0.5,0.625
5,2680,0.0001,0.7624066472053528,0.7528185844421387,0.00958809070289135,0.375,0.5
5,2681,0.0001,0.7218883037567139,0.7111122012138367,0.01077613141387701,0.375,0.5
5,2682,0.0001,0.7586596608161926,0.7412649393081665,0.017394741997122765,0.375,0.5
5,2683,0.0001,0.9681084752082825,0.9539109468460083,0.01419750228524208,0.25,0.25
5,2684,0.0001,0.6063629984855652,0.5976004004478455,0.008762605488300323,0.375,0.5
5,2685,0.0001,0.7510534524917603,0.7358598113059998,0.01519364956766367,0.5,0.5
5,2686,0.0001,0.9735363721847534,0.9529498219490051,0.020586535334587097,0.25,0.25
5,2687,0.0001,1.226391315460205,1.2124581336975098,0.01393321342766285,0.125,0.125
5,2688,0.0001,0.951005220413208,0.9259815216064453,0.02502368949353695,0.25,0.375
5,2689,0.0001,0.31931599974632263,0.2982024550437927,0.021113554015755653,0.25,0.75
5,2690,0.0001,1.2038381099700928,1.1720662117004395,0.03177186846733093,0.0,0.125
5,2691,0.0001,0.7641634941101074,0.7393802404403687,0.024783235043287277,0.375,0.5
5,2692,0.0001,0.9556477069854736,0.9422845840454102,0.013363114558160305,0.25,0.375
5,2693,0.0001,1.1137031316757202,1.0975873470306396,0.016115741804242134,0.25,0.25
5,2694,0.0001,0.5920926928520203,0.5814664363861084,0.010626266710460186,0.375,0.625
5,2695,0.0001,0.3664098083972931,0.29301154613494873,0.07339826226234436,0.75,0.75
5,2696,0.0001,0.6545158624649048,0.6343095302581787,0.02020634338259697,0.375,0.5
5,2697,0.0001,0.9386686086654663,0.9110021591186523,0.027666442096233368,0.375,0.375
5,2698,0.0001,0.5467077493667603,0.5333796739578247,0.013328054919838905,0.375,0.625
5,2699,0.0001,0.9499709606170654,0.9416956901550293,0.008275285363197327,0.25,0.375
5,2700,0.0001,1.1719757318496704,1.1614091396331787,0.010566549375653267,0.125,0.125
5,2701,0.0001,0.40367230772972107,0.3929702043533325,0.010702111758291721,0.625,0.75
5,2702,0.0001,0.5838647484779358,0.5658574104309082,0.018007328733801842,0.5,0.625
5,2703,0.0001,0.6811086535453796,0.6726735830307007,0.008435046300292015,0.25,0.375
5,2704,0.0001,0.715455174446106,0.6979954242706299,0.017459765076637268,0.25,0.5
5,2705,0.0001,0.9503664374351501,0.944145143032074,0.006221289746463299,0.25,0.375
5,2706,0.0001,0.9337528944015503,0.9224655032157898,0.011287420988082886,0.375,0.375
5,2707,0.0001,1.12943434715271,1.1217286586761475,0.007705738767981529,0.0,0.25
5,2708,0.0001,0.48633524775505066,0.4704478681087494,0.015887374058365822,0.625,0.625
5,2709,0.0001,1.1248470544815063,1.1164872646331787,0.008359836414456367,0.0,0.25
5,2710,0.0001,1.1381748914718628,1.1299173831939697,0.008257565088570118,0.125,0.125
5,2711,0.0001,0.936639666557312,0.9286608695983887,0.007978787645697594,0.25,0.375
5,2712,0.0001,0.6458056569099426,0.6370657086372375,0.008739973418414593,0.25,0.5
5,2713,0.0001,0.5765131711959839,0.55840003490448,0.018113108351826668,0.625,0.625
5,2714,0.0001,0.29023247957229614,0.2800123691558838,0.010220112279057503,0.5,0.75
5,2715,0.0001,0.8537455797195435,0.8108141422271729,0.04293141886591911,0.25,0.375
5,2716,0.0001,0.38699206709861755,0.37023863196372986,0.01675344444811344,0.75,0.75
5,2717,0.0001,0.859687089920044,0.8200728893280029,0.03961418569087982,0.375,0.375
5,2718,0.0001,0.5481374859809875,0.5397006869316101,0.008436812087893486,0.625,0.625
5,2719,0.0001,0.2379046380519867,0.2079436480998993,0.029960989952087402,0.875,0.875
5,2720,0.0001,0.5527452230453491,0.5379137396812439,0.014831493608653545,0.375,0.625
5,2721,0.0001,0.6406126022338867,0.6213748455047607,0.019237786531448364,0.5,0.5
5,2722,0.0001,0.8624268770217896,0.8410861492156982,0.021340712904930115,0.125,0.375
5,2723,0.0001,0.7058992385864258,0.6322940587997437,0.07360514998435974,0.5,0.5
5,2724,0.0001,0.9422781467437744,0.9167671203613281,0.025511056184768677,0.375,0.375
5,2725,0.0001,0.7736098766326904,0.744033932685852,0.029575925320386887,0.5,0.5
5,2726,0.0001,1.093921184539795,1.0868232250213623,0.007097998633980751,0.25,0.25
5,2727,0.0001,0.4978882074356079,0.4865989685058594,0.011289244517683983,0.625,0.625
5,2728,0.0001,1.2866146564483643,1.2784109115600586,0.00820369366556406,0.125,0.125
5,2729,0.0001,0.7617721557617188,0.7420098781585693,0.019762251526117325,0.375,0.5
5,2730,0.0001,0.4344080090522766,0.4210004210472107,0.013407589867711067,0.5,0.75
5,2731,0.0001,0.9634503126144409,0.9366292357444763,0.0268210731446743,0.125,0.375
5,2732,0.0001,0.7777767777442932,0.7703150510787964,0.0074617089703679085,0.375,0.375
5,2733,0.0001,0.5056937336921692,0.49253594875335693,0.013157803565263748,0.5,0.625
5,2734,0.0001,0.7681717276573181,0.7598389387130737,0.008332771249115467,0.375,0.5
5,2735,0.0001,0.577662467956543,0.5649535655975342,0.012708908878266811,0.625,0.625
5,2736,0.0001,0.7718585133552551,0.7358168363571167,0.03604169934988022,0.5,0.5
5,2737,0.0001,0.8986715078353882,0.8580502867698669,0.04062119126319885,0.375,0.375
5,2738,0.0001,0.560422420501709,0.5363935232162476,0.024028901010751724,0.25,0.625
5,2739,0.0001,0.5386759042739868,0.5238668918609619,0.014809001237154007,0.5,0.625
5,2740,0.0001,0.9680392742156982,0.9169576168060303,0.05108162760734558,0.375,0.375
5,2741,0.0001,0.6162300705909729,0.6090461015701294,0.007183991372585297,0.375,0.5
5,2742,0.0001,0.572426974773407,0.560727596282959,0.011699396185576916,0.625,0.625
5,2743,0.0001,0.8063800930976868,0.7799390554428101,0.0264410562813282,0.125,0.25
5,2744,0.0001,0.7935241460800171,0.775955319404602,0.017568819224834442,0.25,0.5
5,2745,0.0001,0.7636957764625549,0.7538217306137085,0.009874031879007816,0.375,0.5
5,2746,0.0001,0.9362198710441589,0.911629855632782,0.024589989334344864,0.375,0.375
5,2747,0.0001,1.0928771495819092,1.0880671739578247,0.004809963516891003,0.125,0.125
5,2748,0.0001,0.5559005737304688,0.5416298508644104,0.014270740561187267,0.625,0.625
5,2749,0.0001,0.6472151279449463,0.640594482421875,0.00662064366042614,0.375,0.5
5,2750,0.0001,0.48672911524772644,0.47520697116851807,0.011522147804498672,0.375,0.625
5,2751,0.0001,0.5790076851844788,0.567565381526947,0.011442326009273529,0.5,0.625
5,2752,0.0001,0.544590175151825,0.5297767519950867,0.014813408255577087,0.375,0.625
5,2753,0.0001,0.22768236696720123,0.22209399938583374,0.005588366184383631,0.75,0.75
5,2754,0.0001,1.098060965538025,1.0786757469177246,0.019385168328881264,0.25,0.25
5,2755,0.0001,0.9464513659477234,0.9259607791900635,0.020490612834692,0.375,0.375
5,2756,0.0001,0.8762376308441162,0.86744225025177,0.00879540853202343,0.375,0.375
5,2757,0.0001,0.8305240273475647,0.8126252889633179,0.017898719757795334,0.25,0.25
5,2758,0.0001,0.651532769203186,0.6386431455612183,0.012889597564935684,0.375,0.5
5,2759,0.0001,1.1204766035079956,1.0946378707885742,0.025838755071163177,0.0,0.25
5,2760,0.0001,0.9186825752258301,0.9022268056869507,0.016455769538879395,0.25,0.25
5,2761,0.0001,0.5635145902633667,0.5511034727096558,0.012411119416356087,0.625,0.625
5,2762,0.0001,0.9808036088943481,0.9612117409706116,0.019591867923736572,0.25,0.25
5,2763,0.0001,0.7243891358375549,0.7100974321365356,0.01429168600589037,0.25,0.5
5,2764,0.0001,1.1056113243103027,1.093767523765564,0.011843830347061157,0.125,0.125
5,2765,0.0001,0.638403594493866,0.6233348846435547,0.015068725682795048,0.5,0.5
5,2766,0.0001,0.7589438557624817,0.7541071176528931,0.004836748819798231,0.375,0.5
5,2767,0.0001,0.9272097945213318,0.9206500053405762,0.00655978312715888,0.375,0.375
5,2768,0.0001,0.8097679018974304,0.7680672407150269,0.04170065373182297,0.25,0.5
5,2769,0.0001,0.2936810553073883,0.2783733606338501,0.015307684428989887,0.25,0.875
5,2770,0.0001,1.1119720935821533,1.1015808582305908,0.010391231626272202,0.125,0.25
5,2771,0.0001,1.06602144241333,1.0525598526000977,0.013461533933877945,0.25,0.25
5,2772,0.0001,1.0964196920394897,1.0867291688919067,0.00969049520790577,0.25,0.25
5,2773,0.0001,0.7683296203613281,0.7556689381599426,0.012660706415772438,0.25,0.5
5,2774,0.0001,0.5282837152481079,0.5001962184906006,0.028087522834539413,0.625,0.625
5,2775,0.0001,0.926203727722168,0.902095377445221,0.024108342826366425,0.375,0.375
5,2776,0.0001,0.7591708898544312,0.736121416091919,0.023049496114253998,0.375,0.5
5,2777,0.0001,0.9073449373245239,0.8965647220611572,0.01078022737056017,0.375,0.375
5,2778,0.0001,0.4540666341781616,0.42940935492515564,0.024657292291522026,0.5,0.625
5,2779,0.0001,0.5683116912841797,0.5638126730918884,0.004499002359807491,0.5,0.5
5,2780,0.0001,0.8826920986175537,0.868863582611084,0.013828542083501816,0.375,0.375
5,2781,0.0001,0.15103313326835632,0.13678842782974243,0.014244703575968742,0.875,0.875
5,2782,0.0001,0.6009970307350159,0.5892007946968079,0.01179625652730465,0.25,0.625
5,2783,0.0001,0.3924734592437744,0.3892940878868103,0.0031793718226253986,0.5,0.75
5,2784,0.0001,0.008668635040521622,0.0006712981266900897,0.00799733679741621,1.0,1.0
6,2785,0.0001,0.45515722036361694,0.44512325525283813,0.010033980011940002,0.5,0.625
6,2786,0.0001,1.2865570783615112,1.2696630954742432,0.016894008964300156,0.125,0.125
6,2787,0.0001,0.5646259784698486,0.5573097467422485,0.00731621403247118,0.625,0.625
6,2788,0.0001,0.7535804510116577,0.7337052822113037,0.019875187426805496,0.5,0.5
6,2789,0.0001,0.4297378659248352,0.42661261558532715,0.0031252424232661724,0.5,0.625
6,2790,0.0001,0.623795747756958,0.6071491241455078,0.016646623611450195,0.25,0.625
6,2791,0.0001,0.6387829780578613,0.6237642168998718,0.0150187648832798,0.375,0.5
6,2792,0.0001,0.6390702724456787,0.6198983788490295,0.01917189173400402,0.375,0.5
6,2793,0.0001,0.9519904851913452,0.9364311695098877,0.015559323132038116,0.25,0.375
6,2794,0.0001,0.4634799361228943,0.4423102140426636,0.021169718354940414,0.375,0.625
6,2795,0.0001,0.7503902912139893,0.6948584318161011,0.05553188547492027,0.125,0.5
6,2796,0.0001,0.28002405166625977,0.26120173931121826,0.01882232166826725,0.5,0.875
6,2797,0.0001,0.26451757550239563,0.24494785070419312,0.019569728523492813,0.625,0.75
6,2798,0.0001,0.9206103682518005,0.9091131687164307,0.011497171595692635,0.375,0.375
6,2799,0.0001,0.7726153135299683,0.7493374347686768,0.02327786199748516,0.5,0.5
6,2800,0.0001,0.7578058242797852,0.7455242276191711,0.012281626462936401,0.375,0.5
6,2801,0.0001,1.1400833129882812,1.094443678855896,0.04563964903354645,0.125,0.25
6,2802,0.0001,0.3861740827560425,0.3409426510334015,0.045231446623802185,0.0,0.75
6,2803,0.0001,0.7803822159767151,0.7667335271835327,0.013648700900375843,0.25,0.5
6,2804,0.0001,1.2913213968276978,1.282226800918579,0.009094647131860256,0.0,0.125
6,2805,0.0001,0.9433069229125977,0.9300675988197327,0.013239352032542229,0.25,0.375
6,2806,0.0001,0.578170657157898,0.5609370470046997,0.017233634367585182,0.625,0.625
6,2807,0.0001,0.4360654354095459,0.40472280979156494,0.03134261071681976,0.625,0.75
6,2808,0.0001,0.546165406703949,0.518260657787323,0.02790476568043232,0.625,0.625
6,2809,0.0001,0.8620490431785583,0.8443065881729126,0.017742464318871498,0.125,0.375
6,2810,0.0001,0.5769320726394653,0.5622038841247559,0.014728198759257793,0.625,0.625
6,2811,0.0001,0.6130659580230713,0.5577108860015869,0.05535506084561348,0.625,0.625
6,2812,0.0001,0.9236629605293274,0.9043700695037842,0.019292915239930153,0.375,0.375
6,2813,0.0001,0.6501468420028687,0.6424862146377563,0.007660615257918835,0.25,0.5
6,2814,0.0001,0.9441927075386047,0.9263229370117188,0.017869777977466583,0.25,0.375
6,2815,0.0001,0.9272472262382507,0.9179642796516418,0.00928296335041523,0.25,0.375
6,2816,0.0001,1.088658332824707,1.0829342603683472,0.005724052898585796,0.25,0.25
6,2817,0.0001,0.8021543622016907,0.7811524271965027,0.021001923829317093,0.125,0.5
6,2818,0.0001,0.4112352728843689,0.39333170652389526,0.01790355145931244,0.625,0.75
6,2819,0.0001,0.6555931568145752,0.6341356039047241,0.021457528695464134,0.5,0.5
6,2820,0.0001,0.7380234003067017,0.7328557968139648,0.005167573690414429,0.5,0.5
6,2821,0.0001,1.066543698310852,1.0624858140945435,0.004057839512825012,0.125,0.25
6,2822,0.0001,0.7460712194442749,0.7428805828094482,0.0031906617805361748,0.5,0.5
6,2823,0.0001,0.4105439782142639,0.39819031953811646,0.012353667989373207,0.625,0.75
6,2824,0.0001,0.4023355543613434,0.3996157646179199,0.0027197999879717827,0.5,0.75
6,2825,0.0001,0.4363006055355072,0.40956759452819824,0.02673301100730896,0.5,0.75
6,2826,0.0001,0.579386830329895,0.5560332536697388,0.023353546857833862,0.625,0.625
6,2827,0.0001,0.39008191227912903,0.38244903087615967,0.007632890250533819,0.75,0.75
6,2828,0.0001,0.7507613301277161,0.7457141876220703,0.005047135055065155,0.375,0.5
6,2829,0.0001,0.9382809996604919,0.925417423248291,0.01286359690129757,0.25,0.375
6,2830,0.0001,1.0188857316970825,1.010378122329712,0.008507597260177135,0.125,0.25
6,2831,0.0001,0.5668271780014038,0.5609955191612244,0.005831658840179443,0.5,0.625
6,2832,0.0001,0.598240852355957,0.570377767086029,0.02786310389637947,0.375,0.625
6,2833,0.0001,0.8208181262016296,0.8167062401771545,0.004111898131668568,0.125,0.375
6,2834,0.0001,0.42062094807624817,0.3996395170688629,0.02098141983151436,0.5,0.75
6,2835,0.0001,0.384153813123703,0.3600981533527374,0.024055665358901024,0.625,0.75
6,2836,0.0001,0.9345573782920837,0.9140110015869141,0.02054639905691147,0.375,0.375
6,2837,0.0001,0.7637361288070679,0.7497545480728149,0.013981577008962631,0.375,0.5
6,2838,0.0001,0.8582735061645508,0.806670069694519,0.05160345137119293,0.0,0.375
6,2839,0.0001,0.9801372289657593,0.9614757895469666,0.01866144686937332,0.125,0.25
6,2840,0.0001,0.9247244596481323,0.9118219614028931,0.012902509421110153,0.25,0.25
6,2841,0.0001,0.4582139551639557,0.43907099962234497,0.019142944365739822,0.375,0.75
6,2842,0.0001,0.575175940990448,0.5628425478935242,0.01233336515724659,0.625,0.625
6,2843,0.0001,0.19546709954738617,0.18986694514751434,0.005600154399871826,0.875,0.875
6,2844,0.0001,1.1464279890060425,1.1266968250274658,0.0197311844676733,0.125,0.125
6,2845,0.0001,1.0627493858337402,1.0488457679748535,0.013903642073273659,0.25,0.25
6,2846,0.0001,0.43422606587409973,0.4004262089729309,0.03379986062645912,0.625,0.75
6,2847,0.0001,1.296406865119934,1.2655051946640015,0.03090164065361023,0.125,0.125
6,2848,0.0001,0.9481866955757141,0.8995857238769531,0.04860098659992218,0.125,0.375
6,2849,0.0001,1.0148744583129883,1.0003724098205566,0.014502016827464104,0.125,0.25
6,2850,0.0001,0.7387653589248657,0.7255960702896118,0.013169263489544392,0.5,0.5
6,2851,0.0001,0.7968366742134094,0.7834588885307312,0.01337780524045229,0.375,0.375
6,2852,0.0001,0.6133045554161072,0.5940807461738586,0.01922382414340973,0.5,0.5
6,2853,0.0001,0.9086029529571533,0.8991370797157288,0.009465846233069897,0.375,0.375
6,2854,0.0001,0.6621479392051697,0.6325981616973877,0.02954980358481407,0.5,0.5
6,2855,0.0001,0.6168666481971741,0.5982434749603271,0.018623167648911476,0.375,0.5
6,2856,0.0001,0.6022332310676575,0.5961802005767822,0.006053016055375338,0.5,0.5
6,2857,0.0001,0.9271519780158997,0.9203875660896301,0.006764421239495277,0.375,0.375
6,2858,0.0001,0.6293668150901794,0.6215691566467285,0.007797629572451115,0.25,0.5
6,2859,0.0001,0.9322130680084229,0.9202821254730225,0.01193095464259386,0.25,0.375
6,2860,0.0001,0.5969627499580383,0.5843204259872437,0.012642346322536469,0.375,0.625
6,2861,0.0001,0.8827904462814331,0.8784194588661194,0.004370995797216892,0.125,0.375
6,2862,0.0001,0.9336308240890503,0.9190036654472351,0.014627139084041119,0.375,0.375
6,2863,0.0001,0.6416381001472473,0.6237710118293762,0.017867106944322586,0.5,0.5
6,2864,0.0001,0.5472652316093445,0.5354869365692139,0.011778309941291809,0.625,0.625
6,2865,0.0001,0.7465183138847351,0.730366587638855,0.016151726245880127,0.5,0.5
6,2866,0.0001,0.8848253488540649,0.8211222887039185,0.06370305269956589,0.125,0.25
6,2867,0.0001,0.5620459318161011,0.5389155149459839,0.023130396381020546,0.375,0.5
6,2868,0.0001,0.7727900147438049,0.746587336063385,0.026202695444226265,0.25,0.5
6,2869,0.0001,0.5571323037147522,0.5496433973312378,0.007488902658224106,0.5,0.625
6,2870,0.0001,1.1342321634292603,1.1082723140716553,0.025959867984056473,0.125,0.25
6,2871,0.0001,0.9394739866256714,0.919716477394104,0.019757486879825592,0.25,0.375
6,2872,0.0001,0.8193315863609314,0.806475818157196,0.012855746783316135,0.125,0.375
6,2873,0.0001,0.5819975137710571,0.5732313990592957,0.008766120299696922,0.25,0.625
6,2874,0.0001,1.036839485168457,1.026970624923706,0.009868843480944633,0.125,0.25
6,2875,0.0001,0.5608999729156494,0.5298871994018555,0.031012753024697304,0.375,0.625
6,2876,0.0001,0.6941910982131958,0.6847445964813232,0.009446496143937111,0.5,0.5
6,2877,0.0001,0.8020073771476746,0.7906736731529236,0.011333681643009186,0.25,0.5
6,2878,0.0001,0.8603813052177429,0.8498716354370117,0.0105096735060215,0.375,0.375
6,2879,0.0001,0.7271540760993958,0.7088714241981506,0.018282631412148476,0.25,0.25
6,2880,0.0001,0.8593739867210388,0.830527663230896,0.02884632535278797,0.125,0.375
6,2881,0.0001,0.8176519274711609,0.7921079993247986,0.025543950498104095,0.25,0.375
6,2882,0.0001,0.4306862950325012,0.4186861217021942,0.01200016401708126,0.5,0.75
6,2883,0.0001,0.7763025760650635,0.7615790367126465,0.014723552390933037,0.375,0.5
6,2884,0.0001,0.8843395113945007,0.8635653257369995,0.02077418565750122,0.375,0.375
6,2885,0.0001,0.9325658679008484,0.9194617867469788,0.013104110024869442,0.375,0.375
6,2886,0.0001,0.47426140308380127,0.4617387056350708,0.012522712349891663,0.5,0.625
6,2887,0.0001,0.9287667274475098,0.9176267385482788,0.01114000752568245,0.375,0.375
6,2888,0.0001,0.6147552132606506,0.6070321202278137,0.0077230678871273994,0.25,0.5
6,2889,0.0001,0.3840848207473755,0.36821332573890686,0.01587149128317833,0.75,0.75
6,2890,0.0001,0.5918765068054199,0.5818302631378174,0.010046271607279778,0.5,0.5
6,2891,0.0001,0.656622052192688,0.6520165205001831,0.004605533555150032,0.5,0.5
6,2892,0.0001,1.1107439994812012,1.1019601821899414,0.008783875033259392,0.25,0.25
6,2893,0.0001,0.7605146765708923,0.7371777296066284,0.02333693578839302,0.5,0.5
6,2894,0.0001,1.284895658493042,1.2740814685821533,0.010814134031534195,0.0,0.0
6,2895,0.0001,0.9371299147605896,0.9163913130760193,0.020738612860441208,0.375,0.375
6,2896,0.0001,0.7526441812515259,0.7410751581192017,0.011569038033485413,0.5,0.5
6,2897,0.0001,0.5737159848213196,0.5612788796424866,0.012437122873961926,0.5,0.625
6,2898,0.0001,0.5042604207992554,0.49452564120292664,0.0097348028793931,0.375,0.5
6,2899,0.0001,0.8919421434402466,0.8806341886520386,0.011307960376143456,0.25,0.375
6,2900,0.0001,0.5967298746109009,0.5895121693611145,0.007217688020318747,0.5,0.5
6,2901,0.0001,0.7846739888191223,0.7564709782600403,0.028203032910823822,0.375,0.5
6,2902,0.0001,0.2777801752090454,0.27259302139282227,0.005187144037336111,0.5,0.75
6,2903,0.0001,0.8036539554595947,0.783614456653595,0.020039472728967667,0.375,0.375
6,2904,0.0001,0.644240140914917,0.6271077394485474,0.017132416367530823,0.375,0.5
6,2905,0.0001,0.7810677886009216,0.7728167772293091,0.008251002989709377,0.25,0.5
6,2906,0.0001,0.8827366232872009,0.8511134386062622,0.03162319213151932,0.375,0.375
6,2907,0.0001,0.9231072068214417,0.9106130599975586,0.012494154274463654,0.375,0.375
6,2908,0.0001,0.5801863670349121,0.5559382438659668,0.024248134344816208,0.625,0.625
6,2909,0.0001,0.7739543914794922,0.7555438876152039,0.01841047778725624,0.25,0.5
6,2910,0.0001,0.8075159788131714,0.785261869430542,0.022254131734371185,0.25,0.5
6,2911,0.0001,0.8952979445457458,0.8636240363121033,0.03167388215661049,0.375,0.375
6,2912,0.0001,1.1123968362808228,1.1012442111968994,0.011152654886245728,0.125,0.25
6,2913,0.0001,0.5816430449485779,0.5714807510375977,0.010162318125367165,0.5,0.625
6,2914,0.0001,0.99204021692276,0.969651997089386,0.022388240322470665,0.25,0.25
6,2915,0.0001,0.9223303198814392,0.918682336807251,0.0036479742266237736,0.375,0.375
6,2916,0.0001,0.5961171984672546,0.5657018423080444,0.030415363609790802,0.5,0.625
6,2917,0.0001,0.3381303548812866,0.3265429139137268,0.011587454937398434,0.625,0.75
6,2918,0.0001,0.5741865634918213,0.5667432546615601,0.007443291135132313,0.5,0.625
6,2919,0.0001,0.5802263021469116,0.5716637372970581,0.008562593720853329,0.375,0.625
6,2920,0.0001,0.9366832375526428,0.9194760322570801,0.017207227647304535,0.375,0.375
6,2921,0.0001,0.4977015256881714,0.48404809832572937,0.01365344226360321,0.375,0.625
6,2922,0.0001,0.9629006385803223,0.9473878145217896,0.015512796118855476,0.25,0.25
6,2923,0.0001,0.5631064176559448,0.5533563494682312,0.00975004956126213,0.625,0.625
6,2924,0.0001,0.9036809802055359,0.8927861452102661,0.01089481171220541,0.375,0.375
6,2925,0.0001,1.2941603660583496,1.2744731903076172,0.019687224179506302,0.125,0.125
6,2926,0.0001,0.45594632625579834,0.43705329298973083,0.018893036991357803,0.375,0.75
6,2927,0.0001,0.393184632062912,0.3836783170700073,0.009506315924227238,0.625,0.75
6,2928,0.0001,0.5700972080230713,0.5577295422554016,0.01236768625676632,0.625,0.625
6,2929,0.0001,0.7674705982208252,0.7505092024803162,0.016961410641670227,0.375,0.5
6,2930,0.0001,0.7487822771072388,0.7408788800239563,0.00790340919047594,0.5,0.5
6,2931,0.0001,0.6762239336967468,0.6638289093971252,0.012395050376653671,0.125,0.375
6,2932,0.0001,0.9272333979606628,0.9130680561065674,0.014165357686579227,0.375,0.375
6,2933,0.0001,1.0362119674682617,1.0187013149261475,0.01751066744327545,0.25,0.25
6,2934,0.0001,0.5987387299537659,0.5848529934883118,0.013885761611163616,0.5,0.625
6,2935,0.0001,1.0175609588623047,1.005237102508545,0.012323878705501556,0.125,0.25
6,2936,0.0001,0.7688855528831482,0.7193608283996582,0.04952472448348999,0.25,0.375
6,2937,0.0001,0.8899144530296326,0.8805389404296875,0.009375498630106449,0.375,0.375
6,2938,0.0001,0.5899865627288818,0.5760302543640137,0.013956314884126186,0.5,0.625
6,2939,0.0001,0.6555343270301819,0.6159120798110962,0.039622221142053604,0.375,0.625
6,2940,0.0001,1.0033835172653198,0.9908133745193481,0.012570114806294441,0.125,0.25
6,2941,0.0001,0.7606898546218872,0.7417284846305847,0.018961388617753983,0.5,0.5
6,2942,0.0001,0.6117918491363525,0.5879393815994263,0.023852478712797165,0.5,0.5
6,2943,0.0001,0.9453112483024597,0.9271595478057861,0.018151726573705673,0.375,0.375
6,2944,0.0001,1.2246583700180054,1.216893196105957,0.007765156216919422,0.125,0.125
6,2945,0.0001,0.62787926197052,0.6202418804168701,0.007637363858520985,0.25,0.5
6,2946,0.0001,0.45488592982292175,0.4301661550998688,0.024719784036278725,0.5,0.625
6,2947,0.0001,0.9595893621444702,0.9492727518081665,0.010316610336303711,0.125,0.375
6,2948,0.0001,0.9937280416488647,0.9729326367378235,0.020795390009880066,0.25,0.25
6,2949,0.0001,0.5997453331947327,0.5854262113571167,0.014319098554551601,0.5,0.5
6,2950,0.0001,0.7538972496986389,0.7390117645263672,0.01488550566136837,0.5,0.5
6,2951,0.0001,0.5516378879547119,0.5176769495010376,0.033960968255996704,0.375,0.625
6,2952,0.0001,0.5824353694915771,0.570691704750061,0.011743665672838688,0.5,0.625
6,2953,0.0001,0.7583850622177124,0.7450971007347107,0.013287986628711224,0.375,0.5
6,2954,0.0001,0.4773741066455841,0.464832603931427,0.012541515752673149,0.25,0.625
6,2955,0.0001,0.4287336468696594,0.4197923541069031,0.00894128531217575,0.5,0.625
6,2956,0.0001,0.5725950598716736,0.5579913258552551,0.014603759162127972,0.625,0.625
6,2957,0.0001,1.1285125017166138,1.1247649192810059,0.003747536800801754,0.0,0.25
6,2958,0.0001,0.6248048543930054,0.5845962762832642,0.0402085967361927,0.5,0.625
6,2959,0.0001,0.42871910333633423,0.41586124897003174,0.012857839465141296,0.5,0.625
6,2960,0.0001,0.8073778748512268,0.7880492210388184,0.019328642636537552,0.375,0.375
6,2961,0.0001,0.12019717693328857,0.08856302499771118,0.03163415566086769,0.75,0.875
6,2962,0.0001,0.5913870334625244,0.5850033760070801,0.006383662577718496,0.375,0.625
6,2963,0.0001,0.9792582988739014,0.9576318264007568,0.021626455709338188,0.125,0.25
6,2964,0.0001,0.9586249589920044,0.9473198652267456,0.011305106803774834,0.0,0.25
6,2965,0.0001,0.797333300113678,0.7861589789390564,0.011174341663718224,0.25,0.375
6,2966,0.0001,1.1088073253631592,1.0961804389953613,0.012626906856894493,0.125,0.25
6,2967,0.0001,0.4196351170539856,0.41151437163352966,0.008120760321617126,0.5,0.75
6,2968,0.0001,0.6064722537994385,0.5901084542274475,0.016363829374313354,0.5,0.5
6,2969,0.0001,0.7883387207984924,0.7616320848464966,0.02670661173760891,0.25,0.5
6,2970,0.0001,1.295159101486206,1.2581485509872437,0.03701053187251091,0.125,0.125
6,2971,0.0001,0.6032253503799438,0.572981595993042,0.030243754386901855,0.25,0.5
6,2972,0.0001,0.7634007334709167,0.7529831528663635,0.010417567566037178,0.375,0.5
6,2973,0.0001,0.7700958251953125,0.7586168050765991,0.011479041539132595,0.375,0.375
6,2974,0.0001,0.7534129023551941,0.7355749607086182,0.017837969586253166,0.375,0.375
6,2975,0.0001,0.5847284197807312,0.5707489252090454,0.013979490846395493,0.5,0.625
6,2976,0.0001,1.3480908870697021,1.3173630237579346,0.030727902427315712,0.0,0.0
6,2977,0.0001,0.8074609637260437,0.7879656553268433,0.019495325163006783,0.25,0.375
6,2978,0.0001,0.7839466333389282,0.7693217396736145,0.014624887146055698,0.125,0.5
6,2979,0.0001,0.5048307776451111,0.47478511929512024,0.03004567325115204,0.25,0.625
6,2980,0.0001,0.34365028142929077,0.30977851152420044,0.03387176990509033,0.625,0.75
6,2981,0.0001,0.7509719729423523,0.7377814054489136,0.01319054514169693,0.375,0.375
6,2982,0.0001,0.7494750022888184,0.7278993129730225,0.021575676277279854,0.5,0.5
6,2983,0.0001,0.2057925909757614,0.1988540142774582,0.0069385734386742115,0.75,0.875
6,2984,0.0001,0.6857065558433533,0.6792715787887573,0.006435004994273186,0.375,0.5
6,2985,0.0001,1.141492486000061,1.1100029945373535,0.03148945793509483,0.125,0.25
6,2986,0.0001,0.6905044317245483,0.6593860387802124,0.031118419021368027,0.375,0.5
6,2987,0.0001,0.6525871753692627,0.6373022794723511,0.01528489962220192,0.375,0.5
6,2988,0.0001,0.7792668342590332,0.750822901725769,0.028443925082683563,0.25,0.5
6,2989,0.0001,0.7558215856552124,0.7429803013801575,0.012841292656958103,0.375,0.5
6,2990,0.0001,1.085516333580017,1.082287311553955,0.0032289777882397175,0.25,0.25
6,2991,0.0001,0.8042604923248291,0.7988059520721436,0.00545456213876605,0.375,0.375
6,2992,0.0001,0.5511824488639832,0.5336713790893555,0.017511053010821342,0.25,0.625
6,2993,0.0001,0.8915463089942932,0.8682888150215149,0.023257475346326828,0.25,0.375
6,2994,0.0001,0.38028910756111145,0.37144067883491516,0.008848434314131737,0.75,0.75
6,2995,0.0001,0.699122428894043,0.6852453947067261,0.013877058401703835,0.25,0.5
6,2996,0.0001,0.5711221098899841,0.5557785034179688,0.015343619510531425,0.625,0.625
6,2997,0.0001,0.8618320822715759,0.8485603928565979,0.013271704316139221,0.25,0.375
6,2998,0.0001,0.7917407155036926,0.7772994041442871,0.014441289007663727,0.25,0.5
6,2999,0.0001,0.6412370204925537,0.6340234279632568,0.007213613949716091,0.375,0.5
6,3000,0.0001,0.2450253963470459,0.23963592946529388,0.0053894612938165665,0.75,0.75
6,3001,0.0001,0.7753323316574097,0.7679769992828369,0.007355311885476112,0.25,0.5
6,3002,0.0001,0.5883554816246033,0.5691436529159546,0.01921180449426174,0.375,0.625
6,3003,0.0001,0.5976465344429016,0.5831372737884521,0.014509274624288082,0.375,0.625
6,3004,0.0001,0.9391206502914429,0.9293871521949768,0.009733475744724274,0.25,0.375
6,3005,0.0001,1.1728683710098267,1.1620714664459229,0.010796859860420227,0.125,0.125
6,3006,0.0001,1.2673484086990356,1.254560112953186,0.012788325548171997,0.125,0.125
6,3007,0.0001,0.5790894627571106,0.5633346438407898,0.015754826366901398,0.5,0.625
6,3008,0.0001,0.2483087033033371,0.22373588383197784,0.024572819471359253,0.75,0.875
6,3009,0.0001,0.9920018911361694,0.9860636591911316,0.005938258953392506,0.25,0.25
6,3010,0.0001,0.8714505434036255,0.8561139106750488,0.01533663272857666,0.25,0.25
6,3011,0.0001,1.0023099184036255,0.9956740736961365,0.006635886617004871,0.125,0.25
6,3012,0.0001,0.4335269033908844,0.41935163736343384,0.014175254851579666,0.375,0.75
6,3013,0.0001,0.9173302054405212,0.9111770391464233,0.006153169088065624,0.375,0.375
6,3014,0.0001,0.3720552623271942,0.3673108220100403,0.004744438454508781,0.75,0.75
6,3015,0.0001,0.4531112313270569,0.4282664656639099,0.024844780564308167,0.125,0.625
6,3016,0.0001,0.9341118335723877,0.9249624013900757,0.009149408899247646,0.25,0.375
6,3017,0.0001,0.678327739238739,0.6478592157363892,0.03046853095293045,0.375,0.5
6,3018,0.0001,0.8116241097450256,0.79496830701828,0.01665581203997135,0.125,0.375
6,3019,0.0001,0.3394780457019806,0.31058424711227417,0.028893809765577316,0.125,0.75
6,3020,0.0001,1.1502760648727417,1.1224462985992432,0.027829814702272415,0.125,0.125
6,3021,0.0001,0.5959872007369995,0.5851291418075562,0.010858061723411083,0.375,0.625
6,3022,0.0001,0.6804008483886719,0.6681403517723083,0.012260508723556995,0.375,0.5
6,3023,0.0001,0.927059531211853,0.9129491448402405,0.014110404066741467,0.375,0.375
6,3024,0.0001,1.0261796712875366,0.9750332236289978,0.05114647001028061,0.25,0.25
6,3025,0.0001,0.626178503036499,0.61092609167099,0.015252431854605675,0.25,0.5
6,3026,0.0001,0.5383716225624084,0.49801790714263916,0.04035372659564018,0.375,0.5
6,3027,0.0001,0.4597107172012329,0.4418836534023285,0.017827067524194717,0.5,0.625
6,3028,0.0001,0.7584811449050903,0.7341796159744263,0.024301525205373764,0.5,0.5
6,3029,0.0001,0.385786235332489,0.3769988715648651,0.008787363767623901,0.75,0.75
6,3030,0.0001,0.9253473281860352,0.9166163206100464,0.00873100571334362,0.375,0.375
6,3031,0.0001,0.6533024311065674,0.6243139505386353,0.02898849919438362,0.375,0.5
6,3032,0.0001,1.1361124515533447,1.1034562587738037,0.0326562337577343,0.125,0.25
6,3033,0.0001,0.6265592575073242,0.6174880266189575,0.009071225300431252,0.5,0.5
6,3034,0.0001,1.1016722917556763,1.0897506475448608,0.011921617202460766,0.25,0.25
6,3035,0.0001,0.8162235617637634,0.7846792340278625,0.031544312834739685,0.25,0.375
6,3036,0.0001,0.592339038848877,0.5831608772277832,0.009178141131997108,0.5,0.625
6,3037,0.0001,0.4022922217845917,0.3825864791870117,0.019705748185515404,0.625,0.75
6,3038,0.0001,0.3564339876174927,0.3294279873371124,0.027005985379219055,0.375,0.75
6,3039,0.0001,0.7524455189704895,0.7264594435691833,0.02598606050014496,0.5,0.5
6,3040,0.0001,0.8565837740898132,0.8266403079032898,0.02994348853826523,0.0,0.375
6,3041,0.0001,0.5185699462890625,0.4950336217880249,0.02353634685277939,0.375,0.625
6,3042,0.0001,0.5479352474212646,0.5420875549316406,0.00584769994020462,0.625,0.625
6,3043,0.0001,0.7859852910041809,0.7805185317993164,0.005466753616929054,0.25,0.5
6,3044,0.0001,1.1154851913452148,1.0965828895568848,0.01890229806303978,0.25,0.25
6,3045,0.0001,0.621295690536499,0.5771275162696838,0.044168200343847275,0.5,0.625
6,3046,0.0001,0.7088413238525391,0.6976999640464783,0.011141376569867134,0.375,0.5
6,3047,0.0001,0.7496245503425598,0.7409427165985107,0.008681843988597393,0.5,0.5
6,3048,0.0001,0.6760537028312683,0.6632248163223267,0.012828871607780457,0.25,0.5
6,3049,0.0001,1.131227731704712,1.099012851715088,0.03221489489078522,0.25,0.25
6,3050,0.0001,1.1442986726760864,1.1375761032104492,0.006722540594637394,0.0,0.25
6,3051,0.0001,0.7382678389549255,0.7332190871238708,0.005048744380474091,0.5,0.5
6,3052,0.0001,0.768514096736908,0.751620352268219,0.016893744468688965,0.25,0.5
6,3053,0.0001,0.9006528258323669,0.8844951391220093,0.01615770161151886,0.375,0.375
6,3054,0.0001,0.43254554271698,0.41787219047546387,0.014673339203000069,0.5,0.625
6,3055,0.0001,0.6006794571876526,0.5803377628326416,0.020341677591204643,0.25,0.625
6,3056,0.0001,0.9280616641044617,0.9228079915046692,0.0052536968141794205,0.25,0.375
6,3057,0.0001,0.43659862875938416,0.4313441216945648,0.005254496820271015,0.625,0.625
6,3058,0.0001,0.9413760304450989,0.9301787614822388,0.011197294108569622,0.25,0.375
6,3059,0.0001,0.9145538806915283,0.8964517116546631,0.01810215786099434,0.375,0.375
6,3060,0.0001,0.5686173439025879,0.5589934587478638,0.00962391309440136,0.5,0.625
6,3061,0.0001,0.3455861210823059,0.29909172654151917,0.046494387090206146,0.375,0.75
6,3062,0.0001,0.7480511665344238,0.74082350730896,0.0072276596911251545,0.375,0.5
6,3063,0.0001,0.7826411128044128,0.7660115957260132,0.016629502177238464,0.25,0.5
6,3064,0.0001,1.0142507553100586,0.9756022095680237,0.038648564368486404,0.125,0.25
6,3065,0.0001,0.4498841464519501,0.4331039786338806,0.016780171543359756,0.25,0.625
6,3066,0.0001,0.09912867844104767,0.08078017830848694,0.01834850385785103,0.5,0.875
6,3067,0.0001,0.7459796071052551,0.7317472100257874,0.01423239428550005,0.5,0.5
6,3068,0.0001,1.3042494058609009,1.2719835042953491,0.03226593881845474,0.125,0.125
6,3069,0.0001,0.8731685876846313,0.821613609790802,0.05155499652028084,0.125,0.375
6,3070,0.0001,0.33552515506744385,0.32192644476890564,0.01359871681779623,0.5,0.75
6,3071,0.0001,0.8478897213935852,0.83354651927948,0.014343183487653732,0.125,0.25
6,3072,0.0001,0.5807827115058899,0.5690908432006836,0.011691864579916,0.625,0.625
6,3073,0.0001,0.8181254267692566,0.8138959407806396,0.0042294650338590145,0.25,0.375
6,3074,0.0001,0.3820396959781647,0.37015798687934875,0.011881713755428791,0.5,0.75
6,3075,0.0001,0.2506537437438965,0.2437179535627365,0.0069357967004179955,0.625,0.75
6,3076,0.0001,1.1201233863830566,1.1080129146575928,0.01211041584610939,0.125,0.25
6,3077,0.0001,0.457194447517395,0.4526357650756836,0.00455869035795331,0.25,0.625
6,3078,0.0001,0.7597993016242981,0.751274824142456,0.00852449331432581,0.25,0.5
6,3079,0.0001,0.8608529567718506,0.8496415615081787,0.01121139619499445,0.25,0.375
6,3080,0.0001,0.7698630094528198,0.7553359270095825,0.014527054503560066,0.375,0.5
6,3081,0.0001,0.7463659048080444,0.7427534461021423,0.0036124750040471554,0.25,0.5
6,3082,0.0001,0.7677456736564636,0.7545819282531738,0.013163717463612556,0.375,0.5
6,3083,0.0001,0.8139135837554932,0.7958328723907471,0.018080731853842735,0.375,0.375
6,3084,0.0001,0.6420602202415466,0.6342940330505371,0.007766185328364372,0.375,0.5
6,3085,0.0001,0.7617997527122498,0.7544283270835876,0.007371454034000635,0.375,0.5
6,3086,0.0001,0.42612552642822266,0.41570839285850525,0.010417131707072258,0.5,0.625
6,3087,0.0001,0.8940284252166748,0.8525910377502441,0.04143738001585007,0.25,0.25
6,3088,0.0001,1.070422649383545,1.055551528930664,0.014871152117848396,0.125,0.25
6,3089,0.0001,0.7969528436660767,0.7609444856643677,0.036008380353450775,0.25,0.5
6,3090,0.0001,1.2291789054870605,1.2192727327346802,0.009906189516186714,0.0,0.125
6,3091,0.0001,1.2799792289733887,1.253476858139038,0.026502419263124466,0.125,0.125
6,3092,0.0001,0.7079364657402039,0.694462776184082,0.013473715633153915,0.5,0.5
6,3093,0.0001,1.2550357580184937,1.2396554946899414,0.01538030430674553,0.125,0.125
6,3094,0.0001,0.39298954606056213,0.38388869166374207,0.009100855328142643,0.625,0.75
6,3095,0.0001,0.38049381971359253,0.3747265338897705,0.0057672858238220215,0.75,0.75
6,3096,0.0001,0.7762515544891357,0.7286698818206787,0.04758167266845703,0.5,0.5
6,3097,0.0001,0.6736145615577698,0.6509191989898682,0.022695349529385567,0.375,0.5
6,3098,0.0001,0.5745213031768799,0.5162602663040161,0.05826105922460556,0.5,0.625
6,3099,0.0001,1.1634589433670044,1.1475948095321655,0.015864090994000435,0.125,0.125
6,3100,0.0001,1.0377591848373413,1.0246801376342773,0.013079001568257809,0.25,0.25
6,3101,0.0001,0.626069188117981,0.6097807884216309,0.016288423910737038,0.375,0.5
6,3102,0.0001,0.9301697611808777,0.9225237369537354,0.007646039128303528,0.25,0.375
6,3103,0.0001,0.5314799547195435,0.5162277817726135,0.015252161771059036,0.5,0.625
6,3104,0.0001,0.7538168430328369,0.7329378128051758,0.020879004150629044,0.5,0.5
6,3105,0.0001,0.6931565403938293,0.6724478006362915,0.020708728581666946,0.25,0.375
6,3106,0.0001,0.9501266479492188,0.9325269460678101,0.017599690705537796,0.25,0.375
6,3107,0.0001,0.7499790787696838,0.734684944152832,0.015294162556529045,0.5,0.5
6,3108,0.0001,1.3017573356628418,1.2925955057144165,0.009161795489490032,0.0,0.0
6,3109,0.0001,0.6474239230155945,0.6317548751831055,0.015669075772166252,0.375,0.5
6,3110,0.0001,0.9859692454338074,0.9645667672157288,0.02140248380601406,0.0,0.375
6,3111,0.0001,0.7862326502799988,0.7817745208740234,0.004458153620362282,0.25,0.375
6,3112,0.0001,0.7661154866218567,0.7536707520484924,0.012444725260138512,0.375,0.5
6,3113,0.0001,0.7793923616409302,0.7609854936599731,0.01840684749186039,0.25,0.375
6,3114,0.0001,0.8920921087265015,0.8794134855270386,0.012678602710366249,0.25,0.375
6,3115,0.0001,0.3864065408706665,0.37670016288757324,0.009706370532512665,0.75,0.75
6,3116,0.0001,0.16458934545516968,0.14314162731170654,0.021447716280817986,0.75,0.875
6,3117,0.0001,0.7543041110038757,0.7462688088417053,0.008035295642912388,0.375,0.5
6,3118,0.0001,0.3043099343776703,0.2619009017944336,0.042409028857946396,0.625,0.875
6,3119,0.0001,0.6044400930404663,0.5720597505569458,0.0323803685605526,0.5,0.625
6,3120,0.0001,0.7783922553062439,0.7674412727355957,0.010950980708003044,0.375,0.375
6,3121,0.0001,0.7451974153518677,0.7364159822463989,0.008781437762081623,0.5,0.5
6,3122,0.0001,0.5632821917533875,0.5536109805107117,0.00967121310532093,0.375,0.5
6,3123,0.0001,0.710574209690094,0.7056524157524109,0.004921797197312117,0.375,0.5
6,3124,0.0001,0.9719892144203186,0.9558826684951782,0.01610657200217247,0.25,0.25
6,3125,0.0001,0.6506009697914124,0.6248695850372314,0.025731410831212997,0.375,0.5
6,3126,0.0001,0.7769438028335571,0.7693654298782349,0.007578364573419094,0.125,0.375
6,3127,0.0001,0.7517665028572083,0.7437025904655457,0.008063923567533493,0.375,0.5
6,3128,0.0001,0.9478488564491272,0.9326543807983398,0.015194471925497055,0.25,0.375
6,3129,0.0001,0.6056199669837952,0.5876895785331726,0.01793038845062256,0.375,0.625
6,3130,0.0001,0.9095967411994934,0.9033685922622681,0.006228157784789801,0.25,0.375
6,3131,0.0001,1.101364254951477,1.0958099365234375,0.0055542876943945885,0.25,0.25
6,3132,0.0001,0.9291144609451294,0.9100775718688965,0.019036874175071716,0.375,0.375
6,3133,0.0001,0.8646121025085449,0.8555151224136353,0.009096994996070862,0.25,0.25
6,3134,0.0001,0.5967045426368713,0.5652791261672974,0.03142539784312248,0.625,0.625
6,3135,0.0001,0.40692567825317383,0.39100897312164307,0.015916690230369568,0.625,0.75
6,3136,0.0001,0.6019617319107056,0.5818243622779846,0.020137397572398186,0.5,0.625
6,3137,0.0001,0.7661734223365784,0.7517580389976501,0.014415400102734566,0.25,0.5
6,3138,0.0001,1.2155169248580933,1.199791669845581,0.015725215896964073,0.125,0.125
6,3139,0.0001,0.8311132788658142,0.7701498866081238,0.06096336618065834,0.125,0.5
6,3140,0.0001,0.47159814834594727,0.4633384644985199,0.00825968012213707,0.375,0.625
6,3141,0.0001,0.9153768420219421,0.9106854200363159,0.004691425245255232,0.375,0.375
6,3142,0.0001,0.40021491050720215,0.389178991317749,0.011035913601517677,0.625,0.75
6,3143,0.0001,0.9686643481254578,0.9217215776443481,0.04694274812936783,0.375,0.375
6,3144,0.0001,0.9932851791381836,0.9745923280715942,0.018692858517169952,0.125,0.25
6,3145,0.0001,0.9426736235618591,0.9163448214530945,0.026328805834054947,0.25,0.25
6,3146,0.0001,0.8382120132446289,0.8104031682014465,0.027808822691440582,0.125,0.375
6,3147,0.0001,0.38226568698883057,0.35538458824157715,0.02688109129667282,0.625,0.75
6,3148,0.0001,1.3941048383712769,1.3865718841552734,0.0075330003164708614,0.0,0.0
6,3149,0.0001,0.5287680625915527,0.5189218521118164,0.009846238419413567,0.5,0.5
6,3150,0.0001,0.6048380136489868,0.5909542441368103,0.013883784413337708,0.375,0.625
6,3151,0.0001,0.8315179944038391,0.7920440435409546,0.03947395831346512,0.125,0.5
6,3152,0.0001,0.9225858449935913,0.9111195802688599,0.011466259136795998,0.375,0.375
6,3153,0.0001,0.4771274924278259,0.46492868661880493,0.01219882071018219,0.375,0.5
6,3154,0.0001,0.5795100331306458,0.5623674392700195,0.017142586410045624,0.25,0.5
6,3155,0.0001,0.6038750410079956,0.5868291854858398,0.017045829445123672,0.5,0.5
6,3156,0.0001,0.6218345165252686,0.6115509271621704,0.010283617302775383,0.375,0.5
6,3157,0.0001,0.8980525732040405,0.883199155330658,0.014853395521640778,0.375,0.375
6,3158,0.0001,1.119713306427002,1.0961723327636719,0.023541029542684555,0.25,0.25
6,3159,0.0001,0.7635413408279419,0.7447447180747986,0.018796628341078758,0.375,0.5
6,3160,0.0001,0.5835837721824646,0.5822691917419434,0.001314600114710629,0.125,0.625
6,3161,0.0001,0.6492528319358826,0.6170730590820312,0.032179757952690125,0.25,0.5
6,3162,0.0001,0.48891928791999817,0.4754953682422638,0.013423928059637547,0.125,0.625
6,3163,0.0001,0.6449193954467773,0.6333085298538208,0.011610856279730797,0.375,0.5
6,3164,0.0001,0.9968368411064148,0.9667468070983887,0.030090030282735825,0.25,0.25
6,3165,0.0001,0.4719259440898895,0.4004210829734802,0.0715048611164093,0.625,0.75
6,3166,0.0001,0.7671667337417603,0.7591180801391602,0.008048662915825844,0.375,0.5
6,3167,0.0001,0.3633575439453125,0.350189208984375,0.013168329373002052,0.625,0.75
6,3168,0.0001,0.611624002456665,0.5993859767913818,0.01223800703883171,0.375,0.625
6,3169,0.0001,1.1090542078018188,1.10276198387146,0.006292218342423439,0.125,0.25
6,3170,0.0001,0.9188870191574097,0.9100039601325989,0.008883057162165642,0.375,0.375
6,3171,0.0001,0.9159753322601318,0.8995020389556885,0.016473308205604553,0.375,0.375
6,3172,0.0001,1.040928840637207,0.9653297662734985,0.07559904456138611,0.25,0.25
6,3173,0.0001,0.5751641988754272,0.5564457178115845,0.018718484789133072,0.625,0.625
6,3174,0.0001,0.6556583642959595,0.6244950294494629,0.031163346022367477,0.25,0.5
6,3175,0.0001,0.7214087247848511,0.67223060131073,0.04917815327644348,0.375,0.375
6,3176,0.0001,0.9509168863296509,0.9275460243225098,0.02337086759507656,0.25,0.25
6,3177,0.0001,0.6248877644538879,0.6162452101707458,0.008642556145787239,0.375,0.5
6,3178,0.0001,0.537352979183197,0.5262553095817566,0.01109766960144043,0.375,0.625
6,3179,0.0001,0.5952429175376892,0.5716537237167358,0.02358921989798546,0.5,0.625
6,3180,0.0001,1.3396378755569458,1.2957532405853271,0.04388462007045746,0.0,0.125
6,3181,0.0001,0.2967930734157562,0.26270464062690735,0.03408843278884888,0.5,0.75
6,3182,0.0001,0.9569836854934692,0.946845293045044,0.010138396173715591,0.25,0.25
6,3183,0.0001,0.7716229557991028,0.7582122087478638,0.013410735875368118,0.25,0.5
6,3184,0.0001,1.208828330039978,1.1838901042938232,0.02493824064731598,0.0,0.125
6,3185,0.0001,1.1318312883377075,1.1172438859939575,0.014587453566491604,0.125,0.25
6,3186,0.0001,0.6888622045516968,0.6646109819412231,0.024251192808151245,0.125,0.5
6,3187,0.0001,1.1211705207824707,1.0928270816802979,0.028343461453914642,0.125,0.25
6,3188,0.0001,0.8249536752700806,0.8041633367538452,0.0207903403788805,0.25,0.375
6,3189,0.0001,0.2995190918445587,0.2857622504234314,0.013756830245256424,0.5,0.75
6,3190,0.0001,0.6121270060539246,0.6072196364402771,0.004907357972115278,0.375,0.5
6,3191,0.0001,0.8586584329605103,0.8529589176177979,0.005699543282389641,0.25,0.375
6,3192,0.0001,1.1194145679473877,1.1126437187194824,0.00677083432674408,0.125,0.25
6,3193,0.0001,0.9168272018432617,0.889737606048584,0.02708958089351654,0.125,0.125
6,3194,0.0001,0.9451655149459839,0.9259278774261475,0.019237659871578217,0.25,0.25
6,3195,0.0001,1.1136009693145752,1.1064814329147339,0.007119550369679928,0.0,0.125
6,3196,0.0001,0.9825611710548401,0.9768600463867188,0.005701121408492327,0.125,0.25
6,3197,0.0001,0.8767220973968506,0.8708794713020325,0.005842651706188917,0.25,0.375
6,3198,0.0001,0.5673343539237976,0.5549778938293457,0.012356488034129143,0.5,0.625
6,3199,0.0001,0.5888688564300537,0.5658431053161621,0.023025736212730408,0.625,0.625
6,3200,0.0001,0.9726250171661377,0.9036604166030884,0.06896460801362991,0.375,0.375
6,3201,0.0001,1.110612392425537,1.0844345092773438,0.02617793157696724,0.125,0.25
6,3202,0.0001,0.5800290703773499,0.5659528374671936,0.01407624501734972,0.5,0.625
6,3203,0.0001,0.9284331202507019,0.9238830804824829,0.004550066776573658,0.25,0.375
6,3204,0.0001,0.959449291229248,0.9287463426589966,0.03070296347141266,0.25,0.375
6,3205,0.0001,1.1190736293792725,1.1095576286315918,0.009516026824712753,0.125,0.25
6,3206,0.0001,0.966771125793457,0.9361713528633118,0.030599769204854965,0.25,0.375
6,3207,0.0001,0.8719120025634766,0.8346396684646606,0.037272319197654724,0.375,0.375
6,3208,0.0001,0.5928690433502197,0.5661842823028564,0.026684777811169624,0.625,0.625
6,3209,0.0001,0.8281434774398804,0.796283483505249,0.03185996785759926,0.375,0.375
6,3210,0.0001,0.5937226414680481,0.5722759366035461,0.02144668996334076,0.375,0.625
6,3211,0.0001,0.8725432753562927,0.8442980051040649,0.028245262801647186,0.25,0.375
6,3212,0.0001,0.5429456830024719,0.521608829498291,0.021336853504180908,0.5,0.625
6,3213,0.0001,0.9249804019927979,0.9232568740844727,0.0017235474660992622,0.25,0.375
6,3214,0.0001,0.9400040507316589,0.9214579463005066,0.018546080216765404,0.25,0.375
6,3215,0.0001,0.8891121745109558,0.8761309385299683,0.012981254607439041,0.25,0.25
6,3216,0.0001,0.5933695435523987,0.5732358694076538,0.02013368159532547,0.5,0.625
6,3217,0.0001,0.7615380883216858,0.7370498776435852,0.02448819763958454,0.5,0.5
6,3218,0.0001,0.9694516658782959,0.9620039463043213,0.007447739131748676,0.25,0.25
6,3219,0.0001,0.5860158205032349,0.5741361379623413,0.011879698373377323,0.5,0.625
6,3220,0.0001,1.0033539533615112,0.9914306998252869,0.011923225596547127,0.125,0.125
6,3221,0.0001,1.0557825565338135,1.0466490983963013,0.00913348887115717,0.125,0.25
6,3222,0.0001,0.7937160134315491,0.7776868343353271,0.016029193997383118,0.25,0.375
6,3223,0.0001,0.9229177236557007,0.9188036918640137,0.004114016890525818,0.375,0.375
6,3224,0.0001,0.25043952465057373,0.23293903470039368,0.0175005029886961,0.5,0.875
6,3225,0.0001,0.8011140823364258,0.7698351144790649,0.03127897530794144,0.0,0.5
6,3226,0.0001,0.36581656336784363,0.35536402463912964,0.010452534072101116,0.625,0.75
6,3227,0.0001,1.1599571704864502,1.1480419635772705,0.01191524788737297,0.0,0.125
6,3228,0.0001,0.7461123466491699,0.7390041351318359,0.007108193356543779,0.5,0.5
6,3229,0.0001,0.5772943496704102,0.5564957857131958,0.020798571407794952,0.625,0.625
6,3230,0.0001,0.750995934009552,0.7438966035842896,0.007099303416907787,0.375,0.5
6,3231,0.0001,0.602415919303894,0.5798878073692322,0.022528134286403656,0.375,0.625
6,3232,0.0001,0.7909524440765381,0.7573824524879456,0.033569999039173126,0.375,0.5
6,3233,0.0001,0.9533728957176208,0.9429082274436951,0.010464683175086975,0.25,0.375
6,3234,0.0001,0.9820336699485779,0.9704675674438477,0.011566095054149628,0.25,0.25
6,3235,0.0001,0.6066438555717468,0.5766736268997192,0.02997022122144699,0.5,0.625
6,3236,0.0001,0.6362822651863098,0.6039013862609863,0.032380878925323486,0.25,0.625
6,3237,0.0001,0.7446104884147644,0.7343167066574097,0.01029377244412899,0.375,0.5
6,3238,0.0001,0.6014878153800964,0.5968783497810364,0.00460949307307601,0.25,0.625
6,3239,0.0001,0.8930820226669312,0.8852723240852356,0.007809676229953766,0.375,0.375
6,3240,0.0001,0.9256147742271423,0.9076002240180969,0.018014539033174515,0.375,0.375
6,3241,0.0001,0.6310520768165588,0.6248590350151062,0.0061930580995976925,0.125,0.625
6,3242,0.0001,0.8184573650360107,0.8119264841079712,0.0065308744087815285,0.125,0.375
6,3243,0.0001,0.859786868095398,0.8498566746711731,0.009930193424224854,0.125,0.25
6,3244,0.0001,0.49466970562934875,0.4754766523838043,0.019193055108189583,0.5,0.5
6,3245,0.0001,0.8644728660583496,0.858574390411377,0.005898470990359783,0.125,0.125
6,3246,0.0001,0.680431067943573,0.6739497184753418,0.006481366232037544,0.375,0.5
6,3247,0.0001,0.7745599746704102,0.7568490505218506,0.017710896208882332,0.25,0.5
6,3248,0.0001,1.1264913082122803,1.1228594779968262,0.0036318721249699593,0.0,0.25
6,3249,0.0001,0.5924229025840759,0.5592950582504272,0.03312782943248749,0.375,0.5
6,3250,0.0001,0.7530478239059448,0.7461780905723572,0.0068697198294103146,0.5,0.5
6,3251,0.0001,0.6286861300468445,0.613837718963623,0.014848393388092518,0.375,0.625
6,3252,0.0001,0.5284286141395569,0.5181190967559814,0.010309509001672268,0.25,0.5
6,3253,0.0001,0.9227926731109619,0.9172438383102417,0.005548813380300999,0.375,0.375
6,3254,0.0001,0.38930124044418335,0.37691253423690796,0.012388700619339943,0.75,0.75
6,3255,0.0001,1.002805471420288,0.9977346658706665,0.005070785991847515,0.25,0.25
6,3256,0.0001,0.4161264896392822,0.3919675350189209,0.024158954620361328,0.625,0.75
6,3257,0.0001,1.2810721397399902,1.2715789079666138,0.009493249468505383,0.125,0.125
6,3258,0.0001,0.9301509261131287,0.9105392694473267,0.019611677154898643,0.375,0.375
6,3259,0.0001,1.4733564853668213,1.4283273220062256,0.045029185712337494,0.0,0.0
6,3260,0.0001,0.8410736322402954,0.7837015390396118,0.0573720708489418,0.125,0.375
6,3261,0.0001,0.3983948528766632,0.39070871472358704,0.007686150260269642,0.375,0.75
6,3262,0.0001,1.0203949213027954,0.990354597568512,0.030040331184864044,0.0,0.25
6,3263,0.0001,0.9478399753570557,0.9424451589584351,0.005394799634814262,0.125,0.375
6,3264,0.0001,0.9660895466804504,0.9389524459838867,0.027137091383337975,0.125,0.375
6,3265,0.0001,1.294245958328247,1.2778698205947876,0.016376137733459473,0.125,0.125
6,3266,0.0001,0.7145202159881592,0.63454669713974,0.07997351884841919,0.375,0.5
6,3267,0.0001,1.2871291637420654,1.263049602508545,0.0240795835852623,0.0,0.125
6,3268,0.0001,0.7692450284957886,0.7568408250808716,0.012404229491949081,0.25,0.5
6,3269,0.0001,0.7918383479118347,0.7612605094909668,0.030577845871448517,0.375,0.5
6,3270,0.0001,0.5209922194480896,0.5064988732337952,0.01449333131313324,0.5,0.625
6,3271,0.0001,0.12459657341241837,0.10056494176387787,0.024031631648540497,0.5,0.875
6,3272,0.0001,0.7822094559669495,0.7438428401947021,0.03836662694811821,0.375,0.5
6,3273,0.0001,1.051093578338623,0.9820632934570312,0.06903029978275299,0.125,0.125
6,3274,0.0001,0.6853687763214111,0.675524115562439,0.00984463281929493,0.125,0.5
6,3275,0.0001,0.8675121665000916,0.8435462713241577,0.023965874686837196,0.25,0.375
6,3276,0.0001,0.45212289690971375,0.4406975209712982,0.011425369419157505,0.5,0.625
6,3277,0.0001,0.7509057521820068,0.7398985624313354,0.011007178574800491,0.25,0.5
6,3278,0.0001,0.5029095411300659,0.48356059193611145,0.01934896782040596,0.375,0.625
6,3279,0.0001,0.6935670971870422,0.6602097749710083,0.03335730731487274,0.125,0.5
6,3280,0.0001,0.9265162944793701,0.9064423441886902,0.02007393352687359,0.0,0.375
6,3281,0.0001,0.8974601030349731,0.8902423977851868,0.007217675447463989,0.375,0.375
6,3282,0.0001,0.4292565584182739,0.419706791639328,0.009549773298203945,0.625,0.625
6,3283,0.0001,0.814855694770813,0.8075559735298157,0.007299694232642651,0.25,0.375
6,3284,0.0001,0.8458471298217773,0.8255590200424194,0.020288139581680298,0.375,0.375
6,3285,0.0001,0.7084665298461914,0.697342038154602,0.011124473996460438,0.5,0.5
6,3286,0.0001,1.0974892377853394,1.0885136127471924,0.008975637145340443,0.125,0.25
6,3287,0.0001,0.4243674874305725,0.4034891128540039,0.020878372713923454,0.625,0.625
6,3288,0.0001,0.44200167059898376,0.43066132068634033,0.011340339668095112,0.375,0.75
6,3289,0.0001,0.5861467719078064,0.5740988850593567,0.012047873809933662,0.375,0.625
6,3290,0.0001,1.087024450302124,1.073946237564087,0.013078190386295319,0.25,0.25
6,3291,0.0001,0.4382307529449463,0.4205136001110077,0.017717164009809494,0.625,0.625
6,3292,0.0001,0.5592946410179138,0.5505192279815674,0.00877538975328207,0.625,0.625
6,3293,0.0001,1.2862025499343872,1.2718313932418823,0.01437115203589201,0.125,0.125
6,3294,0.0001,0.6244475841522217,0.6150126457214355,0.009434950537979603,0.25,0.5
6,3295,0.0001,0.8402010202407837,0.8251982927322388,0.015002744272351265,0.25,0.375
6,3296,0.0001,0.9719179272651672,0.9180736541748047,0.05384429544210434,0.25,0.375
6,3297,0.0001,0.9654116630554199,0.9546432495117188,0.010768428444862366,0.0,0.25
6,3298,0.0001,0.5968424677848816,0.5764436721801758,0.020398806780576706,0.5,0.625
6,3299,0.0001,0.44380056858062744,0.41984015703201294,0.023960426449775696,0.375,0.75
6,3300,0.0001,0.4361235797405243,0.4223270118236542,0.013796570710837841,0.625,0.625
6,3301,0.0001,0.7589091658592224,0.7504829168319702,0.008426257409155369,0.125,0.5
6,3302,0.0001,0.5998711585998535,0.5819593667984009,0.017911791801452637,0.375,0.625
6,3303,0.0001,0.22014614939689636,0.19969628751277924,0.020449869334697723,0.875,0.875
6,3304,0.0001,1.2860033512115479,1.2717089653015137,0.014294421300292015,0.125,0.125
6,3305,0.0001,0.5736228227615356,0.5656356811523438,0.00798711646348238,0.5,0.625
6,3306,0.0001,0.6057897806167603,0.5799000263214111,0.025889774784445763,0.5,0.625
6,3307,0.0001,0.7272981405258179,0.7221474647521973,0.005150649230927229,0.375,0.5
6,3308,0.0001,0.6293363571166992,0.6140004992485046,0.015335884876549244,0.5,0.5
6,3309,0.0001,0.7418122887611389,0.7326955795288086,0.009116686880588531,0.5,0.5
6,3310,0.0001,0.6908100843429565,0.677810788154602,0.01299927569925785,0.25,0.5
6,3311,0.0001,0.4638719856739044,0.42340487241744995,0.04046710208058357,0.5,0.625
6,3312,0.0001,1.0398777723312378,1.0323138236999512,0.007563962135463953,0.125,0.25
6,3313,0.0001,0.7509793043136597,0.7405147552490234,0.010464536026120186,0.5,0.5
6,3314,0.0001,0.586601197719574,0.5684497356414795,0.01815144717693329,0.5,0.625
6,3315,0.0001,0.9505849480628967,0.9398682117462158,0.010716725140810013,0.25,0.375
6,3316,0.0001,1.1049485206604004,1.0901589393615723,0.01478954590857029,0.25,0.25
6,3317,0.0001,0.9010711908340454,0.8929001092910767,0.008171077817678452,0.375,0.375
6,3318,0.0001,0.8465891480445862,0.8333762288093567,0.01321291085332632,0.125,0.375
6,3319,0.0001,0.7390487194061279,0.7163412570953369,0.022707484662532806,0.375,0.5
6,3320,0.0001,0.5678595900535583,0.5445640087127686,0.023295555263757706,0.375,0.5
6,3321,0.0001,0.9781944155693054,0.965205729007721,0.012988695874810219,0.0,0.375
6,3322,0.0001,0.9386343359947205,0.9262657165527344,0.0123686408624053,0.25,0.375
6,3323,0.0001,0.581748902797699,0.5680297017097473,0.013719195500016212,0.5,0.625
6,3324,0.0001,0.932105541229248,0.9170888066291809,0.015016729012131691,0.375,0.375
6,3325,0.0001,0.9109370112419128,0.9068697690963745,0.004067271016538143,0.25,0.375
6,3326,0.0001,0.38258373737335205,0.3791425824165344,0.00344115705229342,0.625,0.75
6,3327,0.0001,0.7581222057342529,0.738633394241333,0.019488809630274773,0.5,0.5
6,3328,0.0001,0.3923971354961395,0.3823799788951874,0.010017170570790768,0.625,0.75
6,3329,0.0001,0.7452829480171204,0.7364577651023865,0.008825181052088737,0.5,0.5
6,3330,0.0001,0.7407041788101196,0.7269823551177979,0.013721823692321777,0.375,0.5
6,3331,0.0001,1.1271392107009888,1.110668659210205,0.01647060737013817,0.125,0.25
6,3332,0.0001,0.9991410970687866,0.9167873859405518,0.08235369622707367,0.25,0.375
6,3333,0.0001,0.7516719102859497,0.7312355041503906,0.020436406135559082,0.5,0.5
6,3334,0.0001,0.6316353678703308,0.6226497292518616,0.00898563303053379,0.5,0.5
6,3335,0.0001,0.744337260723114,0.730538010597229,0.013799266889691353,0.5,0.5
6,3336,0.0001,0.5720399022102356,0.5547337532043457,0.017306171357631683,0.5,0.5
6,3337,0.0001,0.7684298157691956,0.7340211868286133,0.03440864011645317,0.375,0.5
6,3338,0.0001,0.7700636386871338,0.7577409744262695,0.012322667054831982,0.375,0.5
6,3339,0.0001,0.9179580807685852,0.9106218218803406,0.007336276117712259,0.375,0.375
6,3340,0.0001,0.7889832258224487,0.7510281205177307,0.03795510530471802,0.375,0.5
6,3341,0.0001,1.4694437980651855,1.4693074226379395,0.0001363279006909579,0.0,0.0
7,3342,0.0001,0.7339761853218079,0.7087816596031189,0.02519453689455986,0.5,0.5
7,3343,0.0001,1.1027129888534546,1.0923348665237427,0.01037818007171154,0.25,0.25
7,3344,0.0001,0.7441679239273071,0.7376142740249634,0.006553678307682276,0.5,0.5
7,3345,0.0001,0.7557948231697083,0.7359364628791809,0.01985837146639824,0.5,0.5
7,3346,0.0001,0.7186427712440491,0.7093875408172607,0.009255226701498032,0.25,0.5
7,3347,0.0001,1.1599280834197998,1.1300851106643677,0.02984297275543213,0.0,0.25
7,3348,0.0001,1.0891849994659424,1.0827393531799316,0.006445595994591713,0.25,0.25
7,3349,0.0001,0.9507087469100952,0.9438524842262268,0.006856265477836132,0.25,0.375
7,3350,0.0001,0.9465988874435425,0.9303151369094849,0.01628372073173523,0.25,0.25
7,3351,0.0001,0.4938752353191376,0.47366809844970703,0.020207123830914497,0.25,0.625
7,3352,0.0001,0.9668925404548645,0.934490442276001,0.032402101904153824,0.25,0.375
7,3353,0.0001,0.9186183214187622,0.8923994302749634,0.026218906044960022,0.375,0.375
7,3354,0.0001,0.7702101469039917,0.7658901810646057,0.004319948144257069,0.25,0.5
7,3355,0.0001,0.7910473942756653,0.7774567604064941,0.013590609654784203,0.125,0.5
7,3356,0.0001,0.5851944088935852,0.5801960229873657,0.004998412448912859,0.375,0.625
7,3357,0.0001,1.1192456483840942,1.1069614887237549,0.012284187600016594,0.125,0.25
7,3358,0.0001,0.6053400039672852,0.5723285675048828,0.03301144391298294,0.5,0.625
7,3359,0.0001,1.0379772186279297,1.0005155801773071,0.03746166080236435,0.125,0.125
7,3360,0.0001,0.5748772621154785,0.5614120960235596,0.01346518937498331,0.5,0.625
7,3361,0.0001,0.5636982917785645,0.5594895482063293,0.004208739846944809,0.5,0.625
7,3362,0.0001,0.754626989364624,0.737383246421814,0.017243728041648865,0.5,0.5
7,3363,0.0001,0.9501599669456482,0.9070510864257812,0.043108854442834854,0.375,0.375
7,3364,0.0001,0.7586112022399902,0.7554358243942261,0.0031753629446029663,0.375,0.5
7,3365,0.0001,1.099907636642456,1.0843944549560547,0.015513228252530098,0.25,0.25
7,3366,0.0001,0.8678896427154541,0.857020378112793,0.010869248770177364,0.25,0.375
7,3367,0.0001,0.6596956849098206,0.6476972103118896,0.011998490430414677,0.125,0.5
7,3368,0.0001,0.21778233349323273,0.1942175328731537,0.02356480062007904,0.625,0.875
7,3369,0.0001,1.1254929304122925,1.1077133417129517,0.017779640853405,0.125,0.25
7,3370,0.0001,0.7492247819900513,0.7327306866645813,0.01649407297372818,0.5,0.5
7,3371,0.0001,1.1026321649551392,1.09395432472229,0.008677879348397255,0.125,0.125
7,3372,0.0001,0.9409041404724121,0.912975013256073,0.027929119765758514,0.375,0.375
7,3373,0.0001,1.1087915897369385,1.1004033088684082,0.008388272486627102,0.125,0.25
7,3374,0.0001,0.931749701499939,0.9158235788345337,0.01592610962688923,0.375,0.375
7,3375,0.0001,1.1830135583877563,1.1715130805969238,0.011500421911478043,0.0,0.125
7,3376,0.0001,1.085883378982544,1.0821659564971924,0.0037173873279243708,0.25,0.25
7,3377,0.0001,1.290664792060852,1.278158187866211,0.012506597675383091,0.125,0.125
7,3378,0.0001,1.076407790184021,1.0535328388214111,0.022874945774674416,0.25,0.25
7,3379,0.0001,0.7714393138885498,0.7331109046936035,0.03832843527197838,0.5,0.5
7,3380,0.0001,0.4095678925514221,0.3849005103111267,0.024667397141456604,0.75,0.75
7,3381,0.0001,0.8648297786712646,0.8531020879745483,0.01172766461968422,0.25,0.25
7,3382,0.0001,0.7635132074356079,0.7436251640319824,0.019888032227754593,0.375,0.5
7,3383,0.0001,0.6439027190208435,0.642524003982544,0.0013787408825010061,0.5,0.5
7,3384,0.0001,0.7956622838973999,0.7760795950889587,0.019582660868763924,0.25,0.5
7,3385,0.0001,0.24993914365768433,0.23666739463806152,0.013271741569042206,0.75,0.875
7,3386,0.0001,0.23997417092323303,0.22935697436332703,0.01061719749122858,0.75,0.875
7,3387,0.0001,0.5609984397888184,0.5227113366127014,0.03828708454966545,0.5,0.625
7,3388,0.0001,0.6898956894874573,0.6686835885047913,0.021212119609117508,0.25,0.375
7,3389,0.0001,0.9299516677856445,0.916535496711731,0.013416181318461895,0.375,0.375
7,3390,0.0001,0.5656188726425171,0.5525628328323364,0.013056018389761448,0.5,0.625
7,3391,0.0001,0.6841030716896057,0.6714707612991333,0.012632288038730621,0.375,0.5
7,3392,0.0001,0.5920354723930359,0.5863370895385742,0.005698393099009991,0.375,0.625
7,3393,0.0001,0.5243884325027466,0.5130583047866821,0.01133013516664505,0.375,0.5
7,3394,0.0001,0.9276119470596313,0.9163112044334412,0.011300748214125633,0.375,0.375
7,3395,0.0001,1.0808957815170288,1.0442618131637573,0.03663400560617447,0.25,0.25
7,3396,0.0001,0.260236531496048,0.20397740602493286,0.056259121745824814,0.75,0.875
7,3397,0.0001,0.9568377733230591,0.9333757162094116,0.0234620813280344,0.125,0.375
7,3398,0.0001,0.27497339248657227,0.25940921902656555,0.01556418091058731,0.5,0.75
7,3399,0.0001,0.2411825805902481,0.2273646891117096,0.013817887753248215,0.5,0.75
7,3400,0.0001,0.76580810546875,0.7549388408660889,0.01086929440498352,0.375,0.5
7,3401,0.0001,0.9266549348831177,0.9188268184661865,0.007828105241060257,0.375,0.375
7,3402,0.0001,0.9104815721511841,0.8995368480682373,0.010944729670882225,0.375,0.375
7,3403,0.0001,0.9429831504821777,0.9258947372436523,0.017088431864976883,0.25,0.375
7,3404,0.0001,0.8982683420181274,0.8787193298339844,0.019548987969756126,0.375,0.375
7,3405,0.0001,0.8629351258277893,0.8208785653114319,0.04205653816461563,0.375,0.375
7,3406,0.0001,1.113193154335022,1.0873260498046875,0.02586716040968895,0.25,0.25
7,3407,0.0001,0.5784983038902283,0.5498684644699097,0.028629867359995842,0.625,0.625
7,3408,0.0001,1.0658334493637085,1.0438379049301147,0.021995525807142258,0.125,0.25
7,3409,0.0001,0.24897734820842743,0.23333477973937988,0.015642568469047546,0.75,0.875
7,3410,0.0001,0.7474629878997803,0.7376985549926758,0.009764418005943298,0.5,0.5
7,3411,0.0001,0.7964128851890564,0.7720133662223816,0.024399543181061745,0.375,0.375
7,3412,0.0001,0.6799598932266235,0.6773816347122192,0.0025782552547752857,0.5,0.5
7,3413,0.0001,0.7964617609977722,0.7716096639633179,0.02485210821032524,0.25,0.5
7,3414,0.0001,0.473537415266037,0.4692631959915161,0.004274205304682255,0.25,0.5
7,3415,0.0001,0.7553455233573914,0.7453737258911133,0.00997177604585886,0.5,0.5
7,3416,0.0001,0.5888054370880127,0.5787684917449951,0.010036947205662727,0.5,0.625
7,3417,0.0001,0.6349490284919739,0.6282174587249756,0.006731596775352955,0.375,0.5
7,3418,0.0001,0.9557505249977112,0.9288042783737183,0.02694624289870262,0.125,0.375
7,3419,0.0001,0.7725176215171814,0.7520294189453125,0.020488202571868896,0.375,0.5
7,3420,0.0001,1.1107641458511353,1.1004307270050049,0.010333435609936714,0.125,0.25
7,3421,0.0001,0.4357908070087433,0.40854790806770325,0.02724289894104004,0.5,0.75
7,3422,0.0001,0.6088253259658813,0.5987309217453003,0.01009440142661333,0.375,0.625
7,3423,0.0001,0.7143545150756836,0.7028921246528625,0.011462417431175709,0.125,0.5
7,3424,0.0001,0.7998976111412048,0.785017728805542,0.014879902824759483,0.125,0.375
7,3425,0.0001,0.937680184841156,0.88913893699646,0.048541225492954254,0.25,0.375
7,3426,0.0001,1.0423126220703125,1.036698818206787,0.005613857880234718,0.25,0.25
7,3427,0.0001,1.0098276138305664,0.9923938512802124,0.017433784902095795,0.0,0.25
7,3428,0.0001,0.6402989029884338,0.5809428691864014,0.059356044977903366,0.5,0.5
7,3429,0.0001,0.9613977074623108,0.9456567764282227,0.015740908682346344,0.125,0.375
7,3430,0.0001,0.8802996277809143,0.8618141412734985,0.018485480919480324,0.0,0.25
7,3431,0.0001,0.5954457521438599,0.5798805952072144,0.015565138310194016,0.375,0.625
7,3432,0.0001,0.9178792238235474,0.9026517271995544,0.015227499417960644,0.375,0.375
7,3433,0.0001,0.7837302088737488,0.7559568285942078,0.027773378416895866,0.375,0.5
7,3434,0.0001,0.7865184545516968,0.7566817998886108,0.029836667701601982,0.375,0.5
7,3435,0.0001,1.1001594066619873,1.0722054243087769,0.02795393392443657,0.25,0.25
7,3436,0.0001,0.4214363098144531,0.399648517370224,0.021787798032164574,0.5,0.75
7,3437,0.0001,0.9157403707504272,0.9013521671295166,0.014388231560587883,0.375,0.375
7,3438,0.0001,0.7748831510543823,0.7667948007583618,0.008088372647762299,0.25,0.5
7,3439,0.0001,0.4653765857219696,0.44870370626449585,0.0166728924959898,0.25,0.75
7,3440,0.0001,1.2455050945281982,1.2371196746826172,0.008385375142097473,0.0,0.125
7,3441,0.0001,0.9452097415924072,0.9305868148803711,0.0146229462698102,0.0,0.375
7,3442,0.0001,0.6145561933517456,0.5999735593795776,0.014582628384232521,0.375,0.5
7,3443,0.0001,0.2515694797039032,0.23382943868637085,0.01774003356695175,0.5,0.875
7,3444,0.0001,0.5985965132713318,0.5868520736694336,0.01174444705247879,0.375,0.625
7,3445,0.0001,0.3656279742717743,0.3547160029411316,0.010911972261965275,0.625,0.75
7,3446,0.0001,0.46485093235969543,0.4469125270843506,0.0179383996874094,0.5,0.625
7,3447,0.0001,0.9309939742088318,0.9123834371566772,0.01861053705215454,0.375,0.375
7,3448,0.0001,0.7464461922645569,0.737880289554596,0.008565906435251236,0.5,0.5
7,3449,0.0001,0.6648052930831909,0.6396701335906982,0.025135133415460587,0.25,0.5
7,3450,0.0001,1.1021428108215332,1.0908384323120117,0.011304402723908424,0.0,0.25
7,3451,0.0001,0.9415534734725952,0.9245731830596924,0.01698026992380619,0.375,0.375
7,3452,0.0001,0.7065749168395996,0.7023208141326904,0.004254104103893042,0.25,0.5
7,3453,0.0001,1.2433013916015625,1.2285089492797852,0.01479249820113182,0.125,0.125
7,3454,0.0001,0.8416109085083008,0.8263351917266846,0.015275727957487106,0.0,0.375
7,3455,0.0001,0.9198120832443237,0.8829597234725952,0.03685236722230911,0.375,0.375
7,3456,0.0001,0.7573633193969727,0.7460609078407288,0.011302401311695576,0.375,0.5
7,3457,0.0001,0.7560269236564636,0.7392259836196899,0.01680092327296734,0.5,0.5
7,3458,0.0001,0.6433494091033936,0.616572916507721,0.026776477694511414,0.25,0.5
7,3459,0.0001,0.9270596504211426,0.9239654541015625,0.0030941853765398264,0.125,0.375
7,3460,0.0001,0.5806365609169006,0.5711377263069153,0.009498845785856247,0.375,0.625
7,3461,0.0001,0.5965160727500916,0.5826878547668457,0.013828231021761894,0.375,0.625
7,3462,0.0001,0.7112467288970947,0.6923454999923706,0.018901215866208076,0.5,0.5
7,3463,0.0001,1.2572219371795654,1.2370691299438477,0.020152829587459564,0.0,0.125
7,3464,0.0001,0.6143096089363098,0.5982339978218079,0.01607559621334076,0.375,0.625
7,3465,0.0001,0.7289130091667175,0.7246360778808594,0.004276949912309647,0.5,0.5
7,3466,0.0001,0.9472850561141968,0.938630998134613,0.008654048666357994,0.125,0.375
7,3467,0.0001,0.944739580154419,0.9137407541275024,0.03099880740046501,0.125,0.25
7,3468,0.0001,0.7556857466697693,0.7421852946281433,0.013500427827239037,0.25,0.5
7,3469,0.0001,0.6141323447227478,0.5990113019943237,0.01512105017900467,0.25,0.5
7,3470,0.0001,0.45078879594802856,0.43666887283325195,0.014119933359324932,0.625,0.625
7,3471,0.0001,0.6431833505630493,0.6349036693572998,0.008279699832201004,0.25,0.5
7,3472,0.0001,0.7109829187393188,0.7035582065582275,0.007424733601510525,0.5,0.5
7,3473,0.0001,0.22573599219322205,0.21710486710071564,0.008631118573248386,0.75,0.875
7,3474,0.0001,0.8091251850128174,0.8006411790847778,0.00848399754613638,0.375,0.375
7,3475,0.0001,0.7528446316719055,0.7399532198905945,0.012891419231891632,0.5,0.5
7,3476,0.0001,0.7277161478996277,0.7241548299789429,0.0035613197833299637,0.5,0.5
7,3477,0.0001,0.9240952730178833,0.9127342104911804,0.01136104017496109,0.25,0.375
7,3478,0.0001,0.5812934637069702,0.5640139579772949,0.01727949269115925,0.625,0.625
7,3479,0.0001,0.5725722312927246,0.5669611692428589,0.005611084867268801,0.5,0.625
7,3480,0.0001,0.8257628083229065,0.819461464881897,0.00630131596699357,0.375,0.375
7,3481,0.0001,0.946051299571991,0.9398518800735474,0.006199399475008249,0.25,0.375
7,3482,0.0001,0.919165849685669,0.9143675565719604,0.00479828892275691,0.375,0.375
7,3483,0.0001,0.7335911393165588,0.7205402255058289,0.013050905428826809,0.5,0.5
7,3484,0.0001,0.6552684307098389,0.638332188129425,0.016936229541897774,0.375,0.5
7,3485,0.0001,0.9260366559028625,0.9199929237365723,0.006043725647032261,0.25,0.375
7,3486,0.0001,0.9273084402084351,0.9114177823066711,0.01589067280292511,0.375,0.375
7,3487,0.0001,0.21387705206871033,0.20222319662570953,0.011653854511678219,0.875,0.875
7,3488,0.0001,0.5835251212120056,0.5656660795211792,0.01785902865231037,0.5,0.625
7,3489,0.0001,0.7147447466850281,0.7049675583839417,0.009777192026376724,0.375,0.5
7,3490,0.0001,1.1226990222930908,1.103675365447998,0.01902369223535061,0.125,0.25
7,3491,0.0001,0.15335717797279358,0.15015436708927155,0.003202818101271987,0.5,0.875
7,3492,0.0001,0.958468496799469,0.9359240531921387,0.022544454783201218,0.125,0.375
7,3493,0.0001,0.800179660320282,0.7912724018096924,0.008907278999686241,0.375,0.375
7,3494,0.0001,1.2866671085357666,1.2808458805084229,0.005821190308779478,0.125,0.125
7,3495,0.0001,0.8340280055999756,0.8139826059341431,0.020045403391122818,0.375,0.375
7,3496,0.0001,0.25420454144477844,0.24874787032604218,0.005456665530800819,0.5,0.75
7,3497,0.0001,0.7708061337471008,0.7445459365844727,0.026260225102305412,0.375,0.5
7,3498,0.0001,0.36650362610816956,0.3509688973426819,0.015534721314907074,0.75,0.75
7,3499,0.0001,0.42785510420799255,0.40844494104385376,0.01941017434000969,0.5,0.75
7,3500,0.0001,0.5640376210212708,0.5595244765281677,0.00451313890516758,0.5,0.625
7,3501,0.0001,0.5642876029014587,0.550368070602417,0.013919509947299957,0.625,0.625
7,3502,0.0001,0.9852586984634399,0.959386944770813,0.025871776044368744,0.125,0.375
7,3503,0.0001,0.7484467029571533,0.7424994707107544,0.0059472038410604,0.5,0.5
7,3504,0.0001,0.5987149477005005,0.5757505297660828,0.022964397445321083,0.375,0.625
7,3505,0.0001,0.9193037152290344,0.9159497022628784,0.0033540192525833845,0.375,0.375
7,3506,0.0001,0.7443671226501465,0.7413613200187683,0.0030057798139750957,0.5,0.5
7,3507,0.0001,0.9569404721260071,0.9383866786956787,0.018553808331489563,0.25,0.375
7,3508,0.0001,0.7786732316017151,0.7531870007514954,0.025486255064606667,0.375,0.5
7,3509,0.0001,0.7877543568611145,0.7735158205032349,0.0142385084182024,0.375,0.375
7,3510,0.0001,0.7122567892074585,0.6973968744277954,0.01485990360379219,0.375,0.5
7,3511,0.0001,0.6032070517539978,0.6008002758026123,0.002406763844192028,0.5,0.5
7,3512,0.0001,0.040382545441389084,0.028386157006025314,0.01199638843536377,0.875,1.0
7,3513,0.0001,0.5742484331130981,0.5543922781944275,0.019856160506606102,0.25,0.5
7,3514,0.0001,0.40640926361083984,0.3991089463233948,0.007300318218767643,0.5,0.75
7,3515,0.0001,1.1631883382797241,1.1327139139175415,0.030474379658699036,0.0,0.0
7,3516,0.0001,0.8784512877464294,0.8685452938079834,0.009905975311994553,0.125,0.125
7,3517,0.0001,0.9157095551490784,0.8844096064567566,0.03129996359348297,0.0,0.125
7,3518,0.0001,1.095296859741211,1.0778119564056396,0.017484845593571663,0.25,0.25
7,3519,0.0001,0.7940698862075806,0.7797422409057617,0.014327634125947952,0.25,0.375
7,3520,0.0001,0.40957462787628174,0.39052125811576843,0.01905335858464241,0.625,0.75
7,3521,0.0001,0.811355710029602,0.7615119814872742,0.04984375834465027,0.125,0.375
7,3522,0.0001,0.7946837544441223,0.7416262626647949,0.053057488054037094,0.375,0.5
7,3523,0.0001,0.8725160956382751,0.8515228033065796,0.020993316546082497,0.125,0.375
7,3524,0.0001,0.5235722064971924,0.4979294538497925,0.02564275823533535,0.25,0.5
7,3525,0.0001,0.9363855719566345,0.9246854186058044,0.011700129136443138,0.25,0.375
7,3526,0.0001,0.394106924533844,0.38331925868988037,0.010787654668092728,0.625,0.75
7,3527,0.0001,1.2336146831512451,1.2051637172698975,0.028450999408960342,0.125,0.125
7,3528,0.0001,0.4535825550556183,0.4391862154006958,0.014396348036825657,0.5,0.625
7,3529,0.0001,0.6228300333023071,0.6078301668167114,0.01499988604336977,0.375,0.625
7,3530,0.0001,0.9543203115463257,0.9496384263038635,0.004681899677962065,0.25,0.375
7,3531,0.0001,0.9318525791168213,0.9243720769882202,0.00748047512024641,0.25,0.375
7,3532,0.0001,1.0858298540115356,1.0299731492996216,0.055856745690107346,0.25,0.25
7,3533,0.0001,0.5616472363471985,0.5502305030822754,0.011416725814342499,0.625,0.625
7,3534,0.0001,0.920983612537384,0.9124822616577148,0.008501365780830383,0.375,0.375
7,3535,0.0001,0.9285361766815186,0.9190912246704102,0.009444979950785637,0.25,0.375
7,3536,0.0001,0.9342444539070129,0.9177510142326355,0.01649344712495804,0.25,0.375
7,3537,0.0001,0.9724645614624023,0.9553767442703247,0.01708780601620674,0.125,0.25
7,3538,0.0001,1.1620543003082275,1.1508758068084717,0.011178533546626568,0.125,0.125
7,3539,0.0001,0.6346657872200012,0.6294337511062622,0.005232041701674461,0.0,0.625
7,3540,0.0001,0.34765419363975525,0.3279515206813812,0.01970267854630947,0.5,0.75
7,3541,0.0001,0.43410295248031616,0.4211888313293457,0.01291411928832531,0.375,0.75
7,3542,0.0001,1.0995374917984009,1.0868644714355469,0.012673044577240944,0.25,0.25
7,3543,0.0001,0.938920795917511,0.9078385233879089,0.03108229860663414,0.25,0.375
7,3544,0.0001,0.9714171886444092,0.9429476261138916,0.02846955507993698,0.125,0.375
7,3545,0.0001,0.7443822622299194,0.7310366034507751,0.013345632702112198,0.25,0.5
7,3546,0.0001,0.9676921367645264,0.9551678895950317,0.01252426765859127,0.125,0.25
7,3547,0.0001,0.6649675965309143,0.6449748873710632,0.01999271661043167,0.125,0.375
7,3548,0.0001,0.440834641456604,0.4171255826950073,0.023709047585725784,0.375,0.75
7,3549,0.0001,0.5965576767921448,0.5770751237869263,0.019482562318444252,0.5,0.625
7,3550,0.0001,0.70094233751297,0.6776597499847412,0.023282602429389954,0.375,0.5
7,3551,0.0001,1.0169652700424194,0.9838075637817383,0.03315768390893936,0.25,0.25
7,3552,0.0001,0.9214769005775452,0.8840673565864563,0.03740951791405678,0.125,0.25
7,3553,0.0001,1.0002110004425049,0.9547063112258911,0.04550470784306526,0.0,0.25
7,3554,0.0001,0.9359106421470642,0.8995356559753418,0.0363750085234642,0.0,0.125
7,3555,0.0001,0.5752413868904114,0.5497783422470093,0.025463057681918144,0.0,0.125
7,3556,0.0001,0.6010794043540955,0.5885628461837769,0.012516556307673454,0.25,0.625
7,3557,0.0001,0.4069052040576935,0.4019152522087097,0.004989940207451582,0.5,0.75
7,3558,0.0001,0.3835088908672333,0.36153385043144226,0.021975036710500717,0.625,0.75
7,3559,0.0001,0.9744013547897339,0.9268872141838074,0.047514162957668304,0.0,0.25
7,3560,0.0001,0.41688859462738037,0.403639554977417,0.013249031268060207,0.5,0.625
7,3561,0.0001,0.9112024307250977,0.8605532050132751,0.050649210810661316,0.0,0.25
7,3562,0.0001,0.6697269678115845,0.6329858899116516,0.036741048097610474,0.25,0.5
7,3563,0.0001,0.44392967224121094,0.4359208345413208,0.008008847944438457,0.25,0.5
7,3564,0.0001,0.7914977073669434,0.7787234783172607,0.012774234637618065,0.25,0.375
7,3565,0.0001,0.7501530647277832,0.7477024793624878,0.0024505762849003077,0.375,0.5
7,3566,0.0001,0.7604182958602905,0.725879967212677,0.034538332372903824,0.5,0.5
7,3567,0.0001,0.7245564460754395,0.6810460090637207,0.04351043701171875,0.125,0.5
7,3568,0.0001,0.7916999459266663,0.6943750381469727,0.09732488542795181,0.125,0.25
7,3569,0.0001,0.5909807682037354,0.5617738962173462,0.0292068924754858,0.0,0.625
7,3570,0.0001,1.2338507175445557,1.2077813148498535,0.026069387793540955,0.0,0.0
7,3571,0.0001,0.893962025642395,0.8690199851989746,0.0249420627951622,0.125,0.25
7,3572,0.0001,0.4470352232456207,0.43833839893341064,0.008696810342371464,0.375,0.75
7,3573,0.0001,0.2641543745994568,0.2450246661901474,0.019129715859889984,0.625,0.875
7,3574,0.0001,1.1168495416641235,1.0920323133468628,0.02481721341609955,0.125,0.25
7,3575,0.0001,0.40945738554000854,0.3998976945877075,0.00955970212817192,0.5,0.75
7,3576,0.0001,0.8654667735099792,0.8476835489273071,0.01778319664299488,0.25,0.375
7,3577,0.0001,0.4510277509689331,0.4255848526954651,0.025442900136113167,0.5,0.625
7,3578,0.0001,0.4019511640071869,0.3875126242637634,0.014438540674746037,0.75,0.75
7,3579,0.0001,0.4100000262260437,0.3937346041202545,0.01626543700695038,0.625,0.75
7,3580,0.0001,0.7253875732421875,0.7128902077674866,0.012497336603701115,0.375,0.5
7,3581,0.0001,0.6195418834686279,0.6129677295684814,0.00657417718321085,0.25,0.625
7,3582,0.0001,0.9700469374656677,0.9514692425727844,0.018577689304947853,0.25,0.25
7,3583,0.0001,0.9307199120521545,0.9190961122512817,0.011623823083937168,0.25,0.375
7,3584,0.0001,0.8109489679336548,0.771268904209137,0.03968009352684021,0.375,0.375
7,3585,0.0001,0.7635010480880737,0.7506899833679199,0.01281106285750866,0.375,0.5
7,3586,0.0001,0.9263805150985718,0.9177451729774475,0.008635331876575947,0.25,0.375
7,3587,0.0001,0.9452322125434875,0.9269711971282959,0.018261032178997993,0.25,0.375
7,3588,0.0001,0.600823163986206,0.539175271987915,0.06164787709712982,0.25,0.625
7,3589,0.0001,0.6847740411758423,0.6778795719146729,0.006894481368362904,0.375,0.375
7,3590,0.0001,1.0810989141464233,1.0719761848449707,0.009122757241129875,0.125,0.25
7,3591,0.0001,0.7902362942695618,0.7837985157966614,0.006437751464545727,0.375,0.375
7,3592,0.0001,0.7810581922531128,0.7637128829956055,0.017345329746603966,0.375,0.5
7,3593,0.0001,0.23635058104991913,0.23163291811943054,0.004717668984085321,0.625,0.875
7,3594,0.0001,1.1036419868469238,1.0924263000488281,0.011215630918741226,0.25,0.25
7,3595,0.0001,0.4273020029067993,0.39778441190719604,0.029517604038119316,0.5,0.75
7,3596,0.0001,0.8200644254684448,0.7955546379089355,0.02450980246067047,0.375,0.375
7,3597,0.0001,0.47512611746788025,0.4587782025337219,0.01634792797267437,0.5,0.625
7,3598,0.0001,0.6222964525222778,0.5991769433021545,0.023119527846574783,0.375,0.625
7,3599,0.0001,0.5655196309089661,0.5443114638328552,0.021208183839917183,0.5,0.625
7,3600,0.0001,1.0360597372055054,0.9924083948135376,0.043651338666677475,0.125,0.25
7,3601,0.0001,0.5719898343086243,0.546763002872467,0.025226807221770287,0.0,0.5
7,3602,0.0001,0.46239426732063293,0.4538627862930298,0.008531475439667702,0.25,0.75
7,3603,0.0001,0.98939049243927,0.9550401568412781,0.03435034304857254,0.125,0.25
7,3604,0.0001,0.4146614074707031,0.3909893035888672,0.02367210015654564,0.625,0.75
7,3605,0.0001,0.9035848379135132,0.8854624629020691,0.0181223563849926,0.25,0.375
7,3606,0.0001,0.6753448247909546,0.6352609395980835,0.040083903819322586,0.125,0.625
7,3607,0.0001,0.9675309658050537,0.9316861033439636,0.0358448401093483,0.125,0.375
7,3608,0.0001,0.5679983496665955,0.5496706962585449,0.018327629193663597,0.375,0.625
7,3609,0.0001,0.8350241184234619,0.7986189723014832,0.03640517219901085,0.125,0.5
7,3610,0.0001,0.4286500811576843,0.40328311920166016,0.025366950780153275,0.5,0.75
7,3611,0.0001,0.3559557795524597,0.33039331436157227,0.025562457740306854,0.5,0.75
7,3612,0.0001,1.1198699474334717,1.0976834297180176,0.022186575457453728,0.25,0.25
7,3613,0.0001,1.287620186805725,1.2796881198883057,0.007932065986096859,0.125,0.125
7,3614,0.0001,0.5839726328849792,0.5688325762748718,0.015140052884817123,0.5,0.625
7,3615,0.0001,0.7549024224281311,0.71402508020401,0.04087735339999199,0.375,0.5
7,3616,0.0001,1.1018364429473877,1.0922937393188477,0.009542681276798248,0.25,0.25
7,3617,0.0001,0.4165492057800293,0.39431142807006836,0.02223776839673519,0.25,0.625
7,3618,0.0001,0.755556046962738,0.7337280511856079,0.021827977150678635,0.5,0.5
7,3619,0.0001,0.6220674514770508,0.6151731610298157,0.006894283927977085,0.125,0.625
7,3620,0.0001,0.7321562767028809,0.7141402959823608,0.018015962094068527,0.25,0.5
7,3621,0.0001,1.1202775239944458,1.0959217548370361,0.024355735629796982,0.25,0.25
7,3622,0.0001,0.4969414472579956,0.4268348813056946,0.07010656595230103,0.375,0.75
7,3623,0.0001,0.6456692218780518,0.6338984966278076,0.011770710349082947,0.25,0.375
7,3624,0.0001,0.9603878855705261,0.9542515873908997,0.006136306561529636,0.125,0.375
7,3625,0.0001,0.9226886034011841,0.9023262858390808,0.020362291485071182,0.375,0.375
7,3626,0.0001,0.9329662919044495,0.9198418855667114,0.01312442310154438,0.375,0.375
7,3627,0.0001,0.9512893557548523,0.9420372247695923,0.009252138435840607,0.25,0.375
7,3628,0.0001,0.7549499273300171,0.7310187816619873,0.023931143805384636,0.5,0.5
7,3629,0.0001,0.4243278503417969,0.41439858078956604,0.009929255582392216,0.375,0.75
7,3630,0.0001,0.9423863887786865,0.9247250556945801,0.017661357298493385,0.25,0.375
7,3631,0.0001,0.5798728466033936,0.5770470499992371,0.0028257793746888638,0.375,0.625
7,3632,0.0001,0.8285861015319824,0.8074994087219238,0.02108670026063919,0.125,0.375
7,3633,0.0001,0.7528837323188782,0.7307419776916504,0.02214173600077629,0.5,0.5
7,3634,0.0001,0.40871113538742065,0.40036505460739136,0.008346077054738998,0.625,0.75
7,3635,0.0001,0.7404232025146484,0.7264000773429871,0.014023127034306526,0.125,0.375
7,3636,0.0001,0.9046320915222168,0.8937097191810608,0.010922392830252647,0.375,0.375
7,3637,0.0001,0.9766523838043213,0.9716307520866394,0.005021616816520691,0.25,0.25
7,3638,0.0001,1.1004829406738281,1.0887501239776611,0.01173277199268341,0.25,0.25
7,3639,0.0001,0.6980341076850891,0.6841481924057007,0.013885940425097942,0.375,0.5
7,3640,0.0001,0.9274424314498901,0.9202285408973694,0.007213879376649857,0.25,0.375
7,3641,0.0001,0.770496129989624,0.7275674343109131,0.042928680777549744,0.5,0.5
7,3642,0.0001,0.7608982920646667,0.7453231811523438,0.015575138852000237,0.5,0.5
7,3643,0.0001,1.3048242330551147,1.2718385457992554,0.03298567980527878,0.125,0.125
7,3644,0.0001,0.39941611886024475,0.3860298693180084,0.013386244885623455,0.75,0.75
7,3645,0.0001,0.7793813347816467,0.7628716826438904,0.016509665176272392,0.375,0.5
7,3646,0.0001,0.7944879531860352,0.7835690379142761,0.01091890037059784,0.25,0.375
7,3647,0.0001,0.9618805646896362,0.9393786191940308,0.022501938045024872,0.25,0.375
7,3648,0.0001,0.5437232255935669,0.4927322268486023,0.05099098011851311,0.5,0.5
7,3649,0.0001,0.9625386595726013,0.9193309545516968,0.04320770874619484,0.375,0.375
7,3650,0.0001,0.40098559856414795,0.3783279359340668,0.02265765890479088,0.75,0.75
7,3651,0.0001,0.7590364813804626,0.7355903387069702,0.02344617061316967,0.5,0.5
7,3652,0.0001,0.21724389493465424,0.20641961693763733,0.010824272409081459,0.75,0.875
7,3653,0.0001,0.20331725478172302,0.17572416365146637,0.027593083679676056,0.75,0.75
7,3654,0.0001,1.150785207748413,1.1194193363189697,0.031365830451250076,0.125,0.25
7,3655,0.0001,0.6650752425193787,0.6559540033340454,0.009121250361204147,0.375,0.5
7,3656,0.0001,0.6474265456199646,0.6260796189308167,0.0213469211012125,0.25,0.625
7,3657,0.0001,0.2636561393737793,0.21726572513580322,0.04639041796326637,0.5,0.875
7,3658,0.0001,0.42460155487060547,0.41088297963142395,0.013718562200665474,0.625,0.625
7,3659,0.0001,0.7505874633789062,0.7392685413360596,0.011318917386233807,0.5,0.5
7,3660,0.0001,0.8217282295227051,0.8153566122055054,0.006371603347361088,0.25,0.375
7,3661,0.0001,0.8501362800598145,0.8394602537155151,0.010676030069589615,0.125,0.375
7,3662,0.0001,0.5944578051567078,0.5868228673934937,0.007634957320988178,0.25,0.625
7,3663,0.0001,0.08492761105298996,0.07364723086357117,0.011280380189418793,0.625,1.0
7,3664,0.0001,0.6291781067848206,0.6181647777557373,0.011013335548341274,0.25,0.625
7,3665,0.0001,1.117661714553833,1.1047565937042236,0.01290518045425415,0.125,0.25
7,3666,0.0001,0.9455694556236267,0.9245294332504272,0.021040000021457672,0.375,0.375
7,3667,0.0001,0.80034339427948,0.7944394946098328,0.0059039052575826645,0.25,0.25
7,3668,0.0001,0.7764317989349365,0.7593957781791687,0.01703603006899357,0.375,0.5
7,3669,0.0001,0.7073542475700378,0.6929959058761597,0.014358367770910263,0.5,0.5
7,3670,0.0001,0.6276220083236694,0.5954222083091736,0.03219978138804436,0.375,0.625
7,3671,0.0001,0.7583613991737366,0.7442318201065063,0.01412960421293974,0.375,0.5
7,3672,0.0001,0.5860739350318909,0.5636067390441895,0.022467218339443207,0.5,0.625
7,3673,0.0001,0.934707522392273,0.915611743927002,0.0190957672894001,0.375,0.375
7,3674,0.0001,1.0994796752929688,1.0939185619354248,0.005561082623898983,0.25,0.25
7,3675,0.0001,0.2108549028635025,0.20573489367961884,0.005120004992932081,0.875,0.875
7,3676,0.0001,0.6118176579475403,0.6069527864456177,0.004864874295890331,0.5,0.5
7,3677,0.0001,0.5977979898452759,0.5844154953956604,0.013382483273744583,0.5,0.625
7,3678,0.0001,0.6434735655784607,0.6208789944648743,0.022594580426812172,0.5,0.5
7,3679,0.0001,0.5798140168190002,0.574787437915802,0.0050265854224562645,0.375,0.625
7,3680,0.0001,0.5504776239395142,0.5354295372962952,0.01504808384925127,0.625,0.625
7,3681,0.0001,0.40382975339889526,0.39671334624290466,0.007116405759006739,0.625,0.75
7,3682,0.0001,0.6273841857910156,0.6087874174118042,0.018596792593598366,0.5,0.5
7,3683,0.0001,0.7771493196487427,0.7675524353981018,0.009596897289156914,0.375,0.5
7,3684,0.0001,0.6058516502380371,0.5919710993766785,0.013880555517971516,0.5,0.5
7,3685,0.0001,0.5582656264305115,0.5554929971694946,0.002772622974589467,0.625,0.625
7,3686,0.0001,1.375317931175232,1.3675183057785034,0.007799656130373478,0.0,0.0
7,3687,0.0001,0.5924768447875977,0.5858384370803833,0.006638428196310997,0.5,0.625
7,3688,0.0001,0.7201212048530579,0.7050511240959167,0.01507006585597992,0.25,0.375
7,3689,0.0001,0.5971960425376892,0.5850841999053955,0.012111864052712917,0.5,0.625
7,3690,0.0001,1.2924988269805908,1.2768570184707642,0.015641842037439346,0.125,0.125
7,3691,0.0001,0.9584310054779053,0.9183667302131653,0.040064290165901184,0.125,0.375
7,3692,0.0001,0.5737869739532471,0.5539672374725342,0.019819743931293488,0.375,0.625
7,3693,0.0001,1.0040093660354614,0.993699848651886,0.010309483855962753,0.125,0.25
7,3694,0.0001,0.9191199541091919,0.9126357436180115,0.006484213285148144,0.375,0.375
7,3695,0.0001,1.1042588949203491,1.0981590747833252,0.006099854130297899,0.25,0.25
7,3696,0.0001,0.4097335934638977,0.4046896696090698,0.005043926183134317,0.5,0.75
7,3697,0.0001,0.7648172378540039,0.7507697939872742,0.014047450385987759,0.375,0.5
7,3698,0.0001,0.8713755011558533,0.8559589385986328,0.015416549518704414,0.25,0.25
7,3699,0.0001,0.5583148002624512,0.5467548966407776,0.011559884995222092,0.625,0.625
7,3700,0.0001,0.4162215292453766,0.39976492524147034,0.01645660027861595,0.625,0.75
7,3701,0.0001,0.9448069930076599,0.9189407229423523,0.02586628869175911,0.375,0.375
7,3702,0.0001,0.8722543716430664,0.8527076840400696,0.019546672701835632,0.375,0.375
7,3703,0.0001,0.8165777921676636,0.806939959526062,0.009637861512601376,0.25,0.375
7,3704,0.0001,0.5695325136184692,0.559270977973938,0.010261531919240952,0.625,0.625
7,3705,0.0001,0.6789003610610962,0.6644128561019897,0.014487487263977528,0.375,0.5
7,3706,0.0001,0.6113856434822083,0.6007488369941711,0.01063678227365017,0.5,0.5
7,3707,0.0001,0.8427656888961792,0.8212012052536011,0.021564511582255363,0.125,0.25
7,3708,0.0001,0.5609448552131653,0.5530449151992798,0.007899949327111244,0.625,0.625
7,3709,0.0001,0.9354678392410278,0.918134331703186,0.01733352243900299,0.375,0.375
7,3710,0.0001,0.9175207614898682,0.9085829257965088,0.008937847800552845,0.25,0.375
7,3711,0.0001,0.9459048509597778,0.9199334383010864,0.025971420109272003,0.375,0.375
7,3712,0.0001,0.9421778917312622,0.9367995262145996,0.005378346424549818,0.25,0.375
7,3713,0.0001,0.848919153213501,0.8438336253166199,0.005085552576929331,0.25,0.375
7,3714,0.0001,0.40207669138908386,0.3936231732368469,0.00845350418239832,0.625,0.75
7,3715,0.0001,0.7867105603218079,0.7729758024215698,0.013734768144786358,0.25,0.5
7,3716,0.0001,0.3836041986942291,0.38083022832870483,0.0027739598881453276,0.625,0.75
7,3717,0.0001,0.7440892457962036,0.7328464388847351,0.011242779903113842,0.25,0.5
7,3718,0.0001,0.6129519939422607,0.608676552772522,0.004275449085980654,0.0,0.375
7,3719,0.0001,0.5747323632240295,0.5533769130706787,0.02135545015335083,0.625,0.625
7,3720,0.0001,0.7294800281524658,0.7156903743743896,0.013789645396173,0.375,0.5
7,3721,0.0001,0.9063926935195923,0.8978095650672913,0.00858310516923666,0.375,0.375
7,3722,0.0001,0.7354487776756287,0.7304438352584839,0.005004944279789925,0.5,0.5
7,3723,0.0001,0.996668815612793,0.9785486459732056,0.01812017522752285,0.25,0.25
7,3724,0.0001,0.6974305510520935,0.6902242302894592,0.007206311449408531,0.25,0.5
7,3725,0.0001,0.9174961447715759,0.9044637680053711,0.01303236186504364,0.0,0.375
7,3726,0.0001,0.6044681668281555,0.5810363292694092,0.023431841284036636,0.375,0.625
7,3727,0.0001,0.7550568580627441,0.7346837520599365,0.020373079925775528,0.5,0.5
7,3728,0.0001,1.059847116470337,1.0434685945510864,0.016378534957766533,0.25,0.25
7,3729,0.0001,0.8973618745803833,0.8864219784736633,0.010939891450107098,0.375,0.375
7,3730,0.0001,0.5738242268562317,0.5603926777839661,0.013431534171104431,0.625,0.625
7,3731,0.0001,1.0031023025512695,0.9920778870582581,0.0110244145616889,0.125,0.25
7,3732,0.0001,0.7137136459350586,0.6959744691848755,0.017739199101924896,0.25,0.5
7,3733,0.0001,1.0018805265426636,0.993565022945404,0.008315520361065865,0.125,0.25
7,3734,0.0001,0.9426473379135132,0.9021120667457581,0.04053525626659393,0.375,0.375
7,3735,0.0001,1.1188746690750122,1.0960192680358887,0.022855423390865326,0.25,0.25
7,3736,0.0001,1.125748872756958,1.107825517654419,0.017923392355442047,0.125,0.25
7,3737,0.0001,1.1314655542373657,1.1136152744293213,0.01785023882985115,0.125,0.25
7,3738,0.0001,0.334198921918869,0.3294243812561035,0.004774530418217182,0.5,0.75
7,3739,0.0001,0.6917961835861206,0.6819632053375244,0.009832968935370445,0.25,0.25
7,3740,0.0001,0.7569674253463745,0.7315260171890259,0.025441408157348633,0.5,0.5
7,3741,0.0001,0.3931811451911926,0.3834983706474304,0.009682785719633102,0.625,0.75
7,3742,0.0001,0.918253481388092,0.91298508644104,0.005268410313874483,0.375,0.375
7,3743,0.0001,0.7318674921989441,0.7200545072555542,0.011812967248260975,0.5,0.5
7,3744,0.0001,0.5843018889427185,0.5707802772521973,0.013521639630198479,0.5,0.5
7,3745,0.0001,0.4017087519168854,0.39261215925216675,0.009096583351492882,0.625,0.75
7,3746,0.0001,0.8023993968963623,0.7908967733383179,0.011502597481012344,0.125,0.5
7,3747,0.0001,0.9475122690200806,0.9416229724884033,0.005889296531677246,0.125,0.375
7,3748,0.0001,0.8088009357452393,0.7832362651824951,0.025564681738615036,0.125,0.5
7,3749,0.0001,1.2255828380584717,1.202052116394043,0.02353072538971901,0.0,0.0
7,3750,0.0001,0.5432676672935486,0.5361148715019226,0.00715282279998064,0.5,0.625
7,3751,0.0001,0.5160207152366638,0.5103090405464172,0.005711667705327272,0.5,0.625
7,3752,0.0001,0.609000563621521,0.5913692712783813,0.017631318420171738,0.375,0.625
7,3753,0.0001,0.2545294165611267,0.23807841539382935,0.016450997442007065,0.5,0.875
7,3754,0.0001,0.9054990410804749,0.8985457420349121,0.006953277625143528,0.25,0.375
7,3755,0.0001,0.8656018972396851,0.859738826751709,0.0058630770072340965,0.125,0.25
7,3756,0.0001,0.24787990748882294,0.23070712387561798,0.017172779887914658,0.625,0.875
7,3757,0.0001,0.5266078114509583,0.4741511046886444,0.052456703037023544,0.625,0.625
7,3758,0.0001,1.0481808185577393,1.0302848815917969,0.017895981669425964,0.25,0.25
7,3759,0.0001,0.613266110420227,0.5857882499694824,0.027477888390421867,0.5,0.625
7,3760,0.0001,0.9133205413818359,0.9048179388046265,0.008502591401338577,0.375,0.375
7,3761,0.0001,0.7960047721862793,0.7900415062904358,0.0059632956981658936,0.25,0.375
7,3762,0.0001,0.7525824904441833,0.7300560474395752,0.02252642810344696,0.125,0.25
7,3763,0.0001,0.6130427718162537,0.6029915809631348,0.010051167570054531,0.375,0.5
7,3764,0.0001,0.23926451802253723,0.22597259283065796,0.013291917741298676,0.75,0.875
7,3765,0.0001,0.5655617713928223,0.5486654043197632,0.01689634472131729,0.625,0.625
7,3766,0.0001,0.5569984912872314,0.5461590886116028,0.010839377529919147,0.625,0.625
7,3767,0.0001,0.7897245287895203,0.7662737369537354,0.023450784385204315,0.375,0.375
7,3768,0.0001,0.7609740495681763,0.7535494565963745,0.007424576207995415,0.375,0.5
7,3769,0.0001,1.1072044372558594,1.09334135055542,0.01386306993663311,0.25,0.25
7,3770,0.0001,0.7673406004905701,0.7532572150230408,0.014083369635045528,0.25,0.5
7,3771,0.0001,0.9269617795944214,0.9207057356834412,0.00625603087246418,0.375,0.375
7,3772,0.0001,0.6097955107688904,0.6024638414382935,0.007331677712500095,0.5,0.5
7,3773,0.0001,0.6072219610214233,0.5963172316551208,0.010904727503657341,0.5,0.5
7,3774,0.0001,0.9315590858459473,0.9164856672286987,0.015073390677571297,0.375,0.375
7,3775,0.0001,0.7480992674827576,0.7351118326187134,0.012987423688173294,0.375,0.5
7,3776,0.0001,0.9793477654457092,0.9581263065338135,0.021221470087766647,0.0,0.25
7,3777,0.0001,0.979261040687561,0.9551211595535278,0.024139881134033203,0.0,0.375
7,3778,0.0001,0.6379609704017639,0.6088148951530457,0.029146049171686172,0.125,0.625
7,3779,0.0001,0.5605204701423645,0.5392715334892273,0.0212489515542984,0.375,0.5
7,3780,0.0001,0.7626636028289795,0.7323085069656372,0.030355088412761688,0.5,0.5
7,3781,0.0001,0.5980110168457031,0.5813262462615967,0.01668476313352585,0.375,0.625
7,3782,0.0001,0.40777331590652466,0.400572270154953,0.00720103969797492,0.375,0.75
7,3783,0.0001,0.600395143032074,0.5915376543998718,0.008857464417815208,0.25,0.625
7,3784,0.0001,0.6900491118431091,0.6308082342147827,0.059240903705358505,0.25,0.625
7,3785,0.0001,0.6048716902732849,0.5765776634216309,0.02829400822520256,0.375,0.625
7,3786,0.0001,0.904526948928833,0.8847379684448242,0.01978897675871849,0.375,0.375
7,3787,0.0001,0.3743482530117035,0.36650872230529785,0.00783952884376049,0.75,0.75
7,3788,0.0001,0.7764267921447754,0.771457314491272,0.004969504661858082,0.25,0.5
7,3789,0.0001,0.4167329668998718,0.40706902742385864,0.009663927368819714,0.625,0.625
7,3790,0.0001,0.6379778981208801,0.6312988996505737,0.006678969599306583,0.375,0.5
7,3791,0.0001,0.7310985326766968,0.7212111949920654,0.009887346997857094,0.375,0.5
7,3792,0.0001,0.5861935615539551,0.573284924030304,0.01290862262248993,0.375,0.625
7,3793,0.0001,0.7283221483230591,0.7163102626800537,0.012011902406811714,0.5,0.5
7,3794,0.0001,0.9432881474494934,0.9189337491989136,0.024354401975870132,0.375,0.375
7,3795,0.0001,0.9328309297561646,0.9216244220733643,0.011206496506929398,0.25,0.375
7,3796,0.0001,0.4314671754837036,0.4083121716976166,0.02315499633550644,0.625,0.75
7,3797,0.0001,1.0336228609085083,1.014025330543518,0.019597504287958145,0.25,0.25
7,3798,0.0001,0.9497451186180115,0.9345798492431641,0.015165298245847225,0.125,0.375
7,3799,0.0001,0.5500234365463257,0.5430338382720947,0.006989613175392151,0.375,0.625
7,3800,0.0001,0.580319344997406,0.5623437166213989,0.01797560602426529,0.25,0.625
7,3801,0.0001,0.9454479217529297,0.9231126308441162,0.022335315123200417,0.375,0.375
7,3802,0.0001,0.5314880609512329,0.5272625684738159,0.004225468263030052,0.5,0.625
7,3803,0.0001,0.8924651741981506,0.8429113030433655,0.04955388605594635,0.125,0.375
7,3804,0.0001,0.9150421023368835,0.9079309701919556,0.00711115961894393,0.375,0.375
7,3805,0.0001,0.687534749507904,0.658048689365387,0.029486048966646194,0.25,0.375
7,3806,0.0001,0.9428597092628479,0.9152898788452148,0.027569837868213654,0.375,0.375
7,3807,0.0001,0.9201629161834717,0.909373939037323,0.010788984596729279,0.25,0.375
7,3808,0.0001,0.5590881705284119,0.5549264550209045,0.004161695949733257,0.625,0.625
7,3809,0.0001,0.6715997457504272,0.6524710059165955,0.019128713756799698,0.375,0.5
7,3810,0.0001,0.7662465572357178,0.7542784214019775,0.011968135833740234,0.375,0.375
7,3811,0.0001,0.7102302312850952,0.7054945230484009,0.0047357045114040375,0.375,0.375
7,3812,0.0001,0.7823721766471863,0.7717478275299072,0.010624375194311142,0.375,0.375
7,3813,0.0001,0.6058697700500488,0.5828908681869507,0.022978922352194786,0.375,0.625
7,3814,0.0001,0.5814176201820374,0.5634849071502686,0.017932694405317307,0.5,0.625
7,3815,0.0001,0.9388761520385742,0.907200813293457,0.0316753163933754,0.25,0.375
7,3816,0.0001,0.2860763967037201,0.2781457304954529,0.007930679246783257,0.625,0.75
7,3817,0.0001,1.083627462387085,1.0501004457473755,0.03352704644203186,0.25,0.25
7,3818,0.0001,0.7575997114181519,0.7496961951255798,0.007903510704636574,0.375,0.5
7,3819,0.0001,0.3776369094848633,0.3717239201068878,0.005912989843636751,0.75,0.75
7,3820,0.0001,1.0261421203613281,1.0072377920150757,0.0189043041318655,0.125,0.25
7,3821,0.0001,0.9321743845939636,0.9161455035209656,0.01602887362241745,0.375,0.375
7,3822,0.0001,0.569523274898529,0.5512571334838867,0.01826612837612629,0.625,0.625
7,3823,0.0001,0.9069602489471436,0.8917545080184937,0.015205761417746544,0.25,0.375
7,3824,0.0001,0.8173991441726685,0.8067920207977295,0.010607149451971054,0.25,0.375
7,3825,0.0001,0.7828294038772583,0.7458726167678833,0.0369567945599556,0.375,0.5
7,3826,0.0001,0.40954190492630005,0.3976263999938965,0.011915510520339012,0.625,0.75
7,3827,0.0001,0.43846219778060913,0.4312078654766083,0.007254347205162048,0.625,0.625
7,3828,0.0001,0.7433363199234009,0.7331593036651611,0.010177027434110641,0.5,0.5
7,3829,0.0001,0.5714077353477478,0.5660167336463928,0.005390972830355167,0.625,0.625
7,3830,0.0001,0.5813450217247009,0.5767272710800171,0.004617732018232346,0.375,0.625
7,3831,0.0001,0.7716689705848694,0.7580851316452026,0.013583844527602196,0.25,0.5
7,3832,0.0001,0.9480212926864624,0.9276854991912842,0.02033579722046852,0.25,0.375
7,3833,0.0001,0.903896689414978,0.8893754482269287,0.01452125608921051,0.25,0.375
7,3834,0.0001,1.0411195755004883,1.035793662071228,0.005325891077518463,0.125,0.25
7,3835,0.0001,0.656527578830719,0.6485174894332886,0.00801010336726904,0.375,0.5
7,3836,0.0001,1.0846635103225708,1.0733649730682373,0.01129857450723648,0.125,0.25
7,3837,0.0001,0.9386422038078308,0.9332811832427979,0.005361003335565329,0.25,0.375
7,3838,0.0001,0.4863109290599823,0.47836005687713623,0.007950863800942898,0.25,0.625
7,3839,0.0001,0.36097612977027893,0.3403968811035156,0.020579256117343903,0.375,0.625
7,3840,0.0001,0.39237600564956665,0.3774820566177368,0.014893949031829834,0.5,0.75
7,3841,0.0001,0.5749392509460449,0.5570877194404602,0.01785154454410076,0.5,0.625
7,3842,0.0001,0.4196406304836273,0.4052201509475708,0.014420466497540474,0.625,0.625
7,3843,0.0001,0.38891392946243286,0.3836281895637512,0.0052857352420687675,0.625,0.75
7,3844,0.0001,0.6108309030532837,0.5931511521339417,0.017679769545793533,0.5,0.5
7,3845,0.0001,0.5810979008674622,0.5573620796203613,0.023735839873552322,0.625,0.625
7,3846,0.0001,0.6985725164413452,0.6842894554138184,0.014283044263720512,0.5,0.5
7,3847,0.0001,0.5534096956253052,0.5457246899604797,0.007685033604502678,0.125,0.375
7,3848,0.0001,0.5414553284645081,0.530781090259552,0.010674228891730309,0.5,0.625
7,3849,0.0001,0.7473157644271851,0.739610493183136,0.007705283351242542,0.5,0.5
7,3850,0.0001,0.6747627258300781,0.6549439430236816,0.019818756729364395,0.5,0.5
7,3851,0.0001,0.5906587243080139,0.558059811592102,0.03259889781475067,0.375,0.625
7,3852,0.0001,0.9296141862869263,0.9153141379356384,0.014300031587481499,0.375,0.375
7,3853,0.0001,0.7429980039596558,0.7323077917098999,0.010690193623304367,0.375,0.5
7,3854,0.0001,0.7273028492927551,0.7225131988525391,0.00478962529450655,0.25,0.5
7,3855,0.0001,0.5544256567955017,0.547944962978363,0.006480702664703131,0.375,0.625
7,3856,0.0001,0.6657280921936035,0.663674533367157,0.002053560223430395,0.375,0.5
7,3857,0.0001,0.6385486125946045,0.6245643496513367,0.01398424431681633,0.375,0.5
7,3858,0.0001,1.0941663980484009,1.0891845226287842,0.0049818772822618484,0.25,0.25
7,3859,0.0001,0.5805988311767578,0.5694683194160461,0.011130504310131073,0.5,0.625
7,3860,0.0001,0.9742792248725891,0.9578602313995361,0.016418982297182083,0.125,0.375
7,3861,0.0001,1.099481225013733,1.0925593376159668,0.006921830121427774,0.25,0.25
7,3862,0.0001,0.6021802425384521,0.5837839245796204,0.01839633472263813,0.5,0.5
7,3863,0.0001,0.6725870370864868,0.6434242725372314,0.029162755236029625,0.375,0.5
7,3864,0.0001,0.7758537530899048,0.746536135673523,0.029317617416381836,0.375,0.5
7,3865,0.0001,0.45761096477508545,0.4387056827545166,0.018905267119407654,0.375,0.75
7,3866,0.0001,0.586919367313385,0.5789837837219238,0.00793557520955801,0.375,0.625
7,3867,0.0001,0.7673805356025696,0.7540587186813354,0.013321826234459877,0.375,0.5
7,3868,0.0001,0.8566091060638428,0.8295036554336548,0.0271054208278656,0.125,0.375
7,3869,0.0001,0.8417216539382935,0.8072832822799683,0.034438394010066986,0.375,0.375
7,3870,0.0001,0.3880951702594757,0.3725776672363281,0.015517504885792732,0.75,0.75
7,3871,0.0001,0.7862732410430908,0.7594025135040283,0.026870718225836754,0.375,0.5
7,3872,0.0001,0.9787541627883911,0.9478710889816284,0.030883053317666054,0.125,0.375
7,3873,0.0001,0.9582775831222534,0.9454153180122375,0.01286223717033863,0.25,0.375
7,3874,0.0001,0.9518921375274658,0.9350427985191345,0.016849320381879807,0.25,0.375
7,3875,0.0001,0.5570504069328308,0.5523515343666077,0.004698882810771465,0.625,0.625
7,3876,0.0001,1.1188956499099731,1.1080009937286377,0.010894689708948135,0.125,0.25
7,3877,0.0001,0.7453132271766663,0.7357794642448425,0.009533779695630074,0.375,0.5
7,3878,0.0001,0.9430499076843262,0.9155935645103455,0.02745634876191616,0.25,0.375
7,3879,0.0001,0.9329225420951843,0.9080630540847778,0.0248594768345356,0.375,0.375
7,3880,0.0001,0.49415379762649536,0.4724541902542114,0.021699601784348488,0.375,0.625
7,3881,0.0001,0.7653435468673706,0.754904568195343,0.010438951663672924,0.375,0.5
7,3882,0.0001,0.5680727958679199,0.5627290606498718,0.00534374313428998,0.5,0.625
7,3883,0.0001,0.6288958191871643,0.5989577174186707,0.029938077554106712,0.25,0.625
7,3884,0.0001,1.093898892402649,1.086293339729309,0.007605585269629955,0.0,0.25
7,3885,0.0001,1.0702149868011475,1.0590976476669312,0.011117348447442055,0.25,0.25
7,3886,0.0001,0.934524416923523,0.9232867956161499,0.011237608268857002,0.25,0.375
7,3887,0.0001,0.7664687633514404,0.757403552532196,0.009065220132470131,0.375,0.5
7,3888,0.0001,0.9766637086868286,0.9171581268310547,0.059505581855773926,0.25,0.375
7,3889,0.0001,0.24592816829681396,0.23034492135047913,0.015583250671625137,0.75,0.875
7,3890,0.0001,0.7256832718849182,0.6976940035820007,0.02798926644027233,0.375,0.375
7,3891,0.0001,0.5622375011444092,0.5462020039558411,0.01603550650179386,0.25,0.625
7,3892,0.0001,0.37681522965431213,0.36303651332855225,0.013778707012534142,0.5,0.5
7,3893,0.0001,0.07146508991718292,0.06178460270166397,0.00968049094080925,0.625,1.0
7,3894,0.0001,0.2651470899581909,0.25775057077407837,0.007396506145596504,0.625,0.75
7,3895,0.0001,0.5534664988517761,0.5457741022109985,0.007692370098084211,0.625,0.625
7,3896,0.0001,0.6033473610877991,0.5999898314476013,0.0033575533889234066,0.375,0.5
7,3897,0.0001,0.5870876312255859,0.57834392786026,0.008743678219616413,0.5,0.625
7,3898,0.0001,1.4621846675872803,1.4615556001663208,0.0006290943711064756,0.0,0.0
8,3899,0.0001,0.46304482221603394,0.45476722717285156,0.00827758014202118,0.5,0.625
8,3900,0.0001,0.6934261322021484,0.6881484389305115,0.005277681164443493,0.375,0.5
8,3901,0.0001,0.9342787861824036,0.9259930849075317,0.00828568171709776,0.25,0.375
8,3902,0.0001,0.5378536581993103,0.5245249271392822,0.013328710570931435,0.5,0.625
8,3903,0.0001,0.5923170447349548,0.5765672326087952,0.015749800950288773,0.375,0.625
8,3904,0.0001,0.39456677436828613,0.3761559724807739,0.018410805612802505,0.625,0.75
8,3905,0.0001,0.584067165851593,0.5730575323104858,0.011009658686816692,0.5,0.625
8,3906,0.0001,1.2905863523483276,1.27695894241333,0.013627367094159126,0.125,0.125
8,3907,0.0001,0.7487874031066895,0.734381914138794,0.014405469410121441,0.5,0.5
8,3908,0.0001,0.20525109767913818,0.19417178630828857,0.01107931137084961,0.875,0.875
8,3909,0.0001,1.0516210794448853,1.0211491584777832,0.030471891164779663,0.25,0.25
8,3910,0.0001,0.5378485918045044,0.5103996396064758,0.027448974549770355,0.5,0.625
8,3911,0.0001,0.7567469477653503,0.7450075745582581,0.01173936016857624,0.375,0.5
8,3912,0.0001,0.25497838854789734,0.21168403327465057,0.04329436272382736,0.875,0.875
8,3913,0.0001,0.4516151249408722,0.428268164396286,0.02334696054458618,0.375,0.75
8,3914,0.0001,0.753348708152771,0.7375695705413818,0.015779167413711548,0.25,0.5
8,3915,0.0001,1.0242053270339966,1.02031409740448,0.0038912242744117975,0.125,0.25
8,3916,0.0001,0.3335707187652588,0.31103408336639404,0.02253664657473564,0.25,0.75
8,3917,0.0001,0.9312067031860352,0.9241782426834106,0.007028447464108467,0.375,0.375
8,3918,0.0001,0.6751067638397217,0.6590144634246826,0.01609228178858757,0.25,0.375
8,3919,0.0001,0.6570447087287903,0.6397885084152222,0.01725618913769722,0.5,0.5
8,3920,0.0001,0.5737302303314209,0.5579193830490112,0.015810851007699966,0.5,0.625
8,3921,0.0001,0.7744502425193787,0.7675786018371582,0.006871647201478481,0.25,0.5
8,3922,0.0001,0.22291779518127441,0.21494777500629425,0.007970012724399567,0.75,0.875
8,3923,0.0001,0.6471446752548218,0.6052265167236328,0.041918154805898666,0.375,0.5
8,3924,0.0001,0.5667743682861328,0.5597224831581116,0.0070518809370696545,0.625,0.625
8,3925,0.0001,0.7750599980354309,0.7531466484069824,0.021913345903158188,0.375,0.5
8,3926,0.0001,0.5875290036201477,0.5827277898788452,0.004801240283995867,0.5,0.625
8,3927,0.0001,0.6031565070152283,0.5862618088722229,0.016894690692424774,0.375,0.625
8,3928,0.0001,0.8842416405677795,0.8767133355140686,0.007528277114033699,0.375,0.375
8,3929,0.0001,0.770114541053772,0.7620006203651428,0.008113926276564598,0.375,0.375
8,3930,0.0001,0.947869598865509,0.917986273765564,0.029883313924074173,0.375,0.375
8,3931,0.0001,0.9332124590873718,0.9131067395210266,0.02010572887957096,0.375,0.375
8,3932,0.0001,0.9168201684951782,0.8999089002609253,0.01691124029457569,0.375,0.375
8,3933,0.0001,0.7516811490058899,0.7318490743637085,0.019832052290439606,0.5,0.5
8,3934,0.0001,0.6996355652809143,0.6853559017181396,0.014279637485742569,0.375,0.5
8,3935,0.0001,0.39962881803512573,0.3819137215614319,0.017715085297822952,0.75,0.75
8,3936,0.0001,0.3577996790409088,0.35059505701065063,0.0072046127170324326,0.75,0.75
8,3937,0.0001,0.7482948899269104,0.7347630262374878,0.013531841337680817,0.5,0.5
8,3938,0.0001,0.6229400634765625,0.6135917901992798,0.00934827420860529,0.125,0.5
8,3939,0.0001,0.22780118882656097,0.21216750144958496,0.01563369110226631,0.75,0.875
8,3940,0.0001,0.9557074904441833,0.914016604423523,0.04169090464711189,0.25,0.375
8,3941,0.0001,0.5861223936080933,0.56804358959198,0.01807883381843567,0.5,0.625
8,3942,0.0001,0.49563735723495483,0.4903961420059204,0.005241213366389275,0.25,0.625
8,3943,0.0001,0.21261733770370483,0.2027532309293747,0.009864099323749542,0.75,0.875
8,3944,0.0001,0.9393248558044434,0.9180862903594971,0.021238572895526886,0.25,0.375
8,3945,0.0001,0.9347837567329407,0.927327573299408,0.007456156890839338,0.25,0.375
8,3946,0.0001,0.6941565871238708,0.6702084541320801,0.02394813299179077,0.125,0.375
8,3947,0.0001,0.7373060584068298,0.728214681148529,0.009091402404010296,0.375,0.5
8,3948,0.0001,0.5549097657203674,0.5462663173675537,0.008643430657684803,0.625,0.625
8,3949,0.0001,0.7484008073806763,0.7353530526161194,0.01304774358868599,0.5,0.5
8,3950,0.0001,0.6551873683929443,0.6260729432106018,0.02911442331969738,0.5,0.5
8,3951,0.0001,0.9724458456039429,0.9639081358909607,0.008537715300917625,0.25,0.25
8,3952,0.0001,0.8278937935829163,0.8112975358963013,0.01659628562629223,0.375,0.375
8,3953,0.0001,0.8142490386962891,0.7958166599273682,0.0184323713183403,0.375,0.375
8,3954,0.0001,0.6281573176383972,0.6078689098358154,0.020288389176130295,0.25,0.625
8,3955,0.0001,0.6419222354888916,0.6359192132949829,0.006003049202263355,0.25,0.5
8,3956,0.0001,0.7633657455444336,0.7529644966125488,0.010401228442788124,0.375,0.5
8,3957,0.0001,0.7626906633377075,0.7440394163131714,0.018651263788342476,0.375,0.5
8,3958,0.0001,0.6329005360603333,0.614934504032135,0.017966046929359436,0.375,0.5
8,3959,0.0001,1.1639442443847656,1.1507806777954102,0.013163602910935879,0.125,0.125
8,3960,0.0001,0.7050414085388184,0.6888169050216675,0.016224507242441177,0.125,0.375
8,3961,0.0001,0.8012112975120544,0.7885273098945618,0.012683995068073273,0.125,0.5
8,3962,0.0001,1.1387639045715332,1.1316962242126465,0.0070676375180482864,0.125,0.125
8,3963,0.0001,0.9162831902503967,0.8892419338226318,0.027041282504796982,0.25,0.375
8,3964,0.0001,0.3989887535572052,0.3887639045715332,0.010224862024188042,0.625,0.75
8,3965,0.0001,1.1013203859329224,1.053778886795044,0.047541454434394836,0.25,0.25
8,3966,0.0001,0.5633939504623413,0.5331614017486572,0.030232541263103485,0.625,0.625
8,3967,0.0001,0.4641735553741455,0.43850424885749817,0.025669297203421593,0.5,0.625
8,3968,0.0001,0.8668834567070007,0.8306242227554321,0.03625926002860069,0.25,0.375
8,3969,0.0001,1.2652186155319214,1.2096047401428223,0.05561387538909912,0.0,0.0
8,3970,0.0001,0.791908323764801,0.7541981935501099,0.03771013021469116,0.375,0.375
8,3971,0.0001,1.1644401550292969,1.1203818321228027,0.044058267027139664,0.0,0.25
8,3972,0.0001,0.4561753273010254,0.42260536551475525,0.033569954335689545,0.25,0.75
8,3973,0.0001,0.6260792016983032,0.5747339129447937,0.05134528875350952,0.375,0.625
8,3974,0.0001,0.6549192070960999,0.6464922428131104,0.008426940068602562,0.375,0.5
8,3975,0.0001,0.42927485704421997,0.4133557379245758,0.015919111669063568,0.625,0.75
8,3976,0.0001,0.5975977778434753,0.5850740075111389,0.012523780576884747,0.5,0.625
8,3977,0.0001,0.916902482509613,0.9139235019683838,0.0029789970722049475,0.375,0.375
8,3978,0.0001,0.9694427847862244,0.9348140954971313,0.03462871164083481,0.25,0.375
8,3979,0.0001,0.678640604019165,0.6288418173789978,0.04979880154132843,0.125,0.5
8,3980,0.0001,0.8055803775787354,0.7985774278640747,0.007002966944128275,0.0,0.5
8,3981,0.0001,1.114762306213379,1.101215124130249,0.013547167181968689,0.25,0.25
8,3982,0.0001,0.550994336605072,0.5434777736663818,0.007516548968851566,0.625,0.625
8,3983,0.0001,0.9292241334915161,0.9136390089988708,0.015585143119096756,0.375,0.375
8,3984,0.0001,0.7780162692070007,0.7603248357772827,0.01769142970442772,0.25,0.5
8,3985,0.0001,0.9631576538085938,0.9550884962081909,0.00806916318833828,0.25,0.25
8,3986,0.0001,0.7712374329566956,0.7631624937057495,0.008074957877397537,0.125,0.5
8,3987,0.0001,1.026313066482544,1.0039218664169312,0.022391196340322495,0.125,0.25
8,3988,0.0001,0.7473723292350769,0.7363433837890625,0.011028923094272614,0.5,0.5
8,3989,0.0001,0.22998060286045074,0.22336024045944214,0.006620367988944054,0.625,0.875
8,3990,0.0001,0.7439330220222473,0.7401044964790344,0.0038284959737211466,0.25,0.5
8,3991,0.0001,0.9485012292861938,0.9384461641311646,0.010055080987513065,0.25,0.375
8,3992,0.0001,0.6035615801811218,0.5698872804641724,0.03367430344223976,0.375,0.625
8,3993,0.0001,0.40985894203186035,0.40293604135513306,0.006922915577888489,0.5,0.75
8,3994,0.0001,0.5827499628067017,0.5572123527526855,0.025537628680467606,0.625,0.625
8,3995,0.0001,0.77450031042099,0.7477936148643494,0.026706689968705177,0.5,0.5
8,3996,0.0001,0.7646852135658264,0.7449243664741516,0.019760843366384506,0.375,0.5
8,3997,0.0001,0.3909182846546173,0.3870336413383484,0.00388464261777699,0.5,0.75
8,3998,0.0001,0.4167192578315735,0.406747967004776,0.009971298277378082,0.5,0.75
8,3999,0.0001,0.9207831621170044,0.9159908294677734,0.0047923363745212555,0.375,0.375
8,4000,0.0001,0.7578582167625427,0.7442280650138855,0.013630139641463757,0.375,0.5
8,4001,0.0001,0.4944286644458771,0.471028208732605,0.023400451987981796,0.625,0.625
8,4002,0.0001,0.6749142408370972,0.6723464131355286,0.002567807910963893,0.375,0.375
8,4003,0.0001,0.16996945440769196,0.16285033524036407,0.007119122892618179,0.75,0.75
8,4004,0.0001,0.5650025606155396,0.544862687587738,0.020139865577220917,0.625,0.625
8,4005,0.0001,1.2807763814926147,1.2715296745300293,0.009246734902262688,0.125,0.125
8,4006,0.0001,0.4763554036617279,0.45413830876350403,0.022217100486159325,0.25,0.625
8,4007,0.0001,1.0982275009155273,1.085174560546875,0.013052982278168201,0.25,0.25
8,4008,0.0001,0.7438859939575195,0.7375743389129639,0.006311662495136261,0.5,0.5
8,4009,0.0001,0.5667138695716858,0.5493415594100952,0.017372284084558487,0.625,0.625
8,4010,0.0001,0.7994555234909058,0.7881407737731934,0.0113147534430027,0.25,0.375
8,4011,0.0001,0.2999149560928345,0.2878456711769104,0.012069282121956348,0.625,0.75
8,4012,0.0001,0.7442245483398438,0.7272647619247437,0.016959793865680695,0.5,0.5
8,4013,0.0001,0.4031255543231964,0.3805495798587799,0.02257596328854561,0.625,0.75
8,4014,0.0001,0.6265358924865723,0.5948433876037598,0.0316925123333931,0.5,0.5
8,4015,0.0001,0.7114176154136658,0.7008557915687561,0.010561841540038586,0.375,0.375
8,4016,0.0001,0.5339115858078003,0.5232367515563965,0.010674824938178062,0.625,0.625
8,4017,0.0001,1.0162644386291504,0.9983416795730591,0.01792270690202713,0.25,0.25
8,4018,0.0001,0.9364499449729919,0.9289664030075073,0.007483556400984526,0.25,0.375
8,4019,0.0001,0.7926352024078369,0.773317277431488,0.01931791938841343,0.25,0.5
8,4020,0.0001,0.43218719959259033,0.4057544767856598,0.026432733982801437,0.625,0.75
8,4021,0.0001,0.8571378588676453,0.8279017210006714,0.029236165806651115,0.25,0.375
8,4022,0.0001,0.3981648087501526,0.3794727623462677,0.01869203895330429,0.625,0.75
8,4023,0.0001,0.5021365284919739,0.48349618911743164,0.018640317022800446,0.5,0.625
8,4024,0.0001,0.38424909114837646,0.3735992908477783,0.01064981333911419,0.75,0.75
8,4025,0.0001,0.9248307347297668,0.9163905382156372,0.00844019278883934,0.125,0.375
8,4026,0.0001,0.6609963774681091,0.6530316472053528,0.00796472281217575,0.25,0.375
8,4027,0.0001,0.5687277317047119,0.5633630752563477,0.0053646438755095005,0.5,0.625
8,4028,0.0001,0.7776873707771301,0.7299445867538452,0.0477428063750267,0.5,0.5
8,4029,0.0001,0.4015253782272339,0.3826599717140198,0.018865402787923813,0.375,0.625
8,4030,0.0001,0.739860475063324,0.7313082218170166,0.00855223461985588,0.5,0.5
8,4031,0.0001,0.5943602323532104,0.5840295553207397,0.010330677032470703,0.5,0.5
8,4032,0.0001,0.3703705370426178,0.36207637190818787,0.008294172585010529,0.75,0.75
8,4033,0.0001,0.6803227663040161,0.6705508828163147,0.009771900251507759,0.375,0.5
8,4034,0.0001,0.7679978013038635,0.7573196887969971,0.010678094811737537,0.25,0.5
8,4035,0.0001,0.45645973086357117,0.4503207802772522,0.006138951517641544,0.25,0.75
8,4036,0.0001,0.5685590505599976,0.5490317344665527,0.019527314230799675,0.25,0.625
8,4037,0.0001,0.5941511988639832,0.5801329016685486,0.014018291607499123,0.5,0.625
8,4038,0.0001,0.41282641887664795,0.3812887370586395,0.031537674367427826,0.75,0.75
8,4039,0.0001,0.6081117391586304,0.5609594583511353,0.047152306884527206,0.5,0.625
8,4040,0.0001,0.7533116936683655,0.7495874762535095,0.003724233713001013,0.125,0.25
8,4041,0.0001,0.9001578688621521,0.8877379298210144,0.012419937178492546,0.25,0.25
8,4042,0.0001,0.9598831534385681,0.9508467316627502,0.009036431089043617,0.125,0.375
8,4043,0.0001,0.774239718914032,0.7664273381233215,0.007812397554516792,0.25,0.5
8,4044,0.0001,0.50324946641922,0.49680906534194946,0.006440374068915844,0.625,0.625
8,4045,0.0001,0.7628006935119629,0.7533788681030273,0.009421845898032188,0.375,0.5
8,4046,0.0001,0.4056554138660431,0.3917140066623688,0.013941394165158272,0.5,0.75
8,4047,0.0001,1.194383978843689,1.1875237226486206,0.006860272027552128,0.125,0.125
8,4048,0.0001,0.6608116030693054,0.6522223949432373,0.008589216507971287,0.5,0.5
8,4049,0.0001,0.5768604874610901,0.5656921863555908,0.01116832997649908,0.5,0.625
8,4050,0.0001,0.7745779752731323,0.7564241886138916,0.018153764307498932,0.375,0.5
8,4051,0.0001,0.7460537552833557,0.7331452369689941,0.012908533215522766,0.5,0.5
8,4052,0.0001,0.43363645672798157,0.4174015522003174,0.016234897077083588,0.375,0.75
8,4053,0.0001,0.9466094970703125,0.9252965450286865,0.021312952041625977,0.25,0.25
8,4054,0.0001,0.95303875207901,0.9425169825553894,0.010521751828491688,0.25,0.375
8,4055,0.0001,1.05018150806427,1.0391252040863037,0.011056254617869854,0.125,0.125
8,4056,0.0001,0.7292168736457825,0.7192573547363281,0.009959538467228413,0.5,0.5
8,4057,0.0001,0.5194770693778992,0.5033835768699646,0.01609349064528942,0.375,0.625
8,4058,0.0001,0.8413065075874329,0.8284659385681152,0.012840540148317814,0.125,0.375
8,4059,0.0001,0.28831082582473755,0.2602446675300598,0.028066163882613182,0.625,0.75
8,4060,0.0001,0.771248996257782,0.7624348402023315,0.008814134635031223,0.375,0.375
8,4061,0.0001,1.1160887479782104,1.0904492139816284,0.025639545172452927,0.25,0.25
8,4062,0.0001,0.4173353314399719,0.404998242855072,0.0123370923101902,0.625,0.75
8,4063,0.0001,1.0489153861999512,1.0377247333526611,0.011190694756805897,0.125,0.25
8,4064,0.0001,0.4196336269378662,0.3946512043476105,0.024982411414384842,0.5,0.75
8,4065,0.0001,0.7588459253311157,0.7507813572883606,0.008064544759690762,0.375,0.5
8,4066,0.0001,0.9722216129302979,0.9494230151176453,0.022798605263233185,0.0,0.375
8,4067,0.0001,0.9309999346733093,0.9145803451538086,0.01641956903040409,0.375,0.375
8,4068,0.0001,0.43223705887794495,0.4226176142692566,0.009619457647204399,0.5,0.625
8,4069,0.0001,0.46518951654434204,0.44985759258270264,0.015331920236349106,0.5,0.625
8,4070,0.0001,0.937462568283081,0.929815411567688,0.007647179998457432,0.125,0.375
8,4071,0.0001,0.5954977869987488,0.5747789144515991,0.020718850195407867,0.375,0.625
8,4072,0.0001,0.9342812895774841,0.9247263669967651,0.009554935619235039,0.25,0.375
8,4073,0.0001,0.6540553569793701,0.6454997658729553,0.008555620908737183,0.375,0.375
8,4074,0.0001,0.6076369285583496,0.5984386205673218,0.009198321960866451,0.5,0.5
8,4075,0.0001,0.7602882385253906,0.7508338689804077,0.00945434533059597,0.375,0.5
8,4076,0.0001,0.30420875549316406,0.30175113677978516,0.00245762150734663,0.375,0.75
8,4077,0.0001,0.8165810704231262,0.7918679714202881,0.02471308968961239,0.0,0.375
8,4078,0.0001,0.5653088688850403,0.5504468679428101,0.014862028881907463,0.0,0.5
8,4079,0.0001,0.9612009525299072,0.9389886260032654,0.022212328389286995,0.125,0.375
8,4080,0.0001,0.5893101096153259,0.575390100479126,0.01392002310603857,0.375,0.625
8,4081,0.0001,0.49185261130332947,0.4808957576751709,0.01095685362815857,0.125,0.625
8,4082,0.0001,0.4702630639076233,0.44151121377944946,0.028751857578754425,0.25,0.75
8,4083,0.0001,0.47643738985061646,0.4637036919593811,0.012733692303299904,0.375,0.5
8,4084,0.0001,0.9729167222976685,0.9587091207504272,0.01420759130269289,0.0,0.25
8,4085,0.0001,1.0537735223770142,1.0376898050308228,0.01608368754386902,0.0,0.25
8,4086,0.0001,0.8608396649360657,0.8467821478843689,0.01405753567814827,0.0,0.25
8,4087,0.0001,0.984086811542511,0.972015380859375,0.012071456760168076,0.125,0.375
8,4088,0.0001,0.9300302863121033,0.9112272262573242,0.018803080543875694,0.0,0.25
8,4089,0.0001,0.6170271635055542,0.5873388051986694,0.029688376933336258,0.375,0.625
8,4090,0.0001,0.6585598587989807,0.6212412714958191,0.03731857240200043,0.5,0.5
8,4091,0.0001,0.8876480460166931,0.8552221059799194,0.03242596238851547,0.125,0.375
8,4092,0.0001,0.46483075618743896,0.4259904623031616,0.03884030506014824,0.375,0.625
8,4093,0.0001,0.7989803552627563,0.7776579260826111,0.021322453394532204,0.25,0.375
8,4094,0.0001,0.5142546892166138,0.47491252422332764,0.039342157542705536,0.375,0.5
8,4095,0.0001,0.7412490248680115,0.7352083325386047,0.006040708161890507,0.375,0.5
8,4096,0.0001,0.47314128279685974,0.454881489276886,0.018259787932038307,0.625,0.625
8,4097,0.0001,0.3253343105316162,0.29828447103500366,0.02704983577132225,0.5,0.75
8,4098,0.0001,0.9095286726951599,0.8944922685623169,0.015036418102681637,0.375,0.375
8,4099,0.0001,0.7617937922477722,0.7372727394104004,0.024521077051758766,0.375,0.5
8,4100,0.0001,0.7845672965049744,0.7746692895889282,0.009898030199110508,0.25,0.5
8,4101,0.0001,0.7813635468482971,0.7612459659576416,0.020117588341236115,0.125,0.5
8,4102,0.0001,0.7906884551048279,0.7804524898529053,0.010235981084406376,0.375,0.375
8,4103,0.0001,1.2895781993865967,1.2828267812728882,0.006751447916030884,0.0,0.125
8,4104,0.0001,0.5862665772438049,0.5647130608558655,0.02155349589884281,0.625,0.625
8,4105,0.0001,0.6423604488372803,0.638297438621521,0.004062997177243233,0.375,0.5
8,4106,0.0001,0.8799495697021484,0.875449001789093,0.004500563256442547,0.25,0.375
8,4107,0.0001,0.41562420129776,0.41398119926452637,0.0016429958632215858,0.25,0.75
8,4108,0.0001,0.6036418676376343,0.5809016227722168,0.022740250453352928,0.375,0.625
8,4109,0.0001,1.0035302639007568,0.9886165857315063,0.01491368655115366,0.25,0.25
8,4110,0.0001,0.4983138144016266,0.47888585925102234,0.019427960738539696,0.25,0.625
8,4111,0.0001,0.7752146124839783,0.7576127052307129,0.017601914703845978,0.25,0.5
8,4112,0.0001,0.5428310632705688,0.5299702286720276,0.012860819697380066,0.125,0.5
8,4113,0.0001,0.5661267638206482,0.5589213371276855,0.007205430418252945,0.5,0.625
8,4114,0.0001,0.7223150730133057,0.716055154800415,0.006259918212890625,0.5,0.5
8,4115,0.0001,0.5497769117355347,0.5346571207046509,0.015119776129722595,0.0,0.625
8,4116,0.0001,0.2131369411945343,0.20580807328224182,0.007328870706260204,0.75,0.875
8,4117,0.0001,0.8379749059677124,0.8183399438858032,0.01963495835661888,0.25,0.375
8,4118,0.0001,0.4286506772041321,0.39781540632247925,0.030835269019007683,0.5,0.75
8,4119,0.0001,0.9450085163116455,0.9258418083190918,0.019166693091392517,0.25,0.375
8,4120,0.0001,1.0294349193572998,1.0173726081848145,0.012062320485711098,0.25,0.25
8,4121,0.0001,0.742030918598175,0.7244278192520142,0.017603088170289993,0.375,0.5
8,4122,0.0001,0.7542389631271362,0.734038233757019,0.02020072378218174,0.25,0.5
8,4123,0.0001,0.7024825215339661,0.6956555843353271,0.006826955825090408,0.5,0.5
8,4124,0.0001,0.5724775791168213,0.5486558675765991,0.023821692913770676,0.5,0.625
8,4125,0.0001,0.755258321762085,0.7407360076904297,0.014522331766784191,0.5,0.5
8,4126,0.0001,1.2867964506149292,1.2691906690597534,0.01760576292872429,0.0,0.125
8,4127,0.0001,0.6800715327262878,0.666757345199585,0.013314216397702694,0.5,0.5
8,4128,0.0001,0.6471402049064636,0.6327018737792969,0.014438306912779808,0.25,0.5
8,4129,0.0001,0.8574321866035461,0.8464069366455078,0.011025270447134972,0.125,0.375
8,4130,0.0001,0.5464878678321838,0.5315178036689758,0.014970064163208008,0.625,0.625
8,4131,0.0001,0.5582126379013062,0.5329010486602783,0.025311574339866638,0.625,0.625
8,4132,0.0001,0.5832653641700745,0.5568798184394836,0.026385527104139328,0.5,0.5
8,4133,0.0001,0.7305070757865906,0.7224841117858887,0.00802296120673418,0.25,0.375
8,4134,0.0001,0.7750445604324341,0.7707685232162476,0.004276007879525423,0.375,0.375
8,4135,0.0001,0.41076382994651794,0.4044223427772522,0.006341478321701288,0.5,0.75
8,4136,0.0001,0.8258144855499268,0.80446457862854,0.021349886432290077,0.125,0.375
8,4137,0.0001,0.6252409815788269,0.5929251313209534,0.03231583908200264,0.375,0.625
8,4138,0.0001,0.9216128587722778,0.9113029837608337,0.010309848934412003,0.25,0.375
8,4139,0.0001,0.9048909544944763,0.8900643587112427,0.014826612547039986,0.375,0.375
8,4140,0.0001,0.7848595976829529,0.7652453780174255,0.019614217802882195,0.25,0.5
8,4141,0.0001,0.6082412004470825,0.5912442207336426,0.016996977850794792,0.25,0.625
8,4142,0.0001,0.932296633720398,0.9196036458015442,0.012693006545305252,0.25,0.375
8,4143,0.0001,0.7679659128189087,0.7575362324714661,0.010429671965539455,0.125,0.375
8,4144,0.0001,0.8138751983642578,0.8094765543937683,0.004398617893457413,0.375,0.375
8,4145,0.0001,0.7727060317993164,0.769096851348877,0.0036091941874474287,0.25,0.5
8,4146,0.0001,0.6299232244491577,0.6029476523399353,0.026975572109222412,0.5,0.5
8,4147,0.0001,0.7487128973007202,0.7307902574539185,0.017922617495059967,0.5,0.5
8,4148,0.0001,0.6290916800498962,0.6094541549682617,0.019637497141957283,0.375,0.5
8,4149,0.0001,1.2063493728637695,1.1764545440673828,0.02989485301077366,0.125,0.125
8,4150,0.0001,0.7378607988357544,0.7288665771484375,0.008994191884994507,0.5,0.5
8,4151,0.0001,0.6988844871520996,0.6935650706291199,0.005319416057318449,0.375,0.5
8,4152,0.0001,0.2854994237422943,0.27716678380966187,0.008332639932632446,0.625,0.75
8,4153,0.0001,0.7391650080680847,0.7352588772773743,0.003906127531081438,0.5,0.5
8,4154,0.0001,0.8991656303405762,0.8592658042907715,0.039899807423353195,0.125,0.25
8,4155,0.0001,1.0458462238311768,1.0176961421966553,0.028150077909231186,0.125,0.25
8,4156,0.0001,0.9511300921440125,0.9367684125900269,0.014361677691340446,0.25,0.375
8,4157,0.0001,0.8009313941001892,0.775957465171814,0.02497394196689129,0.25,0.375
8,4158,0.0001,0.728870153427124,0.7262776494026184,0.0025925124064087868,0.5,0.5
8,4159,0.0001,0.7077227830886841,0.6997687816619873,0.007953996770083904,0.5,0.5
8,4160,0.0001,0.7448955774307251,0.7264677882194519,0.018427766859531403,0.25,0.5
8,4161,0.0001,0.7570684552192688,0.7448940873146057,0.012174353003501892,0.375,0.375
8,4162,0.0001,0.732795238494873,0.7125695943832397,0.02022566646337509,0.375,0.5
8,4163,0.0001,0.4332907795906067,0.41116130352020264,0.022129489108920097,0.5,0.625
8,4164,0.0001,0.7439169883728027,0.7334210872650146,0.010495919734239578,0.5,0.5
8,4165,0.0001,0.6885383129119873,0.6791006326675415,0.0094376802444458,0.375,0.375
8,4166,0.0001,0.5948809385299683,0.573800802230835,0.021080130711197853,0.5,0.625
8,4167,0.0001,0.585200846195221,0.5769286751747131,0.008272145874798298,0.375,0.625
8,4168,0.0001,0.7550857663154602,0.7513249516487122,0.003760814666748047,0.375,0.5
8,4169,0.0001,0.5893497467041016,0.5840297937393188,0.005319978576153517,0.25,0.625
8,4170,0.0001,0.9714499115943909,0.9587387442588806,0.01271114218980074,0.0,0.375
8,4171,0.0001,0.6078614592552185,0.5808444023132324,0.027017051354050636,0.5,0.625
8,4172,0.0001,1.1203986406326294,1.0963213443756104,0.02407728135585785,0.25,0.25
8,4173,0.0001,0.36902862787246704,0.3534128963947296,0.015615716576576233,0.625,0.75
8,4174,0.0001,0.428096204996109,0.41143202781677246,0.0166641678661108,0.5,0.75
8,4175,0.0001,0.6357070207595825,0.61571204662323,0.019994955509901047,0.25,0.625
8,4176,0.0001,0.7178608179092407,0.6964259147644043,0.021434925496578217,0.375,0.5
8,4177,0.0001,0.5635635256767273,0.5504436492919922,0.013119901530444622,0.625,0.625
8,4178,0.0001,0.4485045075416565,0.42256665229797363,0.025937870144844055,0.5,0.75
8,4179,0.0001,0.2871769666671753,0.27546244859695435,0.011714516207575798,0.5,0.75
8,4180,0.0001,0.751981794834137,0.740827739238739,0.011154058389365673,0.375,0.5
8,4181,0.0001,0.9678869843482971,0.9596964120864868,0.008190571330487728,0.0,0.375
8,4182,0.0001,0.7958524227142334,0.7808101177215576,0.015042314305901527,0.125,0.375
8,4183,0.0001,0.5941063165664673,0.5736092925071716,0.020497003570199013,0.5,0.625
8,4184,0.0001,0.7586635947227478,0.7418166399002075,0.016846951097249985,0.5,0.5
8,4185,0.0001,0.7266855239868164,0.723620593547821,0.003064913908019662,0.25,0.375
8,4186,0.0001,0.9720986485481262,0.9591250419616699,0.012973612174391747,0.125,0.375
8,4187,0.0001,0.6168290972709656,0.5992085933685303,0.017620526254177094,0.375,0.5
8,4188,0.0001,0.5751250982284546,0.5644770860671997,0.010648014023900032,0.5,0.625
8,4189,0.0001,1.0233608484268188,0.9979723691940308,0.025388531386852264,0.125,0.25
8,4190,0.0001,0.9774297475814819,0.9689308404922485,0.008498887531459332,0.125,0.25
8,4191,0.0001,0.471639484167099,0.45794564485549927,0.013693846762180328,0.25,0.625
8,4192,0.0001,0.8925794363021851,0.8647708296775818,0.027808604761958122,0.125,0.25
8,4193,0.0001,0.6302189230918884,0.6220437288284302,0.008175172843039036,0.375,0.5
8,4194,0.0001,0.6389705538749695,0.6269633173942566,0.012007249519228935,0.5,0.5
8,4195,0.0001,0.5739885568618774,0.5632344484329224,0.01075412705540657,0.5,0.625
8,4196,0.0001,0.8155495524406433,0.7965487241744995,0.019000833854079247,0.25,0.5
8,4197,0.0001,0.30115440487861633,0.2725318670272827,0.028622524812817574,0.25,0.75
8,4198,0.0001,0.5838632583618164,0.5644651651382446,0.019398100674152374,0.5,0.625
8,4199,0.0001,1.1187902688980103,1.0815824270248413,0.037207845598459244,0.125,0.25
8,4200,0.0001,0.7629337310791016,0.7326247096061707,0.030309051275253296,0.375,0.5
8,4201,0.0001,0.3921571969985962,0.37358373403549194,0.018573477864265442,0.75,0.75
8,4202,0.0001,0.9520377516746521,0.9318454265594482,0.020192306488752365,0.25,0.375
8,4203,0.0001,0.6958182454109192,0.66698157787323,0.02883666753768921,0.25,0.5
8,4204,0.0001,1.1294679641723633,1.1034507751464844,0.026017218828201294,0.125,0.25
8,4205,0.0001,1.1919007301330566,1.1833611726760864,0.00853955838829279,0.125,0.125
8,4206,0.0001,0.39285188913345337,0.378284215927124,0.014567677862942219,0.75,0.75
8,4207,0.0001,1.102120041847229,1.0968588590621948,0.005261191166937351,0.25,0.25
8,4208,0.0001,0.759742796421051,0.741780698299408,0.01796209067106247,0.375,0.5
8,4209,0.0001,1.1077295541763306,1.097639560699463,0.010090036317706108,0.25,0.25
8,4210,0.0001,0.9362199306488037,0.9182433485984802,0.01797657459974289,0.25,0.375
8,4211,0.0001,0.7622347474098206,0.743030846118927,0.019203923642635345,0.375,0.5
8,4212,0.0001,0.738190770149231,0.7314338684082031,0.006756873801350594,0.5,0.5
8,4213,0.0001,1.0251500606536865,1.013190746307373,0.011959262192249298,0.125,0.25
8,4214,0.0001,0.5562060475349426,0.549724817276001,0.006481251213699579,0.625,0.625
8,4215,0.0001,1.0023494958877563,0.9808993935585022,0.021450061351060867,0.125,0.25
8,4216,0.0001,0.8752668499946594,0.8475645184516907,0.02770235389471054,0.25,0.25
8,4217,0.0001,0.9426913857460022,0.9352149367332458,0.007476455997675657,0.25,0.375
8,4218,0.0001,1.2340985536575317,1.2239603996276855,0.01013815589249134,0.0,0.0
8,4219,0.0001,0.5015909075737,0.48534977436065674,0.016241107136011124,0.5,0.625
8,4220,0.0001,0.6029797196388245,0.5856214165687561,0.017358290031552315,0.375,0.625
8,4221,0.0001,0.6170253157615662,0.5947731137275696,0.022252213209867477,0.5,0.5
8,4222,0.0001,0.7377975583076477,0.7292745113372803,0.008523054420948029,0.375,0.5
8,4223,0.0001,0.5550934672355652,0.4993409514427185,0.05575253441929817,0.5,0.625
8,4224,0.0001,0.6180431246757507,0.601813554763794,0.01622956246137619,0.5,0.5
8,4225,0.0001,0.22664213180541992,0.20965342223644257,0.016988715156912804,0.75,0.875
8,4226,0.0001,0.18599560856819153,0.16795167326927185,0.01804393343627453,0.75,0.75
8,4227,0.0001,1.2943077087402344,1.2791330814361572,0.015174617990851402,0.125,0.125
8,4228,0.0001,0.2758514881134033,0.26033514738082886,0.01551633607596159,0.375,0.875
8,4229,0.0001,0.5810832977294922,0.57459557056427,0.006487703882157803,0.375,0.5
8,4230,0.0001,0.5394895076751709,0.5166997909545898,0.022789718583226204,0.625,0.625
8,4231,0.0001,0.543788492679596,0.5318470001220703,0.011941472999751568,0.5,0.625
8,4232,0.0001,0.7541174292564392,0.7387778162956238,0.015339631587266922,0.5,0.5
8,4233,0.0001,0.4943609833717346,0.475361168384552,0.018999814987182617,0.5,0.625
8,4234,0.0001,0.9126471281051636,0.8943353891372681,0.0183117613196373,0.25,0.375
8,4235,0.0001,1.060278296470642,1.034883737564087,0.025394544005393982,0.25,0.25
8,4236,0.0001,0.9171346426010132,0.8992013335227966,0.017933301627635956,0.125,0.375
8,4237,0.0001,0.7480753064155579,0.7430245280265808,0.005050805397331715,0.375,0.5
8,4238,0.0001,0.5808448791503906,0.5608961582183838,0.01994873210787773,0.625,0.625
8,4239,0.0001,0.924246609210968,0.9076554775238037,0.016591131687164307,0.25,0.375
8,4240,0.0001,0.7606882452964783,0.7438254356384277,0.016862783581018448,0.375,0.5
8,4241,0.0001,0.7462607622146606,0.7392665147781372,0.006994219496846199,0.375,0.5
8,4242,0.0001,0.4363870918750763,0.4290958642959595,0.007291221059858799,0.5,0.625
8,4243,0.0001,0.9172781109809875,0.9060509204864502,0.01122721005231142,0.125,0.375
8,4244,0.0001,1.0682190656661987,1.0549026727676392,0.013316405937075615,0.0,0.25
8,4245,0.0001,1.0882298946380615,1.070146083831787,0.018083862960338593,0.25,0.25
8,4246,0.0001,1.1031057834625244,1.0844337940216064,0.018672004342079163,0.25,0.25
8,4247,0.0001,0.5940855145454407,0.5700049996376038,0.024080486968159676,0.5,0.625
8,4248,0.0001,0.45593661069869995,0.4460807740688324,0.009855828247964382,0.375,0.625
8,4249,0.0001,0.8447349071502686,0.8292196989059448,0.01551518589258194,0.25,0.375
8,4250,0.0001,0.7546128034591675,0.7429304122924805,0.011682365089654922,0.375,0.5
8,4251,0.0001,0.4072771668434143,0.38529229164123535,0.021984875202178955,0.5,0.75
8,4252,0.0001,0.5635639429092407,0.5534490346908569,0.010114923119544983,0.625,0.625
8,4253,0.0001,0.9973025321960449,0.923073410987854,0.0742291510105133,0.25,0.375
8,4254,0.0001,0.7349778413772583,0.7305663228034973,0.004411538131535053,0.25,0.5
8,4255,0.0001,1.2264915704727173,1.2225077152252197,0.003983885981142521,0.0,0.125
8,4256,0.0001,0.5694600343704224,0.5575473308563232,0.011912684887647629,0.375,0.625
8,4257,0.0001,0.9894302487373352,0.9702521562576294,0.01917809247970581,0.25,0.25
8,4258,0.0001,0.6683134436607361,0.6452112793922424,0.02310214750468731,0.375,0.5
8,4259,0.0001,0.7920123338699341,0.7909716367721558,0.0010406988440081477,0.25,0.375
8,4260,0.0001,0.7674441337585449,0.7485818266868591,0.01886233687400818,0.375,0.5
8,4261,0.0001,0.7701070308685303,0.7467122077941895,0.02339479699730873,0.25,0.375
8,4262,0.0001,1.073724627494812,1.0586671829223633,0.015057433396577835,0.125,0.25
8,4263,0.0001,0.2628454267978668,0.25674760341644287,0.006097819656133652,0.625,0.75
8,4264,0.0001,0.6256501078605652,0.597212553024292,0.028437528759241104,0.375,0.625
8,4265,0.0001,0.8006427884101868,0.7705668210983276,0.03007596731185913,0.375,0.375
8,4266,0.0001,0.4649260938167572,0.4578545391559601,0.0070715430192649364,0.375,0.625
8,4267,0.0001,0.38150912523269653,0.3644022047519684,0.017106931656599045,0.25,0.625
8,4268,0.0001,0.8781543970108032,0.8637377023696899,0.014416719786822796,0.25,0.375
8,4269,0.0001,0.4666111171245575,0.4364619255065918,0.030149195343255997,0.5,0.625
8,4270,0.0001,0.7888845801353455,0.7681282758712769,0.020756298676133156,0.375,0.375
8,4271,0.0001,0.8008212447166443,0.7829639315605164,0.01785730943083763,0.125,0.375
8,4272,0.0001,0.9315634369850159,0.9078144431114197,0.023748990148305893,0.25,0.375
8,4273,0.0001,0.8214263319969177,0.7829219102859497,0.03850441798567772,0.125,0.5
8,4274,0.0001,0.7882558107376099,0.738068163394928,0.050187624990940094,0.5,0.5
8,4275,0.0001,0.720977246761322,0.6803334951400757,0.04064374417066574,0.5,0.5
8,4276,0.0001,0.9114540815353394,0.9063514471054077,0.005102620460093021,0.0,0.125
8,4277,0.0001,0.7794840335845947,0.7498622536659241,0.029621761292219162,0.25,0.375
8,4278,0.0001,0.8181837201118469,0.8038017153739929,0.014381978660821915,0.125,0.375
8,4279,0.0001,0.4087539613246918,0.38907119631767273,0.019682763144373894,0.625,0.75
8,4280,0.0001,0.9220145344734192,0.9144655466079712,0.007548978086560965,0.25,0.375
8,4281,0.0001,0.29897651076316833,0.2924800217151642,0.006496497429907322,0.625,0.75
8,4282,0.0001,0.247016042470932,0.22569303214550018,0.02132301777601242,0.625,0.875
8,4283,0.0001,1.278909683227539,1.2539145946502686,0.024995053187012672,0.125,0.125
8,4284,0.0001,0.5935634970664978,0.5185064077377319,0.07505711168050766,0.375,0.5
8,4285,0.0001,0.8289685249328613,0.8090878129005432,0.019880719482898712,0.25,0.375
8,4286,0.0001,0.4668373167514801,0.44465577602386475,0.022181538864970207,0.25,0.75
8,4287,0.0001,0.6544544100761414,0.6313199996948242,0.023134395480155945,0.25,0.5
8,4288,0.0001,0.4705790579319,0.45578235387802124,0.014796702191233635,0.25,0.625
8,4289,0.0001,0.7817367315292358,0.6932384967803955,0.08849826455116272,0.125,0.25
8,4290,0.0001,1.1362855434417725,1.0997803211212158,0.036505281925201416,0.125,0.25
8,4291,0.0001,0.20583657920360565,0.20218749344348907,0.003649079706519842,0.875,0.875
8,4292,0.0001,1.0509274005889893,1.0427124500274658,0.008214958012104034,0.125,0.25
8,4293,0.0001,0.7762346863746643,0.7636412382125854,0.012593453750014305,0.375,0.375
8,4294,0.0001,0.41635948419570923,0.39680489897727966,0.019554592669010162,0.625,0.75
8,4295,0.0001,0.7725833058357239,0.7569371461868286,0.015646139159798622,0.25,0.5
8,4296,0.0001,0.8350175619125366,0.8267529606819153,0.008264591917395592,0.0,0.5
8,4297,0.0001,0.8279902338981628,0.8243187069892883,0.0036715357564389706,0.25,0.375
8,4298,0.0001,1.0490992069244385,1.0305945873260498,0.018504677340388298,0.125,0.25
8,4299,0.0001,0.5810450911521912,0.5757570266723633,0.005288036540150642,0.5,0.625
8,4300,0.0001,0.7819209694862366,0.7632550597190857,0.01866593398153782,0.25,0.25
8,4301,0.0001,0.7644633054733276,0.752018392086029,0.01244492270052433,0.375,0.375
8,4302,0.0001,1.1361792087554932,1.1240026950836182,0.01217648945748806,0.125,0.25
8,4303,0.0001,0.8111820220947266,0.7844529747962952,0.026729051023721695,0.125,0.375
8,4304,0.0001,0.5830714702606201,0.5725871324539185,0.010484366677701473,0.25,0.625
8,4305,0.0001,0.941550076007843,0.9319481253623962,0.009601975791156292,0.25,0.375
8,4306,0.0001,0.7582405805587769,0.749051570892334,0.009189008735120296,0.375,0.5
8,4307,0.0001,1.0009456872940063,0.9873875379562378,0.013558126986026764,0.25,0.25
8,4308,0.0001,0.609624445438385,0.589282751083374,0.02034168131649494,0.375,0.625
8,4309,0.0001,0.9530818462371826,0.9239819049835205,0.029099971055984497,0.25,0.375
8,4310,0.0001,0.678074061870575,0.6466940641403198,0.03137997165322304,0.125,0.5
8,4311,0.0001,1.1033819913864136,1.091097116470337,0.012284843251109123,0.25,0.25
8,4312,0.0001,0.5896093845367432,0.5647639632225037,0.0248454287648201,0.5,0.625
8,4313,0.0001,0.8668161034584045,0.8608803749084473,0.005935709457844496,0.25,0.25
8,4314,0.0001,0.7238978147506714,0.7180062532424927,0.0058915745466947556,0.375,0.5
8,4315,0.0001,0.7623772621154785,0.7591574192047119,0.0032198610715568066,0.375,0.5
8,4316,0.0001,0.9230347275733948,0.9109570980072021,0.012077637948095798,0.375,0.375
8,4317,0.0001,0.7840674519538879,0.7736908197402954,0.010376648977398872,0.25,0.5
8,4318,0.0001,0.42543354630470276,0.41686731576919556,0.008566241711378098,0.25,0.625
8,4319,0.0001,0.7676773071289062,0.7160487174987793,0.05162861570715904,0.5,0.5
8,4320,0.0001,1.1260076761245728,1.1068205833435059,0.0191870778799057,0.125,0.125
8,4321,0.0001,0.5714637637138367,0.5524526238441467,0.019011124968528748,0.625,0.625
8,4322,0.0001,0.403720885515213,0.392345666885376,0.011375205591320992,0.5,0.75
8,4323,0.0001,0.44285115599632263,0.42687344551086426,0.015977703034877777,0.375,0.75
8,4324,0.0001,0.8988811373710632,0.8927696943283081,0.006111414171755314,0.25,0.375
8,4325,0.0001,0.8820877075195312,0.8193488121032715,0.06273886561393738,0.0,0.125
8,4326,0.0001,0.7874693870544434,0.7694689035415649,0.01800045557320118,0.25,0.5
8,4327,0.0001,0.9223851561546326,0.908963680267334,0.013421449810266495,0.25,0.25
8,4328,0.0001,0.5836119055747986,0.547436535358429,0.03617538511753082,0.625,0.625
8,4329,0.0001,0.9015437364578247,0.8855454921722412,0.015998229384422302,0.375,0.375
8,4330,0.0001,1.1349377632141113,1.1135740280151367,0.021363716572523117,0.125,0.25
8,4331,0.0001,1.0860686302185059,1.0781570672988892,0.007911610417068005,0.25,0.25
8,4332,0.0001,0.574985682964325,0.5421250462532043,0.03286061808466911,0.125,0.375
8,4333,0.0001,0.7828667759895325,0.7627279758453369,0.020138820633292198,0.25,0.5
8,4334,0.0001,0.5516630411148071,0.5350081920623779,0.016654834151268005,0.625,0.625
8,4335,0.0001,0.9310413599014282,0.9089468717575073,0.0220944844186306,0.375,0.375
8,4336,0.0001,1.1738201379776,1.1519678831100464,0.021852243691682816,0.125,0.125
8,4337,0.0001,0.5613354444503784,0.5358741283416748,0.025461331009864807,0.5,0.5
8,4338,0.0001,0.7933681607246399,0.7690554857254028,0.024312656372785568,0.25,0.25
8,4339,0.0001,0.5030946731567383,0.49758636951446533,0.005508325528353453,0.625,0.625
8,4340,0.0001,0.5440218448638916,0.5389606356620789,0.00506119430065155,0.625,0.625
8,4341,0.0001,0.40008121728897095,0.3831932544708252,0.016887959092855453,0.625,0.75
8,4342,0.0001,0.397646427154541,0.39008235931396484,0.007564070168882608,0.625,0.75
8,4343,0.0001,0.5780403017997742,0.5724784731864929,0.00556182162836194,0.5,0.625
8,4344,0.0001,1.106947898864746,1.095778226852417,0.011169660836458206,0.25,0.25
8,4345,0.0001,0.9454529881477356,0.9162410497665405,0.02921193838119507,0.375,0.375
8,4346,0.0001,0.8023977279663086,0.7822461724281311,0.02015158161520958,0.25,0.5
8,4347,0.0001,0.6449357271194458,0.6360602378845215,0.008875501342117786,0.5,0.5
8,4348,0.0001,0.3928770124912262,0.371368408203125,0.021508608013391495,0.5,0.75
8,4349,0.0001,0.7431546449661255,0.7334860563278198,0.009668583050370216,0.5,0.5
8,4350,0.0001,0.7584683299064636,0.7369259595870972,0.02154238522052765,0.25,0.5
8,4351,0.0001,1.2935149669647217,1.276418924331665,0.0170960184186697,0.125,0.125
8,4352,0.0001,0.5854536890983582,0.569036602973938,0.01641710475087166,0.5,0.625
8,4353,0.0001,0.8639200329780579,0.842860996723175,0.02105903811752796,0.25,0.375
8,4354,0.0001,0.7624959945678711,0.7575162649154663,0.004979721736162901,0.25,0.5
8,4355,0.0001,0.48143765330314636,0.4767071008682251,0.004730562679469585,0.25,0.5
8,4356,0.0001,0.48655059933662415,0.45328235626220703,0.03326823562383652,0.5,0.625
8,4357,0.0001,0.46263936161994934,0.4452955722808838,0.017343787476420403,0.125,0.625
8,4358,0.0001,0.9666423201560974,0.9524253606796265,0.014216955751180649,0.25,0.25
8,4359,0.0001,0.7938528656959534,0.7653183341026306,0.028534550219774246,0.25,0.5
8,4360,0.0001,0.629414439201355,0.5905956625938416,0.03881879523396492,0.25,0.625
8,4361,0.0001,0.7108744382858276,0.7040979266166687,0.006776507943868637,0.5,0.5
8,4362,0.0001,0.6108105778694153,0.5948337912559509,0.01597677171230316,0.375,0.625
8,4363,0.0001,0.4748203456401825,0.45379090309143066,0.021029438823461533,0.5,0.625
8,4364,0.0001,0.9045117497444153,0.8988606929779053,0.005651076324284077,0.25,0.375
8,4365,0.0001,1.255216360092163,1.203978419303894,0.05123792588710785,0.0,0.125
8,4366,0.0001,1.325486421585083,1.2697253227233887,0.055761147290468216,0.125,0.125
8,4367,0.0001,0.5224729776382446,0.49248602986335754,0.02998695895075798,0.125,0.625
8,4368,0.0001,0.6272896528244019,0.6007009744644165,0.026588663458824158,0.375,0.5
8,4369,0.0001,0.7138671875,0.7103109955787659,0.003556180978193879,0.375,0.5
8,4370,0.0001,0.6235227584838867,0.6142960786819458,0.009226701222360134,0.375,0.5
8,4371,0.0001,0.9591000080108643,0.9224144220352173,0.03668561577796936,0.375,0.375
8,4372,0.0001,1.0292526483535767,1.00368332862854,0.025569286197423935,0.0,0.25
8,4373,0.0001,1.0528453588485718,1.0233148336410522,0.02953057736158371,0.0,0.25
8,4374,0.0001,0.8645820021629333,0.844160795211792,0.020421205088496208,0.125,0.375
8,4375,0.0001,0.648418664932251,0.6425179839134216,0.005900708958506584,0.5,0.5
8,4376,0.0001,0.976563036441803,0.9692704677581787,0.007292565889656544,0.125,0.25
8,4377,0.0001,1.1058274507522583,1.0986831188201904,0.007144278381019831,0.25,0.25
8,4378,0.0001,0.9220570921897888,0.9074662327766418,0.014590858481824398,0.25,0.375
8,4379,0.0001,0.6365113854408264,0.6273947358131409,0.009116620756685734,0.125,0.625
8,4380,0.0001,0.6490396857261658,0.5881745219230652,0.06086515262722969,0.375,0.5
8,4381,0.0001,0.2612931430339813,0.2521614134311676,0.009131739847362041,0.375,0.875
8,4382,0.0001,0.23164916038513184,0.2216872274875641,0.009961940348148346,0.5,0.875
8,4383,0.0001,0.7179751396179199,0.6953709125518799,0.022604206576943398,0.375,0.375
8,4384,0.0001,0.4936690926551819,0.4771757125854492,0.016493376344442368,0.375,0.625
8,4385,0.0001,0.8906801342964172,0.8728062510490417,0.017873860895633698,0.375,0.375
8,4386,0.0001,0.7551730871200562,0.7453538179397583,0.00981925055384636,0.25,0.5
8,4387,0.0001,0.7368902564048767,0.7244210243225098,0.012469220906496048,0.5,0.5
8,4388,0.0001,0.5729566216468811,0.5659918189048767,0.006964799482375383,0.5,0.625
8,4389,0.0001,0.7760177850723267,0.7447180151939392,0.031299740076065063,0.375,0.5
8,4390,0.0001,0.7594122290611267,0.7444039583206177,0.015008270740509033,0.375,0.5
8,4391,0.0001,1.1226322650909424,1.1064671277999878,0.0161651112139225,0.25,0.25
8,4392,0.0001,0.4152171015739441,0.4054264724254608,0.009790630079805851,0.625,0.75
8,4393,0.0001,0.42474454641342163,0.3970459997653961,0.027698539197444916,0.5,0.75
8,4394,0.0001,1.128730297088623,1.111598253250122,0.017132043838500977,0.125,0.25
8,4395,0.0001,0.606662392616272,0.5955297946929932,0.01113261841237545,0.375,0.625
8,4396,0.0001,0.4042586088180542,0.3759482502937317,0.028310351073741913,0.75,0.75
8,4397,0.0001,0.9101337790489197,0.904409646987915,0.005724121816456318,0.375,0.375
8,4398,0.0001,0.6769940853118896,0.6666062474250793,0.010387839749455452,0.5,0.5
8,4399,0.0001,0.7511720657348633,0.7380661964416504,0.013105867430567741,0.5,0.5
8,4400,0.0001,0.9708386659622192,0.9398507475852966,0.03098789043724537,0.25,0.375
8,4401,0.0001,0.952433705329895,0.913827657699585,0.03860604017972946,0.375,0.375
8,4402,0.0001,0.754193127155304,0.7399946451187134,0.014198473654687405,0.375,0.5
8,4403,0.0001,0.577237606048584,0.5629366636276245,0.01430093590170145,0.5,0.625
8,4404,0.0001,0.768160879611969,0.7583185434341431,0.009842311963438988,0.375,0.5
8,4405,0.0001,0.5621756315231323,0.5492852926254272,0.012890366837382317,0.625,0.625
8,4406,0.0001,0.4285198152065277,0.42001187801361084,0.008507932536303997,0.5,0.625
8,4407,0.0001,0.6040468811988831,0.5933443903923035,0.010702512226998806,0.375,0.625
8,4408,0.0001,1.100211501121521,1.091383934020996,0.008827585726976395,0.25,0.25
8,4409,0.0001,0.8703839182853699,0.8433376550674438,0.027046263217926025,0.375,0.375
8,4410,0.0001,0.940054714679718,0.925319492816925,0.014735223725438118,0.375,0.375
8,4411,0.0001,0.5755516886711121,0.5717820525169373,0.0037696349900215864,0.375,0.625
8,4412,0.0001,0.9737368822097778,0.9101781845092773,0.06355870515108109,0.375,0.375
8,4413,0.0001,0.42697668075561523,0.4090735614299774,0.017903123050928116,0.625,0.625
8,4414,0.0001,0.7054445743560791,0.69417405128479,0.01127050630748272,0.25,0.5
8,4415,0.0001,0.6028032898902893,0.5841465592384338,0.018656734377145767,0.375,0.625
8,4416,0.0001,0.7917240858078003,0.7801244258880615,0.01159963384270668,0.375,0.375
8,4417,0.0001,0.4178538918495178,0.40788590908050537,0.009967992082238197,0.625,0.75
8,4418,0.0001,1.1248376369476318,1.1144177913665771,0.010419875383377075,0.125,0.25
8,4419,0.0001,0.41268739104270935,0.3822546899318695,0.030432691797614098,0.625,0.75
8,4420,0.0001,0.5729954242706299,0.5511898994445801,0.021805517375469208,0.625,0.625
8,4421,0.0001,0.7949186563491821,0.7729020118713379,0.02201661840081215,0.125,0.5
8,4422,0.0001,0.6512205600738525,0.6417120695114136,0.009508520364761353,0.375,0.5
8,4423,0.0001,0.7619933485984802,0.7557592988014221,0.006234058178961277,0.25,0.5
8,4424,0.0001,0.32611408829689026,0.3150535225868225,0.011060567572712898,0.625,0.75
8,4425,0.0001,0.7913288474082947,0.7865992784500122,0.0047295717522501945,0.125,0.5
8,4426,0.0001,0.2712174952030182,0.25539714097976685,0.015820354223251343,0.625,0.75
8,4427,0.0001,0.41721153259277344,0.3947104215621948,0.022501114755868912,0.625,0.75
8,4428,0.0001,0.5412505269050598,0.5152026414871216,0.026047881692647934,0.5,0.5
8,4429,0.0001,0.5500462651252747,0.5398085117340088,0.010237781330943108,0.625,0.625
8,4430,0.0001,0.3900081217288971,0.3769066333770752,0.013101484626531601,0.75,0.75
8,4431,0.0001,0.7794914245605469,0.770541787147522,0.008949627168476582,0.375,0.5
8,4432,0.0001,0.5267937183380127,0.5042846202850342,0.02250908687710762,0.5,0.625
8,4433,0.0001,0.4950077533721924,0.4862600266933441,0.00874774158000946,0.5,0.625
8,4434,0.0001,0.9223592281341553,0.9110780954360962,0.011281110346317291,0.375,0.375
8,4435,0.0001,0.9045040607452393,0.896274983882904,0.008229056373238564,0.375,0.375
8,4436,0.0001,0.6464196443557739,0.628708004951477,0.017711611464619637,0.375,0.5
8,4437,0.0001,1.1390382051467896,1.1204396486282349,0.018598556518554688,0.125,0.25
8,4438,0.0001,0.6053346991539001,0.5960253477096558,0.009309369139373302,0.375,0.625
8,4439,0.0001,0.9354308247566223,0.9100359678268433,0.025394877418875694,0.125,0.25
8,4440,0.0001,0.8282915949821472,0.80959153175354,0.018700040876865387,0.375,0.375
8,4441,0.0001,0.7556259632110596,0.743049681186676,0.012576288543641567,0.125,0.375
8,4442,0.0001,0.929237961769104,0.9117539525032043,0.017484009265899658,0.375,0.375
8,4443,0.0001,0.47218143939971924,0.45464634895324707,0.017535101622343063,0.625,0.625
8,4444,0.0001,0.5848342180252075,0.5631166100502014,0.02171759493649006,0.25,0.625
8,4445,0.0001,0.9266489148139954,0.9129281640052795,0.013720727525651455,0.375,0.375
8,4446,0.0001,0.4557024836540222,0.43150508403778076,0.024197403341531754,0.625,0.625
8,4447,0.0001,0.9394225478172302,0.9243361353874207,0.015086416155099869,0.125,0.375
8,4448,0.0001,0.44018033146858215,0.42088189721107483,0.019298436120152473,0.5,0.75
8,4449,0.0001,0.7591420412063599,0.7458853721618652,0.013256693258881569,0.375,0.5
8,4450,0.0001,0.6624021530151367,0.65547776222229,0.00692440290004015,0.375,0.5
8,4451,0.0001,0.7515156865119934,0.7394400835037231,0.012075604870915413,0.5,0.5
8,4452,0.0001,0.9440189599990845,0.918606162071228,0.025412775576114655,0.375,0.375
8,4453,0.0001,0.8475210666656494,0.8367815017700195,0.010739575140178204,0.375,0.375
8,4454,0.0001,0.7442201972007751,0.7308031916618347,0.013417033478617668,0.5,0.5
8,4455,0.0001,0.014062158763408661,0.008139248937368393,0.005922909826040268,1.0,1.0
9,4456,0.0001,0.6249061822891235,0.611667811870575,0.013238363899290562,0.375,0.5
9,4457,0.0001,1.055769920349121,1.037125587463379,0.01864432543516159,0.125,0.25
9,4458,0.0001,0.7584536671638489,0.7377049326896667,0.020748738199472427,0.5,0.5
9,4459,0.0001,0.566805362701416,0.5547652244567871,0.01204011496156454,0.5,0.625
9,4460,0.0001,0.5546947717666626,0.5511019229888916,0.0035928755532950163,0.625,0.625
9,4461,0.0001,0.43098196387290955,0.4169791042804718,0.014002865180373192,0.5,0.625
9,4462,0.0001,0.7519754767417908,0.744236409664154,0.007739047519862652,0.375,0.5
9,4463,0.0001,0.958501398563385,0.9369124174118042,0.021588988602161407,0.125,0.375
9,4464,0.0001,0.933401346206665,0.9201550483703613,0.013246282935142517,0.375,0.375
9,4465,0.0001,0.5734469890594482,0.5664995908737183,0.006947377696633339,0.375,0.625
9,4466,0.0001,0.9234890341758728,0.9178932905197144,0.005595738068223,0.375,0.375
9,4467,0.0001,0.7487491965293884,0.7428475618362427,0.0059016402810812,0.375,0.5
9,4468,0.0001,0.7323182225227356,0.7190977334976196,0.013220464810729027,0.375,0.5
9,4469,0.0001,0.8250235915184021,0.8214484453201294,0.0035751189570873976,0.25,0.375
9,4470,0.0001,1.0832436084747314,1.0654839277267456,0.017759714275598526,0.25,0.25
9,4471,0.0001,0.5737773776054382,0.5687965154647827,0.004980850964784622,0.5,0.625
9,4472,0.0001,0.9877374172210693,0.9088464379310608,0.07889100909233093,0.375,0.375
9,4473,0.0001,0.951147735118866,0.9362738728523254,0.014873865991830826,0.125,0.375
9,4474,0.0001,0.6554450988769531,0.634463906288147,0.020981164649128914,0.5,0.5
9,4475,0.0001,0.7639465928077698,0.7444903254508972,0.019456245005130768,0.5,0.5
9,4476,0.0001,0.7901964783668518,0.7816692590713501,0.008527235127985477,0.25,0.375
9,4477,0.0001,0.8257190585136414,0.7976003885269165,0.028118647634983063,0.375,0.375
9,4478,0.0001,0.451406866312027,0.42577096819877625,0.025635898113250732,0.25,0.75
9,4479,0.0001,0.7836728692054749,0.7651385068893433,0.018534360453486443,0.25,0.375
9,4480,0.0001,0.7900437116622925,0.7541742324829102,0.03586945682764053,0.375,0.5
9,4481,0.0001,0.9532266855239868,0.9422974586486816,0.010929256677627563,0.25,0.25
9,4482,0.0001,0.9668096303939819,0.9484580159187317,0.01835162565112114,0.25,0.25
9,4483,0.0001,0.9708072543144226,0.9602233171463013,0.010583942756056786,0.125,0.375
9,4484,0.0001,0.8084959387779236,0.7938678860664368,0.014628039672970772,0.25,0.5
9,4485,0.0001,1.2357256412506104,1.2097618579864502,0.02596372738480568,0.0,0.125
9,4486,0.0001,0.44242677092552185,0.4333488941192627,0.00907788798213005,0.375,0.75
9,4487,0.0001,0.7952146530151367,0.7795031070709229,0.015711519867181778,0.25,0.375
9,4488,0.0001,0.3235505521297455,0.3184543251991272,0.00509621249511838,0.375,0.5
9,4489,0.0001,0.587812602519989,0.5778599381446838,0.009952644817531109,0.25,0.625
9,4490,0.0001,1.289994239807129,1.2853721380233765,0.0046220505610108376,0.125,0.125
9,4491,0.0001,0.7463879585266113,0.7407988905906677,0.005589054897427559,0.375,0.375
9,4492,0.0001,0.9253242611885071,0.9128321409225464,0.012492119334638119,0.375,0.375
9,4493,0.0001,0.6010195016860962,0.589165449142456,0.01185404509305954,0.375,0.625
9,4494,0.0001,0.7000164985656738,0.6908854246139526,0.009131044149398804,0.375,0.5
9,4495,0.0001,0.5689727067947388,0.5637307167053223,0.0052420031279325485,0.625,0.625
9,4496,0.0001,0.27820587158203125,0.2717222273349762,0.006483638193458319,0.625,0.75
9,4497,0.0001,0.7384809851646423,0.7122556567192078,0.026225315406918526,0.5,0.5
9,4498,0.0001,0.9134814739227295,0.8958619236946106,0.017619529739022255,0.25,0.375
9,4499,0.0001,0.8096504807472229,0.7621690034866333,0.0474814847111702,0.25,0.375
9,4500,0.0001,0.858052134513855,0.8417990207672119,0.016253085806965828,0.375,0.375
9,4501,0.0001,0.5064095854759216,0.49213099479675293,0.014278607442975044,0.5,0.625
9,4502,0.0001,0.6506474614143372,0.6243094801902771,0.026337960734963417,0.5,0.5
9,4503,0.0001,0.2277737259864807,0.22098474204540253,0.006788985338062048,0.75,0.875
9,4504,0.0001,0.77522212266922,0.7687603831291199,0.0064617362804710865,0.25,0.5
9,4505,0.0001,0.3878861665725708,0.3792610764503479,0.008625093847513199,0.625,0.75
9,4506,0.0001,0.5552831292152405,0.5382808446884155,0.017002295702695847,0.5,0.625
9,4507,0.0001,0.5593411326408386,0.5480502247810364,0.011290895752608776,0.5,0.625
9,4508,0.0001,0.859800398349762,0.8424211144447327,0.017379287630319595,0.375,0.375
9,4509,0.0001,0.9291315674781799,0.9209568500518799,0.0081747155636549,0.125,0.375
9,4510,0.0001,1.1041998863220215,1.0985604524612427,0.005639459937810898,0.25,0.25
9,4511,0.0001,0.38961365818977356,0.38440585136413574,0.005207805894315243,0.625,0.75
9,4512,0.0001,0.5944710373878479,0.5668951272964478,0.027575917541980743,0.5,0.625
9,4513,0.0001,0.5684248805046082,0.5533576011657715,0.015067297965288162,0.625,0.625
9,4514,0.0001,1.1098582744598389,1.10140061378479,0.00845765508711338,0.25,0.25
9,4515,0.0001,0.8592218160629272,0.8270481824874878,0.03217364102602005,0.0,0.25
9,4516,0.0001,0.9352008700370789,0.913499116897583,0.02170173078775406,0.25,0.375
9,4517,0.0001,0.9296335577964783,0.9212368130683899,0.00839672889560461,0.375,0.375
9,4518,0.0001,1.1078559160232544,1.1006067991256714,0.0072490861639380455,0.125,0.25
9,4519,0.0001,0.9344063401222229,0.930251955986023,0.004154406953603029,0.25,0.375
9,4520,0.0001,0.7544389963150024,0.7449085712432861,0.009530403651297092,0.5,0.5
9,4521,0.0001,0.44428932666778564,0.3898121416568756,0.05447719246149063,0.625,0.75
9,4522,0.0001,0.6040998101234436,0.583763599395752,0.02033623307943344,0.375,0.625
9,4523,0.0001,0.7477772831916809,0.7320446372032166,0.01573263294994831,0.5,0.5
9,4524,0.0001,0.40888985991477966,0.38651901483535767,0.022370845079421997,0.625,0.75
9,4525,0.0001,1.1670160293579102,1.1631025075912476,0.003913515713065863,0.125,0.125
9,4526,0.0001,1.0922560691833496,1.0636091232299805,0.02864694781601429,0.25,0.25
9,4527,0.0001,0.7759107351303101,0.7605080008506775,0.015402739867568016,0.375,0.5
9,4528,0.0001,0.4095301032066345,0.38747531175613403,0.022054802626371384,0.5,0.75
9,4529,0.0001,0.7775704860687256,0.7751757502555847,0.0023947155568748713,0.375,0.375
9,4530,0.0001,0.4978584051132202,0.49241945147514343,0.005438951309770346,0.625,0.625
9,4531,0.0001,0.916149914264679,0.9010239839553833,0.015125922858715057,0.375,0.375
9,4532,0.0001,0.5664013028144836,0.5589752197265625,0.007426079362630844,0.375,0.5
9,4533,0.0001,0.7542312145233154,0.7447705268859863,0.009460709057748318,0.375,0.5
9,4534,0.0001,0.778488039970398,0.765023946762085,0.013464068993926048,0.25,0.5
9,4535,0.0001,0.6646867990493774,0.6518961191177368,0.012790650129318237,0.25,0.375
9,4536,0.0001,0.14456838369369507,0.1293071210384369,0.015261264517903328,0.25,0.875
9,4537,0.0001,0.7639921307563782,0.7582096457481384,0.0057825129479169846,0.25,0.5
9,4538,0.0001,0.4313545525074005,0.40721595287323,0.024138610810041428,0.5,0.75
9,4539,0.0001,0.774927020072937,0.7636538743972778,0.01127314381301403,0.375,0.375
9,4540,0.0001,0.7248097658157349,0.6999478936195374,0.024861883372068405,0.5,0.5
9,4541,0.0001,0.9581206440925598,0.9437439441680908,0.014376683160662651,0.125,0.25
9,4542,0.0001,0.6160178184509277,0.610425591468811,0.005592250265181065,0.25,0.5
9,4543,0.0001,0.6284389495849609,0.6048306226730347,0.02360834926366806,0.25,0.5
9,4544,0.0001,1.2057222127914429,1.1935828924179077,0.012139329686760902,0.125,0.125
9,4545,0.0001,0.30788901448249817,0.29659512639045715,0.011293899267911911,0.625,0.75
9,4546,0.0001,0.422752320766449,0.4133894443511963,0.009362885728478432,0.5,0.75
9,4547,0.0001,0.2769092619419098,0.24430441856384277,0.032604847103357315,0.375,0.875
9,4548,0.0001,0.48454350233078003,0.4408198297023773,0.04372367635369301,0.5,0.625
9,4549,0.0001,0.8172387480735779,0.7653989791870117,0.05183975398540497,0.375,0.375
9,4550,0.0001,0.9420263171195984,0.8964359760284424,0.0455903634428978,0.375,0.375
9,4551,0.0001,0.5264907479286194,0.5147081017494202,0.011782623827457428,0.375,0.625
9,4552,0.0001,0.28218263387680054,0.27256345748901367,0.00961916334927082,0.625,0.75
9,4553,0.0001,0.36036163568496704,0.33342093229293823,0.02694070339202881,0.0,0.5
9,4554,0.0001,0.4555322825908661,0.4288718104362488,0.026660479605197906,0.5,0.75
9,4555,0.0001,0.5948039293289185,0.5802114605903625,0.014592492021620274,0.5,0.625
9,4556,0.0001,0.7127477526664734,0.6942002177238464,0.01854752004146576,0.25,0.25
9,4557,0.0001,1.111756443977356,1.0950448513031006,0.016711551696062088,0.25,0.25
9,4558,0.0001,0.7207371592521667,0.6822540163993835,0.03848316892981529,0.5,0.5
9,4559,0.0001,0.7755394577980042,0.7722563743591309,0.003283097641542554,0.375,0.375
9,4560,0.0001,0.5886563658714294,0.57157963514328,0.017076704651117325,0.5,0.625
9,4561,0.0001,0.925957202911377,0.9164464473724365,0.009510736912488937,0.25,0.375
9,4562,0.0001,0.406591534614563,0.3904215097427368,0.016170013695955276,0.625,0.75
9,4563,0.0001,0.6185992360115051,0.5936466455459595,0.02495259791612625,0.5,0.5
9,4564,0.0001,0.7789055705070496,0.7657747268676758,0.01313085202127695,0.25,0.5
9,4565,0.0001,0.9831872582435608,0.9588673114776611,0.02431993931531906,0.0,0.375
9,4566,0.0001,0.646105170249939,0.6252397298812866,0.020865468308329582,0.375,0.5
9,4567,0.0001,0.7707112431526184,0.744652271270752,0.026058997958898544,0.375,0.5
9,4568,0.0001,1.289616584777832,1.2806823253631592,0.008934266865253448,0.125,0.125
9,4569,0.0001,0.5567299127578735,0.5493561625480652,0.007373746484518051,0.625,0.625
9,4570,0.0001,0.5949618220329285,0.5689268112182617,0.02603503316640854,0.5,0.625
9,4571,0.0001,1.0634799003601074,0.9955282211303711,0.06795170158147812,0.25,0.25
9,4572,0.0001,0.48887449502944946,0.4365299344062805,0.05234454944729805,0.5,0.625
9,4573,0.0001,0.6046499609947205,0.5915716290473938,0.013078323565423489,0.5,0.5
9,4574,0.0001,0.2955760955810547,0.25588083267211914,0.03969524800777435,0.5,0.75
9,4575,0.0001,0.6068333387374878,0.5491244196891785,0.05770894140005112,0.625,0.625
9,4576,0.0001,0.793660581111908,0.7258174419403076,0.06784315407276154,0.375,0.5
9,4577,0.0001,0.9673124551773071,0.9227094650268555,0.044603005051612854,0.25,0.375
9,4578,0.0001,0.5968737006187439,0.5852419137954712,0.011631762608885765,0.5,0.625
9,4579,0.0001,0.8204719424247742,0.807328462600708,0.013143472373485565,0.25,0.375
9,4580,0.0001,0.7869035005569458,0.7709048986434937,0.015998588874936104,0.25,0.5
9,4581,0.0001,0.6232595443725586,0.6111278533935547,0.012131710536777973,0.25,0.5
9,4582,0.0001,0.5504160523414612,0.5130894780158997,0.03732655942440033,0.5,0.625
9,4583,0.0001,0.7865467071533203,0.7421082258224487,0.04443848878145218,0.25,0.5
9,4584,0.0001,0.28045761585235596,0.27130836248397827,0.009149238467216492,0.75,0.75
9,4585,0.0001,1.2779831886291504,1.2716741561889648,0.006309065967798233,0.125,0.125
9,4586,0.0001,0.779963493347168,0.7703980207443237,0.009565465152263641,0.25,0.5
9,4587,0.0001,0.4882797598838806,0.4639800190925598,0.024299737066030502,0.375,0.625
9,4588,0.0001,0.8953021168708801,0.8813193440437317,0.013982788659632206,0.25,0.375
9,4589,0.0001,0.9450714588165283,0.9398627281188965,0.0052087316289544106,0.25,0.25
9,4590,0.0001,0.7465943098068237,0.7374669909477234,0.00912732444703579,0.125,0.375
9,4591,0.0001,0.933010995388031,0.9190458655357361,0.013965106569230556,0.375,0.375
9,4592,0.0001,0.3635438084602356,0.3461686074733734,0.017375212162733078,0.625,0.75
9,4593,0.0001,0.8903900980949402,0.8821855783462524,0.008204493671655655,0.375,0.375
9,4594,0.0001,0.3523888885974884,0.3302578926086426,0.02213100530207157,0.5,0.75
9,4595,0.0001,1.1201326847076416,1.0958824157714844,0.024250224232673645,0.125,0.25
9,4596,0.0001,0.9175379276275635,0.8987184166908264,0.01881953328847885,0.375,0.375
9,4597,0.0001,0.7696493268013,0.7544281482696533,0.015221158042550087,0.25,0.5
9,4598,0.0001,0.5847811698913574,0.5799300074577332,0.004851159173995256,0.5,0.625
9,4599,0.0001,0.9314854145050049,0.9200071692466736,0.011478248052299023,0.25,0.375
9,4600,0.0001,0.8308730721473694,0.8033126592636108,0.027560405433177948,0.125,0.375
9,4601,0.0001,1.3753935098648071,1.3648090362548828,0.010584436357021332,0.0,0.0
9,4602,0.0001,0.9117874503135681,0.9022811651229858,0.00950626377016306,0.375,0.375
9,4603,0.0001,0.7455443143844604,0.7274267673492432,0.01811753213405609,0.375,0.5
9,4604,0.0001,1.127987027168274,1.1146152019500732,0.013371797278523445,0.125,0.125
9,4605,0.0001,0.6673611998558044,0.6469943523406982,0.02036687359213829,0.25,0.375
9,4606,0.0001,0.938563346862793,0.9234310388565063,0.015132337808609009,0.25,0.375
9,4607,0.0001,0.747219979763031,0.7358898520469666,0.011330125853419304,0.25,0.5
9,4608,0.0001,0.9499264359474182,0.9135761260986328,0.036350324749946594,0.0,0.375
9,4609,0.0001,1.0083860158920288,0.9800264239311218,0.028359627351164818,0.0,0.25
9,4610,0.0001,0.5370676517486572,0.5017605423927307,0.035307083278894424,0.5,0.625
9,4611,0.0001,0.4413374960422516,0.3849397301673889,0.05639776960015297,0.625,0.75
9,4612,0.0001,0.5905943512916565,0.5572174787521362,0.033376868814229965,0.5,0.625
9,4613,0.0001,0.6492182612419128,0.6252902746200562,0.023927969858050346,0.25,0.375
9,4614,0.0001,0.7629415392875671,0.7410625219345093,0.021879037842154503,0.375,0.5
9,4615,0.0001,0.806983470916748,0.7996917963027954,0.007291704416275024,0.25,0.375
9,4616,0.0001,0.44189250469207764,0.4255552887916565,0.01633722521364689,0.625,0.625
9,4617,0.0001,0.573573648929596,0.5439618229866028,0.029611850157380104,0.5,0.625
9,4618,0.0001,0.767915666103363,0.757112979888916,0.01080271415412426,0.25,0.5
9,4619,0.0001,0.9882341623306274,0.9805327653884888,0.007701396476477385,0.0,0.25
9,4620,0.0001,0.4977864623069763,0.4817025065422058,0.016083959490060806,0.375,0.5
9,4621,0.0001,0.5711585879325867,0.5325472354888916,0.03861136734485626,0.375,0.5
9,4622,0.0001,0.904884397983551,0.8883788585662842,0.016505541279911995,0.125,0.375
9,4623,0.0001,0.7513092756271362,0.7461731433868408,0.005136154592037201,0.5,0.5
9,4624,0.0001,0.6757500767707825,0.6590148210525513,0.016735263168811798,0.375,0.5
9,4625,0.0001,0.811324954032898,0.7929465174674988,0.018378442153334618,0.25,0.375
9,4626,0.0001,1.0062326192855835,0.9896572232246399,0.01657545194029808,0.125,0.25
9,4627,0.0001,0.8454757332801819,0.8373293280601501,0.008146382868289948,0.125,0.25
9,4628,0.0001,0.5914474725723267,0.581276535987854,0.010170918889343739,0.375,0.625
9,4629,0.0001,0.5291274785995483,0.5010075569152832,0.028119897469878197,0.125,0.5
9,4630,0.0001,0.7286170721054077,0.6956311464309692,0.03298589959740639,0.125,0.5
9,4631,0.0001,0.7439709901809692,0.7124150395393372,0.03155594319105148,0.375,0.5
9,4632,0.0001,0.5728238821029663,0.5297380685806274,0.043085839599370956,0.25,0.375
9,4633,0.0001,0.7669958472251892,0.7562073469161987,0.01078847236931324,0.25,0.5
9,4634,0.0001,0.5234337449073792,0.5047634243965149,0.018670326098799706,0.375,0.625
9,4635,0.0001,0.8889996409416199,0.8657244443893433,0.023275185376405716,0.125,0.25
9,4636,0.0001,0.9492889046669006,0.9293253421783447,0.019963590428233147,0.25,0.375
9,4637,0.0001,0.9253120422363281,0.8997431397438049,0.025568928569555283,0.375,0.375
9,4638,0.0001,1.1158092021942139,1.104845404624939,0.010963843204081059,0.125,0.25
9,4639,0.0001,0.8229098916053772,0.8005634546279907,0.022346464917063713,0.25,0.375
9,4640,0.0001,0.7996450066566467,0.7834657430648804,0.016179271042346954,0.125,0.375
9,4641,0.0001,0.9783943295478821,0.9686771631240845,0.009717181324958801,0.125,0.25
9,4642,0.0001,0.5834697484970093,0.5614492893218994,0.022020455449819565,0.5,0.625
9,4643,0.0001,0.6556652784347534,0.6370981335639954,0.018567124381661415,0.25,0.375
9,4644,0.0001,0.43588757514953613,0.4207192659378052,0.01516830176115036,0.375,0.75
9,4645,0.0001,1.1294426918029785,1.0868260860443115,0.0426165834069252,0.125,0.25
9,4646,0.0001,0.44207802414894104,0.42128491401672363,0.020793115720152855,0.625,0.625
9,4647,0.0001,0.6690045595169067,0.6287811994552612,0.040223389863967896,0.25,0.375
9,4648,0.0001,0.5599840879440308,0.5323347449302673,0.02764936536550522,0.25,0.625
9,4649,0.0001,0.801568865776062,0.7795465588569641,0.02202232927083969,0.25,0.5
9,4650,0.0001,0.7718674540519714,0.762362003326416,0.009505432099103928,0.25,0.5
9,4651,0.0001,1.135362148284912,1.1094837188720703,0.025878461077809334,0.125,0.25
9,4652,0.0001,0.9512240886688232,0.9138928651809692,0.03733120858669281,0.25,0.375
9,4653,0.0001,0.6870237588882446,0.627429187297821,0.05959456041455269,0.0,0.5
9,4654,0.0001,0.8477698564529419,0.801579475402832,0.04619035869836807,0.0,0.375
9,4655,0.0001,0.449585884809494,0.44090625643730164,0.008679620921611786,0.25,0.75
9,4656,0.0001,0.8410566449165344,0.8307682275772095,0.010288406163454056,0.25,0.375
9,4657,0.0001,0.39927029609680176,0.38120734691619873,0.018062949180603027,0.625,0.75
9,4658,0.0001,0.6827419996261597,0.6344125270843506,0.04832949489355087,0.5,0.5
9,4659,0.0001,0.9413591623306274,0.9146614670753479,0.026697691529989243,0.25,0.375
9,4660,0.0001,0.9244609475135803,0.8988760113716125,0.025584964081645012,0.25,0.375
9,4661,0.0001,0.202621191740036,0.19145189225673676,0.011169303208589554,0.75,0.875
9,4662,0.0001,0.5834398865699768,0.5660236477851868,0.01741623692214489,0.625,0.625
9,4663,0.0001,0.5619421005249023,0.5557938814163208,0.006148237735033035,0.625,0.625
9,4664,0.0001,0.9182607531547546,0.9042121171951294,0.014048634096980095,0.375,0.375
9,4665,0.0001,0.7549412250518799,0.7467139959335327,0.008227228187024593,0.5,0.5
9,4666,0.0001,0.4549219310283661,0.4166378378868103,0.03828408941626549,0.5,0.75
9,4667,0.0001,0.2446330487728119,0.23862069845199585,0.006012343801558018,0.625,0.875
9,4668,0.0001,0.7401238679885864,0.7286521196365356,0.011471778154373169,0.5,0.5
9,4669,0.0001,0.6493647694587708,0.6413216590881348,0.008043094538152218,0.5,0.5
9,4670,0.0001,0.9821781516075134,0.9611859321594238,0.020992226898670197,0.125,0.25
9,4671,0.0001,1.4133144617080688,1.402070164680481,0.011244317516684532,0.0,0.0
9,4672,0.0001,1.0436761379241943,1.0215659141540527,0.022110268473625183,0.0,0.125
9,4673,0.0001,0.8536914587020874,0.8466885685920715,0.00700288126245141,0.0,0.25
9,4674,0.0001,0.7109719514846802,0.6581553816795349,0.05281659960746765,0.375,0.5
9,4675,0.0001,1.1449838876724243,1.1154320240020752,0.02955186367034912,0.0,0.25
9,4676,0.0001,0.746195912361145,0.7371170520782471,0.009078875184059143,0.5,0.5
9,4677,0.0001,0.4117622673511505,0.3918743133544922,0.01988794654607773,0.625,0.75
9,4678,0.0001,0.5568217039108276,0.5111757516860962,0.04564597085118294,0.25,0.375
9,4679,0.0001,0.6073262095451355,0.590921938419342,0.016404293477535248,0.375,0.625
9,4680,0.0001,0.922511875629425,0.9135739803314209,0.008937898091971874,0.375,0.375
9,4681,0.0001,0.2407281994819641,0.21145391464233398,0.029274292290210724,0.75,0.875
9,4682,0.0001,0.5867785811424255,0.5820418000221252,0.004736785776913166,0.5,0.625
9,4683,0.0001,0.3974074125289917,0.3807208836078644,0.016686543822288513,0.625,0.75
9,4684,0.0001,0.40466445684432983,0.3897402286529541,0.014924213290214539,0.75,0.75
9,4685,0.0001,0.7578359246253967,0.7356773614883423,0.0221585500985384,0.5,0.5
9,4686,0.0001,0.22542038559913635,0.21969063580036163,0.005729747004806995,0.625,0.875
9,4687,0.0001,0.47001850605010986,0.4522169232368469,0.017801571637392044,0.5,0.625
9,4688,0.0001,1.2407443523406982,1.2242462635040283,0.016498036682605743,0.125,0.125
9,4689,0.0001,0.7329204678535461,0.7179539203643799,0.01496655773371458,0.25,0.5
9,4690,0.0001,0.6647023558616638,0.6576215624809265,0.007080805487930775,0.375,0.375
9,4691,0.0001,1.114456295967102,1.1055253744125366,0.008930975571274757,0.125,0.25
9,4692,0.0001,0.5806170105934143,0.5704442262649536,0.010172812268137932,0.5,0.625
9,4693,0.0001,1.2772045135498047,1.2560455799102783,0.021158955991268158,0.125,0.125
9,4694,0.0001,0.6489059925079346,0.5942407846450806,0.0546652153134346,0.375,0.625
9,4695,0.0001,0.6017149090766907,0.5876784324645996,0.014036505483090878,0.25,0.625
9,4696,0.0001,0.9873620867729187,0.9559089541435242,0.031453151255846024,0.25,0.25
9,4697,0.0001,0.3868876099586487,0.37448132038116455,0.012406295165419579,0.75,0.75
9,4698,0.0001,0.9849140644073486,0.9532210230827332,0.03169303759932518,0.125,0.25
9,4699,0.0001,0.8504762053489685,0.8030517101287842,0.047424495220184326,0.125,0.375
9,4700,0.0001,0.5695406794548035,0.5530359745025635,0.016504712402820587,0.625,0.625
9,4701,0.0001,0.4419841766357422,0.4128047227859497,0.029179450124502182,0.5,0.75
9,4702,0.0001,0.4389486610889435,0.41417497396469116,0.024773690849542618,0.5,0.625
9,4703,0.0001,0.7202833294868469,0.6945396065711975,0.025743748992681503,0.5,0.5
9,4704,0.0001,0.7306722402572632,0.7194703221321106,0.011201898567378521,0.5,0.5
9,4705,0.0001,0.921919584274292,0.9145102500915527,0.007409349083900452,0.375,0.375
9,4706,0.0001,0.08282668888568878,0.07677371054887772,0.006052974611520767,0.75,0.875
9,4707,0.0001,0.3758707046508789,0.3663559854030609,0.009514715522527695,0.75,0.75
9,4708,0.0001,0.9335852265357971,0.9234259724617004,0.010159242898225784,0.375,0.375
9,4709,0.0001,0.7355694770812988,0.7312107682228088,0.00435872795060277,0.5,0.5
9,4710,0.0001,0.7654584646224976,0.7566087245941162,0.00884974841028452,0.375,0.5
9,4711,0.0001,0.3870401084423065,0.3688370883464813,0.018203021958470345,0.75,0.75
9,4712,0.0001,0.40371036529541016,0.37132173776626587,0.032388634979724884,0.75,0.75
9,4713,0.0001,0.39639514684677124,0.38401490449905396,0.012380239553749561,0.75,0.75
9,4714,0.0001,0.5589750409126282,0.546119213104248,0.01285582222044468,0.625,0.625
9,4715,0.0001,0.7550641894340515,0.7405213713645935,0.014542845077812672,0.25,0.5
9,4716,0.0001,0.5673136711120605,0.5638884902000427,0.0034251639153808355,0.625,0.625
9,4717,0.0001,0.39711689949035645,0.3827953338623047,0.01432156190276146,0.625,0.75
9,4718,0.0001,0.9800411462783813,0.9600355625152588,0.02000558003783226,0.0,0.25
9,4719,0.0001,0.43860292434692383,0.4323674440383911,0.006235476583242416,0.625,0.625
9,4720,0.0001,1.1082825660705566,1.1011571884155273,0.0071253227069973946,0.125,0.125
9,4721,0.0001,0.6201828718185425,0.6058388948440552,0.014343954622745514,0.5,0.5
9,4722,0.0001,1.0937267541885376,1.0851140022277832,0.008612707257270813,0.25,0.25
9,4723,0.0001,0.7815650701522827,0.7667449116706848,0.014820167794823647,0.25,0.5
9,4724,0.0001,0.922309398651123,0.910699188709259,0.011610239744186401,0.375,0.375
9,4725,0.0001,0.8599144220352173,0.7960705161094666,0.06384391337633133,0.375,0.375
9,4726,0.0001,0.8902624249458313,0.8844386339187622,0.005823771469295025,0.375,0.375
9,4727,0.0001,0.9181738495826721,0.8982753753662109,0.01989845745265484,0.25,0.375
9,4728,0.0001,0.9121988415718079,0.9021241664886475,0.010074653662741184,0.375,0.375
9,4729,0.0001,0.5710665583610535,0.5471892952919006,0.023877251893281937,0.5,0.625
9,4730,0.0001,1.110543966293335,1.0997686386108398,0.010775268077850342,0.125,0.25
9,4731,0.0001,0.47626593708992004,0.4623453617095947,0.013920582830905914,0.125,0.625
9,4732,0.0001,0.9510870575904846,0.9377977252006531,0.013289304450154305,0.125,0.375
9,4733,0.0001,0.7371984720230103,0.7302145957946777,0.006983857601881027,0.5,0.5
9,4734,0.0001,0.5985958576202393,0.5910499095916748,0.007545962929725647,0.375,0.625
9,4735,0.0001,0.9388192296028137,0.9234609603881836,0.015358285047113895,0.25,0.375
9,4736,0.0001,0.4096031188964844,0.4001774787902832,0.00942564383149147,0.5,0.75
9,4737,0.0001,0.41448697447776794,0.40373745560646057,0.010749504901468754,0.625,0.625
9,4738,0.0001,1.1091771125793457,1.0995862483978271,0.009590862318873405,0.125,0.25
9,4739,0.0001,1.2881178855895996,1.278893232345581,0.009224697947502136,0.125,0.125
9,4740,0.0001,0.3205394148826599,0.29171478748321533,0.028824638575315475,0.625,0.75
9,4741,0.0001,0.7907944321632385,0.7639501094818115,0.02684432826936245,0.125,0.5
9,4742,0.0001,0.4593641757965088,0.4430698752403259,0.016294313594698906,0.5,0.625
9,4743,0.0001,0.8591963052749634,0.8358631730079651,0.023333145305514336,0.25,0.375
9,4744,0.0001,0.23701851069927216,0.2241973727941513,0.012821132317185402,0.625,0.875
9,4745,0.0001,0.6252031326293945,0.6015211939811707,0.02368195913732052,0.5,0.5
9,4746,0.0001,0.21580173075199127,0.20567737519741058,0.010124358348548412,0.75,0.875
9,4747,0.0001,0.5822941064834595,0.5761826038360596,0.00611147889867425,0.5,0.625
9,4748,0.0001,0.9144559502601624,0.9073500037193298,0.007105924189090729,0.375,0.375
9,4749,0.0001,0.9018232226371765,0.8902001976966858,0.011623047292232513,0.375,0.375
9,4750,0.0001,0.32674849033355713,0.31823083758354187,0.008517637848854065,0.75,0.75
9,4751,0.0001,0.3923038840293884,0.3844005763530731,0.007903320714831352,0.75,0.75
9,4752,0.0001,0.8952336311340332,0.8811780214309692,0.014055600389838219,0.375,0.375
9,4753,0.0001,0.7529258131980896,0.748767614364624,0.00415818952023983,0.375,0.5
9,4754,0.0001,0.7583322525024414,0.7504207491874695,0.007911501452326775,0.375,0.5
9,4755,0.0001,0.5832335352897644,0.5683326125144958,0.014900916256010532,0.5,0.625
9,4756,0.0001,0.9697979688644409,0.947552502155304,0.022245489060878754,0.25,0.375
9,4757,0.0001,0.9270941615104675,0.9207546710968018,0.006339502986520529,0.375,0.375
9,4758,0.0001,0.4009189009666443,0.39190101623535156,0.009017892181873322,0.625,0.75
9,4759,0.0001,0.5915601849555969,0.5741971731185913,0.01736299693584442,0.5,0.625
9,4760,0.0001,0.6007614135742188,0.5977180004119873,0.003043405245989561,0.5,0.5
9,4761,0.0001,0.593157172203064,0.5874946713447571,0.0056625232100486755,0.5,0.625
9,4762,0.0001,0.5807192325592041,0.5622864961624146,0.018432743847370148,0.5,0.625
9,4763,0.0001,0.790817141532898,0.7836189270019531,0.0071982210502028465,0.0,0.5
9,4764,0.0001,1.1692098379135132,1.1520404815673828,0.017169412225484848,0.125,0.125
9,4765,0.0001,0.4045427441596985,0.3885778784751892,0.015964850783348083,0.625,0.75
9,4766,0.0001,0.400094598531723,0.3662554621696472,0.0338391475379467,0.75,0.75
9,4767,0.0001,0.805502712726593,0.7926656007766724,0.012837089598178864,0.375,0.375
9,4768,0.0001,0.6210525631904602,0.5895265936851501,0.03152594342827797,0.5,0.5
9,4769,0.0001,0.40880051255226135,0.4016485810279846,0.007151943165808916,0.5,0.75
9,4770,0.0001,1.206348180770874,1.1936380863189697,0.012710053473711014,0.125,0.125
9,4771,0.0001,0.7928534150123596,0.7669247984886169,0.02592863328754902,0.375,0.5
9,4772,0.0001,0.8440952301025391,0.7835167646408081,0.060578469187021255,0.125,0.375
9,4773,0.0001,0.756287157535553,0.7400610446929932,0.016226090490818024,0.5,0.5
9,4774,0.0001,0.23751778900623322,0.2053055614233017,0.03221222758293152,0.875,0.875
9,4775,0.0001,0.7377060055732727,0.7303807139396667,0.007325279526412487,0.5,0.5
9,4776,0.0001,0.15867869555950165,0.14780645072460175,0.010872242972254753,0.625,0.875
9,4777,0.0001,0.7072256803512573,0.6938839554786682,0.013341711834073067,0.5,0.5
9,4778,0.0001,0.39761021733283997,0.37759852409362793,0.020011698827147484,0.75,0.75
9,4779,0.0001,0.7376400232315063,0.7257862091064453,0.011853789910674095,0.25,0.5
9,4780,0.0001,0.7896264791488647,0.7676360607147217,0.021990444511175156,0.25,0.375
9,4781,0.0001,0.24202319979667664,0.22361516952514648,0.018408026546239853,0.75,0.75
9,4782,0.0001,0.5302514433860779,0.5041931867599487,0.02605828084051609,0.5,0.625
9,4783,0.0001,0.9209311008453369,0.9111876487731934,0.009743433445692062,0.375,0.375
9,4784,0.0001,0.5956918001174927,0.5863001942634583,0.009391612373292446,0.5,0.5
9,4785,0.0001,0.5945706367492676,0.563386082649231,0.031184561550617218,0.625,0.625
9,4786,0.0001,0.5276733040809631,0.5138445496559143,0.01382877491414547,0.375,0.5
9,4787,0.0001,0.3563176691532135,0.3244735896587372,0.031844090670347214,0.75,0.75
9,4788,0.0001,0.6576581597328186,0.6478416919708252,0.009816467761993408,0.5,0.5
9,4789,0.0001,0.802376925945282,0.7955331802368164,0.006843751762062311,0.375,0.375
9,4790,0.0001,0.4452005922794342,0.40874147415161133,0.03645912557840347,0.5,0.75
9,4791,0.0001,0.41683852672576904,0.39835411310195923,0.018484409898519516,0.625,0.75
9,4792,0.0001,0.9447236657142639,0.9250831007957458,0.01964057795703411,0.125,0.375
9,4793,0.0001,0.5687922239303589,0.5529202818870544,0.01587197184562683,0.625,0.625
9,4794,0.0001,0.39926663041114807,0.38503968715667725,0.014226941391825676,0.625,0.75
9,4795,0.0001,0.4209624230861664,0.4094701111316681,0.011492305435240269,0.375,0.75
9,4796,0.0001,0.25429680943489075,0.24700641632080078,0.0072903819382190704,0.5,0.875
9,4797,0.0001,0.46690982580184937,0.46576613187789917,0.0011436963686719537,0.375,0.625
9,4798,0.0001,0.30416810512542725,0.28357046842575073,0.020597632974386215,0.375,0.75
9,4799,0.0001,0.5413377285003662,0.5153459310531616,0.025991804897785187,0.375,0.5
9,4800,0.0001,0.764152467250824,0.7537192702293396,0.010433172807097435,0.25,0.5
9,4801,0.0001,0.392519474029541,0.3749954402446747,0.01752404123544693,0.75,0.75
9,4802,0.0001,0.822655200958252,0.797443687915802,0.025211527943611145,0.375,0.375
9,4803,0.0001,0.6759579181671143,0.66054368019104,0.015414226800203323,0.375,0.5
9,4804,0.0001,0.7982902526855469,0.7846048474311829,0.01368542481213808,0.25,0.5
9,4805,0.0001,0.421566367149353,0.4133616089820862,0.008204764686524868,0.5,0.75
9,4806,0.0001,0.6708614826202393,0.6579459309577942,0.012915543280541897,0.5,0.5
9,4807,0.0001,0.8710354566574097,0.8595561981201172,0.011479261331260204,0.125,0.375
9,4808,0.0001,0.6053431630134583,0.5901161432266235,0.015227045863866806,0.5,0.5
9,4809,0.0001,0.7995885014533997,0.7781102061271667,0.021478313952684402,0.375,0.375
9,4810,0.0001,0.6825657486915588,0.6603513956069946,0.022214354947209358,0.5,0.5
9,4811,0.0001,0.38579633831977844,0.3681991696357727,0.01759716495871544,0.75,0.75
9,4812,0.0001,0.8118829727172852,0.7965247631072998,0.015358208678662777,0.25,0.375
9,4813,0.0001,0.4248421788215637,0.40218016505241394,0.022662019357085228,0.5,0.625
9,4814,0.0001,0.737038791179657,0.727172315120697,0.009866500273346901,0.5,0.5
9,4815,0.0001,0.4787825644016266,0.42768093943595886,0.05110161751508713,0.25,0.5
9,4816,0.0001,0.4998420774936676,0.4840119183063507,0.01583014614880085,0.125,0.5
9,4817,0.0001,0.7964870929718018,0.7780867218971252,0.018400393426418304,0.25,0.5
9,4818,0.0001,0.9247947335243225,0.9104554653167725,0.014339257031679153,0.375,0.375
9,4819,0.0001,0.5819473266601562,0.5702096819877625,0.011737639084458351,0.5,0.625
9,4820,0.0001,0.23578503727912903,0.22485077381134033,0.010934261605143547,0.625,0.875
9,4821,0.0001,0.7436939477920532,0.732181191444397,0.01151278242468834,0.375,0.5
9,4822,0.0001,0.7710589170455933,0.7572391033172607,0.013819814659655094,0.375,0.5
9,4823,0.0001,1.0340169668197632,1.0065789222717285,0.027438096702098846,0.125,0.25
9,4824,0.0001,1.104347586631775,1.0918452739715576,0.012502333149313927,0.25,0.25
9,4825,0.0001,0.20945490896701813,0.20515507459640503,0.004299834370613098,0.875,0.875
9,4826,0.0001,0.4183981716632843,0.4021414518356323,0.016256719827651978,0.625,0.75
9,4827,0.0001,1.1114745140075684,1.0935754776000977,0.017899055033922195,0.25,0.25
9,4828,0.0001,0.4365696609020233,0.4281781315803528,0.008391538634896278,0.375,0.75
9,4829,0.0001,1.1068270206451416,1.0989882946014404,0.007838740013539791,0.25,0.25
9,4830,0.0001,0.7223900556564331,0.7143232226371765,0.00806683674454689,0.5,0.5
9,4831,0.0001,0.3019270598888397,0.2841971516609192,0.017729902639985085,0.625,0.75
9,4832,0.0001,0.37174150347709656,0.34501713514328003,0.02672436460852623,0.375,0.625
9,4833,0.0001,0.6011887788772583,0.5893596410751343,0.011829135939478874,0.5,0.5
9,4834,0.0001,0.8133277297019958,0.8081717491149902,0.005156003870069981,0.25,0.25
9,4835,0.0001,0.58021080493927,0.570249617099762,0.009961163625121117,0.375,0.625
9,4836,0.0001,0.6510939598083496,0.6451736092567444,0.005920367315411568,0.125,0.5
9,4837,0.0001,0.6140754818916321,0.5984165668487549,0.015658942982554436,0.25,0.625
9,4838,0.0001,0.4737984240055084,0.45314446091651917,0.020653963088989258,0.5,0.5
9,4839,0.0001,0.4452686607837677,0.43113452196121216,0.014134135097265244,0.5,0.625
9,4840,0.0001,0.7113890051841736,0.7042639255523682,0.007125092204660177,0.5,0.5
9,4841,0.0001,0.8106651902198792,0.7928509712219238,0.01781422644853592,0.25,0.375
9,4842,0.0001,0.7757180333137512,0.7594213485717773,0.016296712681651115,0.125,0.5
9,4843,0.0001,0.7877151966094971,0.7636388540267944,0.024076320230960846,0.375,0.5
9,4844,0.0001,0.8315815925598145,0.8142484426498413,0.017333146184682846,0.25,0.375
9,4845,0.0001,0.5656089186668396,0.5554218888282776,0.010187026113271713,0.25,0.625
9,4846,0.0001,0.9332109093666077,0.9221148490905762,0.011096082627773285,0.375,0.375
9,4847,0.0001,0.9456532001495361,0.9299678206443787,0.015685375779867172,0.125,0.375
9,4848,0.0001,0.481279194355011,0.45550668239593506,0.025772511959075928,0.25,0.625
9,4849,0.0001,0.5777003169059753,0.5678834319114685,0.009816884063184261,0.5,0.625
9,4850,0.0001,0.7641922235488892,0.7521162033081055,0.012076001614332199,0.0,0.5
9,4851,0.0001,0.3860913813114166,0.381441593170166,0.004649787675589323,0.75,0.75
9,4852,0.0001,0.7840802073478699,0.7769578695297241,0.007122318260371685,0.375,0.375
9,4853,0.0001,0.3817211389541626,0.3774290680885315,0.004292057827115059,0.75,0.75
9,4854,0.0001,0.3243139684200287,0.28257817029953003,0.041735801845788956,0.375,0.75
9,4855,0.0001,0.5691380500793457,0.5563368797302246,0.012801182456314564,0.625,0.625
9,4856,0.0001,0.8107808232307434,0.7797145843505859,0.031066227704286575,0.25,0.5
9,4857,0.0001,0.7845516800880432,0.7757353782653809,0.00881630927324295,0.375,0.375
9,4858,0.0001,0.7652308940887451,0.7529863715171814,0.012244513258337975,0.25,0.5
9,4859,0.0001,0.4485738277435303,0.4272008538246155,0.02137298323214054,0.5,0.625
9,4860,0.0001,0.5788449645042419,0.5713458061218262,0.007499159313738346,0.5,0.625
9,4861,0.0001,0.3143646717071533,0.2682911455631256,0.046073511242866516,0.25,0.625
9,4862,0.0001,0.4009245038032532,0.3915349841117859,0.009389521554112434,0.625,0.75
9,4863,0.0001,0.7016738057136536,0.6950622797012329,0.006611536722630262,0.375,0.5
9,4864,0.0001,0.788943886756897,0.7776476144790649,0.011296245269477367,0.25,0.375
9,4865,0.0001,0.4427536427974701,0.42676860094070435,0.015985053032636642,0.5,0.625
9,4866,0.0001,0.8018566370010376,0.7863763570785522,0.015480294823646545,0.25,0.375
9,4867,0.0001,0.5897765159606934,0.5768425464630127,0.012933965772390366,0.375,0.625
9,4868,0.0001,0.6643407344818115,0.6423470973968506,0.02199360728263855,0.5,0.5
9,4869,0.0001,1.0238066911697388,1.0029511451721191,0.020855586975812912,0.125,0.125
9,4870,0.0001,0.5668861865997314,0.556260347366333,0.010625813156366348,0.5,0.625
9,4871,0.0001,1.1125781536102295,1.1058377027511597,0.006740407086908817,0.25,0.25
9,4872,0.0001,0.5745140314102173,0.5596426129341125,0.014871432445943356,0.625,0.625
9,4873,0.0001,0.6295499801635742,0.6226506233215332,0.006899327039718628,0.125,0.5
9,4874,0.0001,0.5461555123329163,0.5274937152862549,0.018661808222532272,0.25,0.625
9,4875,0.0001,0.4262056350708008,0.39734113216400146,0.028864514082670212,0.625,0.75
9,4876,0.0001,0.5684323310852051,0.5600790977478027,0.008353231474757195,0.625,0.625
9,4877,0.0001,0.779527485370636,0.7727900743484497,0.0067374082282185555,0.375,0.375
9,4878,0.0001,0.039823636412620544,0.03496422991156578,0.0048594046384096146,0.875,1.0
9,4879,0.0001,0.6628779172897339,0.6565613746643066,0.006316562183201313,0.5,0.5
9,4880,0.0001,0.24815668165683746,0.2217642217874527,0.026392463594675064,0.625,0.875
9,4881,0.0001,0.5683892965316772,0.5632286667823792,0.005160647910088301,0.5,0.625
9,4882,0.0001,0.9502285718917847,0.9388892650604248,0.011339318007230759,0.25,0.375
9,4883,0.0001,0.8507449626922607,0.8255313038825989,0.025213638320565224,0.0,0.375
9,4884,0.0001,1.0682731866836548,1.0406314134597778,0.027641763910651207,0.0,0.25
9,4885,0.0001,0.6939921975135803,0.6766453981399536,0.017346777021884918,0.375,0.5
9,4886,0.0001,0.8756014108657837,0.8599974513053894,0.015603949315845966,0.25,0.375
9,4887,0.0001,0.908065676689148,0.895020604133606,0.013045093044638634,0.375,0.375
9,4888,0.0001,0.5354223251342773,0.5260313153266907,0.009391004219651222,0.375,0.625
9,4889,0.0001,1.1005240678787231,1.093184471130371,0.007339575327932835,0.25,0.25
9,4890,0.0001,1.1138404607772827,1.107919454574585,0.005921042058616877,0.125,0.25
9,4891,0.0001,0.7639708518981934,0.756632924079895,0.007337906863540411,0.375,0.5
9,4892,0.0001,0.7107487916946411,0.6905122995376587,0.02023651823401451,0.375,0.5
9,4893,0.0001,0.622177243232727,0.6108738780021667,0.011303345672786236,0.25,0.375
9,4894,0.0001,0.5798584818840027,0.5638282299041748,0.01603027805685997,0.5,0.625
9,4895,0.0001,0.656285285949707,0.6419596672058105,0.014325594529509544,0.375,0.375
9,4896,0.0001,0.5665907859802246,0.5583357810974121,0.00825500302016735,0.625,0.625
9,4897,0.0001,0.9424688220024109,0.9378559589385986,0.004612884018570185,0.25,0.375
9,4898,0.0001,0.27126163244247437,0.24483436346054077,0.026427261531352997,0.75,0.75
9,4899,0.0001,1.0964853763580322,1.0901353359222412,0.006350081413984299,0.25,0.25
9,4900,0.0001,0.3967365324497223,0.37753719091415405,0.01919933408498764,0.75,0.75
9,4901,0.0001,0.7484754920005798,0.7152900695800781,0.033185433596372604,0.25,0.5
9,4902,0.0001,1.1027131080627441,1.0761477947235107,0.02656533010303974,0.125,0.25
9,4903,0.0001,0.7805173993110657,0.759357213973999,0.021160198375582695,0.375,0.5
9,4904,0.0001,0.6801514625549316,0.6635273098945618,0.01662416011095047,0.5,0.5
9,4905,0.0001,0.5722293257713318,0.5495685935020447,0.022660741582512856,0.5,0.625
9,4906,0.0001,0.9102028608322144,0.8947657346725464,0.01543713454157114,0.375,0.375
9,4907,0.0001,0.8399443030357361,0.8243869543075562,0.015557367354631424,0.375,0.375
9,4908,0.0001,0.9260006546974182,0.9098824262619019,0.016118202358484268,0.25,0.375
9,4909,0.0001,0.9111964702606201,0.8922098875045776,0.01898660883307457,0.375,0.375
9,4910,0.0001,0.8234322667121887,0.8124071955680847,0.011025052517652512,0.125,0.375
9,4911,0.0001,0.9924831986427307,0.985565721988678,0.006917471997439861,0.25,0.25
9,4912,0.0001,1.048590064048767,1.0352654457092285,0.013324646279215813,0.125,0.25
9,4913,0.0001,0.5031216740608215,0.4877448081970215,0.015376892872154713,0.25,0.625
9,4914,0.0001,0.5614372491836548,0.5500078201293945,0.011429407633841038,0.5,0.625
9,4915,0.0001,0.6642380356788635,0.6595255136489868,0.004712541587650776,0.375,0.5
9,4916,0.0001,0.6851668953895569,0.6459737420082092,0.03919316828250885,0.25,0.5
9,4917,0.0001,1.0506914854049683,1.0320408344268799,0.018650688230991364,0.25,0.25
9,4918,0.0001,0.748359203338623,0.7416635751724243,0.006695607677102089,0.375,0.5
9,4919,0.0001,0.5180574059486389,0.49571943283081055,0.022337963804602623,0.375,0.625
9,4920,0.0001,0.6090674996376038,0.5915420055389404,0.01752547174692154,0.5,0.5
9,4921,0.0001,0.5158427953720093,0.5065326690673828,0.009310129098594189,0.5,0.625
9,4922,0.0001,0.8638048768043518,0.8591484427452087,0.00465640751644969,0.375,0.375
9,4923,0.0001,0.6519403457641602,0.6439540982246399,0.007986266165971756,0.25,0.5
9,4924,0.0001,0.8217542171478271,0.8135230541229248,0.008231140673160553,0.375,0.375
9,4925,0.0001,1.0067720413208008,1.0010162591934204,0.005755810998380184,0.25,0.25
9,4926,0.0001,0.7482834458351135,0.7388547658920288,0.009428657591342926,0.5,0.5
9,4927,0.0001,1.2753300666809082,1.2563269138336182,0.019003119319677353,0.0,0.125
9,4928,0.0001,0.5563045144081116,0.5422956943511963,0.014008798636496067,0.5,0.625
9,4929,0.0001,0.5498366951942444,0.539949357509613,0.009887350723147392,0.5,0.625
9,4930,0.0001,0.7297995090484619,0.6712833642959595,0.05851614475250244,0.125,0.5
9,4931,0.0001,0.9731654524803162,0.9335803389549255,0.03958512842655182,0.125,0.375
9,4932,0.0001,0.5886802673339844,0.5709925889968872,0.017687680199742317,0.375,0.625
9,4933,0.0001,0.7490532994270325,0.7329266667366028,0.016126610338687897,0.375,0.5
9,4934,0.0001,0.9294365048408508,0.9087785482406616,0.020657969638705254,0.375,0.375
9,4935,0.0001,0.952422559261322,0.9331140518188477,0.019308486953377724,0.25,0.375
9,4936,0.0001,0.7194775342941284,0.6969599723815918,0.022517535835504532,0.375,0.375
9,4937,0.0001,0.7862423658370972,0.7257077097892761,0.060534656047821045,0.25,0.375
9,4938,0.0001,0.3225807845592499,0.28862088918685913,0.03395988419651985,0.5,0.625
9,4939,0.0001,0.744572639465332,0.7111660242080688,0.033406637609004974,0.375,0.5
9,4940,0.0001,0.7742520570755005,0.7272912263870239,0.04696085676550865,0.125,0.375
9,4941,0.0001,0.49154677987098694,0.47316238284111023,0.018384383991360664,0.625,0.625
9,4942,0.0001,0.8430928587913513,0.8269661068916321,0.016126759350299835,0.25,0.25
9,4943,0.0001,0.4485741853713989,0.41648563742637634,0.03208856284618378,0.125,0.75
9,4944,0.0001,0.5701591968536377,0.5197161436080933,0.05044303461909294,0.25,0.375
9,4945,0.0001,0.909470796585083,0.8823689222335815,0.02710186131298542,0.375,0.375
9,4946,0.0001,0.5156131982803345,0.47198551893234253,0.043627653270959854,0.5,0.625
9,4947,0.0001,0.8685204982757568,0.8576930165290833,0.010827500373125076,0.25,0.375
9,4948,0.0001,0.4183740019798279,0.3772510290145874,0.04112298786640167,0.75,0.75
9,4949,0.0001,0.7457640171051025,0.7189778089523315,0.026786213740706444,0.5,0.5
9,4950,0.0001,0.9841495156288147,0.9528388381004333,0.03131068870425224,0.125,0.25
9,4951,0.0001,0.6345208287239075,0.6226379871368408,0.011882828548550606,0.25,0.5
9,4952,0.0001,0.2880260646343231,0.27783387899398804,0.010192187502980232,0.375,0.75
9,4953,0.0001,1.2781654596328735,1.2531936168670654,0.024971824139356613,0.125,0.125
9,4954,0.0001,0.8168662786483765,0.8033081889152527,0.01355811022222042,0.25,0.375
9,4955,0.0001,0.6206607818603516,0.6058900952339172,0.014770708978176117,0.375,0.625
9,4956,0.0001,0.45754146575927734,0.43282949924468994,0.024711973965168,0.25,0.75
9,4957,0.0001,1.2838605642318726,1.2747576236724854,0.009102964773774147,0.0,0.0
9,4958,0.0001,0.6825929284095764,0.6714329719543457,0.011159950867295265,0.25,0.5
9,4959,0.0001,0.8479259014129639,0.818845272064209,0.029080603271722794,0.125,0.25
9,4960,0.0001,0.6180006861686707,0.5969853401184082,0.021015344187617302,0.125,0.625
9,4961,0.0001,0.9653222560882568,0.9512296915054321,0.01409255899488926,0.125,0.25
9,4962,0.0001,1.0987809896469116,1.0862418413162231,0.012539150193333626,0.125,0.25
9,4963,0.0001,1.1341681480407715,1.1130399703979492,0.02112812176346779,0.125,0.25
9,4964,0.0001,0.4712243676185608,0.45577913522720337,0.015445246361196041,0.375,0.625
9,4965,0.0001,0.4499138295650482,0.433944970369339,0.01596885919570923,0.5,0.625
9,4966,0.0001,0.44767266511917114,0.4247038960456848,0.022968756034970284,0.625,0.625
9,4967,0.0001,0.434127539396286,0.3884020447731018,0.04572548717260361,0.625,0.75
9,4968,0.0001,0.7847700715065002,0.7683767676353455,0.016393305733799934,0.25,0.375
9,4969,0.0001,1.0390410423278809,1.0350289344787598,0.0040121302008628845,0.25,0.25
9,4970,0.0001,0.8672709465026855,0.8457191586494446,0.021551812067627907,0.25,0.375
9,4971,0.0001,1.0792008638381958,1.0659395456314087,0.013261367566883564,0.125,0.125
9,4972,0.0001,0.5720261931419373,0.5669324398040771,0.005093753337860107,0.5,0.625
9,4973,0.0001,0.7440446615219116,0.7357728481292725,0.008271804079413414,0.5,0.5
9,4974,0.0001,0.37860673666000366,0.36924564838409424,0.00936107337474823,0.625,0.75
9,4975,0.0001,0.3980925679206848,0.3859805464744568,0.012112008407711983,0.625,0.75
9,4976,0.0001,0.766464352607727,0.7464227676391602,0.020041562616825104,0.375,0.5
9,4977,0.0001,0.9291592836380005,0.9066581130027771,0.022501196712255478,0.125,0.375
9,4978,0.0001,0.8873448371887207,0.8678107261657715,0.01953408308327198,0.25,0.25
9,4979,0.0001,0.6944586634635925,0.6842983961105347,0.010160254314541817,0.5,0.5
9,4980,0.0001,0.8787181973457336,0.8701162338256836,0.008601936511695385,0.25,0.375
9,4981,0.0001,0.7299574613571167,0.7171847224235535,0.01277272216975689,0.25,0.375
9,4982,0.0001,0.3718627393245697,0.3679046630859375,0.00395808182656765,0.625,0.75
9,4983,0.0001,0.9706477522850037,0.95143061876297,0.019217129796743393,0.0,0.25
9,4984,0.0001,1.1026256084442139,1.0943588018417358,0.00826682522892952,0.25,0.25
9,4985,0.0001,0.4816547632217407,0.4782400131225586,0.0034147435799241066,0.25,0.625
9,4986,0.0001,0.6400967240333557,0.6237398982048035,0.016356848180294037,0.375,0.375
9,4987,0.0001,1.2095786333084106,1.180755853652954,0.028822753578424454,0.0,0.125
9,4988,0.0001,0.7764833569526672,0.7685054540634155,0.007977891713380814,0.125,0.375
9,4989,0.0001,0.6783904433250427,0.663182258605957,0.01520819403231144,0.375,0.5
9,4990,0.0001,0.45069536566734314,0.4397992491722107,0.010896108113229275,0.625,0.625
9,4991,0.0001,0.718111515045166,0.7035893797874451,0.014522124081850052,0.375,0.5
9,4992,0.0001,1.1506404876708984,1.1407020092010498,0.009938517585396767,0.125,0.125
9,4993,0.0001,0.7135399580001831,0.7060525417327881,0.007487429305911064,0.375,0.5
9,4994,0.0001,0.524337887763977,0.5159237384796143,0.008414133451879025,0.375,0.5
9,4995,0.0001,0.42236530780792236,0.40346601605415344,0.01889928989112377,0.5,0.75
9,4996,0.0001,0.6113829612731934,0.6060784459114075,0.005304489750415087,0.25,0.5
9,4997,0.0001,0.9332210421562195,0.9130599498748779,0.020161118358373642,0.375,0.375
9,4998,0.0001,0.6145799160003662,0.598697304725647,0.01588262803852558,0.5,0.5
9,4999,0.0001,0.9273604154586792,0.9101318120956421,0.01722858101129532,0.25,0.375
9,5000,0.0001,0.6433655619621277,0.6350908279418945,0.008274761959910393,0.25,0.5
9,5001,0.0001,0.7645097374916077,0.7475559711456299,0.016953743994235992,0.375,0.5
9,5002,0.0001,0.8439947366714478,0.8277299404144287,0.016264813020825386,0.375,0.375
9,5003,0.0001,0.6997491121292114,0.6908542513847351,0.008894873782992363,0.5,0.5
9,5004,0.0001,0.7637885212898254,0.752029299736023,0.01175924763083458,0.375,0.5
9,5005,0.0001,0.781421422958374,0.7486693859100342,0.03275202959775925,0.25,0.375
9,5006,0.0001,0.7775765061378479,0.7626008987426758,0.014975636266171932,0.125,0.5
9,5007,0.0001,0.9648674130439758,0.9522515535354614,0.012615876272320747,0.125,0.375
9,5008,0.0001,0.6906080842018127,0.6821170449256897,0.008491039276123047,0.5,0.5
9,5009,0.0001,0.6011148691177368,0.593791127204895,0.007323755882680416,0.375,0.5
9,5010,0.0001,0.8340507745742798,0.8155896663665771,0.01846109703183174,0.375,0.375
9,5011,0.0001,0.6348522305488586,0.6086556911468506,0.026196544989943504,0.375,0.5
9,5012,0.0001,1.4567683935165405,1.45564866065979,0.001119684660807252,0.0,0.0
10,5013,0.0001,0.6005449891090393,0.580676794052124,0.01986818015575409,0.375,0.625
10,5014,0.0001,0.5875759720802307,0.5497023463249207,0.03787365183234215,0.375,0.5
10,5015,0.0001,0.5622135996818542,0.547693133354187,0.014520449563860893,0.5,0.5
10,5016,0.0001,0.4495823085308075,0.4276597201824188,0.021922575309872627,0.5,0.75
10,5017,0.0001,0.3730158507823944,0.3551219701766968,0.017893891781568527,0.625,0.75
10,5018,0.0001,0.7126192450523376,0.7015634179115295,0.01105582807213068,0.125,0.375
10,5019,0.0001,0.7492966055870056,0.7468739748001099,0.002422615885734558,0.25,0.375
10,5020,0.0001,0.38949429988861084,0.3681640923023224,0.021330207586288452,0.75,0.75
10,5021,0.0001,0.5061504244804382,0.4766604006290436,0.029490001499652863,0.375,0.5
10,5022,0.0001,0.6345025300979614,0.6174408197402954,0.017061734572052956,0.125,0.625
10,5023,0.0001,0.4900837242603302,0.4647655785083771,0.025318147614598274,0.25,0.625
10,5024,0.0001,0.7493748664855957,0.7373434901237488,0.012031406164169312,0.375,0.5
10,5025,0.0001,0.691165030002594,0.680477499961853,0.010687524452805519,0.375,0.5
10,5026,0.0001,0.625190019607544,0.6056494116783142,0.01954062096774578,0.375,0.5
10,5027,0.0001,0.6406390070915222,0.6258040070533752,0.014834992587566376,0.375,0.375
10,5028,0.0001,0.7571443915367126,0.738961398601532,0.01818297617137432,0.5,0.5
10,5029,0.0001,0.9306259751319885,0.9171469807624817,0.013479001820087433,0.25,0.25
10,5030,0.0001,0.8803359866142273,0.8601435422897339,0.020192431285977364,0.125,0.375
10,5031,0.0001,0.5864831209182739,0.5547111630439758,0.03177197650074959,0.375,0.5
10,5032,0.0001,0.42701080441474915,0.41750240325927734,0.009508412331342697,0.5,0.625
10,5033,0.0001,0.9576249718666077,0.9285693168640137,0.029055677354335785,0.125,0.375
10,5034,0.0001,0.7445970177650452,0.7361730337142944,0.008423958905041218,0.125,0.375
10,5035,0.0001,0.4140397906303406,0.4052610993385315,0.008778695948421955,0.5,0.75
10,5036,0.0001,0.8955121040344238,0.8817304372787476,0.013781687244772911,0.0,0.25
10,5037,0.0001,0.6812471747398376,0.675443172454834,0.005804023705422878,0.25,0.5
10,5038,0.0001,1.1209582090377808,1.0538480281829834,0.06711020320653915,0.0,0.25
10,5039,0.0001,0.4381463825702667,0.42993584275245667,0.008210550993680954,0.375,0.75
10,5040,0.0001,0.3931104838848114,0.37379512190818787,0.019315365701913834,0.75,0.75
10,5041,0.0001,0.7929021120071411,0.7493607997894287,0.04354128614068031,0.25,0.375
10,5042,0.0001,0.48534274101257324,0.4788603186607361,0.006482409313321114,0.125,0.625
10,5043,0.0001,0.7034297585487366,0.6908224821090698,0.012607274577021599,0.5,0.5
10,5044,0.0001,0.7253588438034058,0.7192645072937012,0.006094344891607761,0.25,0.5
10,5045,0.0001,0.43817707896232605,0.41135331988334656,0.02682376652956009,0.25,0.75
10,5046,0.0001,0.2806961238384247,0.25359413027763367,0.027101997286081314,0.375,0.75
10,5047,0.0001,0.2503717839717865,0.22876684367656708,0.021604951471090317,0.625,0.875
10,5048,0.0001,0.5869346857070923,0.574999213218689,0.011935495771467686,0.5,0.625
10,5049,0.0001,0.9766502976417542,0.9641245007514954,0.012525806203484535,0.0,0.25
10,5050,0.0001,0.5718292593955994,0.5615526437759399,0.010276604443788528,0.25,0.625
10,5051,0.0001,0.5953733325004578,0.5849995017051697,0.010373805649578571,0.375,0.625
10,5052,0.0001,0.7578972578048706,0.7387466430664062,0.019150612875819206,0.5,0.5
10,5053,0.0001,0.9429079294204712,0.9294824004173279,0.013425521552562714,0.25,0.375
10,5054,0.0001,0.8962346911430359,0.8911954164505005,0.005039277486503124,0.375,0.375
10,5055,0.0001,0.9168559312820435,0.8940680027008057,0.022787950932979584,0.375,0.375
10,5056,0.0001,0.9279584288597107,0.9042701721191406,0.023688267916440964,0.25,0.375
10,5057,0.0001,0.6353067755699158,0.6165670156478882,0.018739772960543633,0.125,0.625
10,5058,0.0001,0.6958081126213074,0.6880673766136169,0.007740707602351904,0.25,0.5
10,5059,0.0001,0.8588588237762451,0.8437561392784119,0.015102689154446125,0.25,0.375
10,5060,0.0001,0.7937654256820679,0.7686097621917725,0.025155678391456604,0.25,0.5
10,5061,0.0001,0.5079007148742676,0.49643465876579285,0.011466030031442642,0.5,0.625
10,5062,0.0001,0.5748080611228943,0.5508489608764648,0.023959103971719742,0.5,0.5
10,5063,0.0001,0.4420602321624756,0.42584240436553955,0.016217822209000587,0.625,0.625
10,5064,0.0001,1.0549675226211548,1.0378344058990479,0.017133116722106934,0.0,0.25
10,5065,0.0001,1.04547119140625,1.0211788415908813,0.02429240755736828,0.0,0.25
10,5066,0.0001,0.25440242886543274,0.23165251314640045,0.022749926894903183,0.5,0.875
10,5067,0.0001,0.8666085600852966,0.8475959897041321,0.01901254802942276,0.375,0.375
10,5068,0.0001,0.7467504739761353,0.7289110422134399,0.017839418724179268,0.25,0.5
10,5069,0.0001,0.4710734486579895,0.45831298828125,0.012760455720126629,0.5,0.625
10,5070,0.0001,0.24823637306690216,0.23225387930870056,0.01598249562084675,0.75,0.75
10,5071,0.0001,0.9034706950187683,0.8891282081604004,0.014342478476464748,0.25,0.375
10,5072,0.0001,0.23195584118366241,0.21449553966522217,0.017460299655795097,0.75,0.875
10,5073,0.0001,0.8319711685180664,0.8164495229721069,0.01552166510373354,0.375,0.375
10,5074,0.0001,0.6729781031608582,0.6637543439865112,0.009223740547895432,0.375,0.5
10,5075,0.0001,0.31040215492248535,0.293669730424881,0.016732431948184967,0.5,0.625
10,5076,0.0001,0.5709853768348694,0.5651439428329468,0.005841439124196768,0.5,0.625
10,5077,0.0001,0.3240956962108612,0.307936429977417,0.01615927927196026,0.625,0.625
10,5078,0.0001,0.9350004196166992,0.9190407991409302,0.015959646552801132,0.25,0.375
10,5079,0.0001,0.5712977647781372,0.5587406158447266,0.012557145208120346,0.5,0.625
10,5080,0.0001,0.9948780536651611,0.9811620116233826,0.01371605135500431,0.125,0.25
10,5081,0.0001,0.601413369178772,0.5833883285522461,0.018025018274784088,0.375,0.625
10,5082,0.0001,0.5874902606010437,0.5698471069335938,0.017643138766288757,0.5,0.625
10,5083,0.0001,0.6579245924949646,0.6421458721160889,0.01577874831855297,0.5,0.5
10,5084,0.0001,0.7892429828643799,0.75187087059021,0.03737210854887962,0.25,0.375
10,5085,0.0001,0.6447400450706482,0.5598654747009277,0.08487459272146225,0.375,0.625
10,5086,0.0001,1.0020430088043213,0.9562671184539795,0.04577592387795448,0.0,0.25
10,5087,0.0001,0.7730763554573059,0.7690216302871704,0.004054717719554901,0.375,0.5
10,5088,0.0001,0.9249597191810608,0.9172430634498596,0.007716654799878597,0.375,0.375
10,5089,0.0001,0.6938237547874451,0.6789909601211548,0.014832778833806515,0.5,0.5
10,5090,0.0001,0.3177046477794647,0.27280035614967346,0.04490429908037186,0.5,0.75
10,5091,0.0001,0.4289167523384094,0.40878093242645264,0.020135825499892235,0.375,0.75
10,5092,0.0001,0.8220567107200623,0.7856253385543823,0.036431360989809036,0.125,0.375
10,5093,0.0001,0.7382491827011108,0.7100843787193298,0.028164828196167946,0.5,0.5
10,5094,0.0001,0.41922295093536377,0.40291541814804077,0.01630753092467785,0.5,0.75
10,5095,0.0001,0.601263701915741,0.5806913375854492,0.020572375506162643,0.375,0.625
10,5096,0.0001,0.8527662754058838,0.8390434980392456,0.01372279692441225,0.25,0.375
10,5097,0.0001,0.5627521872520447,0.5531058311462402,0.00964637566357851,0.625,0.625
10,5098,0.0001,1.0287195444107056,1.0202772617340088,0.008442327380180359,0.25,0.25
10,5099,0.0001,0.4710293710231781,0.43576711416244507,0.035262249410152435,0.375,0.625
10,5100,0.0001,0.849306583404541,0.7308287024497986,0.11847791075706482,0.375,0.5
10,5101,0.0001,1.2319382429122925,1.2207612991333008,0.011176889762282372,0.125,0.125
10,5102,0.0001,0.28193581104278564,0.24798008799552917,0.033955737948417664,0.625,0.875
10,5103,0.0001,0.9179524779319763,0.9035277366638184,0.014424724504351616,0.125,0.375
10,5104,0.0001,0.7207584977149963,0.7056738138198853,0.015084661543369293,0.375,0.5
10,5105,0.0001,0.8917723298072815,0.8852875232696533,0.006484812591224909,0.125,0.125
10,5106,0.0001,0.6448730826377869,0.6269589066505432,0.01791415736079216,0.375,0.5
10,5107,0.0001,0.48916465044021606,0.47655659914016724,0.01260804571211338,0.375,0.625
10,5108,0.0001,0.42998799681663513,0.4162832200527191,0.013704778626561165,0.5,0.625
10,5109,0.0001,0.5815100073814392,0.5674605369567871,0.014049450866878033,0.5,0.625
10,5110,0.0001,0.8721799850463867,0.8523767590522766,0.01980319805443287,0.375,0.375
10,5111,0.0001,0.36311909556388855,0.35471194982528687,0.008407136425375938,0.75,0.75
10,5112,0.0001,0.4084213078022003,0.39256924390792847,0.015852056443691254,0.5,0.75
10,5113,0.0001,1.2211620807647705,1.2150189876556396,0.006143040023744106,0.0,0.125
10,5114,0.0001,1.0380781888961792,1.0111457109451294,0.026932455599308014,0.125,0.125
10,5115,0.0001,0.45782387256622314,0.4532012343406677,0.004622629843652248,0.375,0.625
10,5116,0.0001,0.7059513330459595,0.6979685425758362,0.007982814684510231,0.125,0.375
10,5117,0.0001,0.9084237217903137,0.884597897529602,0.023825842887163162,0.25,0.25
10,5118,0.0001,0.9292941093444824,0.9112902283668518,0.018003905192017555,0.375,0.375
10,5119,0.0001,0.6182095408439636,0.5948204398155212,0.02338910475373268,0.5,0.5
10,5120,0.0001,0.7456586360931396,0.7397079467773438,0.005950666032731533,0.5,0.5
10,5121,0.0001,0.7476920485496521,0.7367871403694153,0.010904910042881966,0.25,0.5
10,5122,0.0001,1.1042265892028809,1.0984983444213867,0.0057282778434455395,0.25,0.25
10,5123,0.0001,0.9268918633460999,0.9121742248535156,0.014717662706971169,0.25,0.375
10,5124,0.0001,0.8805547952651978,0.8533622622489929,0.027192547917366028,0.25,0.375
10,5125,0.0001,0.9377604722976685,0.9177520275115967,0.02000841498374939,0.375,0.375
10,5126,0.0001,0.5996744632720947,0.5931233763694763,0.006551093887537718,0.375,0.5
10,5127,0.0001,0.6822033524513245,0.6614440679550171,0.020759258419275284,0.5,0.5
10,5128,0.0001,0.3064393699169159,0.2971651554107666,0.009274216368794441,0.75,0.75
10,5129,0.0001,0.5631891489028931,0.5535178780555725,0.009671296924352646,0.5,0.625
10,5130,0.0001,1.0116169452667236,1.00453782081604,0.007079111412167549,0.25,0.25
10,5131,0.0001,0.6067420840263367,0.5953829288482666,0.011359144933521748,0.375,0.625
10,5132,0.0001,0.7923131585121155,0.7512174844741821,0.04109568148851395,0.375,0.5
10,5133,0.0001,0.4358974099159241,0.4157475233078003,0.02014988660812378,0.375,0.75
10,5134,0.0001,0.23650230467319489,0.23249079287052155,0.004011514130979776,0.625,0.875
10,5135,0.0001,1.121273159980774,1.1013352870941162,0.019937904551625252,0.25,0.25
10,5136,0.0001,0.4899492859840393,0.4605884850025177,0.02936078980565071,0.5,0.625
10,5137,0.0001,0.9292864799499512,0.894719123840332,0.03456736356019974,0.25,0.375
10,5138,0.0001,0.7760370373725891,0.765271782875061,0.010765254497528076,0.25,0.375
10,5139,0.0001,0.40068724751472473,0.3887040913105011,0.011983164586126804,0.625,0.75
10,5140,0.0001,0.9462387561798096,0.9296295642852783,0.016609180718660355,0.125,0.375
10,5141,0.0001,0.9360602498054504,0.9265883564949036,0.009471885859966278,0.25,0.375
10,5142,0.0001,0.5070619583129883,0.4976932108402252,0.009368740022182465,0.625,0.625
10,5143,0.0001,0.7590274214744568,0.7379257678985596,0.021101677790284157,0.25,0.5
10,5144,0.0001,0.7064977288246155,0.701269805431366,0.005227923858910799,0.375,0.5
10,5145,0.0001,0.7519069910049438,0.7363243699073792,0.015582622960209846,0.5,0.5
10,5146,0.0001,0.8568772077560425,0.8405272960662842,0.016349894925951958,0.125,0.375
10,5147,0.0001,0.622594952583313,0.6149066686630249,0.0076882923021912575,0.5,0.5
10,5148,0.0001,1.0749297142028809,1.0638412237167358,0.01108846627175808,0.25,0.25
10,5149,0.0001,0.3802850544452667,0.36882054805755615,0.011464492417871952,0.625,0.75
10,5150,0.0001,0.2892582416534424,0.25522440671920776,0.03403383493423462,0.375,0.75
10,5151,0.0001,0.8617189526557922,0.855765700340271,0.005953236483037472,0.375,0.375
10,5152,0.0001,0.7403940558433533,0.7262406945228577,0.0141533724963665,0.5,0.5
10,5153,0.0001,1.4456672668457031,1.4055241346359253,0.04014319181442261,0.0,0.0
10,5154,0.0001,0.8079648017883301,0.776369571685791,0.031595245003700256,0.25,0.375
10,5155,0.0001,0.6854404211044312,0.663533091545105,0.02190730720758438,0.375,0.375
10,5156,0.0001,0.7429330348968506,0.7269805669784546,0.015952490270137787,0.375,0.5
10,5157,0.0001,0.29150429368019104,0.2694948613643646,0.022009430453181267,0.5,0.75
10,5158,0.0001,0.9613608121871948,0.952344536781311,0.009016290307044983,0.25,0.25
10,5159,0.0001,0.7452070713043213,0.7332179546356201,0.011989093385636806,0.5,0.5
10,5160,0.0001,1.3224352598190308,1.3051044940948486,0.01733078807592392,0.0,0.125
10,5161,0.0001,0.49990031123161316,0.47292670607566833,0.02697361260652542,0.375,0.625
10,5162,0.0001,0.5975727438926697,0.5787286758422852,0.018844079226255417,0.375,0.5
10,5163,0.0001,0.575944185256958,0.5566117167472839,0.01933249644935131,0.375,0.625
10,5164,0.0001,0.43935346603393555,0.42095327377319336,0.018400199711322784,0.625,0.625
10,5165,0.0001,0.38821765780448914,0.3797411322593689,0.008476522751152515,0.75,0.75
10,5166,0.0001,0.5650346279144287,0.560498833656311,0.004535815678536892,0.5,0.625
10,5167,0.0001,1.037617564201355,1.021819829940796,0.015797754749655724,0.25,0.25
10,5168,0.0001,0.8260573148727417,0.773673415184021,0.0523839071393013,0.375,0.375
10,5169,0.0001,0.5113374590873718,0.4794970154762268,0.03184043988585472,0.5,0.625
10,5170,0.0001,0.44969725608825684,0.430754691362381,0.018942557275295258,0.25,0.625
10,5171,0.0001,1.054352879524231,1.040148377418518,0.01420450210571289,0.125,0.25
10,5172,0.0001,0.8957712054252625,0.88563072681427,0.010140473023056984,0.125,0.375
10,5173,0.0001,0.5124399065971375,0.48632049560546875,0.026119384914636612,0.125,0.625
10,5174,0.0001,0.4334160387516022,0.41101711988449097,0.02239890955388546,0.375,0.75
10,5175,0.0001,0.5672667026519775,0.5456863641738892,0.021580340340733528,0.375,0.625
10,5176,0.0001,0.26073339581489563,0.23735840618610382,0.02337498962879181,0.625,0.875
10,5177,0.0001,0.6416409015655518,0.62565678358078,0.015984132885932922,0.125,0.5
10,5178,0.0001,0.9185630083084106,0.9032437801361084,0.015319257974624634,0.375,0.375
10,5179,0.0001,0.9232119917869568,0.9062536358833313,0.0169583298265934,0.375,0.375
10,5180,0.0001,0.6992580890655518,0.6923351287841797,0.006922951899468899,0.25,0.375
10,5181,0.0001,0.5291967988014221,0.5153523087501526,0.013844489119946957,0.625,0.625
10,5182,0.0001,0.7845247983932495,0.7759859561920166,0.008538841269910336,0.25,0.375
10,5183,0.0001,0.9213567972183228,0.9142584800720215,0.007098328322172165,0.25,0.25
10,5184,0.0001,0.5603258609771729,0.552420437335968,0.007905428297817707,0.625,0.625
10,5185,0.0001,0.7480155229568481,0.7424164414405823,0.005599069409072399,0.5,0.5
10,5186,0.0001,0.5138486623764038,0.49675220251083374,0.017096443101763725,0.625,0.625
10,5187,0.0001,0.76787269115448,0.7393572330474854,0.02851542830467224,0.375,0.5
10,5188,0.0001,0.4698386490345001,0.45703744888305664,0.012801210395991802,0.375,0.625
10,5189,0.0001,1.1035033464431763,1.0931131839752197,0.010390178300440311,0.25,0.25
10,5190,0.0001,0.8836231827735901,0.8800139427185059,0.003609233070164919,0.375,0.375
10,5191,0.0001,0.850055992603302,0.8186197876930237,0.03143618255853653,0.375,0.375
10,5192,0.0001,0.43495413661003113,0.42335617542266846,0.011597954668104649,0.375,0.625
10,5193,0.0001,0.5115940570831299,0.4918822944164276,0.01971174217760563,0.625,0.625
10,5194,0.0001,0.43991532921791077,0.4281732738018036,0.011742055416107178,0.375,0.75
10,5195,0.0001,0.585940420627594,0.5772817730903625,0.008658631704747677,0.5,0.625
10,5196,0.0001,0.40542855858802795,0.3984537422657013,0.006974823772907257,0.5,0.75
10,5197,0.0001,0.24318815767765045,0.23642763495445251,0.0067605250515043736,0.625,0.875
10,5198,0.0001,0.7062534093856812,0.6857646107673645,0.020488815382122993,0.25,0.5
10,5199,0.0001,0.22083351016044617,0.19180461764335632,0.029028886929154396,0.875,0.875
10,5200,0.0001,0.35800936818122864,0.3211456835269928,0.03686369210481644,0.625,0.75
10,5201,0.0001,0.9574189782142639,0.9395853281021118,0.017833653837442398,0.25,0.25
10,5202,0.0001,0.7274079322814941,0.7160384058952332,0.011369505897164345,0.375,0.375
10,5203,0.0001,0.9494833946228027,0.947529137134552,0.0019542716909199953,0.25,0.375
10,5204,0.0001,0.4942357838153839,0.4898223876953125,0.004413400776684284,0.5,0.625
10,5205,0.0001,0.7312809824943542,0.7029087543487549,0.028372231870889664,0.375,0.5
10,5206,0.0001,0.7123328447341919,0.7067920565605164,0.005540817975997925,0.375,0.5
10,5207,0.0001,0.7270666360855103,0.7070744633674622,0.019992202520370483,0.375,0.375
10,5208,0.0001,0.5530019402503967,0.5395329594612122,0.01346895843744278,0.625,0.625
10,5209,0.0001,0.5712509751319885,0.559722900390625,0.011528066359460354,0.625,0.625
10,5210,0.0001,0.9587306976318359,0.9472362399101257,0.011494485661387444,0.25,0.375
10,5211,0.0001,0.9794626235961914,0.9462009072303772,0.033261701464653015,0.125,0.25
10,5212,0.0001,0.7603324055671692,0.7428454160690308,0.017486996948719025,0.375,0.5
10,5213,0.0001,1.1566249132156372,1.146310567855835,0.010314391925930977,0.0,0.125
10,5214,0.0001,0.7714329957962036,0.7411942481994629,0.030238764360547066,0.25,0.5
10,5215,0.0001,1.101508617401123,1.0946264266967773,0.00688218604773283,0.25,0.25
10,5216,0.0001,0.9002307057380676,0.8549950122833252,0.045235682278871536,0.125,0.25
10,5217,0.0001,0.7272881269454956,0.7160793542861938,0.01120874285697937,0.375,0.5
10,5218,0.0001,0.7228935956954956,0.7158674001693726,0.007026199251413345,0.375,0.5
10,5219,0.0001,0.6151493787765503,0.6011970043182373,0.013952372595667839,0.375,0.625
10,5220,0.0001,0.27751588821411133,0.2522759437561035,0.025239944458007812,0.625,0.75
10,5221,0.0001,0.5842615962028503,0.5563876628875732,0.0278739333152771,0.5,0.5
10,5222,0.0001,0.8392468690872192,0.8086350560188293,0.03061181679368019,0.25,0.375
10,5223,0.0001,0.781212568283081,0.7615337371826172,0.019678853452205658,0.375,0.5
10,5224,0.0001,0.6192074418067932,0.6012520790100098,0.017955385148525238,0.375,0.625
10,5225,0.0001,0.9518195390701294,0.9296642541885376,0.022155268117785454,0.25,0.375
10,5226,0.0001,1.0999518632888794,1.078933596611023,0.021018212661147118,0.125,0.25
10,5227,0.0001,0.4596438407897949,0.44183218479156494,0.01781165413558483,0.375,0.625
10,5228,0.0001,0.7021976709365845,0.6771870851516724,0.025010613724589348,0.375,0.5
10,5229,0.0001,0.5429105758666992,0.5262460112571716,0.016664579510688782,0.5,0.5
10,5230,0.0001,0.9991148710250854,0.9782661199569702,0.020848732441663742,0.125,0.25
10,5231,0.0001,1.0670055150985718,1.0378038883209229,0.029201604425907135,0.0,0.125
10,5232,0.0001,0.6864509582519531,0.6705868244171143,0.015864109620451927,0.375,0.5
10,5233,0.0001,0.7923818826675415,0.7835341691970825,0.008847725577652454,0.125,0.375
10,5234,0.0001,0.4861423373222351,0.4809393286705017,0.005203013774007559,0.25,0.5
10,5235,0.0001,0.7650183439254761,0.7586154937744141,0.00640282966196537,0.0,0.375
10,5236,0.0001,0.7820783853530884,0.7590655088424683,0.023012857884168625,0.125,0.5
10,5237,0.0001,0.585017740726471,0.5628979206085205,0.02211984246969223,0.25,0.5
10,5238,0.0001,0.637881875038147,0.5990720987319946,0.03880976140499115,0.375,0.375
10,5239,0.0001,0.4226781725883484,0.3970652222633362,0.025612961500883102,0.5,0.625
10,5240,0.0001,0.9502124190330505,0.9419792294502258,0.008233165368437767,0.125,0.375
10,5241,0.0001,0.7534739971160889,0.744236409664154,0.009237565100193024,0.375,0.5
10,5242,0.0001,0.6822608113288879,0.6637946367263794,0.018466148525476456,0.25,0.5
10,5243,0.0001,0.7889114022254944,0.7619545459747314,0.026956867426633835,0.25,0.375
10,5244,0.0001,0.5600669980049133,0.5453662872314453,0.014700711704790592,0.125,0.625
10,5245,0.0001,0.5807649493217468,0.5599780082702637,0.020786931738257408,0.375,0.625
10,5246,0.0001,0.5450353622436523,0.5184371471405029,0.026598233729600906,0.25,0.5
10,5247,0.0001,0.35576963424682617,0.34270668029785156,0.013062944635748863,0.25,0.625
10,5248,0.0001,0.6207420825958252,0.6100491881370544,0.01069288607686758,0.25,0.5
10,5249,0.0001,0.606455385684967,0.5875712633132935,0.01888413354754448,0.375,0.625
10,5250,0.0001,0.78342205286026,0.7563668489456177,0.02705518715083599,0.375,0.375
10,5251,0.0001,0.9326907396316528,0.9098465442657471,0.02284417673945427,0.125,0.375
10,5252,0.0001,0.9550705552101135,0.9337879419326782,0.021282630041241646,0.25,0.25
10,5253,0.0001,0.9107967019081116,0.8616224527359009,0.049174267798662186,0.375,0.375
10,5254,0.0001,0.5807132720947266,0.554337739944458,0.026375554502010345,0.25,0.625
10,5255,0.0001,0.5867118835449219,0.5699353218078613,0.016776548698544502,0.375,0.625
10,5256,0.0001,0.5798541903495789,0.5546257495880127,0.025228414684534073,0.375,0.625
10,5257,0.0001,0.6718409061431885,0.6563777923583984,0.015463083982467651,0.375,0.5
10,5258,0.0001,0.5781999826431274,0.5487053394317627,0.02949465438723564,0.625,0.625
10,5259,0.0001,0.7856106758117676,0.7695825099945068,0.016028188169002533,0.375,0.375
10,5260,0.0001,0.6128548979759216,0.5848230123519897,0.028031887486577034,0.375,0.625
10,5261,0.0001,0.4482113718986511,0.4337327182292938,0.014478666707873344,0.375,0.625
10,5262,0.0001,1.104356050491333,1.0823050737380981,0.022050946950912476,0.25,0.25
10,5263,0.0001,0.9122869968414307,0.897286057472229,0.015000924468040466,0.375,0.375
10,5264,0.0001,0.6283906698226929,0.6104395389556885,0.017951153218746185,0.25,0.5
10,5265,0.0001,0.5677822232246399,0.5548616051673889,0.01292061060667038,0.375,0.625
10,5266,0.0001,0.49954766035079956,0.4711364209651947,0.028411230072379112,0.5,0.625
10,5267,0.0001,0.7366257309913635,0.7269748449325562,0.009650912135839462,0.375,0.5
10,5268,0.0001,0.6298450231552124,0.6110266447067261,0.018818393349647522,0.375,0.5
10,5269,0.0001,0.4234081208705902,0.40568095445632935,0.01772715523838997,0.5,0.75
10,5270,0.0001,0.8201388120651245,0.7927619218826294,0.027376875281333923,0.375,0.375
10,5271,0.0001,0.6224433779716492,0.6146029233932495,0.007840435020625591,0.25,0.625
10,5272,0.0001,0.5300121307373047,0.5186034440994263,0.011408697813749313,0.5,0.625
10,5273,0.0001,0.4973078966140747,0.47321000695228577,0.024097880348563194,0.375,0.625
10,5274,0.0001,0.5155535340309143,0.5035902261734009,0.01196330226957798,0.5,0.5
10,5275,0.0001,0.34561440348625183,0.32226526737213135,0.023349139839410782,0.5,0.625
10,5276,0.0001,0.4132128357887268,0.4034495949745178,0.009763253852725029,0.625,0.75
10,5277,0.0001,0.221922367811203,0.2070816457271576,0.014840720221400261,0.75,0.875
10,5278,0.0001,0.6441311836242676,0.6140897274017334,0.030041435733437538,0.375,0.5
10,5279,0.0001,0.8376163244247437,0.8130925893783569,0.02452375739812851,0.25,0.375
10,5280,0.0001,0.6206445693969727,0.6064760088920593,0.01416856050491333,0.375,0.5
10,5281,0.0001,0.47132256627082825,0.4590589702129364,0.01226360909640789,0.625,0.625
10,5282,0.0001,0.7335451245307922,0.7107621431350708,0.02278296649456024,0.375,0.5
10,5283,0.0001,1.0188231468200684,0.9461628794670105,0.07266020774841309,0.0,0.375
10,5284,0.0001,0.43482705950737,0.4176040589809418,0.017222993075847626,0.625,0.625
10,5285,0.0001,0.36675113439559937,0.3380838632583618,0.028667282313108444,0.375,0.625
10,5286,0.0001,0.6058340668678284,0.5791027545928955,0.026731297373771667,0.5,0.625
10,5287,0.0001,0.4170229732990265,0.4065415859222412,0.010481385514140129,0.625,0.625
10,5288,0.0001,0.4288788437843323,0.4061720371246338,0.022706814110279083,0.625,0.75
10,5289,0.0001,0.7922928333282471,0.7595241665840149,0.03276865929365158,0.375,0.5
10,5290,0.0001,0.22085605561733246,0.19867587089538574,0.022180184721946716,0.75,0.875
10,5291,0.0001,0.5486518144607544,0.510611891746521,0.03803994134068489,0.375,0.5
10,5292,0.0001,0.8349435329437256,0.8020080327987671,0.0329354964196682,0.25,0.25
10,5293,0.0001,0.6253716945648193,0.6178610920906067,0.007510621566325426,0.25,0.5
10,5294,0.0001,0.725536048412323,0.701313853263855,0.02422221377491951,0.375,0.375
10,5295,0.0001,0.6010356545448303,0.5803228616714478,0.02071281522512436,0.25,0.625
10,5296,0.0001,0.42607825994491577,0.40978002548217773,0.016298232600092888,0.375,0.625
10,5297,0.0001,0.19610324501991272,0.16239412128925323,0.033709123730659485,0.5,0.875
10,5298,0.0001,0.6684187054634094,0.640587568283081,0.027831165120005608,0.125,0.5
10,5299,0.0001,0.22735720872879028,0.20641563832759857,0.020941566675901413,0.75,0.875
10,5300,0.0001,0.5019913911819458,0.47602009773254395,0.02597128599882126,0.5,0.625
10,5301,0.0001,0.609843373298645,0.5886517763137817,0.021191610023379326,0.5,0.625
10,5302,0.0001,0.9314353466033936,0.8928630352020264,0.038572315126657486,0.25,0.375
10,5303,0.0001,0.7583665251731873,0.7360881567001343,0.02227836847305298,0.375,0.5
10,5304,0.0001,0.7042455673217773,0.6877367496490479,0.016508841887116432,0.375,0.5
10,5305,0.0001,0.2962438762187958,0.28304576873779297,0.013198099099099636,0.375,0.75
10,5306,0.0001,0.6104677319526672,0.5803442001342773,0.030123546719551086,0.5,0.625
10,5307,0.0001,0.6453722715377808,0.6265883445739746,0.018783919513225555,0.125,0.5
10,5308,0.0001,1.220676064491272,1.2099007368087769,0.010775377042591572,0.0,0.0
10,5309,0.0001,0.9185419082641602,0.9041996002197266,0.014342333190143108,0.375,0.375
10,5310,0.0001,0.9501579403877258,0.9359373450279236,0.014220623299479485,0.125,0.375
10,5311,0.0001,0.588690459728241,0.541624903678894,0.04706555977463722,0.5,0.625
10,5312,0.0001,0.7333526611328125,0.7002279758453369,0.03312469273805618,0.25,0.375
10,5313,0.0001,0.3071914613246918,0.2910092771053314,0.0161821860820055,0.25,0.75
10,5314,0.0001,0.48051372170448303,0.4543416202068329,0.02617209404706955,0.375,0.625
10,5315,0.0001,0.19584210216999054,0.17200437188148499,0.023837728425860405,0.25,0.875
10,5316,0.0001,1.112982153892517,1.0906803607940674,0.02230183780193329,0.25,0.25
10,5317,0.0001,0.7608464360237122,0.748567521572113,0.012278927490115166,0.375,0.5
10,5318,0.0001,1.111893653869629,1.0982224941253662,0.013671109452843666,0.25,0.25
10,5319,0.0001,0.5820108652114868,0.5666223168373108,0.015388518571853638,0.5,0.5
10,5320,0.0001,1.0850591659545898,1.062536597251892,0.022522594779729843,0.25,0.25
10,5321,0.0001,0.3839028477668762,0.3548479676246643,0.029054880142211914,0.625,0.75
10,5322,0.0001,0.8030694723129272,0.7983516454696655,0.00471782311797142,0.25,0.375
10,5323,0.0001,0.6325262188911438,0.6166049242019653,0.01592128723859787,0.5,0.5
10,5324,0.0001,0.8688086867332458,0.8519819974899292,0.01682668924331665,0.25,0.375
10,5325,0.0001,0.6084916591644287,0.575897216796875,0.032594453543424606,0.375,0.625
10,5326,0.0001,0.6038132905960083,0.5857552886009216,0.01805799826979637,0.375,0.625
10,5327,0.0001,0.5780795812606812,0.5604174137115479,0.017662160098552704,0.625,0.625
10,5328,0.0001,0.21993741393089294,0.21134498715400696,0.008592420257627964,0.75,0.875
10,5329,0.0001,0.9591893553733826,0.9285570383071899,0.03063233196735382,0.25,0.375
10,5330,0.0001,1.0802026987075806,1.0672518014907837,0.012950951233506203,0.25,0.25
10,5331,0.0001,0.814492404460907,0.7946349382400513,0.01985747739672661,0.25,0.5
10,5332,0.0001,0.7815632820129395,0.7482454180717468,0.03331786394119263,0.375,0.5
10,5333,0.0001,0.6108633279800415,0.6020035147666931,0.008859788067638874,0.375,0.5
10,5334,0.0001,0.5904349088668823,0.5819329619407654,0.008501933887600899,0.5,0.625
10,5335,0.0001,0.7384267449378967,0.7258126735687256,0.012614058330655098,0.375,0.5
10,5336,0.0001,0.9296974539756775,0.8918013572692871,0.037896107882261276,0.125,0.375
10,5337,0.0001,0.7972851991653442,0.7672792077064514,0.030005991458892822,0.25,0.5
10,5338,0.0001,0.3858157694339752,0.3820515275001526,0.0037642328534275293,0.75,0.75
10,5339,0.0001,0.7515044212341309,0.7376676201820374,0.013836773112416267,0.5,0.5
10,5340,0.0001,0.8658944964408875,0.8565510511398315,0.009343472309410572,0.25,0.25
10,5341,0.0001,0.7376755475997925,0.7322407960891724,0.005434725899249315,0.5,0.5
10,5342,0.0001,0.7810484170913696,0.7454512715339661,0.03559711575508118,0.5,0.5
10,5343,0.0001,0.5656813979148865,0.5330183506011963,0.032663047313690186,0.125,0.625
10,5344,0.0001,0.39250168204307556,0.3611307144165039,0.03137096017599106,0.75,0.75
10,5345,0.0001,1.0117082595825195,0.98555588722229,0.02615240216255188,0.125,0.25
10,5346,0.0001,0.23992988467216492,0.21209663152694702,0.027833258733153343,0.75,0.875
10,5347,0.0001,0.6275753378868103,0.587853193283081,0.03972215950489044,0.375,0.625
10,5348,0.0001,0.9661340713500977,0.961672306060791,0.004461783450096846,0.25,0.25
10,5349,0.0001,0.928930401802063,0.9191632866859436,0.009767121635377407,0.25,0.375
10,5350,0.0001,0.7092762589454651,0.6929436922073364,0.01633254811167717,0.375,0.5
10,5351,0.0001,0.7861061692237854,0.7747142314910889,0.011391960084438324,0.375,0.375
10,5352,0.0001,0.9405747056007385,0.9205942749977112,0.019980404525995255,0.375,0.375
10,5353,0.0001,0.6732221841812134,0.6601220369338989,0.013100141659379005,0.25,0.5
10,5354,0.0001,0.7395871877670288,0.7263590097427368,0.013228189200162888,0.25,0.375
10,5355,0.0001,0.7825260758399963,0.7574276924133301,0.025098368525505066,0.125,0.375
10,5356,0.0001,0.886744499206543,0.8455559015274048,0.04118859022855759,0.375,0.375
10,5357,0.0001,0.5444709062576294,0.5183714032173157,0.026099499315023422,0.25,0.5
10,5358,0.0001,0.7485525012016296,0.7424761056900024,0.006076419726014137,0.375,0.5
10,5359,0.0001,0.816035807132721,0.78859543800354,0.027440395206212997,0.125,0.5
10,5360,0.0001,0.5452799797058105,0.49274200201034546,0.05253800377249718,0.375,0.625
10,5361,0.0001,0.7428207993507385,0.7125118374824524,0.030308987945318222,0.5,0.5
10,5362,0.0001,0.7518490552902222,0.7256379127502441,0.026211149990558624,0.375,0.5
10,5363,0.0001,0.680438756942749,0.6564224362373352,0.02401629090309143,0.375,0.375
10,5364,0.0001,0.40369492769241333,0.39290058612823486,0.010794329456984997,0.5,0.75
10,5365,0.0001,0.7944092750549316,0.7821190357208252,0.012290236540138721,0.125,0.375
10,5366,0.0001,0.6312182545661926,0.6066240668296814,0.024594172835350037,0.125,0.625
10,5367,0.0001,1.0124306678771973,0.9914377331733704,0.020992927253246307,0.25,0.25
10,5368,0.0001,1.0412551164627075,1.0288811922073364,0.01237395778298378,0.125,0.25
10,5369,0.0001,0.7733455300331116,0.7328712344169617,0.040474310517311096,0.5,0.5
10,5370,0.0001,0.9941697716712952,0.9441922903060913,0.049977466464042664,0.25,0.375
10,5371,0.0001,0.7644997835159302,0.7390661239624023,0.02543366700410843,0.25,0.5
10,5372,0.0001,0.6345853209495544,0.5962997674942017,0.03828556835651398,0.375,0.5
10,5373,0.0001,1.0910556316375732,1.077023983001709,0.014031641185283661,0.125,0.25
10,5374,0.0001,0.7930676937103271,0.7719982862472534,0.021069424226880074,0.375,0.375
10,5375,0.0001,0.6498066782951355,0.6156179904937744,0.03418867290019989,0.375,0.375
10,5376,0.0001,0.46842503547668457,0.4440263509750366,0.024398699402809143,0.5,0.625
10,5377,0.0001,0.7768083214759827,0.741011381149292,0.035796962678432465,0.25,0.5
10,5378,0.0001,0.7538246512413025,0.7378475069999695,0.0159771665930748,0.375,0.5
10,5379,0.0001,0.7641921639442444,0.7514182329177856,0.012773954309523106,0.25,0.5
10,5380,0.0001,0.7333716750144958,0.7185470461845398,0.014824602752923965,0.125,0.375
10,5381,0.0001,0.649614691734314,0.6122908592224121,0.03732385113835335,0.375,0.5
10,5382,0.0001,0.793812096118927,0.7518743872642517,0.041937701404094696,0.375,0.5
10,5383,0.0001,0.49458780884742737,0.4842245578765869,0.010363256558775902,0.625,0.625
10,5384,0.0001,0.4994717836380005,0.4900701344013214,0.009401647374033928,0.25,0.625
10,5385,0.0001,1.2401195764541626,1.227567434310913,0.01255218219012022,0.125,0.125
10,5386,0.0001,0.491853803396225,0.47691017389297485,0.014943618327379227,0.5,0.625
10,5387,0.0001,0.5664016604423523,0.5381228923797607,0.028278760612010956,0.5,0.625
10,5388,0.0001,0.39561083912849426,0.3713589310646057,0.02425190433859825,0.625,0.75
10,5389,0.0001,0.4641895890235901,0.43841201066970825,0.025777563452720642,0.25,0.75
10,5390,0.0001,0.40839511156082153,0.40091562271118164,0.007479495368897915,0.625,0.75
10,5391,0.0001,0.714425265789032,0.7066057324409485,0.00781951006501913,0.375,0.5
10,5392,0.0001,0.578965425491333,0.5548555850982666,0.02410982921719551,0.5,0.625
10,5393,0.0001,0.6588764786720276,0.5949839949607849,0.06389248371124268,0.375,0.625
10,5394,0.0001,0.6007623672485352,0.544988214969635,0.05577415972948074,0.5,0.625
10,5395,0.0001,0.8116944432258606,0.7997006773948669,0.011993756517767906,0.25,0.375
10,5396,0.0001,0.6275632977485657,0.6006706357002258,0.026892686262726784,0.375,0.625
10,5397,0.0001,0.6230862736701965,0.6100403666496277,0.013045886531472206,0.5,0.5
10,5398,0.0001,0.5395987033843994,0.5154388546943665,0.02415982261300087,0.625,0.625
10,5399,0.0001,0.5909256339073181,0.5732606649398804,0.01766495779156685,0.375,0.625
10,5400,0.0001,0.975935697555542,0.9538566470146179,0.022079043090343475,0.25,0.25
10,5401,0.0001,1.1113606691360474,1.0880481004714966,0.0233125202357769,0.125,0.25
10,5402,0.0001,0.5883803963661194,0.5693324208259583,0.019047969952225685,0.5,0.625
10,5403,0.0001,0.630273699760437,0.6120890974998474,0.01818457618355751,0.375,0.5
10,5404,0.0001,1.0007275342941284,0.9794784188270569,0.021249152719974518,0.25,0.25
10,5405,0.0001,0.950466513633728,0.9318504929542542,0.018616007640957832,0.25,0.375
10,5406,0.0001,0.5959185361862183,0.580156147480011,0.01576237753033638,0.5,0.625
10,5407,0.0001,0.4308667778968811,0.4009186923503876,0.029948074370622635,0.5,0.75
10,5408,0.0001,0.3966134488582611,0.373725026845932,0.022888414561748505,0.75,0.75
10,5409,0.0001,0.5825133323669434,0.5570937395095825,0.0254195723682642,0.5,0.5
10,5410,0.0001,0.7637317776679993,0.736365556716919,0.027366239577531815,0.25,0.5
10,5411,0.0001,0.8228700160980225,0.7949342131614685,0.027935810387134552,0.25,0.5
10,5412,0.0001,0.21233394742012024,0.18603026866912842,0.026303686201572418,0.75,0.875
10,5413,0.0001,0.4263403117656708,0.40667784214019775,0.019662467762827873,0.5,0.75
10,5414,0.0001,0.5897521376609802,0.5771623253822327,0.01258978620171547,0.5,0.625
10,5415,0.0001,0.4168964624404907,0.40854236483573914,0.00835410412400961,0.625,0.625
10,5416,0.0001,0.9335088729858398,0.9188354015350342,0.014673441648483276,0.375,0.375
10,5417,0.0001,0.8126401305198669,0.8030158877372742,0.009624228812754154,0.25,0.375
10,5418,0.0001,0.5893735289573669,0.5704368948936462,0.0189366452395916,0.5,0.625
10,5419,0.0001,0.4005042612552643,0.3776615262031555,0.02284272201359272,0.75,0.75
10,5420,0.0001,0.7604093551635742,0.7521191239356995,0.00829022005200386,0.375,0.5
10,5421,0.0001,1.1121785640716553,1.089461088180542,0.022717498242855072,0.25,0.25
10,5422,0.0001,0.7309072613716125,0.7206673622131348,0.010239903815090656,0.5,0.5
10,5423,0.0001,0.593696653842926,0.5706173181533813,0.023079361766576767,0.375,0.625
10,5424,0.0001,0.7731823325157166,0.7659472823143005,0.007235035300254822,0.25,0.5
10,5425,0.0001,0.6958373785018921,0.6776541471481323,0.018183227628469467,0.375,0.5
10,5426,0.0001,0.695959210395813,0.6842454671859741,0.011713715270161629,0.25,0.5
10,5427,0.0001,0.29988303780555725,0.284688264131546,0.015194771811366081,0.25,0.875
10,5428,0.0001,0.663377583026886,0.6546249389648438,0.0087526710703969,0.375,0.5
10,5429,0.0001,0.5745211839675903,0.5511794686317444,0.023341696709394455,0.625,0.625
10,5430,0.0001,0.995428740978241,0.9585270881652832,0.03690166398882866,0.25,0.25
10,5431,0.0001,0.4336722195148468,0.41595011949539185,0.017722107470035553,0.625,0.625
10,5432,0.0001,0.23637625575065613,0.21824102103710175,0.018135230988264084,0.75,0.875
10,5433,0.0001,0.6216724514961243,0.6122478246688843,0.009424634277820587,0.25,0.625
10,5434,0.0001,0.3957197666168213,0.3776719868183136,0.018047768622636795,0.625,0.75
10,5435,0.0001,0.8772134184837341,0.8664841055870056,0.010729314759373665,0.375,0.375
10,5436,0.0001,0.5639346241950989,0.5501429438591003,0.013791684992611408,0.625,0.625
10,5437,0.0001,0.9390197396278381,0.9218838214874268,0.017135944217443466,0.375,0.375
10,5438,0.0001,0.8505040407180786,0.8371687531471252,0.013335265219211578,0.25,0.375
10,5439,0.0001,1.4649549722671509,1.4482284784317017,0.0167265422642231,0.0,0.0
10,5440,0.0001,0.7521795034408569,0.7009710073471069,0.05120846629142761,0.5,0.5
10,5441,0.0001,0.4440911114215851,0.42652153968811035,0.017569581046700478,0.5,0.75
10,5442,0.0001,0.304746150970459,0.2932639420032501,0.011482207104563713,0.375,0.75
10,5443,0.0001,0.8794862627983093,0.8731209635734558,0.006365296430885792,0.375,0.375
10,5444,0.0001,0.6438859105110168,0.628096878528595,0.015789030119776726,0.375,0.5
10,5445,0.0001,0.4072152078151703,0.3989637494087219,0.008251451887190342,0.625,0.75
10,5446,0.0001,0.6318328976631165,0.6120609641075134,0.01977192424237728,0.375,0.625
10,5447,0.0001,0.6453645825386047,0.636368989944458,0.008995592594146729,0.5,0.5
10,5448,0.0001,0.7559359073638916,0.7219058275222778,0.03403010219335556,0.25,0.5
10,5449,0.0001,0.6872697472572327,0.6725152134895325,0.014754559844732285,0.5,0.5
10,5450,0.0001,0.5906238555908203,0.5792590379714966,0.011364796198904514,0.375,0.625
10,5451,0.0001,0.6808262467384338,0.6657114624977112,0.015114770270884037,0.25,0.25
10,5452,0.0001,0.7411729693412781,0.72022545337677,0.020947517827153206,0.25,0.5
10,5453,0.0001,0.7984607815742493,0.7426876425743103,0.05577314272522926,0.5,0.5
10,5454,0.0001,0.8190932869911194,0.7698941230773926,0.049199167639017105,0.25,0.5
10,5455,0.0001,0.5981798768043518,0.5714207887649536,0.026759084314107895,0.5,0.625
10,5456,0.0001,0.8418856263160706,0.8156038522720337,0.026281781494617462,0.375,0.375
10,5457,0.0001,0.6808985471725464,0.6486494541168213,0.03224911540746689,0.375,0.5
10,5458,0.0001,0.7323604822158813,0.7137101888656616,0.018650313839316368,0.375,0.5
10,5459,0.0001,0.4325857162475586,0.4187047481536865,0.01388096995651722,0.5,0.625
10,5460,0.0001,0.5374347567558289,0.5127885937690735,0.02464618906378746,0.375,0.625
10,5461,0.0001,0.3925400376319885,0.35999566316604614,0.032544367015361786,0.5,0.75
10,5462,0.0001,0.4186699390411377,0.3775624632835388,0.04110748693346977,0.75,0.75
10,5463,0.0001,0.784614086151123,0.7347789406776428,0.049835167825222015,0.5,0.5
10,5464,0.0001,0.5916812419891357,0.5601859092712402,0.031495336443185806,0.5,0.625
10,5465,0.0001,0.2862013578414917,0.24780991673469543,0.03839144855737686,0.75,0.75
10,5466,0.0001,0.5701919198036194,0.5618085861206055,0.008383335545659065,0.625,0.625
10,5467,0.0001,0.3942558169364929,0.3463836908340454,0.04787212982773781,0.625,0.75
10,5468,0.0001,0.5933762788772583,0.573051393032074,0.020324859768152237,0.5,0.625
10,5469,0.0001,0.7681904435157776,0.7290605306625366,0.039129938930273056,0.375,0.5
10,5470,0.0001,0.6765525341033936,0.6468856334686279,0.02966688945889473,0.375,0.375
10,5471,0.0001,0.9720414876937866,0.9455466866493225,0.02649478055536747,0.0,0.125
10,5472,0.0001,0.4348191022872925,0.41986897587776184,0.01495012454688549,0.375,0.75
10,5473,0.0001,0.4638088047504425,0.42528998851776123,0.03851880878210068,0.625,0.625
10,5474,0.0001,0.2492407262325287,0.23083432018756866,0.01840641349554062,0.75,0.75
10,5475,0.0001,0.48552775382995605,0.41390499472618103,0.07162277400493622,0.375,0.75
10,5476,0.0001,1.128495454788208,1.1089998483657837,0.01949554681777954,0.125,0.25
10,5477,0.0001,0.8065603971481323,0.7780330777168274,0.028527289628982544,0.375,0.375
10,5478,0.0001,1.1358520984649658,1.1165220737457275,0.01933007314801216,0.125,0.25
10,5479,0.0001,0.657171368598938,0.6428813338279724,0.014290055260062218,0.375,0.5
10,5480,0.0001,0.33306074142456055,0.32442378997802734,0.008636941201984882,0.625,0.75
10,5481,0.0001,0.42197149991989136,0.40737199783325195,0.014599509537220001,0.5,0.75
10,5482,0.0001,0.7577494382858276,0.7358061075210571,0.02194335125386715,0.5,0.5
10,5483,0.0001,0.9946359992027283,0.9554945230484009,0.0391414612531662,0.25,0.25
10,5484,0.0001,0.31059229373931885,0.2752220332622528,0.03537026047706604,0.5,0.75
10,5485,0.0001,0.6851656436920166,0.6547611355781555,0.030404487624764442,0.375,0.5
10,5486,0.0001,0.959291398525238,0.9374932050704956,0.02179817669093609,0.125,0.375
10,5487,0.0001,0.8067595362663269,0.7803625464439392,0.02639700472354889,0.25,0.375
10,5488,0.0001,0.4131898283958435,0.40308478474617004,0.010105053894221783,0.625,0.75
10,5489,0.0001,0.7118942737579346,0.6970656514167786,0.014828620478510857,0.5,0.5
10,5490,0.0001,0.7598627805709839,0.7281867861747742,0.03167599439620972,0.5,0.5
10,5491,0.0001,0.6009256839752197,0.5942599773406982,0.006665722467005253,0.25,0.375
10,5492,0.0001,0.5926509499549866,0.5640546679496765,0.028596293181180954,0.5,0.625
10,5493,0.0001,0.6589528918266296,0.6344894766807556,0.024463441222906113,0.125,0.625
10,5494,0.0001,0.7953692674636841,0.7647771835327148,0.030592089518904686,0.125,0.5
10,5495,0.0001,0.9769599437713623,0.9360021352767944,0.04095778614282608,0.125,0.375
10,5496,0.0001,0.20777712762355804,0.19344963133335114,0.014327490702271461,0.875,0.875
10,5497,0.0001,0.24237734079360962,0.21832750737667084,0.024049833416938782,0.625,0.875
10,5498,0.0001,1.2034060955047607,1.186697006225586,0.01670912280678749,0.0,0.0
10,5499,0.0001,1.0748486518859863,1.0353941917419434,0.039454471319913864,0.125,0.25
10,5500,0.0001,0.5480433702468872,0.5104745626449585,0.03756880760192871,0.5,0.625
10,5501,0.0001,0.8041571378707886,0.7943735718727112,0.009783555753529072,0.0,0.375
10,5502,0.0001,0.41917821764945984,0.4014200270175934,0.017758196219801903,0.5,0.75
10,5503,0.0001,0.5555516481399536,0.5446292161941528,0.010922410525381565,0.625,0.625
10,5504,0.0001,0.28959891200065613,0.272102952003479,0.01749596931040287,0.75,0.75
10,5505,0.0001,0.8038575053215027,0.7910338044166565,0.01282370276749134,0.25,0.375
10,5506,0.0001,0.7003601789474487,0.680806040763855,0.019554121419787407,0.5,0.5
10,5507,0.0001,0.574027955532074,0.5335996150970459,0.04042833670973778,0.375,0.625
10,5508,0.0001,0.6025245785713196,0.5895638465881348,0.012960722669959068,0.25,0.625
10,5509,0.0001,0.7286252379417419,0.7105448246002197,0.018080420792102814,0.5,0.5
10,5510,0.0001,0.8167304396629333,0.7977784872055054,0.018951941281557083,0.375,0.375
10,5511,0.0001,0.5906973481178284,0.5819203853607178,0.008776972070336342,0.375,0.625
10,5512,0.0001,0.831902265548706,0.8150664567947388,0.01683582365512848,0.25,0.25
10,5513,0.0001,0.6058756113052368,0.5804010629653931,0.025474537163972855,0.375,0.625
10,5514,0.0001,0.9490652084350586,0.925045907497406,0.024019304662942886,0.25,0.375
10,5515,0.0001,0.7594937682151794,0.7319607138633728,0.02753305993974209,0.375,0.375
10,5516,0.0001,0.6858205199241638,0.6491168737411499,0.036703646183013916,0.125,0.375
10,5517,0.0001,0.7477405667304993,0.7373800277709961,0.010360559448599815,0.375,0.375
10,5518,0.0001,0.7131310701370239,0.679108738899231,0.034022316336631775,0.25,0.375
10,5519,0.0001,0.3521888852119446,0.3323982357978821,0.0197906494140625,0.5,0.75
10,5520,0.0001,0.24702022969722748,0.22703488171100616,0.019985351711511612,0.75,0.75
10,5521,0.0001,0.3864124119281769,0.35102295875549316,0.035389453172683716,0.625,0.75
10,5522,0.0001,0.7756869792938232,0.7586350440979004,0.017051905393600464,0.375,0.5
10,5523,0.0001,0.37622514367103577,0.3685847818851471,0.007640365045517683,0.625,0.75
10,5524,0.0001,1.029468297958374,1.0012136697769165,0.02825462445616722,0.25,0.25
10,5525,0.0001,0.8947235941886902,0.8784802556037903,0.0162433423101902,0.25,0.375
10,5526,0.0001,1.0965805053710938,1.0669424533843994,0.02963809296488762,0.0,0.125
10,5527,0.0001,0.5745607018470764,0.561456024646759,0.013104650191962719,0.625,0.625
10,5528,0.0001,0.9490002393722534,0.9332876205444336,0.01571260392665863,0.25,0.375
10,5529,0.0001,1.1846014261245728,1.1697558164596558,0.014845617115497589,0.0,0.0
10,5530,0.0001,0.9070209860801697,0.8793184161186218,0.027702558785676956,0.375,0.375
10,5531,0.0001,0.29563823342323303,0.24290622770786285,0.052732016891241074,0.5,0.75
10,5532,0.0001,0.5196963548660278,0.4781774580478668,0.041518911719322205,0.375,0.625
10,5533,0.0001,0.47787290811538696,0.44208481907844543,0.03578808531165123,0.375,0.625
10,5534,0.0001,0.5922777652740479,0.5876672267913818,0.004610510542988777,0.5,0.625
10,5535,0.0001,0.6697156429290771,0.6517635583877563,0.01795206032693386,0.25,0.375
10,5536,0.0001,0.6606164574623108,0.6106566190719604,0.04995982348918915,0.25,0.5
10,5537,0.0001,0.7931756973266602,0.7542809247970581,0.03889474645256996,0.25,0.25
10,5538,0.0001,0.6954204440116882,0.6588497161865234,0.036570727825164795,0.125,0.375
10,5539,0.0001,0.6796280145645142,0.6305906772613525,0.04903732240200043,0.125,0.375
10,5540,0.0001,0.792898416519165,0.7730364799499512,0.019861964508891106,0.125,0.5
10,5541,0.0001,0.7618626356124878,0.6945410370826721,0.06732156872749329,0.375,0.5
10,5542,0.0001,0.7957249283790588,0.7644577026367188,0.03126721829175949,0.25,0.5
10,5543,0.0001,0.7868952751159668,0.6559320092201233,0.1309632956981659,0.125,0.375
10,5544,0.0001,0.7674240469932556,0.6388655304908752,0.12855851650238037,0.125,0.375
10,5545,0.0001,0.9203300476074219,0.7938424348831177,0.1264876127243042,0.125,0.375
10,5546,0.0001,0.6985384225845337,0.6428999900817871,0.05563841387629509,0.0,0.375
10,5547,0.0001,0.9447694420814514,0.9339836239814758,0.010785789228975773,0.25,0.25
10,5548,0.0001,0.7635492086410522,0.7429553270339966,0.020593905821442604,0.375,0.5
10,5549,0.0001,0.8373817205429077,0.8249361515045166,0.01244556438177824,0.125,0.375
10,5550,0.0001,0.5480462908744812,0.520300030708313,0.027746258303523064,0.625,0.625
10,5551,0.0001,0.6741102337837219,0.6418743133544922,0.03223594278097153,0.25,0.375
10,5552,0.0001,0.6817258596420288,0.5897344350814819,0.09199144691228867,0.25,0.625
10,5553,0.0001,0.6248146295547485,0.5970654487609863,0.02774920128285885,0.25,0.625
10,5554,0.0001,0.8913434743881226,0.8839293122291565,0.007414132822304964,0.375,0.375
10,5555,0.0001,0.6334117650985718,0.6274982690811157,0.00591349508613348,0.125,0.5
10,5556,0.0001,0.6086308360099792,0.5756646990776062,0.032966114580631256,0.375,0.5
10,5557,0.0001,0.885392427444458,0.8771791458129883,0.008213266730308533,0.125,0.25
10,5558,0.0001,0.7760952115058899,0.7407039999961853,0.035391226410865784,0.125,0.125
10,5559,0.0001,0.8013948202133179,0.7865393161773682,0.01485552079975605,0.125,0.25
10,5560,0.0001,0.4691310226917267,0.4583873152732849,0.010743699967861176,0.25,0.625
10,5561,0.0001,0.6507278084754944,0.6471865177154541,0.003541296813637018,0.375,0.5
10,5562,0.0001,0.777563750743866,0.7558292746543884,0.02173449471592903,0.25,0.5
10,5563,0.0001,0.8095581531524658,0.7676270008087158,0.04193112254142761,0.0,0.375
10,5564,0.0001,0.7097139954566956,0.6956082582473755,0.014105750247836113,0.25,0.5
10,5565,0.0001,0.7509617209434509,0.7322045564651489,0.018757151439785957,0.25,0.375
10,5566,0.0001,0.48353856801986694,0.4546072483062744,0.028931329026818275,0.5,0.625
10,5567,0.0001,0.8338649868965149,0.7933269739151001,0.040537986904382706,0.25,0.375
10,5568,0.0001,1.107825756072998,1.095409870147705,0.012415925040841103,0.125,0.25
10,5569,0.0001,1.4510055780410767,1.4304310083389282,0.020574556663632393,0.0,0.0
11,5570,0.0001,0.9387994408607483,0.9271661043167114,0.011633346788585186,0.125,0.25
11,5571,0.0001,0.5916659235954285,0.5711550712585449,0.020510870963335037,0.375,0.625
11,5572,0.0001,0.8965870141983032,0.8798141479492188,0.016772862523794174,0.0,0.125
11,5573,0.0001,0.9063642024993896,0.8724610805511475,0.033903151750564575,0.125,0.25
11,5574,0.0001,0.7642200589179993,0.7458609938621521,0.018359091132879257,0.0,0.25
11,5575,0.0001,0.5312371253967285,0.5100932717323303,0.021143853664398193,0.25,0.375
11,5576,0.0001,0.7809698581695557,0.758067786693573,0.022902052849531174,0.0,0.375
11,5577,0.0001,0.5855104923248291,0.5626438856124878,0.0228666253387928,0.125,0.5
11,5578,0.0001,0.12476485967636108,0.09617932140827179,0.028585538268089294,0.75,0.875
11,5579,0.0001,0.8917110562324524,0.8542580604553223,0.03745298460125923,0.125,0.375
11,5580,0.0001,0.8808533549308777,0.8500202894210815,0.030833054333925247,0.125,0.375
11,5581,0.0001,0.6983062624931335,0.6723105907440186,0.025995679199695587,0.375,0.375
11,5582,0.0001,0.6313384771347046,0.6203352212905884,0.011003263294696808,0.25,0.5
11,5583,0.0001,0.5879292488098145,0.5710510015487671,0.016878217458724976,0.5,0.625
11,5584,0.0001,0.9081865549087524,0.8921641111373901,0.016022413969039917,0.0,0.375
11,5585,0.0001,0.5244925022125244,0.4965156316757202,0.027976881712675095,0.5,0.625
11,5586,0.0001,1.0409003496170044,1.016929268836975,0.02397102490067482,0.25,0.25
11,5587,0.0001,0.47150152921676636,0.42123842239379883,0.050263091921806335,0.25,0.5
11,5588,0.0001,1.1260509490966797,1.0870174169540405,0.039033569395542145,0.125,0.25
11,5589,0.0001,0.5938950777053833,0.5504566431045532,0.04343841224908829,0.5,0.625
11,5590,0.0001,0.2091250866651535,0.16987010836601257,0.03925497829914093,0.75,0.75
11,5591,0.0001,0.723081648349762,0.7108480930328369,0.01223356556147337,0.125,0.375
11,5592,0.0001,0.5057154893875122,0.4714072346687317,0.03430826961994171,0.375,0.5
11,5593,0.0001,0.6826804280281067,0.6563181281089783,0.02636227384209633,0.375,0.375
11,5594,0.0001,0.9449120759963989,0.9065150022506714,0.03839710354804993,0.375,0.375
11,5595,0.0001,0.9584431648254395,0.9353013634681702,0.02314182184636593,0.125,0.25
11,5596,0.0001,0.6105166077613831,0.577576756477356,0.032939840108156204,0.25,0.625
11,5597,0.0001,0.8410780429840088,0.8153203725814819,0.02575765922665596,0.0,0.125
11,5598,0.0001,0.7016924619674683,0.6535425782203674,0.04814985394477844,0.25,0.5
11,5599,0.0001,0.6140428781509399,0.5844486951828003,0.02959420345723629,0.125,0.375
11,5600,0.0001,0.7791666984558105,0.7626903057098389,0.01647638902068138,0.375,0.375
11,5601,0.0001,0.5358542799949646,0.5307221412658691,0.005132127553224564,0.5,0.625
11,5602,0.0001,0.7858937978744507,0.753233790397644,0.03265997767448425,0.25,0.25
11,5603,0.0001,0.47673627734184265,0.41390305757522583,0.06283322721719742,0.5,0.75
11,5604,0.0001,0.6260585784912109,0.6068724393844604,0.019186124205589294,0.375,0.625
11,5605,0.0001,0.4773721694946289,0.4545679986476898,0.02280418574810028,0.125,0.5
11,5606,0.0001,0.7391365170478821,0.6668636798858643,0.07227282226085663,0.25,0.5
11,5607,0.0001,0.7914702892303467,0.7626466751098633,0.028823640197515488,0.25,0.5
11,5608,0.0001,0.965696394443512,0.9480066895484924,0.01768970862030983,0.25,0.25
11,5609,0.0001,0.771644115447998,0.7386133670806885,0.03303075581789017,0.5,0.5
11,5610,0.0001,0.6526091694831848,0.6024234294891357,0.050185758620500565,0.375,0.5
11,5611,0.0001,1.0343539714813232,0.9565737843513489,0.07778023183345795,0.25,0.25
11,5612,0.0001,0.35738301277160645,0.3430249094963074,0.01435810886323452,0.375,0.5
11,5613,0.0001,0.8028756380081177,0.7508456110954285,0.052030049264431,0.25,0.375
11,5614,0.0001,0.39605510234832764,0.3802957534790039,0.01575935073196888,0.375,0.75
11,5615,0.0001,0.5139296650886536,0.49465814232826233,0.01927151530981064,0.625,0.625
11,5616,0.0001,0.5269308686256409,0.4657001495361328,0.06123071163892746,0.625,0.625
11,5617,0.0001,0.809692919254303,0.7894630432128906,0.020229903981089592,0.125,0.5
11,5618,0.0001,0.7160114049911499,0.674950361251831,0.041061028838157654,0.25,0.375
11,5619,0.0001,1.0549086332321167,1.0360430479049683,0.01886555925011635,0.25,0.25
11,5620,0.0001,0.7884136438369751,0.7537417411804199,0.034671902656555176,0.125,0.375
11,5621,0.0001,0.605661153793335,0.568204402923584,0.03745672106742859,0.5,0.625
11,5622,0.0001,1.0496693849563599,1.0384058952331543,0.01126345805823803,0.25,0.25
11,5623,0.0001,0.7506765723228455,0.7385025024414062,0.012174045667052269,0.375,0.5
11,5624,0.0001,0.4422372281551361,0.419586181640625,0.02265104278922081,0.625,0.625
11,5625,0.0001,0.668156623840332,0.6473032236099243,0.020853392779827118,0.375,0.375
11,5626,0.0001,1.1299214363098145,1.0948524475097656,0.035069048404693604,0.0,0.125
11,5627,0.0001,0.736984133720398,0.7169188261032104,0.020065316930413246,0.25,0.5
11,5628,0.0001,0.7499938011169434,0.7316466569900513,0.018347153440117836,0.5,0.5
11,5629,0.0001,0.2610422968864441,0.2317933589220047,0.02924894541501999,0.75,0.75
11,5630,0.0001,0.5806934237480164,0.5662775039672852,0.014415918849408627,0.5,0.625
11,5631,0.0001,0.41657793521881104,0.4135929346084595,0.002984997583553195,0.5,0.75
11,5632,0.0001,0.82839035987854,0.8082224130630493,0.020167963579297066,0.25,0.375
11,5633,0.0001,0.9611968994140625,0.924148678779602,0.03704819828271866,0.375,0.375
11,5634,0.0001,0.42338597774505615,0.4027945399284363,0.020591437816619873,0.5,0.75
11,5635,0.0001,0.3655431568622589,0.34461578726768494,0.02092737704515457,0.375,0.625
11,5636,0.0001,0.6374130249023438,0.6160951256752014,0.02131792902946472,0.25,0.625
11,5637,0.0001,0.5958137512207031,0.5763310790061951,0.019482670351862907,0.5,0.625
11,5638,0.0001,0.6914868354797363,0.6750985383987427,0.016388321295380592,0.25,0.5
11,5639,0.0001,0.980410635471344,0.9683458209037781,0.01206482294946909,0.125,0.375
11,5640,0.0001,0.8083730340003967,0.7948845028877258,0.013488544151186943,0.125,0.375
11,5641,0.0001,0.5947703123092651,0.5797573924064636,0.015012899413704872,0.375,0.5
11,5642,0.0001,0.5313330292701721,0.5137050151824951,0.017627986147999763,0.125,0.625
11,5643,0.0001,0.530037522315979,0.5059341192245483,0.024103382602334023,0.375,0.625
11,5644,0.0001,0.3879048228263855,0.33385175466537476,0.054053064435720444,0.625,0.625
11,5645,0.0001,0.4383240342140198,0.42831799387931824,0.010006025433540344,0.5,0.75
11,5646,0.0001,0.5419341921806335,0.5249221324920654,0.017012080177664757,0.375,0.625
11,5647,0.0001,0.7042160630226135,0.6668139696121216,0.03740207478404045,0.375,0.5
11,5648,0.0001,1.1978360414505005,1.1795321702957153,0.018303904682397842,0.125,0.125
11,5649,0.0001,0.39885443449020386,0.3904075026512146,0.008446943014860153,0.625,0.75
11,5650,0.0001,0.437181681394577,0.4294045567512512,0.007777132093906403,0.625,0.625
11,5651,0.0001,0.6741691827774048,0.6386812329292297,0.03548796474933624,0.375,0.5
11,5652,0.0001,0.5817644000053406,0.5717236995697021,0.010040685534477234,0.375,0.625
11,5653,0.0001,0.7755612134933472,0.7450262904167175,0.03053489699959755,0.375,0.5
11,5654,0.0001,0.16774562001228333,0.14372403919696808,0.024021577090024948,0.75,0.75
11,5655,0.0001,0.3318954408168793,0.3179478645324707,0.013947568833827972,0.5,0.75
11,5656,0.0001,0.8217780590057373,0.8000234365463257,0.02175465226173401,0.25,0.375
11,5657,0.0001,0.8360830545425415,0.8118418455123901,0.024241235107183456,0.25,0.375
11,5658,0.0001,0.9779516458511353,0.9601757526397705,0.017775902524590492,0.125,0.25
11,5659,0.0001,0.5298448801040649,0.5011637806892395,0.028681086376309395,0.375,0.625
11,5660,0.0001,0.756851077079773,0.7279251217842102,0.028925970196723938,0.5,0.5
11,5661,0.0001,0.7723447680473328,0.739521861076355,0.032822925597429276,0.25,0.5
11,5662,0.0001,0.6185409426689148,0.6054244041442871,0.013116525486111641,0.375,0.5
11,5663,0.0001,0.7433577179908752,0.7283157706260681,0.015041971579194069,0.5,0.5
11,5664,0.0001,0.38839787244796753,0.3315388858318329,0.056858986616134644,0.375,0.75
11,5665,0.0001,0.6357097029685974,0.6295491456985474,0.0061605460941791534,0.25,0.625
11,5666,0.0001,0.4570332467556,0.43589112162590027,0.021142134442925453,0.5,0.625
11,5667,0.0001,0.9538450241088867,0.9123747944831848,0.041470203548669815,0.25,0.375
11,5668,0.0001,0.5013975501060486,0.47775471210479736,0.02364281937479973,0.25,0.625
11,5669,0.0001,0.6403144598007202,0.626828670501709,0.01348579116165638,0.375,0.5
11,5670,0.0001,0.4393596649169922,0.4184396266937256,0.0209200382232666,0.375,0.75
11,5671,0.0001,0.3858082890510559,0.37153157591819763,0.014276714995503426,0.75,0.75
11,5672,0.0001,0.5858973264694214,0.5556930303573608,0.030204275622963905,0.625,0.625
11,5673,0.0001,0.9016081690788269,0.8742448091506958,0.02736334502696991,0.375,0.375
11,5674,0.0001,0.248637855052948,0.24177993834018707,0.0068579125218093395,0.5,0.875
11,5675,0.0001,0.41688036918640137,0.4007730484008789,0.016107307747006416,0.5,0.75
11,5676,0.0001,0.5114887952804565,0.501336395740509,0.01015239767730236,0.375,0.5
11,5677,0.0001,1.0990898609161377,1.091460943222046,0.007628859486430883,0.125,0.25
11,5678,0.0001,0.5566737651824951,0.5364002585411072,0.020273514091968536,0.5,0.625
11,5679,0.0001,0.772703230381012,0.7451130151748657,0.027590205892920494,0.375,0.375
11,5680,0.0001,0.8310768008232117,0.8192604780197144,0.011816322803497314,0.375,0.375
11,5681,0.0001,0.24677219986915588,0.23521575331687927,0.01155645027756691,0.625,0.875
11,5682,0.0001,0.7187236547470093,0.701474666595459,0.017248984426259995,0.5,0.5
11,5683,0.0001,0.2489880472421646,0.24475759267807007,0.004230453632771969,0.5,0.75
11,5684,0.0001,0.43269434571266174,0.4067264795303345,0.025967860594391823,0.5,0.75
11,5685,0.0001,1.0769215822219849,1.054499864578247,0.02242168039083481,0.25,0.25
11,5686,0.0001,0.9438866376876831,0.9160544276237488,0.027832183986902237,0.25,0.375
11,5687,0.0001,0.9327565431594849,0.9134809970855713,0.019275523722171783,0.125,0.375
11,5688,0.0001,0.22949270904064178,0.19875794649124146,0.030734766274690628,0.875,0.875
11,5689,0.0001,0.7517210245132446,0.7440367341041565,0.007684280164539814,0.375,0.5
11,5690,0.0001,0.22206008434295654,0.21159832179546356,0.010461759753525257,0.75,0.875
11,5691,0.0001,0.7924715280532837,0.7796006202697754,0.012870934791862965,0.125,0.5
11,5692,0.0001,0.723413348197937,0.6736692786216736,0.04974408075213432,0.25,0.375
11,5693,0.0001,0.46855807304382324,0.4424547255039215,0.026103360578417778,0.25,0.75
11,5694,0.0001,0.7440875768661499,0.7374868392944336,0.006600739434361458,0.375,0.5
11,5695,0.0001,0.5842999219894409,0.5646883845329285,0.01961151883006096,0.25,0.375
11,5696,0.0001,0.8145759105682373,0.7963125705718994,0.0182633213698864,0.375,0.375
11,5697,0.0001,0.5665329694747925,0.5483942627906799,0.01813872531056404,0.375,0.625
11,5698,0.0001,0.9691767692565918,0.9424545764923096,0.026722192764282227,0.125,0.125
11,5699,0.0001,0.23028801381587982,0.20699305832386017,0.023294955492019653,0.625,0.875
11,5700,0.0001,0.6005417704582214,0.5459837913513184,0.054557956755161285,0.125,0.625
11,5701,0.0001,0.7826129198074341,0.7658273577690125,0.01678556017577648,0.25,0.5
11,5702,0.0001,0.920708417892456,0.8909599781036377,0.02974841743707657,0.375,0.375
11,5703,0.0001,0.9815912246704102,0.9489015340805054,0.03268968686461449,0.25,0.25
11,5704,0.0001,0.45437532663345337,0.44285380840301514,0.011521514505147934,0.375,0.5
11,5705,0.0001,0.3995891213417053,0.3820264935493469,0.017562629655003548,0.625,0.75
11,5706,0.0001,0.786581814289093,0.7729703187942505,0.013611478731036186,0.25,0.5
11,5707,0.0001,0.9256871342658997,0.9136403799057007,0.012046756222844124,0.125,0.375
11,5708,0.0001,0.6060255765914917,0.585415244102478,0.020610326901078224,0.125,0.625
11,5709,0.0001,0.24756835401058197,0.23848022520542145,0.009088126942515373,0.75,0.75
11,5710,0.0001,0.47260022163391113,0.4611648917198181,0.011435315012931824,0.5,0.625
11,5711,0.0001,0.08215120434761047,0.0698353722691536,0.01231583021581173,0.75,0.875
11,5712,0.0001,0.40161675214767456,0.37228691577911377,0.029329830780625343,0.75,0.75
11,5713,0.0001,0.600243091583252,0.5735678672790527,0.026675211265683174,0.5,0.625
11,5714,0.0001,0.5504924058914185,0.5204421281814575,0.030050253495573997,0.625,0.625
11,5715,0.0001,0.7604154944419861,0.7429684400558472,0.01744707301259041,0.25,0.375
11,5716,0.0001,0.5348062515258789,0.5099489688873291,0.024857262149453163,0.375,0.625
11,5717,0.0001,0.42409518361091614,0.4083901643753052,0.015705019235610962,0.375,0.75
11,5718,0.0001,0.5723755955696106,0.5662403702735901,0.006135245319455862,0.25,0.625
11,5719,0.0001,0.11173216998577118,0.1003137081861496,0.011418460868299007,0.625,0.875
11,5720,0.0001,0.7375184893608093,0.7067557573318481,0.03076273575425148,0.375,0.5
11,5721,0.0001,0.3888780176639557,0.3719847798347473,0.01689322665333748,0.625,0.75
11,5722,0.0001,0.9432529807090759,0.9041934609413147,0.03905951604247093,0.375,0.375
11,5723,0.0001,1.0347050428390503,1.007360816001892,0.027344200760126114,0.125,0.25
11,5724,0.0001,0.4374336302280426,0.3949316143989563,0.0425020195543766,0.5,0.75
11,5725,0.0001,0.6380785703659058,0.6308907270431519,0.007187872659415007,0.25,0.375
11,5726,0.0001,0.8340387940406799,0.8303722143173218,0.0036665627267211676,0.25,0.375
11,5727,0.0001,0.5433740615844727,0.5150243639945984,0.02834971621632576,0.625,0.625
11,5728,0.0001,0.641650378704071,0.6234920024871826,0.01815839670598507,0.5,0.5
11,5729,0.0001,0.4628696143627167,0.43001851439476013,0.032851092517375946,0.375,0.625
11,5730,0.0001,0.4723186492919922,0.4481445550918579,0.024174094200134277,0.375,0.625
11,5731,0.0001,0.6845757961273193,0.6458032131195068,0.03877260535955429,0.5,0.5
11,5732,0.0001,0.545209527015686,0.5197675228118896,0.025441983714699745,0.25,0.625
11,5733,0.0001,0.6576802730560303,0.623562216758728,0.03411807492375374,0.375,0.5
11,5734,0.0001,0.6365413665771484,0.618375301361084,0.01816605031490326,0.5,0.5
11,5735,0.0001,0.6941198110580444,0.6649953722953796,0.0291244275867939,0.125,0.5
11,5736,0.0001,0.5156763195991516,0.49812963604927063,0.01754666119813919,0.375,0.625
11,5737,0.0001,0.46235546469688416,0.4502742290496826,0.01208124216645956,0.5,0.625
11,5738,0.0001,0.6241644620895386,0.5678243637084961,0.05634011700749397,0.375,0.625
11,5739,0.0001,0.9541388750076294,0.9445030689239502,0.009635798633098602,0.25,0.25
11,5740,0.0001,0.3481786549091339,0.30515414476394653,0.04302450269460678,0.625,0.625
11,5741,0.0001,0.5562026500701904,0.5057089924812317,0.05049363151192665,0.375,0.5
11,5742,0.0001,0.48209846019744873,0.4610031545162201,0.021095314994454384,0.5,0.625
11,5743,0.0001,0.6248630285263062,0.6117386221885681,0.013124401681125164,0.25,0.625
11,5744,0.0001,0.403048574924469,0.39741745591163635,0.005631119012832642,0.5,0.625
11,5745,0.0001,0.5821172595024109,0.5700368881225586,0.012080345302820206,0.5,0.625
11,5746,0.0001,0.5764113664627075,0.5626099705696106,0.013801385648548603,0.5,0.5
11,5747,0.0001,0.9063093662261963,0.843252420425415,0.06305694580078125,0.25,0.375
11,5748,0.0001,0.6102243661880493,0.5611722469329834,0.049052104353904724,0.25,0.625
11,5749,0.0001,0.2824256718158722,0.24816550314426422,0.03426017612218857,0.625,0.75
11,5750,0.0001,1.1295781135559082,1.101261854171753,0.028316207230091095,0.25,0.25
11,5751,0.0001,0.16456758975982666,0.1238611713051796,0.04070641100406647,0.75,0.875
11,5752,0.0001,0.9432512521743774,0.9247145652770996,0.01853666454553604,0.25,0.375
11,5753,0.0001,0.6123040318489075,0.5740373134613037,0.038266707211732864,0.5,0.625
11,5754,0.0001,0.8057453036308289,0.7847837209701538,0.020961567759513855,0.125,0.5
11,5755,0.0001,0.4006088972091675,0.3836539089679718,0.016954977065324783,0.625,0.75
11,5756,0.0001,0.8115007877349854,0.7846944332122803,0.026806330308318138,0.375,0.375
11,5757,0.0001,0.5290826559066772,0.5060093402862549,0.023073317483067513,0.5,0.625
11,5758,0.0001,0.5940960049629211,0.5700629353523254,0.024033073335886,0.5,0.625
11,5759,0.0001,0.4450100064277649,0.42643672227859497,0.018573272973299026,0.625,0.625
11,5760,0.0001,0.5539458394050598,0.5420258045196533,0.011920018121600151,0.375,0.5
11,5761,0.0001,0.20462362468242645,0.19327816367149353,0.011345458216965199,0.875,0.875
11,5762,0.0001,0.7301876544952393,0.7152519226074219,0.014935743063688278,0.375,0.5
11,5763,0.0001,0.7360914945602417,0.7179035544395447,0.018187953159213066,0.5,0.5
11,5764,0.0001,0.9545240998268127,0.9079647064208984,0.04655938595533371,0.375,0.375
11,5765,0.0001,0.551520049571991,0.5403624773025513,0.01115756668150425,0.5,0.5
11,5766,0.0001,0.4523504972457886,0.41005226969718933,0.04229821637272835,0.625,0.625
11,5767,0.0001,0.8659037351608276,0.8446485996246338,0.0212551336735487,0.375,0.375
11,5768,0.0001,0.6132391691207886,0.5973561406135559,0.015883037820458412,0.375,0.625
11,5769,0.0001,0.8933978080749512,0.865109920501709,0.028287872672080994,0.375,0.375
11,5770,0.0001,0.5853844881057739,0.57444828748703,0.010936172679066658,0.5,0.625
11,5771,0.0001,0.3434005081653595,0.3259309232234955,0.01746959425508976,0.375,0.5
11,5772,0.0001,0.4559616148471832,0.42826491594314575,0.02769669145345688,0.375,0.75
11,5773,0.0001,0.3034271001815796,0.28549277782440186,0.017934320494532585,0.375,0.75
11,5774,0.0001,0.5796127915382385,0.5686421990394592,0.010970579460263252,0.5,0.625
11,5775,0.0001,0.591755211353302,0.5551172494888306,0.036637935787439346,0.5,0.625
11,5776,0.0001,0.46091529726982117,0.438499391078949,0.022415919229388237,0.625,0.625
11,5777,0.0001,0.4558831751346588,0.44266435503959656,0.013218824751675129,0.625,0.625
11,5778,0.0001,0.48130562901496887,0.45718568563461304,0.02411993220448494,0.5,0.625
11,5779,0.0001,0.6903542280197144,0.6695231199264526,0.020831095054745674,0.375,0.375
11,5780,0.0001,0.543481707572937,0.5240836143493652,0.019398104399442673,0.375,0.625
11,5781,0.0001,0.6222469210624695,0.6131446361541748,0.009102262556552887,0.25,0.625
11,5782,0.0001,0.5127413272857666,0.47785109281539917,0.03489023447036743,0.5,0.5
11,5783,0.0001,0.8192882537841797,0.7893350124359131,0.029953263700008392,0.25,0.375
11,5784,0.0001,0.4383416771888733,0.4238307476043701,0.01451094076037407,0.375,0.75
11,5785,0.0001,0.5919864177703857,0.5679972171783447,0.02398919314146042,0.5,0.625
11,5786,0.0001,0.513175368309021,0.503084659576416,0.010090736672282219,0.625,0.625
11,5787,0.0001,0.5350134372711182,0.5125243663787842,0.022489070892333984,0.5,0.5
11,5788,0.0001,0.49231576919555664,0.47511908411979675,0.017196690663695335,0.375,0.625
11,5789,0.0001,0.5815430879592896,0.5637544393539429,0.017788641154766083,0.25,0.25
11,5790,0.0001,0.49483954906463623,0.48280778527259827,0.012031754478812218,0.5,0.5
11,5791,0.0001,0.6126315593719482,0.5914742350578308,0.02115730009973049,0.375,0.375
11,5792,0.0001,0.23838678002357483,0.2241654247045517,0.014221355319023132,0.375,0.75
11,5793,0.0001,0.38093647360801697,0.37590545415878296,0.005031028296798468,0.75,0.75
11,5794,0.0001,0.2540547549724579,0.22268670797348022,0.03136805072426796,0.625,0.875
11,5795,0.0001,0.22648124396800995,0.21518604457378387,0.011295203119516373,0.75,0.875
11,5796,0.0001,0.720152735710144,0.7079389691352844,0.01221378892660141,0.5,0.5
11,5797,0.0001,0.920491099357605,0.901353657245636,0.01913745142519474,0.25,0.375
11,5798,0.0001,0.9007475972175598,0.8876510262489319,0.013096547685563564,0.25,0.375
11,5799,0.0001,0.5974807739257812,0.5785679817199707,0.018912777304649353,0.375,0.625
11,5800,0.0001,0.4306708872318268,0.4219890534877777,0.008681820705533028,0.375,0.625
11,5801,0.0001,0.5945000052452087,0.5814472436904907,0.013052769936621189,0.375,0.625
11,5802,0.0001,0.22483399510383606,0.21286572515964508,0.011968272738158703,0.75,0.875
11,5803,0.0001,0.6553332209587097,0.6426016688346863,0.012731535360217094,0.5,0.5
11,5804,0.0001,0.5133407711982727,0.5022543668746948,0.011086409911513329,0.5,0.5
11,5805,0.0001,0.7741883397102356,0.7428003549575806,0.031387992203235626,0.5,0.5
11,5806,0.0001,1.0401298999786377,1.0248653888702393,0.01526445522904396,0.25,0.25
11,5807,0.0001,0.7827417850494385,0.7573014497756958,0.02544032409787178,0.375,0.375
11,5808,0.0001,0.7981796860694885,0.7840195894241333,0.01416010782122612,0.25,0.5
11,5809,0.0001,0.6128020882606506,0.5941271781921387,0.018674928694963455,0.125,0.5
11,5810,0.0001,0.7838067412376404,0.7650979161262512,0.018708813935518265,0.25,0.5
11,5811,0.0001,0.5024247765541077,0.47541534900665283,0.027009418234229088,0.375,0.625
11,5812,0.0001,0.5865249633789062,0.5666484832763672,0.019876450300216675,0.5,0.625
11,5813,0.0001,0.6745853424072266,0.6578688621520996,0.01671651005744934,0.5,0.5
11,5814,0.0001,0.41401100158691406,0.34614112973213196,0.0678698718547821,0.625,0.75
11,5815,0.0001,0.3227241635322571,0.3023317754268646,0.02039240300655365,0.5,0.75
11,5816,0.0001,0.5856027007102966,0.5763030052185059,0.009299678727984428,0.5,0.625
11,5817,0.0001,0.5912926197052002,0.571211040019989,0.020081549882888794,0.5,0.625
11,5818,0.0001,0.34825730323791504,0.331078439950943,0.01717885583639145,0.75,0.75
11,5819,0.0001,0.9557390809059143,0.9362873435020447,0.019451720640063286,0.125,0.375
11,5820,0.0001,0.49891239404678345,0.4837002754211426,0.015212109312415123,0.375,0.625
11,5821,0.0001,0.4560266137123108,0.4402393102645874,0.015787290409207344,0.5,0.625
11,5822,0.0001,0.7688004970550537,0.7501322031021118,0.01866828463971615,0.375,0.5
11,5823,0.0001,0.7004260420799255,0.67059326171875,0.02983279526233673,0.375,0.5
11,5824,0.0001,0.36543378233909607,0.35116612911224365,0.014267662540078163,0.75,0.75
11,5825,0.0001,0.5603833198547363,0.5533829927444458,0.007000308018177748,0.5,0.625
11,5826,0.0001,0.6133214235305786,0.6000866293907166,0.013234812766313553,0.375,0.625
11,5827,0.0001,0.4438551664352417,0.40271300077438354,0.04114215448498726,0.5,0.75
11,5828,0.0001,0.7472044229507446,0.7415215969085693,0.005682835355401039,0.375,0.5
11,5829,0.0001,0.2238040268421173,0.21519462764263153,0.008609391748905182,0.625,0.875
11,5830,0.0001,0.2864108979701996,0.27529871463775635,0.01111218985170126,0.625,0.75
11,5831,0.0001,0.32600003480911255,0.2901367247104645,0.03586331009864807,0.625,0.75
11,5832,0.0001,0.5485393404960632,0.530460000038147,0.0180793646723032,0.625,0.625
11,5833,0.0001,0.2529628276824951,0.2381630837917328,0.014799757860600948,0.625,0.875
11,5834,0.0001,0.577175498008728,0.5571646690368652,0.020010819658637047,0.5,0.625
11,5835,0.0001,0.39756351709365845,0.38132864236831665,0.016234859824180603,0.5,0.625
11,5836,0.0001,0.557481586933136,0.5452659130096436,0.01221566554158926,0.625,0.625
11,5837,0.0001,0.5511579513549805,0.5360566973686218,0.015101231634616852,0.625,0.625
11,5838,0.0001,0.4125790596008301,0.3936460316181183,0.018933037295937538,0.625,0.75
11,5839,0.0001,0.6012917757034302,0.5696500539779663,0.03164169192314148,0.5,0.625
11,5840,0.0001,0.37244048714637756,0.34539318084716797,0.0270472951233387,0.5,0.75
11,5841,0.0001,0.7591630816459656,0.741590142250061,0.01757293939590454,0.5,0.5
11,5842,0.0001,0.6681392192840576,0.6459773778915405,0.022161830216646194,0.25,0.375
11,5843,0.0001,0.9772545099258423,0.9605664014816284,0.016688108444213867,0.25,0.25
11,5844,0.0001,0.42905476689338684,0.4035128355026245,0.025541942566633224,0.5,0.75
11,5845,0.0001,0.26897263526916504,0.24556204676628113,0.023410573601722717,0.625,0.75
11,5846,0.0001,0.7811322212219238,0.7701305150985718,0.011001689359545708,0.375,0.375
11,5847,0.0001,0.706345796585083,0.6873725652694702,0.018973201513290405,0.25,0.5
11,5848,0.0001,0.7637964487075806,0.7518950700759888,0.01190139725804329,0.25,0.5
11,5849,0.0001,1.0055568218231201,0.9730501770973206,0.03250661492347717,0.125,0.25
11,5850,0.0001,0.38667771220207214,0.3715555667877197,0.01512213610112667,0.25,0.625
11,5851,0.0001,0.7623113989830017,0.7490031719207764,0.013308249413967133,0.25,0.375
11,5852,0.0001,0.8225982785224915,0.8145742416381836,0.0080240648239851,0.125,0.375
11,5853,0.0001,0.47737354040145874,0.4483177959918976,0.029055749997496605,0.25,0.625
11,5854,0.0001,0.4672546684741974,0.46005797386169434,0.007196702994406223,0.375,0.625
11,5855,0.0001,0.7310621738433838,0.7196894288063049,0.01137272547930479,0.125,0.5
11,5856,0.0001,0.49777182936668396,0.4827497899532318,0.0150220338255167,0.375,0.5
11,5857,0.0001,0.39578863978385925,0.38306939601898193,0.012719239108264446,0.75,0.75
11,5858,0.0001,0.7461236119270325,0.729071855545044,0.017051737755537033,0.5,0.5
11,5859,0.0001,0.815285325050354,0.8044610619544983,0.010824281722307205,0.25,0.375
11,5860,0.0001,0.5814635753631592,0.565521240234375,0.015942314639687538,0.5,0.625
11,5861,0.0001,0.47292840480804443,0.4571581482887268,0.01577025279402733,0.5,0.5
11,5862,0.0001,0.40125608444213867,0.3882700800895691,0.01298600435256958,0.25,0.625
11,5863,0.0001,0.23537448048591614,0.22307607531547546,0.012298399582505226,0.75,0.875
11,5864,0.0001,0.6724126935005188,0.6649813652038574,0.007431318052113056,0.5,0.5
11,5865,0.0001,0.9003391861915588,0.8890550136566162,0.011284147389233112,0.375,0.375
11,5866,0.0001,0.8565680384635925,0.8212140202522278,0.03535399213433266,0.375,0.375
11,5867,0.0001,0.29471904039382935,0.2621581256389618,0.03256090730428696,0.375,0.625
11,5868,0.0001,0.7150086164474487,0.6927416324615479,0.022266998887062073,0.25,0.5
11,5869,0.0001,1.0749677419662476,1.0573575496673584,0.01761024445295334,0.125,0.125
11,5870,0.0001,0.9413951635360718,0.9168896675109863,0.024505523964762688,0.25,0.375
11,5871,0.0001,0.16069486737251282,0.13451294600963593,0.026181921362876892,0.5,0.875
11,5872,0.0001,0.5463869571685791,0.5410940647125244,0.005292900837957859,0.625,0.625
11,5873,0.0001,0.771189272403717,0.7452303767204285,0.02595890872180462,0.5,0.5
11,5874,0.0001,0.5246216654777527,0.49980616569519043,0.024815496057271957,0.375,0.5
11,5875,0.0001,0.5621731877326965,0.5485546588897705,0.013618539087474346,0.5,0.625
11,5876,0.0001,0.6714527606964111,0.6623183488845825,0.009134383872151375,0.5,0.5
11,5877,0.0001,0.4871883988380432,0.475156307220459,0.012032076716423035,0.5,0.625
11,5878,0.0001,0.7057664394378662,0.68840491771698,0.01736152172088623,0.25,0.375
11,5879,0.0001,1.0275990962982178,1.0087080001831055,0.018891073763370514,0.25,0.25
11,5880,0.0001,0.6074752807617188,0.5835750699043274,0.023900235071778297,0.5,0.625
11,5881,0.0001,0.5695582628250122,0.5600913166999817,0.009466971270740032,0.5,0.625
11,5882,0.0001,0.4119391441345215,0.389590859413147,0.02234828844666481,0.625,0.75
11,5883,0.0001,0.6560512185096741,0.6370128989219666,0.019038308411836624,0.375,0.5
11,5884,0.0001,0.678787112236023,0.6510103940963745,0.027776695787906647,0.5,0.5
11,5885,0.0001,0.546991229057312,0.535239577293396,0.01175165455788374,0.5,0.625
11,5886,0.0001,0.587019145488739,0.5715486407279968,0.015470502898097038,0.375,0.625
11,5887,0.0001,0.2874866724014282,0.2631206512451172,0.024366015568375587,0.625,0.75
11,5888,0.0001,0.3890873193740845,0.38123834133148193,0.00784897431731224,0.75,0.75
11,5889,0.0001,0.621319591999054,0.6005248427391052,0.020794738084077835,0.125,0.625
11,5890,0.0001,0.4533179700374603,0.4439566731452942,0.009361295029520988,0.625,0.625
11,5891,0.0001,0.7216202616691589,0.6950441598892212,0.026576081290841103,0.5,0.5
11,5892,0.0001,0.5830952525138855,0.5614815950393677,0.02161363884806633,0.5,0.625
11,5893,0.0001,0.2950912117958069,0.26323002576828003,0.03186117112636566,0.75,0.75
11,5894,0.0001,0.42178401350975037,0.4172214865684509,0.004562524612993002,0.5,0.75
11,5895,0.0001,0.816020667552948,0.8104766607284546,0.005543995648622513,0.25,0.375
11,5896,0.0001,0.7664464116096497,0.7503387928009033,0.016107620671391487,0.375,0.5
11,5897,0.0001,1.1457420587539673,1.135345220565796,0.010396827012300491,0.125,0.125
11,5898,0.0001,0.45918652415275574,0.44144535064697266,0.017741166055202484,0.375,0.625
11,5899,0.0001,0.6169546842575073,0.607081413269043,0.009873250499367714,0.25,0.5
11,5900,0.0001,0.7581278681755066,0.749419093132019,0.008708777837455273,0.25,0.5
11,5901,0.0001,0.4337254762649536,0.4171808362007141,0.016544625163078308,0.5,0.5
11,5902,0.0001,1.0746984481811523,1.06559157371521,0.009106909856200218,0.25,0.25
11,5903,0.0001,0.8871151208877563,0.875086784362793,0.012028340250253677,0.125,0.375
11,5904,0.0001,0.7045347094535828,0.6920009851455688,0.012533728964626789,0.25,0.5
11,5905,0.0001,0.2298620492219925,0.225655198097229,0.004206854850053787,0.5,0.875
11,5906,0.0001,0.7569706439971924,0.7417041063308716,0.015266534872353077,0.25,0.5
11,5907,0.0001,0.3653769791126251,0.36122238636016846,0.004154589027166367,0.75,0.75
11,5908,0.0001,0.3812973201274872,0.37121129035949707,0.010086038149893284,0.625,0.75
11,5909,0.0001,0.583195686340332,0.5453181266784668,0.03787754848599434,0.5,0.625
11,5910,0.0001,0.21802839636802673,0.2119661271572113,0.006062263622879982,0.75,0.875
11,5911,0.0001,0.41610416769981384,0.37478509545326233,0.04131906107068062,0.625,0.75
11,5912,0.0001,0.7591885328292847,0.7383530139923096,0.02083553932607174,0.25,0.5
11,5913,0.0001,0.870617687702179,0.8496877551078796,0.020929932594299316,0.25,0.25
11,5914,0.0001,1.0135700702667236,0.9973135590553284,0.01625647023320198,0.125,0.25
11,5915,0.0001,0.95187908411026,0.923640251159668,0.028238829225301743,0.125,0.25
11,5916,0.0001,0.8614721298217773,0.8430380821228027,0.018434055149555206,0.125,0.25
11,5917,0.0001,0.7407478094100952,0.723236083984375,0.017511721700429916,0.0,0.125
11,5918,0.0001,0.7517940998077393,0.7398830652236938,0.011911054141819477,0.25,0.5
11,5919,0.0001,0.5515685081481934,0.5377902388572693,0.013778241351246834,0.25,0.625
11,5920,0.0001,0.54329913854599,0.5275982618331909,0.015700895339250565,0.5,0.5
11,5921,0.0001,0.5248456001281738,0.5010576248168945,0.02378794550895691,0.5,0.5
11,5922,0.0001,0.3735602796077728,0.31348133087158203,0.0600789450109005,0.625,0.75
11,5923,0.0001,0.8118602633476257,0.7719031572341919,0.03995713219046593,0.125,0.5
11,5924,0.0001,0.8658066391944885,0.8376520276069641,0.02815462462604046,0.25,0.25
11,5925,0.0001,0.7924108505249023,0.7826293110847473,0.009781557135283947,0.125,0.375
11,5926,0.0001,0.46847906708717346,0.4529968500137329,0.015482209622859955,0.25,0.625
11,5927,0.0001,0.4529176652431488,0.4349713623523712,0.017946314066648483,0.375,0.625
11,5928,0.0001,0.5666650533676147,0.5048961639404297,0.061768870800733566,0.625,0.625
11,5929,0.0001,0.6517449617385864,0.547675371170044,0.10406960546970367,0.375,0.625
11,5930,0.0001,0.7648327946662903,0.7253272533416748,0.039505552500486374,0.125,0.5
11,5931,0.0001,0.6848634481430054,0.6568416357040405,0.028021786361932755,0.25,0.5
11,5932,0.0001,0.5099684000015259,0.4234660267829895,0.08650234341621399,0.625,0.625
11,5933,0.0001,0.6484386920928955,0.6302725076675415,0.01816619001328945,0.125,0.5
11,5934,0.0001,0.5820284485816956,0.5627248287200928,0.019303640350699425,0.375,0.625
11,5935,0.0001,0.5662711262702942,0.5575923919677734,0.008678734302520752,0.25,0.5
11,5936,0.0001,0.40581971406936646,0.3956685960292816,0.01015111617743969,0.625,0.75
11,5937,0.0001,0.6065924167633057,0.5910159945487976,0.015576433390378952,0.375,0.5
11,5938,0.0001,0.7240576148033142,0.6928640007972717,0.031193632632493973,0.375,0.5
11,5939,0.0001,0.5875241756439209,0.5683407187461853,0.019183479249477386,0.375,0.625
11,5940,0.0001,0.8255341053009033,0.7395651340484619,0.0859690010547638,0.375,0.5
11,5941,0.0001,0.8018900752067566,0.7710684537887573,0.030821628868579865,0.375,0.375
11,5942,0.0001,0.6277033686637878,0.5485266447067261,0.07917673140764236,0.5,0.625
11,5943,0.0001,0.9419863224029541,0.9228007793426514,0.019185559824109077,0.25,0.375
11,5944,0.0001,0.25590741634368896,0.23808571696281433,0.01782168820500374,0.75,0.75
11,5945,0.0001,0.5463156700134277,0.5235958099365234,0.022719882428646088,0.5,0.625
11,5946,0.0001,0.2308720499277115,0.21625596284866333,0.01461609173566103,0.625,0.875
11,5947,0.0001,0.9128188490867615,0.879148006439209,0.0336708202958107,0.375,0.375
11,5948,0.0001,0.7551349997520447,0.7305444478988647,0.024590540677309036,0.25,0.375
11,5949,0.0001,0.6119875311851501,0.5881064534187317,0.02388107217848301,0.375,0.625
11,5950,0.0001,0.652584969997406,0.582153856754303,0.07043109089136124,0.5,0.625
11,5951,0.0001,0.422074556350708,0.38598567247390747,0.03608889877796173,0.375,0.625
11,5952,0.0001,0.7916613221168518,0.7610525488853455,0.03060876578092575,0.25,0.5
11,5953,0.0001,0.7415142059326172,0.7285594940185547,0.012954739853739738,0.5,0.5
11,5954,0.0001,0.9265475869178772,0.9029595255851746,0.023588035255670547,0.25,0.375
11,5955,0.0001,0.4448786675930023,0.42282068729400635,0.02205798402428627,0.25,0.625
11,5956,0.0001,0.5502164363861084,0.5411944389343262,0.009021991863846779,0.5,0.625
11,5957,0.0001,0.3012286424636841,0.277004212141037,0.02422444149851799,0.375,0.75
11,5958,0.0001,0.5582157373428345,0.5490241050720215,0.009191647171974182,0.625,0.625
11,5959,0.0001,0.7720670700073242,0.745448112487793,0.02661895751953125,0.375,0.375
11,5960,0.0001,0.3599681258201599,0.3467870354652405,0.013181084766983986,0.75,0.75
11,5961,0.0001,0.3990519642829895,0.3535398244857788,0.0455121286213398,0.625,0.75
11,5962,0.0001,0.5824275612831116,0.562407374382019,0.020020170137286186,0.625,0.625
11,5963,0.0001,0.5979706048965454,0.5511349439620972,0.04683569073677063,0.5,0.625
11,5964,0.0001,0.4734325706958771,0.45615696907043457,0.017275601625442505,0.375,0.625
11,5965,0.0001,0.7742674350738525,0.761974573135376,0.012292863801121712,0.25,0.375
11,5966,0.0001,0.7066138982772827,0.6762885451316833,0.03032536990940571,0.125,0.5
11,5967,0.0001,0.2763928174972534,0.24610139429569244,0.030291438102722168,0.75,0.75
11,5968,0.0001,0.7860338687896729,0.7547597885131836,0.03127409517765045,0.25,0.5
11,5969,0.0001,0.3829157054424286,0.3740067481994629,0.008908947929739952,0.625,0.75
11,5970,0.0001,0.6259000301361084,0.6206580400466919,0.005242012441158295,0.5,0.5
11,5971,0.0001,0.40684446692466736,0.3960369825363159,0.01080747228115797,0.625,0.75
11,5972,0.0001,0.9332278966903687,0.9240895509719849,0.009138357825577259,0.25,0.25
11,5973,0.0001,0.7471238970756531,0.7307701110839844,0.016353795304894447,0.5,0.5
11,5974,0.0001,0.7457869052886963,0.7311871647834778,0.01459975354373455,0.25,0.5
11,5975,0.0001,0.3930877447128296,0.3829852342605591,0.010102503933012486,0.75,0.75
11,5976,0.0001,0.6328650116920471,0.6213808059692383,0.0114841777831316,0.375,0.5
11,5977,0.0001,0.5855075120925903,0.5766919255256653,0.008815600536763668,0.5,0.5
11,5978,0.0001,0.5874484777450562,0.5777499675750732,0.009698503650724888,0.5,0.625
11,5979,0.0001,0.34753262996673584,0.34516996145248413,0.002362682484090328,0.5,0.625
11,5980,0.0001,0.9286298751831055,0.9107736945152283,0.01785620115697384,0.25,0.25
11,5981,0.0001,0.7100698947906494,0.6991754174232483,0.010894453153014183,0.5,0.5
11,5982,0.0001,0.9313810467720032,0.9057336449623108,0.025647418573498726,0.25,0.375
11,5983,0.0001,0.561970055103302,0.5164357423782349,0.04553432762622833,0.375,0.5
11,5984,0.0001,0.7488781809806824,0.7396981716156006,0.009179984219372272,0.25,0.5
11,5985,0.0001,0.599774181842804,0.5761415958404541,0.023632563650608063,0.375,0.625
11,5986,0.0001,0.4307701885700226,0.41067007184028625,0.02010011300444603,0.5,0.75
11,5987,0.0001,0.7792156934738159,0.767927885055542,0.011287832632660866,0.25,0.375
11,5988,0.0001,0.6043976545333862,0.5783183574676514,0.026079313829541206,0.5,0.625
11,5989,0.0001,0.5136255025863647,0.4945050776004791,0.019120436161756516,0.375,0.625
11,5990,0.0001,0.6712931394577026,0.6375527381896973,0.033740416169166565,0.5,0.5
11,5991,0.0001,0.3972039222717285,0.38161319494247437,0.01559072732925415,0.625,0.75
11,5992,0.0001,0.22526215016841888,0.21272553503513336,0.012536618858575821,0.625,0.875
11,5993,0.0001,0.4359317719936371,0.4183664917945862,0.01756526716053486,0.375,0.5
11,5994,0.0001,0.4031611382961273,0.3979535698890686,0.005207575857639313,0.5,0.75
11,5995,0.0001,0.05434440076351166,0.03930062800645828,0.01504377368837595,0.875,1.0
11,5996,0.0001,0.5994705557823181,0.5711276531219482,0.02834290638566017,0.25,0.625
11,5997,0.0001,0.36484062671661377,0.35560083389282227,0.009239795617759228,0.375,0.75
11,5998,0.0001,0.5984119176864624,0.58904629945755,0.009365599602460861,0.25,0.625
11,5999,0.0001,0.7749696373939514,0.741689920425415,0.03327970579266548,0.375,0.5
11,6000,0.0001,0.5541538596153259,0.5425330996513367,0.011620763689279556,0.625,0.625
11,6001,0.0001,0.33152762055397034,0.3202686607837677,0.011258967220783234,0.625,0.75
11,6002,0.0001,0.6743471622467041,0.6430298089981079,0.03131735324859619,0.25,0.5
11,6003,0.0001,0.6468820571899414,0.6330186128616333,0.01386346761137247,0.25,0.375
11,6004,0.0001,0.4641185700893402,0.41978567838668823,0.04433288425207138,0.375,0.75
11,6005,0.0001,0.39691126346588135,0.3756493330001831,0.021261921152472496,0.5,0.75
11,6006,0.0001,0.7821343541145325,0.7730085849761963,0.009125743992626667,0.375,0.375
11,6007,0.0001,0.6561721563339233,0.6297452449798584,0.026426926255226135,0.25,0.5
11,6008,0.0001,0.7485328912734985,0.7237581610679626,0.02477474883198738,0.375,0.5
11,6009,0.0001,0.4972923994064331,0.4807412624359131,0.016551140695810318,0.375,0.5
11,6010,0.0001,0.23528698086738586,0.21170960366725922,0.023577380925416946,0.625,0.875
11,6011,0.0001,0.5815101861953735,0.5620063543319702,0.019503843039274216,0.5,0.625
11,6012,0.0001,0.41276514530181885,0.37606820464134216,0.03669694438576698,0.75,0.75
11,6013,0.0001,0.2232932448387146,0.21758286654949188,0.005710373632609844,0.625,0.875
11,6014,0.0001,0.9162026047706604,0.8464514017105103,0.06975120306015015,0.125,0.375
11,6015,0.0001,0.46737998723983765,0.4600784182548523,0.00730157271027565,0.375,0.5
11,6016,0.0001,0.9053062200546265,0.8870562314987183,0.018250010907649994,0.25,0.375
11,6017,0.0001,0.7426613569259644,0.6762539148330688,0.06640741229057312,0.5,0.5
11,6018,0.0001,0.4220278859138489,0.4062578082084656,0.01577008329331875,0.375,0.75
11,6019,0.0001,0.8244149088859558,0.767723560333252,0.05669137090444565,0.25,0.5
11,6020,0.0001,0.7181656360626221,0.6944469213485718,0.023718729615211487,0.5,0.5
11,6021,0.0001,0.24196696281433105,0.219510018825531,0.02245694398880005,0.75,0.875
11,6022,0.0001,0.6436249017715454,0.6280241012573242,0.015600797720253468,0.5,0.5
11,6023,0.0001,0.7787216305732727,0.7745597958564758,0.004161821212619543,0.25,0.5
11,6024,0.0001,0.3638416528701782,0.33631622791290283,0.027525415644049644,0.5,0.75
11,6025,0.0001,0.3612019717693329,0.3406012952327728,0.020600665360689163,0.5,0.75
11,6026,0.0001,0.4169008731842041,0.378659725189209,0.03824114799499512,0.625,0.625
11,6027,0.0001,0.5382465124130249,0.5224153995513916,0.01583109050989151,0.5,0.625
11,6028,0.0001,0.2226869910955429,0.208635151386261,0.014051838777959347,0.875,0.875
11,6029,0.0001,0.31630566716194153,0.30069243907928467,0.015613214112818241,0.375,0.75
11,6030,0.0001,0.21878133714199066,0.20060418546199799,0.018177157267928123,0.75,0.875
11,6031,0.0001,0.27347835898399353,0.25197073817253113,0.021507631987333298,0.375,0.875
11,6032,0.0001,0.4816361963748932,0.46035823225975037,0.02127797156572342,0.625,0.625
11,6033,0.0001,0.6589325666427612,0.6293840408325195,0.029548536986112595,0.5,0.5
11,6034,0.0001,0.43001192808151245,0.4191432297229767,0.010868694633245468,0.25,0.625
11,6035,0.0001,0.7365871667861938,0.7137569189071655,0.02283022366464138,0.5,0.5
11,6036,0.0001,0.610880434513092,0.5930370092391968,0.01784343272447586,0.375,0.5
11,6037,0.0001,0.31387650966644287,0.3041527271270752,0.009723774157464504,0.5,0.625
11,6038,0.0001,0.9171668887138367,0.9046453237533569,0.012521553784608841,0.375,0.375
11,6039,0.0001,0.29834815859794617,0.29182130098342896,0.006526868790388107,0.375,0.75
11,6040,0.0001,0.6138714551925659,0.5887985825538635,0.02507290244102478,0.375,0.375
11,6041,0.0001,1.097640872001648,1.0885854959487915,0.009055331349372864,0.25,0.25
11,6042,0.0001,0.7287627458572388,0.7139415144920349,0.014821255579590797,0.375,0.5
11,6043,0.0001,0.411004900932312,0.39856112003326416,0.012443775311112404,0.5,0.75
11,6044,0.0001,0.41692954301834106,0.38839155435562134,0.02853797748684883,0.625,0.75
11,6045,0.0001,0.7153328061103821,0.6925451755523682,0.022787611931562424,0.375,0.5
11,6046,0.0001,0.7679507732391357,0.760742723941803,0.007208044175058603,0.375,0.5
11,6047,0.0001,0.5008214116096497,0.49085426330566406,0.009967171587049961,0.375,0.625
11,6048,0.0001,0.390281617641449,0.3762160539627075,0.014065556228160858,0.5,0.625
11,6049,0.0001,0.5630285739898682,0.5389975309371948,0.02403102070093155,0.25,0.375
11,6050,0.0001,0.40223076939582825,0.39900144934654236,0.003229317953810096,0.625,0.75
11,6051,0.0001,1.0245113372802734,1.0046876668930054,0.01982366293668747,0.25,0.25
11,6052,0.0001,0.5826603174209595,0.5696411728858948,0.013019118458032608,0.25,0.375
11,6053,0.0001,0.6896339654922485,0.668934166431427,0.020699791610240936,0.25,0.375
11,6054,0.0001,0.30937659740448,0.2967596650123596,0.012616927735507488,0.5,0.75
11,6055,0.0001,0.5063748955726624,0.5009005069732666,0.0054744151420891285,0.375,0.625
11,6056,0.0001,0.6478351950645447,0.6205505132675171,0.027284659445285797,0.125,0.25
11,6057,0.0001,0.6073544025421143,0.580690324306488,0.02666410245001316,0.375,0.5
11,6058,0.0001,0.6844187378883362,0.6689114570617676,0.01550725195556879,0.25,0.375
11,6059,0.0001,0.43059223890304565,0.4124012291431427,0.018191015347838402,0.375,0.75
11,6060,0.0001,0.4551786184310913,0.4321573078632355,0.02302131988108158,0.625,0.625
11,6061,0.0001,0.45981013774871826,0.43813949823379517,0.021670624613761902,0.5,0.625
11,6062,0.0001,0.7655263543128967,0.7534528374671936,0.012073542922735214,0.25,0.375
11,6063,0.0001,0.7424691319465637,0.7321730852127075,0.010296027176082134,0.25,0.375
11,6064,0.0001,0.5987643599510193,0.5838779807090759,0.014886384829878807,0.5,0.5
11,6065,0.0001,0.9287934899330139,0.9052740335464478,0.023519456386566162,0.125,0.25
11,6066,0.0001,0.7033150792121887,0.6974235773086548,0.005891481414437294,0.375,0.5
11,6067,0.0001,0.598885715007782,0.593622624874115,0.005263080354779959,0.375,0.625
11,6068,0.0001,0.5068126916885376,0.4923764765262604,0.014436195604503155,0.0,0.625
11,6069,0.0001,0.7305461168289185,0.7236253023147583,0.006920831277966499,0.25,0.5
11,6070,0.0001,0.4428327679634094,0.4162614345550537,0.02657133713364601,0.375,0.75
11,6071,0.0001,0.556821346282959,0.5510145425796509,0.005806822795420885,0.5,0.5
11,6072,0.0001,0.3839382827281952,0.331557035446167,0.0523812472820282,0.375,0.75
11,6073,0.0001,1.0386838912963867,0.9860324859619141,0.05265140160918236,0.25,0.25
11,6074,0.0001,0.8496192693710327,0.8196678161621094,0.02995142713189125,0.375,0.375
11,6075,0.0001,0.9399465918540955,0.917431652545929,0.0225149504840374,0.375,0.375
11,6076,0.0001,0.39898762106895447,0.3846096992492676,0.01437792181968689,0.75,0.75
11,6077,0.0001,0.5740591883659363,0.5595331192016602,0.014526060782372952,0.375,0.5
11,6078,0.0001,0.675553023815155,0.6459857225418091,0.029567299410700798,0.375,0.375
11,6079,0.0001,0.5739273428916931,0.5518991351127625,0.02202819660305977,0.625,0.625
11,6080,0.0001,0.8644241094589233,0.8287066221237183,0.035717494785785675,0.375,0.375
11,6081,0.0001,0.923494815826416,0.8898967504501343,0.03359805792570114,0.25,0.375
11,6082,0.0001,0.4713260531425476,0.4486517012119293,0.02267434075474739,0.375,0.625
11,6083,0.0001,0.7552732825279236,0.7385116815567017,0.016761600971221924,0.375,0.375
11,6084,0.0001,0.6926010847091675,0.6719530820846558,0.020648006349802017,0.375,0.5
11,6085,0.0001,0.25683438777923584,0.24064645171165466,0.016187921166419983,0.625,0.875
11,6086,0.0001,0.9801394939422607,0.9446508884429932,0.035488590598106384,0.25,0.25
11,6087,0.0001,0.8814738988876343,0.8695348501205444,0.011939051561057568,0.25,0.375
11,6088,0.0001,0.8043885827064514,0.7741521596908569,0.030236419290304184,0.25,0.375
11,6089,0.0001,0.6253401637077332,0.5917208194732666,0.033619336783885956,0.375,0.5
11,6090,0.0001,0.5842061638832092,0.568755030632019,0.015451105311512947,0.375,0.625
11,6091,0.0001,1.0913691520690918,1.0757040977478027,0.01566508039832115,0.125,0.25
11,6092,0.0001,0.27207672595977783,0.2479000985622406,0.02417663484811783,0.625,0.75
11,6093,0.0001,0.5371381640434265,0.5291802883148193,0.007957871071994305,0.375,0.5
11,6094,0.0001,0.5820857286453247,0.5679512023925781,0.014134513214230537,0.375,0.5
11,6095,0.0001,0.5883033275604248,0.5645573139190674,0.023746009916067123,0.5,0.625
11,6096,0.0001,0.36176159977912903,0.347068727016449,0.014692858792841434,0.625,0.75
11,6097,0.0001,0.2419746369123459,0.23075099289417267,0.011223643086850643,0.75,0.875
11,6098,0.0001,0.8074548244476318,0.79405277967453,0.013402020558714867,0.375,0.375
11,6099,0.0001,0.5542824864387512,0.5421544313430786,0.012128063477575779,0.625,0.625
11,6100,0.0001,0.2609204649925232,0.24865278601646423,0.012267672456800938,0.625,0.75
11,6101,0.0001,0.7023440003395081,0.6989327073097229,0.003411318641155958,0.5,0.5
11,6102,0.0001,0.051647283136844635,0.04153972864151001,0.010107554495334625,0.75,1.0
11,6103,0.0001,0.5684109926223755,0.5387891530990601,0.029621830210089684,0.5,0.5
11,6104,0.0001,0.49295318126678467,0.47440338134765625,0.01854979246854782,0.5,0.5
11,6105,0.0001,0.7475054264068604,0.7383818626403809,0.009123580530285835,0.375,0.5
11,6106,0.0001,0.5456589460372925,0.5319753289222717,0.013683628290891647,0.625,0.625
11,6107,0.0001,0.30549201369285583,0.28635305166244507,0.019138958305120468,0.5,0.625
11,6108,0.0001,0.40217143297195435,0.36618268489837646,0.03598874807357788,0.5,0.75
11,6109,0.0001,0.5690305829048157,0.564852237701416,0.0041783275082707405,0.5,0.625
11,6110,0.0001,0.46574169397354126,0.4455603361129761,0.020181365311145782,0.5,0.625
11,6111,0.0001,0.46637678146362305,0.44560790061950684,0.020768888294696808,0.5,0.625
11,6112,0.0001,1.2920384407043457,1.2603569030761719,0.03168153390288353,0.0,0.125
11,6113,0.0001,0.4737713932991028,0.47009268403053284,0.0036787032149732113,0.25,0.625
11,6114,0.0001,0.5231279134750366,0.5055162310600281,0.017611652612686157,0.375,0.625
11,6115,0.0001,0.704432487487793,0.6771328449249268,0.02729962021112442,0.25,0.375
11,6116,0.0001,0.15624868869781494,0.12873484194278717,0.027513844892382622,0.375,0.875
11,6117,0.0001,0.7246019244194031,0.6925961971282959,0.03200571611523628,0.375,0.5
11,6118,0.0001,0.5844588279724121,0.5613768696784973,0.023081950843334198,0.5,0.625
11,6119,0.0001,0.3549039661884308,0.3361774682998657,0.01872650906443596,0.375,0.75
11,6120,0.0001,0.7473629713058472,0.7308812141418457,0.016481738537549973,0.375,0.5
11,6121,0.0001,0.5233689546585083,0.5081506371498108,0.015218313783407211,0.375,0.625
11,6122,0.0001,0.5368650555610657,0.5104892253875732,0.026375843212008476,0.375,0.375
11,6123,0.0001,0.8605581521987915,0.8255957365036011,0.034962426871061325,0.25,0.375
11,6124,0.0001,1.085868000984192,1.0682415962219238,0.017626460641622543,0.25,0.25
11,6125,0.0001,0.7540145516395569,0.7150636315345764,0.038950901478528976,0.375,0.375
11,6126,0.0001,1.5120929479599,1.463549017906189,0.04854394122958183,0.0,0.0
12,6127,0.0001,0.541208803653717,0.5224888324737549,0.01871994510293007,0.625,0.625
12,6128,0.0001,0.6290673613548279,0.596889853477478,0.03217748925089836,0.25,0.625
12,6129,0.0001,0.4474088251590729,0.4257895350456238,0.021619301289319992,0.625,0.625
12,6130,0.0001,0.42595845460891724,0.4169671833515167,0.00899127684533596,0.375,0.5
12,6131,0.0001,0.20705607533454895,0.19658252596855164,0.010473551228642464,0.75,0.875
12,6132,0.0001,0.45383113622665405,0.441133588552475,0.012697561644017696,0.5,0.625
12,6133,0.0001,0.822415828704834,0.7821600437164307,0.04025576263666153,0.25,0.375
12,6134,0.0001,0.5789635181427002,0.5556749105453491,0.02328861877322197,0.5,0.625
12,6135,0.0001,0.5687946677207947,0.547720193862915,0.021074485033750534,0.625,0.625
12,6136,0.0001,0.16726472973823547,0.11816743016242981,0.04909729212522507,0.75,0.875
12,6137,0.0001,0.47327834367752075,0.4412468671798706,0.03203146532177925,0.375,0.75
12,6138,0.0001,0.8649925589561462,0.8521795272827148,0.012813035398721695,0.25,0.375
12,6139,0.0001,0.939993143081665,0.9180665016174316,0.021926645189523697,0.25,0.375
12,6140,0.0001,0.4179574251174927,0.4042878746986389,0.013669542036950588,0.5,0.75
12,6141,0.0001,0.7605932354927063,0.7425888776779175,0.018004359677433968,0.25,0.5
12,6142,0.0001,0.5571923851966858,0.544337272644043,0.012855097651481628,0.5,0.625
12,6143,0.0001,0.3186742663383484,0.2968330979347229,0.021841179579496384,0.625,0.75
12,6144,0.0001,0.27133122086524963,0.21385668218135834,0.057474538683891296,0.75,0.875
12,6145,0.0001,0.6170313358306885,0.559937059879303,0.0570942759513855,0.125,0.5
12,6146,0.0001,0.722053050994873,0.7020212411880493,0.02003183774650097,0.375,0.375
12,6147,0.0001,0.16550809144973755,0.13250406086444855,0.033004023134708405,0.875,0.875
12,6148,0.0001,0.5070686936378479,0.47504180669784546,0.03202688694000244,0.625,0.625
12,6149,0.0001,0.4551470875740051,0.4268747568130493,0.028272345662117004,0.375,0.625
12,6150,0.0001,0.41165536642074585,0.39729344844818115,0.0143619105219841,0.625,0.75
12,6151,0.0001,0.7018508315086365,0.6913971900939941,0.010453656315803528,0.375,0.5
12,6152,0.0001,0.30296799540519714,0.28144142031669617,0.021526578813791275,0.5,0.75
12,6153,0.0001,0.41842371225357056,0.39140546321868896,0.027018263936042786,0.625,0.75
12,6154,0.0001,0.48902586102485657,0.4561013877391815,0.032924480736255646,0.375,0.625
12,6155,0.0001,0.7782135009765625,0.7617684602737427,0.016445066779851913,0.375,0.375
12,6156,0.0001,0.7493853569030762,0.7310293912887573,0.018355976790189743,0.5,0.5
12,6157,0.0001,0.5905807018280029,0.5786457061767578,0.011934986338019371,0.25,0.5
12,6158,0.0001,0.6445039510726929,0.6236969232559204,0.020807040855288506,0.25,0.5
12,6159,0.0001,0.41737642884254456,0.40933457016944885,0.008041848428547382,0.5,0.75
12,6160,0.0001,0.573648989200592,0.5487945675849915,0.024854421615600586,0.5,0.625
12,6161,0.0001,0.23937124013900757,0.2211950719356537,0.018176168203353882,0.625,0.875
12,6162,0.0001,0.8011453151702881,0.7824597358703613,0.018685564398765564,0.125,0.5
12,6163,0.0001,0.7720489501953125,0.7586361169815063,0.013412807136774063,0.125,0.5
12,6164,0.0001,0.5576536655426025,0.5258045196533203,0.03184911608695984,0.5,0.625
12,6165,0.0001,0.8921501040458679,0.8838034868240356,0.008346622809767723,0.375,0.375
12,6166,0.0001,0.6817750930786133,0.6634764075279236,0.018298715353012085,0.375,0.5
12,6167,0.0001,0.45459485054016113,0.44189879298210144,0.012696053832769394,0.625,0.625
12,6168,0.0001,0.37088465690612793,0.3608804941177368,0.01000417210161686,0.625,0.75
12,6169,0.0001,0.5689831972122192,0.5515711307525635,0.01741204597055912,0.25,0.625
12,6170,0.0001,0.4950668513774872,0.4752209782600403,0.019845876842737198,0.375,0.5
12,6171,0.0001,0.48144951462745667,0.45853155851364136,0.02291795052587986,0.5,0.625
12,6172,0.0001,0.752181887626648,0.731127917766571,0.021053947508335114,0.375,0.375
12,6173,0.0001,0.7612157464027405,0.7355693578720093,0.02564636990427971,0.25,0.5
12,6174,0.0001,0.3998202979564667,0.37501680850982666,0.024803491309285164,0.75,0.75
12,6175,0.0001,0.4626554250717163,0.441814661026001,0.020840756595134735,0.5,0.625
12,6176,0.0001,0.6894952058792114,0.6336290240287781,0.055866170674562454,0.5,0.5
12,6177,0.0001,0.6171097755432129,0.5711214542388916,0.045988306403160095,0.5,0.625
12,6178,0.0001,0.7368658185005188,0.6995899677276611,0.03727586567401886,0.25,0.5
12,6179,0.0001,0.35711896419525146,0.3208848237991333,0.03623413294553757,0.5,0.75
12,6180,0.0001,0.452639102935791,0.43744051456451416,0.015198583714663982,0.5,0.625
12,6181,0.0001,0.4622948467731476,0.4501023292541504,0.01219252496957779,0.625,0.625
12,6182,0.0001,0.5496879816055298,0.5363718867301941,0.013316065073013306,0.5,0.5
12,6183,0.0001,0.28734561800956726,0.2301935851573944,0.05715203285217285,0.375,0.875
12,6184,0.0001,0.5752509236335754,0.5451544523239136,0.030096475034952164,0.5,0.625
12,6185,0.0001,0.5454619526863098,0.49931469559669495,0.04614725708961487,0.5,0.625
12,6186,0.0001,0.5419048070907593,0.5186892151832581,0.023215612396597862,0.25,0.625
12,6187,0.0001,0.5779315829277039,0.5646630525588989,0.013268513604998589,0.25,0.625
12,6188,0.0001,0.32412660121917725,0.31667470932006836,0.007451891899108887,0.375,0.75
12,6189,0.0001,0.3277895152568817,0.3250091075897217,0.0027804216369986534,0.25,0.75
12,6190,0.0001,0.434957891702652,0.42978352308273315,0.005174360703676939,0.375,0.75
12,6191,0.0001,0.7666744589805603,0.7420949935913086,0.0245794840157032,0.0,0.375
12,6192,0.0001,0.7207944989204407,0.6808205842971802,0.039973899722099304,0.125,0.5
12,6193,0.0001,0.44985562562942505,0.44267451763153076,0.007181094028055668,0.375,0.75
12,6194,0.0001,0.5880839824676514,0.5556431412696838,0.03244084119796753,0.5,0.625
12,6195,0.0001,0.3990876376628876,0.3163628578186035,0.08272477239370346,0.25,0.625
12,6196,0.0001,0.2734163999557495,0.26461201906204224,0.00880436971783638,0.375,0.875
12,6197,0.0001,0.8064046502113342,0.7848795652389526,0.021525058895349503,0.25,0.375
12,6198,0.0001,0.7527126669883728,0.7390461564064026,0.0136664854362607,0.5,0.5
12,6199,0.0001,0.5841274857521057,0.5644503235816956,0.019677184522151947,0.375,0.625
12,6200,0.0001,0.6528359651565552,0.6457318067550659,0.007104174233973026,0.5,0.5
12,6201,0.0001,0.8889455199241638,0.8520523309707642,0.03689316660165787,0.125,0.375
12,6202,0.0001,0.9384628534317017,0.9252176284790039,0.013245231471955776,0.125,0.375
12,6203,0.0001,0.42532971501350403,0.3913501501083374,0.03397957235574722,0.625,0.75
12,6204,0.0001,0.45433905720710754,0.4435494840145111,0.010789572261273861,0.25,0.75
12,6205,0.0001,0.24694401025772095,0.23519518971443176,0.011748824268579483,0.625,0.875
12,6206,0.0001,0.4291389584541321,0.38066017627716064,0.04847877100110054,0.5,0.75
12,6207,0.0001,0.790715217590332,0.7589635252952576,0.03175169602036476,0.25,0.5
12,6208,0.0001,0.49265339970588684,0.46574509143829346,0.026908302679657936,0.375,0.625
12,6209,0.0001,0.772916853427887,0.7537648677825928,0.019151998683810234,0.25,0.375
12,6210,0.0001,0.4290907382965088,0.4158641993999481,0.013226553797721863,0.25,0.75
12,6211,0.0001,0.4212647080421448,0.40628159046173096,0.014983130618929863,0.625,0.75
12,6212,0.0001,0.765773594379425,0.7489619851112366,0.016811586916446686,0.375,0.5
12,6213,0.0001,0.49113282561302185,0.46951159834861755,0.021621223539114,0.375,0.625
