epoch,batch,learning_rate,loss_total,loss_rot,loss_scale,mAP15,mAP30
1,0,0.0001,3.9461441040039062,1.6628895998001099,2.283254384994507,0.0,0.0
1,1,0.0001,3.348461151123047,1.1971265077590942,2.151334524154663,0.125,0.25
1,2,0.0001,3.484097957611084,1.215692400932312,2.2684054374694824,0.0,0.0
1,3,0.0001,3.1855411529541016,1.2550878524780273,1.9304533004760742,0.125,0.25
1,4,0.0001,3.225579261779785,0.970305323600769,2.2552740573883057,0.125,0.25
1,5,0.0001,3.518260955810547,1.1988434791564941,2.3194174766540527,0.0,0.125
1,6,0.0001,3.1727161407470703,0.9893805384635925,2.183335542678833,0.125,0.125
1,7,0.0001,3.7342991828918457,1.5010149478912354,2.2332842350006104,0.0,0.0
1,8,0.0001,2.993410110473633,1.0449445247650146,1.9484654664993286,0.0,0.125
1,9,0.0001,2.4200124740600586,0.9833933115005493,1.4366192817687988,0.0,0.125
1,10,0.0001,2.286342144012451,0.6009488105773926,1.6853933334350586,0.375,0.375
1,11,0.0001,1.9749550819396973,0.8189202547073364,1.1560348272323608,0.0,0.125
1,12,0.0001,1.8182755708694458,0.8023859262466431,1.0158896446228027,0.25,0.375
1,13,0.0001,1.9035815000534058,1.0029635429382324,0.9006179571151733,0.125,0.125
1,14,0.0001,1.754449486732483,1.2481536865234375,0.5062958002090454,0.25,0.25
1,15,0.0001,2.071842670440674,1.3774242401123047,0.6944184899330139,0.0,0.125
1,16,0.0001,1.5037896633148193,1.1261038780212402,0.3776857852935791,0.0,0.125
1,17,0.0001,1.4579675197601318,1.2192785739898682,0.23868897557258606,0.0,0.125
1,18,0.0001,1.5638079643249512,1.3362733125686646,0.22753463685512543,0.125,0.125
1,19,0.0001,1.529675841331482,1.4459028244018555,0.08377300202846527,0.0,0.0
1,20,0.0001,1.615931749343872,1.47539484500885,0.1405368447303772,0.0,0.0
1,21,0.0001,0.8263992071151733,0.703741192817688,0.12265804409980774,0.25,0.25
1,22,0.0001,0.8597492575645447,0.7522547245025635,0.1074945479631424,0.25,0.5
1,23,0.0001,1.195533275604248,1.1445040702819824,0.051029182970523834,0.0,0.25
1,24,0.0001,1.31775963306427,1.204164981842041,0.1135946586728096,0.125,0.25
1,25,0.0001,0.424110472202301,0.3570661246776581,0.06704433262348175,0.375,0.5
1,26,0.0001,0.886552095413208,0.845847487449646,0.0407046303153038,0.0,0.0
1,27,0.0001,1.152551531791687,1.1207550764083862,0.03179647773504257,0.0,0.0
1,28,0.0001,1.0169421434402466,0.9790128469467163,0.03792925179004669,0.125,0.125
1,29,0.0001,1.2737277746200562,1.205032229423523,0.06869550794363022,0.0,0.125
1,30,0.0001,0.8776998519897461,0.7397977113723755,0.1379021257162094,0.0,0.375
1,31,0.0001,0.4042545557022095,0.37227028608322144,0.03198428079485893,0.5,0.5
1,32,0.0001,1.4350006580352783,1.3527843952178955,0.082216277718544,0.0,0.0
1,33,0.0001,0.6488112211227417,0.6300457715988159,0.018765445798635483,0.25,0.375
1,34,0.0001,1.4007959365844727,1.3678995370864868,0.03289637714624405,0.0,0.0
1,35,0.0001,0.734878659248352,0.6778491735458374,0.05702945962548256,0.125,0.125
1,36,0.0001,1.1388146877288818,1.0935659408569336,0.04524873569607735,0.0,0.0
1,37,0.0001,1.0757472515106201,1.0026774406433105,0.07306984066963196,0.0,0.125
1,38,0.0001,0.9578530788421631,0.823027491569519,0.13482558727264404,0.125,0.25
1,39,0.0001,0.8032118678092957,0.7664159536361694,0.036795906722545624,0.0,0.25
1,40,0.0001,0.7571725249290466,0.6858035326004028,0.0713689923286438,0.25,0.375
1,41,0.0001,0.8518006205558777,0.74107825756073,0.1107223778963089,0.25,0.25
1,42,0.0001,1.301690936088562,1.2246520519256592,0.07703886926174164,0.0,0.0
1,43,0.0001,0.7302926778793335,0.7005776762962341,0.029714975506067276,0.125,0.375
1,44,0.0001,1.1446950435638428,1.1047312021255493,0.03996388614177704,0.125,0.125
1,45,0.0001,1.0348870754241943,0.9994828104972839,0.035404305905103683,0.0,0.125
1,46,0.0001,0.8108595013618469,0.7655611038208008,0.045298390090465546,0.125,0.25
1,47,0.0001,0.8497387766838074,0.8059002161026001,0.043838538229465485,0.0,0.0
1,48,0.0001,1.2977094650268555,1.254520297050476,0.043189145624637604,0.0,0.0
1,49,0.0001,1.0176068544387817,0.9573101997375488,0.06029660254716873,0.125,0.25
1,50,0.0001,0.4774206578731537,0.4238736629486084,0.05354698747396469,0.25,0.5
1,51,0.0001,1.283911943435669,1.24882972240448,0.03508218750357628,0.0,0.25
1,52,0.0001,1.7445223331451416,1.6693955659866333,0.07512678951025009,0.0,0.0
1,53,0.0001,1.6763137578964233,1.5697295665740967,0.10658420622348785,0.0,0.0
1,54,0.0001,1.3133111000061035,1.2784819602966309,0.03482909873127937,0.125,0.125
1,55,0.0001,1.1878920793533325,1.168133020401001,0.01975909247994423,0.0,0.0
1,56,0.0001,1.1621755361557007,1.0500491857528687,0.11212635040283203,0.0,0.125
1,57,0.0001,1.1577327251434326,1.1445746421813965,0.013158072717487812,0.125,0.125
1,58,0.0001,0.9313243627548218,0.8916867971420288,0.039637550711631775,0.125,0.375
1,59,0.0001,0.9803305268287659,0.9377974271774292,0.042533088475465775,0.125,0.25
1,60,0.0001,0.6978049278259277,0.6621723771095276,0.035632554441690445,0.25,0.375
1,61,0.0001,1.7957284450531006,1.7708489894866943,0.02487940713763237,0.0,0.0
1,62,0.0001,0.7280922532081604,0.7011730670928955,0.026919180527329445,0.25,0.25
1,63,0.0001,0.8884051442146301,0.8248413801193237,0.0635637566447258,0.25,0.375
1,64,0.0001,1.5603007078170776,1.543769359588623,0.01653134822845459,0.0,0.0
1,65,0.0001,0.9110153913497925,0.8561035990715027,0.05491179972887039,0.0,0.0
1,66,0.0001,1.0063060522079468,0.9911823272705078,0.015123704448342323,0.125,0.25
1,67,0.0001,1.0853993892669678,1.068787932395935,0.01661146804690361,0.0,0.25
1,68,0.0001,1.2034318447113037,1.1620094776153564,0.041422389447689056,0.0,0.0
1,69,0.0001,1.0844533443450928,1.0445406436920166,0.03991273418068886,0.125,0.125
1,70,0.0001,0.8443171381950378,0.7724815607070923,0.07183556258678436,0.0,0.25
1,71,0.0001,1.0160291194915771,0.9960377216339111,0.01999138481914997,0.125,0.125
1,72,0.0001,0.9683668613433838,0.9051895141601562,0.06317734718322754,0.0,0.0
1,73,0.0001,0.7799258828163147,0.7390287518501282,0.040897153317928314,0.125,0.25
1,74,0.0001,1.0811647176742554,1.0334162712097168,0.047748398035764694,0.0,0.0
1,75,0.0001,0.8142979741096497,0.7623785734176636,0.051919396966695786,0.0,0.125
1,76,0.0001,0.7928551435470581,0.7351924180984497,0.05766269564628601,0.0,0.125
1,77,0.0001,1.2859015464782715,1.2129716873168945,0.07292988896369934,0.125,0.125
1,78,0.0001,1.3353421688079834,1.2976287603378296,0.03771345317363739,0.125,0.125
1,79,0.0001,1.4885237216949463,1.435467004776001,0.05305669084191322,0.0,0.125
1,80,0.0001,1.3047492504119873,1.2530971765518188,0.05165211111307144,0.0,0.0
1,81,0.0001,1.0973260402679443,1.019175410270691,0.0781506597995758,0.375,0.375
1,82,0.0001,1.5835870504379272,1.5508358478546143,0.032751232385635376,0.0,0.0
1,83,0.0001,1.0689797401428223,0.9974982738494873,0.07148149609565735,0.0,0.125
1,84,0.0001,0.7412174940109253,0.6321950554847717,0.10902244597673416,0.25,0.375
1,85,0.0001,1.2488629817962646,1.1986589431762695,0.05020398274064064,0.0,0.0
1,86,0.0001,0.9926280975341797,0.9497419595718384,0.04288610816001892,0.125,0.125
1,87,0.0001,0.6841059327125549,0.6342051029205322,0.0499008446931839,0.125,0.25
1,88,0.0001,1.1336071491241455,1.1197788715362549,0.0138282785192132,0.0,0.0
1,89,0.0001,1.088579773902893,1.0494014024734497,0.039178360253572464,0.125,0.125
1,90,0.0001,0.8879090547561646,0.7851299047470093,0.10277916491031647,0.0,0.125
1,91,0.0001,1.1420207023620605,1.1167488098144531,0.025271950289607048,0.125,0.125
1,92,0.0001,0.9779349565505981,0.9381641149520874,0.03977081924676895,0.0,0.0
1,93,0.0001,1.3439295291900635,1.3087000846862793,0.035229459404945374,0.0,0.125
1,94,0.0001,1.1335060596466064,1.1001298427581787,0.03337622806429863,0.25,0.25
1,95,0.0001,0.9106060862541199,0.8789808750152588,0.03162522614002228,0.375,0.375
1,96,0.0001,1.1705057621002197,1.1430898904800415,0.02741585299372673,0.0,0.125
1,97,0.0001,1.3928872346878052,1.3604958057403564,0.032391440123319626,0.0,0.125
1,98,0.0001,0.8278789520263672,0.7702809572219849,0.05759797245264053,0.0,0.0
1,99,0.0001,0.7378095984458923,0.7048743367195129,0.03293527662754059,0.125,0.25
1,100,0.0001,0.7450834512710571,0.7253352403640747,0.019748197868466377,0.125,0.125
1,101,0.0001,0.7875919938087463,0.7043579816818237,0.0832340270280838,0.125,0.375
1,102,0.0001,1.287057638168335,1.1901048421859741,0.09695280343294144,0.125,0.25
1,103,0.0001,0.9780995845794678,0.9221851825714111,0.05591437965631485,0.0,0.125
1,104,0.0001,0.770973265171051,0.7280329465866089,0.04294034093618393,0.125,0.25
1,105,0.0001,0.891025185585022,0.8406784534454346,0.050346747040748596,0.25,0.5
1,106,0.0001,1.4094476699829102,1.3083605766296387,0.10108715295791626,0.125,0.125
1,107,0.0001,1.120941400527954,1.0752619504928589,0.045679427683353424,0.0,0.125
1,108,0.0001,0.8677215576171875,0.7872209548950195,0.08050058037042618,0.0,0.25
1,109,0.0001,0.7065746188163757,0.6630028486251831,0.04357176274061203,0.0,0.375
1,110,0.0001,1.2874655723571777,1.269729733467102,0.01773582026362419,0.0,0.125
1,111,0.0001,1.2000900506973267,1.1687153577804565,0.03137468546628952,0.125,0.125
1,112,0.0001,0.9185633063316345,0.8832284212112427,0.035334862768650055,0.125,0.125
1,113,0.0001,0.979924738407135,0.9056440591812134,0.07428067177534103,0.0,0.125
1,114,0.0001,0.8794447779655457,0.8594855070114136,0.019959261640906334,0.25,0.25
1,115,0.0001,0.5442630648612976,0.48929885029792786,0.05496421456336975,0.25,0.375
1,116,0.0001,0.8897353410720825,0.8660439252853394,0.023691415786743164,0.125,0.125
1,117,0.0001,0.7131873965263367,0.6847221255302429,0.028465252369642258,0.125,0.125
1,118,0.0001,1.2147821187973022,1.1672887802124023,0.04749332368373871,0.0,0.125
1,119,0.0001,1.2451567649841309,1.2327096462249756,0.012447116896510124,0.0,0.0
1,120,0.0001,1.5235917568206787,1.488438606262207,0.0351531058549881,0.0,0.0
1,121,0.0001,1.1468158960342407,1.0946235656738281,0.05219230055809021,0.125,0.125
1,122,0.0001,1.0332356691360474,0.9827308654785156,0.05050485581159592,0.125,0.125
1,123,0.0001,0.4346049427986145,0.40805816650390625,0.02654678001999855,0.25,0.375
1,124,0.0001,0.6074124574661255,0.5581457614898682,0.049266692250967026,0.25,0.25
1,125,0.0001,0.9791982173919678,0.9353238344192505,0.04387439787387848,0.0,0.0
1,126,0.0001,0.9344537854194641,0.9059900045394897,0.02846379578113556,0.375,0.375
1,127,0.0001,1.3453232049942017,1.2937126159667969,0.05161060392856598,0.0,0.125
1,128,0.0001,1.0053670406341553,0.9822797179222107,0.02308737114071846,0.125,0.125
1,129,0.0001,0.9075241088867188,0.88379967212677,0.023724446073174477,0.125,0.125
1,130,0.0001,1.2224746942520142,1.183874249458313,0.03860048949718475,0.0,0.125
1,131,0.0001,1.2044756412506104,1.192039132118225,0.01243649236857891,0.0,0.0
1,132,0.0001,0.7943341732025146,0.7805345058441162,0.013799680396914482,0.125,0.25
1,133,0.0001,1.2050211429595947,1.1495975255966187,0.05542358011007309,0.125,0.125
1,134,0.0001,1.010237216949463,0.9825380444526672,0.02769923210144043,0.0,0.125
1,135,0.0001,1.4046509265899658,1.3668603897094727,0.03779052942991257,0.0,0.0
1,136,0.0001,1.1427788734436035,1.106987714767456,0.03579113632440567,0.0,0.125
1,137,0.0001,0.9750382900238037,0.9250001907348633,0.05003807321190834,0.125,0.25
1,138,0.0001,1.0445759296417236,0.9542315006256104,0.09034444391727448,0.0,0.0
1,139,0.0001,1.2549105882644653,1.2063629627227783,0.04854761064052582,0.125,0.25
1,140,0.0001,0.974243700504303,0.9145707488059998,0.059672966599464417,0.25,0.25
1,141,0.0001,1.2785217761993408,1.227649211883545,0.05087259039282799,0.0,0.0
1,142,0.0001,0.6020134091377258,0.5904505252838135,0.011562896892428398,0.375,0.375
1,143,0.0001,1.171708345413208,1.1166188716888428,0.05508948490023613,0.125,0.25
1,144,0.0001,1.1529377698898315,1.103501558303833,0.04943624511361122,0.0,0.125
1,145,0.0001,1.4983501434326172,1.455960988998413,0.04238921403884888,0.0,0.0
1,146,0.0001,0.8421576023101807,0.8065718412399292,0.035585757344961166,0.25,0.375
1,147,0.0001,1.2199888229370117,1.1628973484039307,0.057091470807790756,0.0,0.0
1,148,0.0001,1.267892599105835,1.228103518486023,0.03978913277387619,0.0,0.0
1,149,0.0001,1.171197772026062,1.1181241273880005,0.053073614835739136,0.125,0.25
1,150,0.0001,0.5681111812591553,0.49976658821105957,0.0683446004986763,0.125,0.375
1,151,0.0001,1.1250238418579102,1.0944077968597412,0.030616065487265587,0.0,0.125
1,152,0.0001,1.378848671913147,1.3337006568908691,0.045147985219955444,0.0,0.125
1,153,0.0001,0.9380679130554199,0.8919792771339417,0.04608863964676857,0.25,0.375
1,154,0.0001,0.9922286868095398,0.9693917632102966,0.022836949676275253,0.125,0.125
1,155,0.0001,1.0644633769989014,1.0203791856765747,0.04408416152000427,0.0,0.0
1,156,0.0001,1.1397069692611694,1.112870216369629,0.02683676965534687,0.0,0.0
1,157,0.0001,1.152875304222107,1.1313824653625488,0.021492868661880493,0.125,0.125
1,158,0.0001,1.2198272943496704,1.1766767501831055,0.04315052181482315,0.0,0.125
1,159,0.0001,0.6440337896347046,0.6043633222579956,0.0396704375743866,0.125,0.125
1,160,0.0001,0.9002620577812195,0.8706532120704651,0.029608823359012604,0.0,0.0
1,161,0.0001,0.6680582761764526,0.6377803087234497,0.030277986079454422,0.0,0.25
1,162,0.0001,1.4538614749908447,1.424189567565918,0.02967187948524952,0.0,0.0
1,163,0.0001,0.8752092719078064,0.8549907207489014,0.02021855115890503,0.0,0.0
1,164,0.0001,0.8390791416168213,0.7845594882965088,0.05451967939734459,0.0,0.125
1,165,0.0001,0.9319169521331787,0.8786118626594543,0.053305089473724365,0.125,0.25
1,166,0.0001,0.8885177373886108,0.8495267629623413,0.038990993052721024,0.125,0.25
1,167,0.0001,1.465140461921692,1.4316184520721436,0.03352206572890282,0.125,0.125
1,168,0.0001,0.5926039218902588,0.5543504953384399,0.038253434002399445,0.0,0.125
1,169,0.0001,1.1092808246612549,1.0730371475219727,0.036243684589862823,0.125,0.25
1,170,0.0001,0.9240494966506958,0.8771111965179443,0.046938300132751465,0.0,0.375
1,171,0.0001,1.0686671733856201,1.035478115081787,0.03318900987505913,0.0,0.0
1,172,0.0001,1.0491924285888672,1.0055365562438965,0.04365581274032593,0.125,0.125
1,173,0.0001,1.191640019416809,1.1432394981384277,0.04840056598186493,0.0,0.375
1,174,0.0001,0.6459915637969971,0.608831524848938,0.03716001287102699,0.125,0.125
1,175,0.0001,1.3796690702438354,1.3522354364395142,0.027433644980192184,0.0,0.0
1,176,0.0001,0.9355571269989014,0.8956327438354492,0.03992439806461334,0.0,0.0
1,177,0.0001,0.7891547679901123,0.7516977787017822,0.03745698183774948,0.125,0.125
1,178,0.0001,1.1031606197357178,1.0551294088363647,0.048031266778707504,0.125,0.125
1,179,0.0001,1.113486647605896,1.0958364009857178,0.01765022799372673,0.125,0.125
1,180,0.0001,1.4461427927017212,1.3624629974365234,0.08367981016635895,0.0,0.0
1,181,0.0001,0.8967622518539429,0.8425871133804321,0.05417514592409134,0.125,0.125
1,182,0.0001,1.047866702079773,0.9924687147140503,0.05539800226688385,0.125,0.25
1,183,0.0001,1.1290925741195679,1.0700669288635254,0.059025608003139496,0.0,0.125
1,184,0.0001,1.3803672790527344,1.3481459617614746,0.032221321016550064,0.0,0.0
1,185,0.0001,0.9244932532310486,0.8654494285583496,0.059043847024440765,0.25,0.5
1,186,0.0001,1.1148343086242676,1.0821834802627563,0.032650887966156006,0.0,0.25
1,187,0.0001,1.4255244731903076,1.3203601837158203,0.1051642969250679,0.125,0.125
1,188,0.0001,0.7597979307174683,0.7370129227638245,0.02278503030538559,0.0,0.375
1,189,0.0001,1.293768286705017,1.2753620147705078,0.018406247720122337,0.0,0.0
1,190,0.0001,1.124619960784912,1.108168125152588,0.016451789066195488,0.0,0.125
1,191,0.0001,1.4433503150939941,1.4219355583190918,0.02141481079161167,0.0,0.125
1,192,0.0001,0.6513970494270325,0.6138340830802917,0.03756296634674072,0.25,0.375
1,193,0.0001,1.2327337265014648,1.198650598526001,0.03408311679959297,0.125,0.25
1,194,0.0001,0.8789825439453125,0.8522052764892578,0.026777271181344986,0.25,0.25
1,195,0.0001,0.9258036017417908,0.8809522390365601,0.04485134780406952,0.125,0.25
1,196,0.0001,1.5281569957733154,1.452522873878479,0.07563406974077225,0.0,0.0
1,197,0.0001,1.1220518350601196,1.0988686084747314,0.023183180019259453,0.125,0.25
1,198,0.0001,1.117027997970581,1.103147268295288,0.013880681246519089,0.0,0.125
1,199,0.0001,1.5695998668670654,1.5136734247207642,0.05592644214630127,0.0,0.0
1,200,0.0001,1.131241798400879,1.114065170288086,0.017176613211631775,0.125,0.125
1,201,0.0001,0.8773410320281982,0.8422410488128662,0.03509996831417084,0.0,0.125
1,202,0.0001,0.6207410097122192,0.5768225193023682,0.04391847923398018,0.125,0.125
1,203,0.0001,1.0146301984786987,0.9729869365692139,0.04164324700832367,0.25,0.25
1,204,0.0001,1.3071305751800537,1.2509000301361084,0.05623048543930054,0.0,0.0
1,205,0.0001,1.4467490911483765,1.4025286436080933,0.0442204549908638,0.0,0.0
1,206,0.0001,1.0964179039001465,1.0388299226760864,0.05758799985051155,0.0,0.0
1,207,0.0001,1.0874805450439453,1.0548638105392456,0.032616689801216125,0.25,0.25
1,208,0.0001,0.7179796695709229,0.6526088714599609,0.0653708279132843,0.25,0.375
1,209,0.0001,1.0704798698425293,1.0125856399536133,0.057894267141819,0.0,0.25
1,210,0.0001,1.095421314239502,1.0784486532211304,0.016972653567790985,0.125,0.25
1,211,0.0001,0.7323034405708313,0.7004005908966064,0.03190285712480545,0.0,0.25
1,212,0.0001,1.1305373907089233,1.0779733657836914,0.05256400629878044,0.0,0.125
1,213,0.0001,0.9511085152626038,0.8969816565513611,0.054126836359500885,0.25,0.25
1,214,0.0001,1.1629343032836914,1.1310744285583496,0.03185991942882538,0.0,0.0
1,215,0.0001,1.1586952209472656,1.1389634609222412,0.019731789827346802,0.125,0.125
1,216,0.0001,1.2582088708877563,1.2142457962036133,0.04396304860711098,0.25,0.25
1,217,0.0001,1.109246015548706,1.0770336389541626,0.03221232071518898,0.0,0.0
1,218,0.0001,0.8845303058624268,0.8124670386314392,0.07206323742866516,0.125,0.25
1,219,0.0001,1.0175045728683472,0.961485743522644,0.05601882189512253,0.0,0.125
1,220,0.0001,1.3886909484863281,1.3490643501281738,0.03962654620409012,0.0,0.0
1,221,0.0001,0.6913067102432251,0.6736159920692444,0.017690734937787056,0.375,0.375
1,222,0.0001,0.8165310621261597,0.8020424842834473,0.014488590881228447,0.125,0.375
1,223,0.0001,1.8426467180252075,1.7969720363616943,0.0456746369600296,0.0,0.0
1,224,0.0001,0.7150068283081055,0.6700851917266846,0.044921644032001495,0.125,0.125
1,225,0.0001,1.0248606204986572,0.9843709468841553,0.040489695966243744,0.0,0.25
1,226,0.0001,1.0583341121673584,1.0469038486480713,0.011430254206061363,0.125,0.25
1,227,0.0001,1.1068291664123535,1.0745947360992432,0.03223438188433647,0.0,0.0
1,228,0.0001,1.143417239189148,1.0630360841751099,0.0803811252117157,0.0,0.125
1,229,0.0001,0.9396986365318298,0.9249564409255981,0.014742210507392883,0.0,0.0
1,230,0.0001,0.969947874546051,0.9412298798561096,0.028717970475554466,0.0,0.25
1,231,0.0001,1.623560905456543,1.596400260925293,0.027160607278347015,0.125,0.125
1,232,0.0001,1.2810935974121094,1.2616803646087646,0.019413195550441742,0.0,0.0
1,233,0.0001,0.6166476011276245,0.5927233099937439,0.02392430603504181,0.25,0.375
1,234,0.0001,0.978471040725708,0.9297965168952942,0.048674531280994415,0.0,0.125
1,235,0.0001,0.5232247710227966,0.4700918197631836,0.05313295125961304,0.125,0.375
1,236,0.0001,1.2297322750091553,1.1764273643493652,0.053304851055145264,0.0,0.125
1,237,0.0001,0.9736882448196411,0.9366980791091919,0.03699018061161041,0.125,0.125
1,238,0.0001,1.018501877784729,0.9834489822387695,0.035052940249443054,0.0,0.0
1,239,0.0001,1.1547534465789795,1.123531699180603,0.03122176229953766,0.0,0.125
1,240,0.0001,1.4730528593063354,1.3992787599563599,0.07377408444881439,0.0,0.0
1,241,0.0001,1.2985068559646606,1.2607005834579468,0.03780630603432655,0.0,0.125
1,242,0.0001,0.7996460795402527,0.7745283246040344,0.02511775493621826,0.125,0.25
1,243,0.0001,1.2630921602249146,1.1426438093185425,0.12044838070869446,0.0,0.0
1,244,0.0001,1.0532965660095215,1.01276433467865,0.04053222015500069,0.0,0.25
1,245,0.0001,0.9018284678459167,0.837539792060852,0.0642886757850647,0.125,0.375
1,246,0.0001,1.2522650957107544,1.2318875789642334,0.020377546548843384,0.125,0.125
1,247,0.0001,1.1155047416687012,1.0781996250152588,0.03730510547757149,0.125,0.125
1,248,0.0001,0.6971815228462219,0.6651565432548523,0.032024987041950226,0.25,0.375
1,249,0.0001,0.49934446811676025,0.47273826599121094,0.026606203988194466,0.0,0.125
1,250,0.0001,1.3316700458526611,1.3024046421051025,0.029265405610203743,0.0,0.0
1,251,0.0001,1.1747548580169678,1.125766396522522,0.04898848384618759,0.125,0.25
1,252,0.0001,1.1661834716796875,1.1414804458618164,0.024703040719032288,0.0,0.0
1,253,0.0001,1.5133914947509766,1.416995882987976,0.09639555215835571,0.0,0.125
1,254,0.0001,1.4266740083694458,1.3769828081130981,0.04969121888279915,0.0,0.0
1,255,0.0001,1.5080573558807373,1.4736907482147217,0.03436662256717682,0.0,0.0
1,256,0.0001,0.7597948908805847,0.7041172981262207,0.05567757412791252,0.25,0.25
1,257,0.0001,1.2106512784957886,1.119204044342041,0.09144728630781174,0.0,0.125
1,258,0.0001,0.955890417098999,0.81925368309021,0.13663670420646667,0.125,0.25
1,259,0.0001,1.148053765296936,1.1271847486495972,0.02086903154850006,0.125,0.25
1,260,0.0001,0.485154390335083,0.47477519512176514,0.010379184037446976,0.25,0.375
1,261,0.0001,1.193717122077942,1.1575345993041992,0.036182522773742676,0.25,0.25
1,262,0.0001,0.5142505168914795,0.49279364943504333,0.021456873044371605,0.125,0.375
1,263,0.0001,0.8558610081672668,0.8074674606323242,0.048393573611974716,0.25,0.5
1,264,0.0001,1.3710722923278809,1.3481221199035645,0.022950205951929092,0.0,0.125
1,265,0.0001,1.508998155593872,1.4752413034439087,0.033756859600543976,0.0,0.0
1,266,0.0001,0.8522685170173645,0.7845026254653931,0.06776589155197144,0.125,0.375
1,267,0.0001,0.8572484254837036,0.8295508623123169,0.027697548270225525,0.25,0.25
1,268,0.0001,1.5411767959594727,1.50711989402771,0.034056853502988815,0.0,0.0
1,269,0.0001,1.0641472339630127,1.0089436769485474,0.055203571915626526,0.125,0.125
1,270,0.0001,0.8097255229949951,0.7298411130905151,0.07988439500331879,0.0,0.5
1,271,0.0001,0.8579325675964355,0.829262375831604,0.028670204803347588,0.0,0.0
1,272,0.0001,0.8400483131408691,0.8023107051849365,0.03773760050535202,0.0,0.125
1,273,0.0001,0.6925854682922363,0.6348627805709839,0.057722706347703934,0.125,0.5
1,274,0.0001,0.8066504597663879,0.7475537657737732,0.059096675366163254,0.0,0.25
1,275,0.0001,0.8408989906311035,0.7973420023918152,0.04355700686573982,0.125,0.375
1,276,0.0001,1.5669279098510742,1.5433883666992188,0.023539531975984573,0.0,0.0
1,277,0.0001,0.5214332342147827,0.5133902430534363,0.008042996749281883,0.125,0.375
1,278,0.0001,0.8807424902915955,0.8624755144119263,0.01826697215437889,0.0,0.375
1,279,0.0001,1.2495858669281006,1.1161386966705322,0.13344722986221313,0.0,0.0
1,280,0.0001,0.8717082738876343,0.8273918628692627,0.044316425919532776,0.125,0.25
1,281,0.0001,1.4454196691513062,1.4182353019714355,0.027184341102838516,0.0,0.0
1,282,0.0001,0.6217382550239563,0.5799033045768738,0.04183492809534073,0.125,0.25
1,283,0.0001,0.8498263359069824,0.8230926394462585,0.026733726263046265,0.125,0.25
1,284,0.0001,0.6669082045555115,0.633986234664917,0.03292195871472359,0.125,0.25
1,285,0.0001,1.1361796855926514,1.0763230323791504,0.05985671281814575,0.125,0.375
1,286,0.0001,1.2654696702957153,1.23203444480896,0.03343518450856209,0.125,0.125
1,287,0.0001,1.482675552368164,1.4455773830413818,0.03709816560149193,0.0,0.0
1,288,0.0001,0.7489205598831177,0.6969282627105713,0.05199231579899788,0.125,0.125
1,289,0.0001,1.1209338903427124,1.037552833557129,0.08338110893964767,0.0,0.125
1,290,0.0001,0.7856537699699402,0.7437054514884949,0.0419483408331871,0.25,0.5
1,291,0.0001,0.9754534363746643,0.9540379047393799,0.021415546536445618,0.125,0.125
1,292,0.0001,0.8958778977394104,0.8726897239685059,0.02318817377090454,0.125,0.25
1,293,0.0001,0.8711323738098145,0.7661348581314087,0.10499748587608337,0.125,0.25
1,294,0.0001,0.8002291917800903,0.767013430595398,0.033215757459402084,0.0,0.0
1,295,0.0001,1.0724042654037476,0.9999117851257324,0.07249249517917633,0.0,0.125
1,296,0.0001,0.8211055994033813,0.7501171827316284,0.07098838686943054,0.0,0.375
1,297,0.0001,0.6766968369483948,0.6562491059303284,0.020447710528969765,0.125,0.125
1,298,0.0001,1.3438407182693481,1.3252804279327393,0.018560335040092468,0.125,0.125
1,299,0.0001,1.1951302289962769,1.1529028415679932,0.04222743958234787,0.0,0.125
1,300,0.0001,1.434446930885315,1.400972604751587,0.033474329859018326,0.25,0.25
1,301,0.0001,0.9054185152053833,0.8731930255889893,0.03222551941871643,0.0,0.125
1,302,0.0001,0.9912052154541016,0.9750088453292847,0.016196345910429955,0.125,0.25
1,303,0.0001,0.9079160690307617,0.8348701000213623,0.07304596900939941,0.0,0.125
1,304,0.0001,1.1851104497909546,1.1357659101486206,0.04934452846646309,0.0,0.125
1,305,0.0001,0.8085522651672363,0.7870919704437256,0.021460287272930145,0.0,0.125
1,306,0.0001,0.7709965705871582,0.7420071363449097,0.02898941934108734,0.125,0.125
1,307,0.0001,1.0702831745147705,1.0348060131072998,0.03547712787985802,0.0,0.0
1,308,0.0001,1.0285007953643799,0.9612416625022888,0.06725907325744629,0.125,0.125
1,309,0.0001,1.1010459661483765,1.0829410552978516,0.018104951828718185,0.0,0.0
1,310,0.0001,0.8293188214302063,0.7791311144828796,0.05018768459558487,0.0,0.0
1,311,0.0001,0.8096998333930969,0.7695280313491821,0.04017181694507599,0.125,0.125
1,312,0.0001,0.7886002063751221,0.7621711492538452,0.026429053395986557,0.0,0.0
1,313,0.0001,0.6252707242965698,0.6003420352935791,0.024928679689764977,0.125,0.25
1,314,0.0001,1.0005719661712646,0.9455908536911011,0.05498115345835686,0.0,0.125
1,315,0.0001,0.7624775767326355,0.726590633392334,0.03588695824146271,0.0,0.25
1,316,0.0001,1.306138515472412,1.2644970417022705,0.041641492396593094,0.125,0.125
1,317,0.0001,1.2292723655700684,1.2167701721191406,0.012502196244895458,0.0,0.125
1,318,0.0001,1.2569135427474976,1.2030988931655884,0.053814638406038284,0.0,0.0
1,319,0.0001,0.9029344916343689,0.8770380616188049,0.02589641697704792,0.25,0.375
1,320,0.0001,0.8742535710334778,0.8078088760375977,0.06644469499588013,0.125,0.125
1,321,0.0001,1.2187129259109497,1.1641530990600586,0.0545598566532135,0.0,0.125
1,322,0.0001,0.5230785012245178,0.5085361003875732,0.014542404562234879,0.0,0.125
1,323,0.0001,1.1670215129852295,1.0989651679992676,0.06805630028247833,0.25,0.25
1,324,0.0001,0.8042560815811157,0.8019773364067078,0.002278729574754834,0.25,0.25
1,325,0.0001,0.8282819390296936,0.8053895235061646,0.022892411798238754,0.25,0.25
1,326,0.0001,0.9589314460754395,0.9209966659545898,0.037934765219688416,0.25,0.5
1,327,0.0001,0.8224232196807861,0.7652692794799805,0.05715395137667656,0.125,0.25
1,328,0.0001,0.9814034700393677,0.8795289993286133,0.1018744632601738,0.125,0.25
1,329,0.0001,1.159963607788086,1.0619454383850098,0.09801821410655975,0.25,0.25
1,330,0.0001,0.9949960708618164,0.9729984998703003,0.021997591480612755,0.25,0.25
1,331,0.0001,0.9943144917488098,0.9735802412033081,0.020734243094921112,0.0,0.0
1,332,0.0001,1.0565645694732666,1.0201412439346313,0.03642328083515167,0.0,0.125
1,333,0.0001,0.5779376029968262,0.5169771313667297,0.06096044182777405,0.125,0.125
1,334,0.0001,1.1311131715774536,1.0618013143539429,0.06931187212467194,0.125,0.125
1,335,0.0001,0.7988348603248596,0.7746386528015137,0.024196214973926544,0.125,0.25
1,336,0.0001,1.0817054510116577,1.0634839534759521,0.018221469596028328,0.125,0.25
1,337,0.0001,1.3279321193695068,1.2972742319107056,0.030657947063446045,0.0,0.125
1,338,0.0001,1.0810258388519287,1.0505656003952026,0.030460182577371597,0.125,0.25
1,339,0.0001,0.5267805457115173,0.49841389060020447,0.02836666814982891,0.0,0.125
1,340,0.0001,0.9107680320739746,0.8828823566436768,0.027885649353265762,0.0,0.125
1,341,0.0001,1.2298604249954224,1.1629314422607422,0.06692902743816376,0.0,0.0
1,342,0.0001,0.7696571946144104,0.7428737878799438,0.026783401146531105,0.25,0.25
1,343,0.0001,1.091722846031189,1.022342324256897,0.0693804919719696,0.25,0.25
1,344,0.0001,1.2812926769256592,1.2336214780807495,0.047671206295490265,0.0,0.0
1,345,0.0001,0.8063209652900696,0.7819686532020569,0.024352286010980606,0.125,0.375
1,346,0.0001,0.8000202775001526,0.7806037664413452,0.019416499882936478,0.125,0.25
1,347,0.0001,1.220990777015686,1.151369571685791,0.06962117552757263,0.0,0.125
1,348,0.0001,1.359069585800171,1.3152177333831787,0.04385184124112129,0.125,0.125
1,349,0.0001,0.8259475827217102,0.7532886862754822,0.07265891134738922,0.0,0.0
1,350,0.0001,0.8996633887290955,0.8480846881866455,0.05157870054244995,0.0,0.125
1,351,0.0001,0.8169333338737488,0.7931629419326782,0.023770390078425407,0.25,0.375
1,352,0.0001,0.8473643660545349,0.8127704858779907,0.0345938578248024,0.0,0.0
1,353,0.0001,0.9335711002349854,0.8727391362190247,0.060831934213638306,0.125,0.375
1,354,0.0001,0.8712248206138611,0.8323255777359009,0.0388992615044117,0.125,0.125
1,355,0.0001,1.9223190546035767,1.8438589572906494,0.07846014201641083,0.0,0.0
1,356,0.0001,0.8788672685623169,0.8270218372344971,0.05184546113014221,0.0,0.0
1,357,0.0001,1.2152866125106812,1.1878728866577148,0.02741377428174019,0.0,0.125
1,358,0.0001,0.6921026706695557,0.6799311637878418,0.012171519920229912,0.125,0.25
1,359,0.0001,0.869585394859314,0.8436627388000488,0.025922665372490883,0.375,0.375
1,360,0.0001,1.299018383026123,1.2529489994049072,0.04606943577528,0.0,0.0
1,361,0.0001,1.0629297494888306,1.0287047624588013,0.0342249721288681,0.0,0.125
1,362,0.0001,1.289461612701416,1.2390891313552856,0.05037250742316246,0.0,0.125
1,363,0.0001,1.1112085580825806,1.0836308002471924,0.027577783912420273,0.125,0.25
1,364,0.0001,0.7485902309417725,0.7041990756988525,0.04439115524291992,0.125,0.25
1,365,0.0001,1.0059032440185547,0.9606912136077881,0.045212022960186005,0.0,0.125
1,366,0.0001,0.9389182329177856,0.8988078832626343,0.040110357105731964,0.0,0.25
1,367,0.0001,1.3667411804199219,1.3297593593597412,0.03698180615901947,0.125,0.125
1,368,0.0001,0.5562093257904053,0.5028796792030334,0.05332963913679123,0.0,0.375
1,369,0.0001,0.9414613246917725,0.8799991607666016,0.061462193727493286,0.0,0.125
1,370,0.0001,1.149179458618164,1.107843041419983,0.04133641719818115,0.0,0.125
1,371,0.0001,1.1412761211395264,1.0868823528289795,0.05439376085996628,0.0,0.125
1,372,0.0001,1.1427630186080933,1.102135181427002,0.04062781482934952,0.0,0.0
1,373,0.0001,0.7560002207756042,0.7024749517440796,0.053525276482105255,0.125,0.25
1,374,0.0001,0.9403741359710693,0.9050488471984863,0.035325270146131516,0.0,0.125
1,375,0.0001,1.2328914403915405,1.2059781551361084,0.02691327966749668,0.125,0.375
1,376,0.0001,0.8761064410209656,0.8493223190307617,0.026784123852849007,0.0,0.0
1,377,0.0001,1.3745741844177246,1.3347654342651367,0.03980880230665207,0.0,0.0
1,378,0.0001,0.8764188289642334,0.8175418376922607,0.05887701362371445,0.0,0.125
1,379,0.0001,1.0912801027297974,1.057187557220459,0.0340924896299839,0.0,0.25
1,380,0.0001,1.2990726232528687,1.2711819410324097,0.027890635654330254,0.0,0.0
1,381,0.0001,0.5106515288352966,0.4894227981567383,0.021228749305009842,0.125,0.25
1,382,0.0001,1.0455819368362427,0.9852378368377686,0.060344137251377106,0.0,0.25
1,383,0.0001,1.3267364501953125,1.2979190349578857,0.02881745994091034,0.0,0.125
1,384,0.0001,0.8096498250961304,0.7739574909210205,0.03569231927394867,0.25,0.375
1,385,0.0001,0.9316649436950684,0.9142889976501465,0.01737593300640583,0.25,0.375
1,386,0.0001,1.030110478401184,0.9977936744689941,0.032316748052835464,0.125,0.125
1,387,0.0001,0.9036962389945984,0.8886533379554749,0.01504287775605917,0.125,0.25
1,388,0.0001,1.3707973957061768,1.334195613861084,0.036601722240448,0.0,0.0
1,389,0.0001,0.6234948039054871,0.5484187602996826,0.07507602870464325,0.375,0.375
1,390,0.0001,0.9782914519309998,0.9287103414535522,0.049581129103899,0.0,0.0
1,391,0.0001,1.056910753250122,1.014007329940796,0.042903464287519455,0.125,0.375
1,392,0.0001,0.777140736579895,0.7458078861236572,0.0313328355550766,0.25,0.375
1,393,0.0001,1.2485790252685547,1.219936490058899,0.028642507269978523,0.125,0.125
1,394,0.0001,1.238011121749878,1.2212969064712524,0.016714196652173996,0.125,0.125
1,395,0.0001,0.518307089805603,0.4947672486305237,0.023539870977401733,0.125,0.375
1,396,0.0001,1.0804802179336548,1.0423011779785156,0.03817906975746155,0.125,0.125
1,397,0.0001,1.0666629076004028,1.006218433380127,0.060444485396146774,0.0,0.375
1,398,0.0001,1.0879215002059937,1.0262775421142578,0.06164401397109032,0.125,0.375
1,399,0.0001,1.121778964996338,1.1027792692184448,0.01899966411292553,0.125,0.25
1,400,0.0001,1.4845490455627441,1.443298101425171,0.04125092178583145,0.0,0.0
1,401,0.0001,0.8895626068115234,0.839432418346405,0.050130218267440796,0.125,0.125
1,402,0.0001,1.393105149269104,1.3344831466674805,0.05862199887633324,0.0,0.0
1,403,0.0001,0.8736259937286377,0.830588161945343,0.043037861585617065,0.25,0.25
1,404,0.0001,1.3682085275650024,1.3365508317947388,0.03165772184729576,0.125,0.125
1,405,0.0001,0.9780431985855103,0.9563912749290466,0.02165190689265728,0.0,0.125
1,406,0.0001,0.8965260982513428,0.8595792055130005,0.03694688901305199,0.0,0.125
1,407,0.0001,1.1368801593780518,1.0985904932022095,0.03828965127468109,0.0,0.0
1,408,0.0001,0.8626860976219177,0.7955354452133179,0.06715065240859985,0.125,0.25
1,409,0.0001,0.6223061680793762,0.5957402586936951,0.026565920561552048,0.25,0.25
1,410,0.0001,0.485716313123703,0.4518011808395386,0.03391512483358383,0.0,0.5
1,411,0.0001,0.9379221796989441,0.915189802646637,0.02273237518966198,0.125,0.125
1,412,0.0001,1.185640573501587,1.1677252054214478,0.01791532151401043,0.375,0.375
1,413,0.0001,0.5376396775245667,0.5104110240936279,0.027228649705648422,0.25,0.375
1,414,0.0001,1.263459324836731,1.2397129535675049,0.023746319115161896,0.125,0.125
1,415,0.0001,0.6429893374443054,0.6003437042236328,0.0426456443965435,0.125,0.5
1,416,0.0001,1.0747971534729004,1.0382044315338135,0.03659266605973244,0.0,0.125
1,417,0.0001,0.8526645302772522,0.8308881521224976,0.021776368841528893,0.125,0.125
1,418,0.0001,1.4386945962905884,1.3776507377624512,0.061043865978717804,0.0,0.125
1,419,0.0001,1.5007113218307495,1.4491543769836426,0.05155693739652634,0.0,0.0
1,420,0.0001,1.1358612775802612,1.107203722000122,0.02865757793188095,0.0,0.0
1,421,0.0001,1.3965953588485718,1.3545541763305664,0.04204113036394119,0.0,0.125
1,422,0.0001,1.1483895778656006,1.1164946556091309,0.031894903630018234,0.125,0.125
1,423,0.0001,0.93022221326828,0.8869832158088684,0.04323898255825043,0.125,0.125
1,424,0.0001,1.0910022258758545,1.0704437494277954,0.020558467134833336,0.0,0.25
1,425,0.0001,1.1407654285430908,1.0946722030639648,0.0460931733250618,0.125,0.125
1,426,0.0001,1.672420620918274,1.6282553672790527,0.04416523873806,0.0,0.0
1,427,0.0001,1.1432068347930908,1.1140155792236328,0.029191305860877037,0.0,0.0
1,428,0.0001,1.1259925365447998,1.1069555282592773,0.019037049263715744,0.0,0.0
1,429,0.0001,1.0655333995819092,1.0294768810272217,0.03605654835700989,0.0,0.0
1,430,0.0001,0.8579229116439819,0.7864128351211548,0.07151006162166595,0.25,0.375
1,431,0.0001,0.882134199142456,0.8565289378166199,0.02560523897409439,0.125,0.125
1,432,0.0001,1.2694647312164307,1.2385485172271729,0.030916184186935425,0.0,0.0
1,433,0.0001,0.8779870271682739,0.846206545829773,0.03178049623966217,0.0,0.25
1,434,0.0001,0.9780089259147644,0.938987672328949,0.039021238684654236,0.0,0.25
1,435,0.0001,0.7346086502075195,0.697641134262085,0.03696751222014427,0.125,0.125
1,436,0.0001,1.0692524909973145,1.0593488216400146,0.009903687052428722,0.25,0.25
1,437,0.0001,1.1909754276275635,1.1713757514953613,0.01959964632987976,0.0,0.0
1,438,0.0001,0.8385503888130188,0.772537112236023,0.06601326912641525,0.0,0.25
1,439,0.0001,0.8573586940765381,0.8399959802627563,0.017362721264362335,0.125,0.125
1,440,0.0001,0.5883833169937134,0.5611408948898315,0.027242440730333328,0.25,0.5
1,441,0.0001,0.9408637285232544,0.9136860966682434,0.027177637442946434,0.125,0.125
1,442,0.0001,1.3227877616882324,1.276044249534607,0.04674351215362549,0.0,0.0
1,443,0.0001,1.0285217761993408,0.9696699976921082,0.058851808309555054,0.125,0.125
1,444,0.0001,1.1799054145812988,1.1321817636489868,0.047723688185214996,0.0,0.0
1,445,0.0001,0.528010904788971,0.4987414479255676,0.029269447550177574,0.125,0.25
1,446,0.0001,0.8568311333656311,0.8306373357772827,0.026193786412477493,0.0,0.25
1,447,0.0001,0.7969027161598206,0.7603545784950256,0.03654812276363373,0.0,0.375
1,448,0.0001,0.9136257171630859,0.8791163563728333,0.034509360790252686,0.25,0.25
1,449,0.0001,1.3128522634506226,1.2788690328598022,0.03398324176669121,0.0,0.0
1,450,0.0001,1.593421220779419,1.5721588134765625,0.021262463182210922,0.0,0.0
1,451,0.0001,1.1454344987869263,1.1131067276000977,0.032327763736248016,0.0,0.0
1,452,0.0001,1.5211447477340698,1.5110859870910645,0.01005871593952179,0.0,0.125
1,453,0.0001,1.416021466255188,1.3932300806045532,0.02279140055179596,0.0,0.125
1,454,0.0001,1.3168175220489502,1.297210454940796,0.019607044756412506,0.0,0.125
1,455,0.0001,1.4167065620422363,1.374297857284546,0.04240866005420685,0.0,0.0
1,456,0.0001,0.9781650900840759,0.9444479942321777,0.033717080950737,0.0,0.0
1,457,0.0001,0.9935691952705383,0.9720145463943481,0.021554632112383842,0.125,0.125
1,458,0.0001,1.4798226356506348,1.4595930576324463,0.020229585468769073,0.0,0.0
1,459,0.0001,0.8436967134475708,0.7974769473075867,0.046219758689403534,0.0,0.125
1,460,0.0001,1.173608660697937,1.1068943738937378,0.06671430915594101,0.125,0.125
1,461,0.0001,0.9309989213943481,0.9009799361228943,0.030018962919712067,0.0,0.0
1,462,0.0001,0.9026420712471008,0.8639845848083496,0.03865748643875122,0.0,0.125
1,463,0.0001,1.4453516006469727,1.4103002548217773,0.03505135700106621,0.125,0.125
1,464,0.0001,0.5813023447990417,0.5380815267562866,0.043220821768045425,0.25,0.5
1,465,0.0001,1.0838590860366821,1.0626475811004639,0.021211523562669754,0.0,0.0
1,466,0.0001,0.7615032196044922,0.7181446552276611,0.043358586728572845,0.25,0.375
1,467,0.0001,1.1839807033538818,1.1592261791229248,0.024754539132118225,0.0,0.0
1,468,0.0001,0.49234673380851746,0.4688807427883148,0.023465991020202637,0.0,0.25
1,469,0.0001,1.1966744661331177,1.1522736549377441,0.044400859624147415,0.0,0.125
1,470,0.0001,0.9477928280830383,0.9336057901382446,0.014187047258019447,0.0,0.125
1,471,0.0001,1.1889718770980835,1.1229603290557861,0.06601154804229736,0.0,0.0
1,472,0.0001,1.5846102237701416,1.5246195793151855,0.05999070405960083,0.0,0.0
1,473,0.0001,1.5264971256256104,1.496957778930664,0.029539383947849274,0.0,0.125
1,474,0.0001,0.811866819858551,0.7588844299316406,0.052982397377491,0.125,0.25
1,475,0.0001,0.5466851592063904,0.5198138356208801,0.026871342211961746,0.125,0.25
1,476,0.0001,0.7255411148071289,0.7080883979797363,0.017452694475650787,0.0,0.125
1,477,0.0001,1.2019867897033691,1.1253256797790527,0.07666108757257462,0.0,0.0
1,478,0.0001,1.1790997982025146,1.0531058311462402,0.12599393725395203,0.0,0.0
1,479,0.0001,0.7406549453735352,0.7086361646652222,0.032018810510635376,0.25,0.25
1,480,0.0001,0.888549268245697,0.7936598062515259,0.09488945454359055,0.125,0.25
1,481,0.0001,0.7253773212432861,0.7012784481048584,0.024098850786685944,0.125,0.25
1,482,0.0001,1.780458927154541,1.7330758571624756,0.04738312214612961,0.0,0.0
1,483,0.0001,0.6459264755249023,0.6266407370567322,0.01928575709462166,0.375,0.375
1,484,0.0001,0.9970388412475586,0.951514720916748,0.04552410542964935,0.125,0.375
1,485,0.0001,1.554804801940918,1.473995566368103,0.08080923557281494,0.125,0.125
1,486,0.0001,1.5274789333343506,1.4753000736236572,0.05217891186475754,0.0,0.0
1,487,0.0001,0.8913726806640625,0.8217614889144897,0.06961119920015335,0.125,0.25
1,488,0.0001,1.4786665439605713,1.4240785837173462,0.05458793044090271,0.0,0.0
1,489,0.0001,0.932517409324646,0.8745876550674438,0.05792977660894394,0.125,0.25
1,490,0.0001,0.8454113006591797,0.8233822584152222,0.022029072046279907,0.125,0.25
1,491,0.0001,0.9154362678527832,0.8106955289840698,0.10474075376987457,0.0,0.125
1,492,0.0001,1.0577473640441895,1.0219717025756836,0.03577568754553795,0.125,0.125
1,493,0.0001,1.1114606857299805,1.0824295282363892,0.029031140729784966,0.0,0.125
1,494,0.0001,0.9579973220825195,0.894411027431488,0.06358630955219269,0.0,0.125
1,495,0.0001,1.2641575336456299,1.2213146686553955,0.04284291714429855,0.125,0.25
1,496,0.0001,1.3931611776351929,1.358809232711792,0.034351903945207596,0.0,0.125
1,497,0.0001,0.9005653262138367,0.8519433736801147,0.04862195998430252,0.0,0.125
1,498,0.0001,1.150933861732483,1.1010549068450928,0.049878913909196854,0.0,0.0
1,499,0.0001,1.1331827640533447,1.1102478504180908,0.02293495647609234,0.125,0.125
1,500,0.0001,1.0641487836837769,1.0035723447799683,0.0605764165520668,0.125,0.125
1,501,0.0001,1.0385288000106812,1.0165505409240723,0.021978255361318588,0.0,0.0
1,502,0.0001,0.6753034591674805,0.6047376394271851,0.0705658346414566,0.125,0.375
1,503,0.0001,1.2563762664794922,1.205024242401123,0.05135202407836914,0.0,0.0
1,504,0.0001,0.9592589735984802,0.8205883502960205,0.13867062330245972,0.0,0.125
1,505,0.0001,0.9656000137329102,0.9281119704246521,0.03748801350593567,0.125,0.25
1,506,0.0001,0.959513247013092,0.874472975730896,0.08504027128219604,0.125,0.375
1,507,0.0001,1.074437141418457,1.058046579360962,0.01639055460691452,0.0,0.0
1,508,0.0001,0.8464545607566833,0.7847387790679932,0.061715807765722275,0.25,0.25
1,509,0.0001,1.017166256904602,1.0081499814987183,0.009016243740916252,0.125,0.125
1,510,0.0001,0.34163928031921387,0.32453182339668274,0.017107442021369934,0.125,0.5
1,511,0.0001,0.747520387172699,0.71299147605896,0.034528885036706924,0.375,0.375
1,512,0.0001,0.9737886786460876,0.8353829383850098,0.13840575516223907,0.0,0.25
1,513,0.0001,0.7476744055747986,0.6920679807662964,0.055606409907341,0.25,0.25
1,514,0.0001,1.3534631729125977,1.294654369354248,0.058808811008930206,0.0,0.125
1,515,0.0001,0.7475489974021912,0.717358410358429,0.030190594494342804,0.0,0.125
1,516,0.0001,0.7961077094078064,0.7722782492637634,0.023829486221075058,0.25,0.375
1,517,0.0001,1.2043232917785645,1.1551891565322876,0.04913416877388954,0.0,0.25
1,518,0.0001,1.1316407918930054,1.0385745763778687,0.0930662676692009,0.0,0.125
1,519,0.0001,1.303640604019165,1.2713077068328857,0.0323328822851181,0.0,0.0
1,520,0.0001,1.0010490417480469,0.9686043858528137,0.03244464471936226,0.125,0.125
1,521,0.0001,1.042210340499878,0.9849536418914795,0.057256683707237244,0.0,0.125
1,522,0.0001,0.9868993163108826,0.9019408226013184,0.08495849370956421,0.125,0.5
1,523,0.0001,1.1286951303482056,1.0591849088668823,0.06951025128364563,0.0,0.0
1,524,0.0001,1.2795177698135376,1.2464369535446167,0.033080849796533585,0.0,0.0
1,525,0.0001,1.556235909461975,1.461486577987671,0.0947493463754654,0.0,0.0
1,526,0.0001,0.6387787461280823,0.5926074385643005,0.04617128521203995,0.0,0.5
1,527,0.0001,0.8383834362030029,0.7665503025054932,0.07183316349983215,0.0,0.125
1,528,0.0001,1.077139973640442,1.021946668624878,0.05519326776266098,0.125,0.375
1,529,0.0001,1.1022207736968994,1.0932245254516602,0.008996250107884407,0.0,0.25
1,530,0.0001,0.6496903300285339,0.614127516746521,0.035562798380851746,0.125,0.25
1,531,0.0001,1.1420133113861084,1.0620431900024414,0.07997017353773117,0.0,0.0
1,532,0.0001,1.1087117195129395,1.0282530784606934,0.0804586410522461,0.0,0.125
1,533,0.0001,0.548212468624115,0.44566118717193604,0.10255126655101776,0.125,0.25
1,534,0.0001,0.6802144050598145,0.6487023234367371,0.03151208162307739,0.0,0.375
1,535,0.0001,0.3741697072982788,0.3604528307914734,0.013716885820031166,0.125,0.125
1,536,0.0001,1.03199303150177,0.9586337208747864,0.07335929572582245,0.0,0.0
1,537,0.0001,1.3367903232574463,1.3071346282958984,0.02965572476387024,0.0,0.0
1,538,0.0001,1.394026517868042,1.3622138500213623,0.03181268274784088,0.0,0.0
1,539,0.0001,0.8519811034202576,0.8258054256439209,0.02617570385336876,0.125,0.25
1,540,0.0001,0.978440523147583,0.9389303922653198,0.03951011598110199,0.0,0.0
1,541,0.0001,0.633913516998291,0.6052572727203369,0.02865627035498619,0.0,0.25
1,542,0.0001,0.6367559432983398,0.5872975587844849,0.04945838823914528,0.0,0.375
1,543,0.0001,1.3202883005142212,1.289137601852417,0.031150735914707184,0.0,0.125
1,544,0.0001,1.1894872188568115,1.1558095216751099,0.03367769345641136,0.0,0.0
1,545,0.0001,1.4422309398651123,1.4302830696105957,0.011947879567742348,0.0,0.0
1,546,0.0001,1.1614453792572021,1.092881679534912,0.06856365501880646,0.125,0.25
1,547,0.0001,0.36481934785842896,0.3331505358219147,0.03166882321238518,0.125,0.5
1,548,0.0001,0.47892868518829346,0.472561240196228,0.006367430090904236,0.375,0.375
1,549,0.0001,0.9606109857559204,0.878330647945404,0.08228036761283875,0.125,0.25
1,550,0.0001,1.1081137657165527,1.0533428192138672,0.054770950227975845,0.0,0.0
1,551,0.0001,0.699482798576355,0.654170572757721,0.04531222581863403,0.0,0.25
1,552,0.0001,1.2045245170593262,1.1601536273956299,0.04437091946601868,0.0,0.125
1,553,0.0001,1.1171801090240479,1.0571539402008057,0.06002620607614517,0.125,0.125
1,554,0.0001,0.95683354139328,0.9502404928207397,0.0065930564887821674,0.125,0.25
1,555,0.0001,1.0248390436172485,1.0080987215042114,0.016740363091230392,0.0,0.375
1,556,0.0001,0.9047272801399231,0.9047238230705261,3.460570951574482e-06,0.0,0.0
2,557,0.0001,0.960986852645874,0.9198756217956543,0.041111208498477936,0.25,0.25
2,558,0.0001,1.1342116594314575,1.0201976299285889,0.11401404440402985,0.0,0.125
2,559,0.0001,0.8145326972007751,0.649590790271759,0.1649419069290161,0.0,0.375
2,560,0.0001,1.000467300415039,0.8468805551528931,0.153586745262146,0.125,0.125
2,561,0.0001,0.8580813407897949,0.7290979623794556,0.12898334860801697,0.0,0.25
2,562,0.0001,1.4136834144592285,1.3375630378723145,0.07612042129039764,0.0,0.0
2,563,0.0001,1.195850133895874,1.1587697267532349,0.03708036243915558,0.0,0.0
2,564,0.0001,1.4149988889694214,1.4005303382873535,0.01446853019297123,0.125,0.125
2,565,0.0001,0.7020367980003357,0.6916029453277588,0.010433854535222054,0.25,0.5
2,566,0.0001,0.5697432160377502,0.5461825728416443,0.02356065809726715,0.25,0.25
2,567,0.0001,0.6209468245506287,0.5923693180084229,0.028577527031302452,0.375,0.375
2,568,0.0001,0.7763671875,0.7221298217773438,0.05423738807439804,0.125,0.25
2,569,0.0001,0.9992436170578003,0.9632413387298584,0.036002255976200104,0.25,0.25
2,570,0.0001,1.229980230331421,1.1685912609100342,0.06138894706964493,0.0,0.0
2,571,0.0001,0.812930166721344,0.7377974390983582,0.07513274252414703,0.125,0.375
2,572,0.0001,1.0339751243591309,0.9420709609985352,0.09190421551465988,0.0,0.25
2,573,0.0001,1.2300519943237305,1.1854075193405151,0.044644419103860855,0.0,0.0
2,574,0.0001,1.0315505266189575,0.9503617882728577,0.08118868619203568,0.125,0.25
2,575,0.0001,0.928372859954834,0.87497478723526,0.053398050367832184,0.25,0.25
2,576,0.0001,1.4008516073226929,1.3230037689208984,0.07784788310527802,0.0,0.0
2,577,0.0001,0.7265691757202148,0.6743065118789673,0.05226264148950577,0.25,0.375
2,578,0.0001,1.3621968030929565,1.2828795909881592,0.07931719720363617,0.0,0.125
2,579,0.0001,0.9698448777198792,0.9309951066970825,0.03884979337453842,0.25,0.25
2,580,0.0001,1.3751130104064941,1.3286244869232178,0.04648853838443756,0.0,0.0
2,581,0.0001,1.3523261547088623,1.3115555047988892,0.040770597755908966,0.0,0.125
2,582,0.0001,1.2442340850830078,1.206736445426941,0.03749758005142212,0.0,0.0
2,583,0.0001,1.0878665447235107,1.0139161348342896,0.0739503875374794,0.125,0.25
2,584,0.0001,0.9246402978897095,0.8810184001922607,0.04362189769744873,0.125,0.25
2,585,0.0001,0.871383786201477,0.8302955627441406,0.04108823835849762,0.0,0.125
2,586,0.0001,1.1488314867019653,1.1141557693481445,0.034675732254981995,0.0,0.125
2,587,0.0001,0.9947097897529602,0.9512969255447388,0.04341284558176994,0.0,0.0
2,588,0.0001,1.1081913709640503,1.073799729347229,0.03439166396856308,0.25,0.25
2,589,0.0001,0.8417731523513794,0.8008546829223633,0.04091845825314522,0.0,0.125
2,590,0.0001,0.9877111911773682,0.962165355682373,0.025545824319124222,0.125,0.25
2,591,0.0001,0.6091454029083252,0.5444697141647339,0.0646757110953331,0.25,0.25
2,592,0.0001,0.8164169788360596,0.7625723481178284,0.0538446269929409,0.0,0.0
2,593,0.0001,0.6591379046440125,0.6209381818771362,0.038199715316295624,0.25,0.375
2,594,0.0001,0.6685439348220825,0.6195504069328308,0.04899350553750992,0.25,0.5
2,595,0.0001,0.8362888693809509,0.7961481809616089,0.04014066606760025,0.25,0.25
2,596,0.0001,0.8721277117729187,0.8535020351409912,0.018625684082508087,0.125,0.125
2,597,0.0001,0.6960704922676086,0.6705039739608765,0.025566507130861282,0.25,0.375
2,598,0.0001,0.9652793407440186,0.9032177329063416,0.06206163763999939,0.125,0.25
2,599,0.0001,0.8991727828979492,0.8226264715194702,0.07654628902673721,0.0,0.125
2,600,0.0001,0.7414804697036743,0.6762126684188843,0.06526780873537064,0.25,0.375
2,601,0.0001,1.0692946910858154,1.0396711826324463,0.02962355874478817,0.0,0.0
2,602,0.0001,0.9671258330345154,0.9151532649993896,0.05197254568338394,0.25,0.25
2,603,0.0001,1.2261958122253418,1.1847556829452515,0.04144016653299332,0.125,0.125
2,604,0.0001,0.7936676144599915,0.7851933240890503,0.008474314585328102,0.125,0.25
2,605,0.0001,1.4933165311813354,1.462017297744751,0.03129926323890686,0.0,0.0
2,606,0.0001,1.0157030820846558,1.0070643424987793,0.008638681843876839,0.0,0.0
2,607,0.0001,0.7560064792633057,0.7214773893356323,0.03452910855412483,0.125,0.25
2,608,0.0001,0.7911344766616821,0.7410188913345337,0.050115589052438736,0.125,0.25
2,609,0.0001,0.7241145968437195,0.6962771415710449,0.027837470173835754,0.125,0.25
2,610,0.0001,0.7062684893608093,0.6731056571006775,0.03316284716129303,0.125,0.375
2,611,0.0001,1.2193570137023926,1.1913886070251465,0.027968384325504303,0.125,0.125
2,612,0.0001,1.062660574913025,1.0309100151062012,0.031750548630952835,0.0,0.125
2,613,0.0001,1.5122677087783813,1.4784785509109497,0.03378913551568985,0.0,0.0
2,614,0.0001,1.0557414293289185,1.04182767868042,0.013913746923208237,0.125,0.125
2,615,0.0001,1.350120186805725,1.3269591331481934,0.02316102758049965,0.0,0.0
2,616,0.0001,0.7880488634109497,0.7663984298706055,0.02165042608976364,0.0,0.125
2,617,0.0001,0.7211257219314575,0.6811594367027283,0.03996628150343895,0.125,0.25
2,618,0.0001,1.3835166692733765,1.3365826606750488,0.04693398252129555,0.0,0.0
2,619,0.0001,1.342311978340149,1.26554536819458,0.07676656544208527,0.0,0.0
2,620,0.0001,1.313988447189331,1.2707319259643555,0.04325658082962036,0.0,0.0
2,621,0.0001,0.6645427346229553,0.6383218765258789,0.026220837607979774,0.0,0.25
2,622,0.0001,0.7296972274780273,0.6983996629714966,0.03129759058356285,0.125,0.375
2,623,0.0001,1.0409233570098877,1.008898138999939,0.03202524781227112,0.125,0.25
2,624,0.0001,1.1466654539108276,1.0938127040863037,0.0528528057038784,0.0,0.0
2,625,0.0001,1.0863900184631348,1.0423651933670044,0.04402486979961395,0.125,0.25
2,626,0.0001,0.6337401866912842,0.5212996006011963,0.11244061589241028,0.25,0.375
2,627,0.0001,1.0148537158966064,0.9403787851333618,0.07447488605976105,0.25,0.25
2,628,0.0001,0.43932250142097473,0.3218229115009308,0.11749958992004395,0.25,0.5
2,629,0.0001,1.1131514310836792,1.0793800354003906,0.03377135470509529,0.0,0.125
2,630,0.0001,1.035440444946289,0.9836257696151733,0.051814645528793335,0.0,0.125
2,631,0.0001,1.2206426858901978,1.174955129623413,0.045687511563301086,0.0,0.0
2,632,0.0001,0.7237968444824219,0.6614964008331299,0.0623004324734211,0.0,0.25
2,633,0.0001,1.223048210144043,1.2060036659240723,0.017044492065906525,0.0,0.0
2,634,0.0001,0.8710587620735168,0.8075929880142212,0.06346577405929565,0.125,0.125
2,635,0.0001,1.1280646324157715,1.125372290611267,0.002692287554964423,0.125,0.125
2,636,0.0001,1.0199908018112183,0.9657619595527649,0.054228801280260086,0.0,0.125
2,637,0.0001,1.1002357006072998,1.0693936347961426,0.030842047184705734,0.125,0.125
2,638,0.0001,1.1962757110595703,1.1351436376571655,0.06113205850124359,0.0,0.0
2,639,0.0001,0.8065964579582214,0.7554425001144409,0.05115394666790962,0.125,0.25
2,640,0.0001,1.2330758571624756,1.1945827007293701,0.03849320486187935,0.0,0.125
2,641,0.0001,0.7901290655136108,0.7622821927070618,0.027846861630678177,0.25,0.375
2,642,0.0001,1.3443204164505005,1.2950572967529297,0.049263082444667816,0.0,0.0
2,643,0.0001,0.6728215217590332,0.648551881313324,0.024269651621580124,0.25,0.375
2,644,0.0001,0.9348597526550293,0.9065016508102417,0.02835812047123909,0.0,0.125
2,645,0.0001,0.9009284377098083,0.8471378087997437,0.053790654987096786,0.25,0.375
2,646,0.0001,1.1817388534545898,1.1295465230941772,0.05219227820634842,0.0,0.125
2,647,0.0001,1.0159116983413696,0.9641435146331787,0.051768213510513306,0.0,0.25
2,648,0.0001,0.9384851455688477,0.9153196811676025,0.023165468126535416,0.25,0.25
2,649,0.0001,0.7190020680427551,0.6953733563423157,0.023628704249858856,0.25,0.5
2,650,0.0001,0.986030638217926,0.9588843584060669,0.027146294713020325,0.0,0.125
2,651,0.0001,1.1103612184524536,1.0867291688919067,0.023632027208805084,0.0,0.125
2,652,0.0001,1.1781728267669678,1.1641236543655396,0.01404920406639576,0.125,0.25
2,653,0.0001,0.664949893951416,0.6529889106750488,0.011961003765463829,0.0,0.25
2,654,0.0001,1.2251644134521484,1.1826279163360596,0.04253655672073364,0.125,0.125
2,655,0.0001,0.9337020516395569,0.896438717842102,0.037263356149196625,0.0,0.25
2,656,0.0001,0.5748416185379028,0.5167669057846069,0.0580747127532959,0.5,0.5
2,657,0.0001,1.040715217590332,0.9980013370513916,0.04271388798952103,0.0,0.125
2,658,0.0001,0.7130693197250366,0.6922206878662109,0.02084861323237419,0.25,0.25
2,659,0.0001,1.370743989944458,1.3595263957977295,0.0112175727263093,0.0,0.125
2,660,0.0001,0.7318557500839233,0.7176032066345215,0.01425253041088581,0.125,0.375
2,661,0.0001,1.2501182556152344,1.22367262840271,0.026445621624588966,0.125,0.125
2,662,0.0001,1.120292067527771,1.0702587366104126,0.050033316016197205,0.0,0.125
2,663,0.0001,1.0084859132766724,0.9869871735572815,0.021498747169971466,0.0,0.25
2,664,0.0001,1.0970500707626343,1.061324954032898,0.03572510555386543,0.0,0.125
2,665,0.0001,0.81451416015625,0.7430278658866882,0.07148626446723938,0.0,0.125
2,666,0.0001,0.9941383600234985,0.9281592965126038,0.06597909331321716,0.0,0.125
2,667,0.0001,0.858104944229126,0.8265302777290344,0.03157469257712364,0.125,0.25
2,668,0.0001,0.7464278340339661,0.6525566577911377,0.09387117624282837,0.25,0.25
2,669,0.0001,0.65219646692276,0.6046673059463501,0.047529187053442,0.0,0.25
2,670,0.0001,1.0955965518951416,1.0789222717285156,0.016674231737852097,0.125,0.25
2,671,0.0001,1.1667840480804443,1.1341283321380615,0.03265577554702759,0.0,0.0
2,672,0.0001,1.3768773078918457,1.318575382232666,0.05830186977982521,0.125,0.125
2,673,0.0001,0.9828433394432068,0.9681228399276733,0.014720480889081955,0.0,0.125
2,674,0.0001,0.7373343110084534,0.7114151120185852,0.025919195264577866,0.375,0.375
2,675,0.0001,1.092404842376709,1.072484016418457,0.01992080546915531,0.0,0.0
2,676,0.0001,1.2125180959701538,1.185575246810913,0.026942873373627663,0.125,0.125
2,677,0.0001,1.235385775566101,1.192814588546753,0.04257114604115486,0.0,0.0
2,678,0.0001,1.3741462230682373,1.3338022232055664,0.04034395143389702,0.0,0.0
2,679,0.0001,0.9669554233551025,0.9430778622627258,0.023877546191215515,0.125,0.125
2,680,0.0001,1.0166627168655396,0.9930515885353088,0.023611167445778847,0.0,0.0
2,681,0.0001,1.7730541229248047,1.7232218980789185,0.04983227699995041,0.0,0.0
2,682,0.0001,0.6652734279632568,0.6254727840423584,0.03980066999793053,0.25,0.375
2,683,0.0001,1.1015470027923584,1.035319447517395,0.0662275180220604,0.0,0.125
2,684,0.0001,1.4997279644012451,1.450782299041748,0.04894566535949707,0.0,0.0
2,685,0.0001,0.5397709608078003,0.4981929659843445,0.04157797619700432,0.25,0.375
2,686,0.0001,1.094637393951416,1.021752119064331,0.07288522273302078,0.125,0.25
2,687,0.0001,1.0523208379745483,1.029150128364563,0.02317068539559841,0.125,0.25
2,688,0.0001,0.6060346961021423,0.5522969961166382,0.05373770371079445,0.125,0.375
2,689,0.0001,1.1188104152679443,1.0855369567871094,0.03327342867851257,0.0,0.0
2,690,0.0001,1.456739068031311,1.4234952926635742,0.033243805170059204,0.0,0.0
2,691,0.0001,1.1913316249847412,1.1542357206344604,0.03709585219621658,0.125,0.125
2,692,0.0001,0.7116039991378784,0.6412453651428223,0.07035866379737854,0.25,0.5
2,693,0.0001,0.6277128458023071,0.6172468662261963,0.010465957224369049,0.0,0.25
2,694,0.0001,1.3988385200500488,1.3363091945648193,0.06252928823232651,0.0,0.0
2,695,0.0001,0.9012203216552734,0.8271286487579346,0.07409165054559708,0.25,0.375
2,696,0.0001,0.9637495279312134,0.8654971122741699,0.09825240075588226,0.0,0.125
2,697,0.0001,0.9346166253089905,0.8434476852416992,0.09116892516613007,0.125,0.25
2,698,0.0001,1.136888027191162,1.044494390487671,0.09239359945058823,0.125,0.125
2,699,0.0001,0.8022536039352417,0.7599643468856812,0.04228924959897995,0.25,0.25
2,700,0.0001,1.215686321258545,1.1827881336212158,0.032898131757974625,0.0,0.125
2,701,0.0001,1.211833119392395,1.172560453414917,0.03927263990044594,0.0,0.0
2,702,0.0001,0.7191296219825745,0.6887941956520081,0.03033544309437275,0.125,0.25
2,703,0.0001,0.885001540184021,0.7920714020729065,0.09293016791343689,0.125,0.25
2,704,0.0001,0.9230310320854187,0.8535178899765015,0.06951314955949783,0.0,0.125
2,705,0.0001,0.9702355861663818,0.8798584938049316,0.090377077460289,0.125,0.125
2,706,0.0001,1.2202385663986206,1.1737664937973022,0.04647206515073776,0.0,0.125
2,707,0.0001,0.6416862607002258,0.6037613153457642,0.03792492300271988,0.125,0.125
2,708,0.0001,1.2189559936523438,1.1602981090545654,0.05865790322422981,0.0,0.125
2,709,0.0001,0.9693288803100586,0.9244035482406616,0.04492536187171936,0.25,0.375
2,710,0.0001,1.2334554195404053,1.1841768026351929,0.0492786169052124,0.0,0.125
2,711,0.0001,0.9116297960281372,0.8591867089271545,0.05244307219982147,0.125,0.125
2,712,0.0001,1.2385774850845337,1.17295241355896,0.06562507152557373,0.125,0.25
2,713,0.0001,1.0780693292617798,1.0538115501403809,0.024257786571979523,0.0,0.25
2,714,0.0001,1.021113634109497,0.9881396293640137,0.03297405689954758,0.0,0.0
2,715,0.0001,0.840440571308136,0.8019027709960938,0.03853778913617134,0.125,0.125
2,716,0.0001,1.1263763904571533,1.0565704107284546,0.06980599462985992,0.125,0.125
2,717,0.0001,1.106868028640747,1.0677027702331543,0.039165280759334564,0.0,0.25
2,718,0.0001,1.0703208446502686,1.0378339290618896,0.03248687833547592,0.125,0.25
2,719,0.0001,0.9336315393447876,0.9083434343338013,0.025288112461566925,0.0,0.0
2,720,0.0001,1.099381923675537,1.0393750667572021,0.060006823390722275,0.0,0.25
2,721,0.0001,0.8067066073417664,0.7013866901397705,0.10531993210315704,0.125,0.375
2,722,0.0001,1.1724390983581543,1.103082537651062,0.0693565085530281,0.0,0.125
2,723,0.0001,0.6640625596046448,0.64155113697052,0.022511404007673264,0.125,0.25
2,724,0.0001,0.8701757788658142,0.835120677947998,0.03505508229136467,0.125,0.125
2,725,0.0001,0.9879967570304871,0.921812117099762,0.06618465483188629,0.25,0.25
2,726,0.0001,1.3336162567138672,1.3126494884490967,0.020966781303286552,0.0,0.125
2,727,0.0001,1.5835161209106445,1.5303791761398315,0.05313698202371597,0.0,0.0
2,728,0.0001,1.093090295791626,1.0615875720977783,0.031502753496170044,0.0,0.125
2,729,0.0001,1.1263775825500488,1.0551652908325195,0.07121235132217407,0.125,0.125
2,730,0.0001,1.2025113105773926,1.1715950965881348,0.030916258692741394,0.125,0.125
2,731,0.0001,1.2464488744735718,1.21583890914917,0.0306099820882082,0.125,0.125
2,732,0.0001,1.0579278469085693,1.0006740093231201,0.05725386366248131,0.25,0.375
2,733,0.0001,0.7177134156227112,0.6947513818740845,0.022962035611271858,0.125,0.25
2,734,0.0001,1.077255129814148,1.0235910415649414,0.05366407334804535,0.125,0.25
2,735,0.0001,0.9849532842636108,0.9533005356788635,0.03165275976061821,0.125,0.25
2,736,0.0001,1.0094810724258423,0.9553433656692505,0.054137710481882095,0.125,0.25
2,737,0.0001,0.8968309760093689,0.8782665133476257,0.018564438447356224,0.125,0.25
2,738,0.0001,0.7294890880584717,0.6795480251312256,0.0499410405755043,0.125,0.25
2,739,0.0001,1.2289214134216309,1.1970937252044678,0.03182762861251831,0.0,0.0
2,740,0.0001,0.7359306812286377,0.7024465799331665,0.03348408639431,0.125,0.125
2,741,0.0001,0.6329137682914734,0.5837298631668091,0.049183886498212814,0.25,0.375
2,742,0.0001,1.1801245212554932,1.133042573928833,0.04708198457956314,0.0,0.0
2,743,0.0001,0.697553277015686,0.6555125713348389,0.04204072058200836,0.25,0.25
2,744,0.0001,1.0642852783203125,1.0138719081878662,0.0504133477807045,0.0,0.0
2,745,0.0001,0.6225425601005554,0.588022768497467,0.03451981022953987,0.375,0.625
2,746,0.0001,1.2367753982543945,1.2110390663146973,0.02573634311556816,0.0,0.0
2,747,0.0001,0.8116545677185059,0.7364232540130615,0.07523131370544434,0.125,0.25
2,748,0.0001,1.1358850002288818,1.126213788986206,0.009671220555901527,0.0,0.125
2,749,0.0001,0.8880069255828857,0.8345863819122314,0.053420573472976685,0.25,0.25
2,750,0.0001,1.389009952545166,1.332924246788025,0.056085724383592606,0.0,0.0
2,751,0.0001,0.7842130064964294,0.7114003896713257,0.07281261682510376,0.125,0.25
2,752,0.0001,1.0953423976898193,1.0603758096694946,0.03496653586626053,0.0,0.125
2,753,0.0001,1.018741488456726,0.9924603700637817,0.026281172409653664,0.125,0.25
2,754,0.0001,0.7620864510536194,0.742900550365448,0.019185904413461685,0.0,0.0
2,755,0.0001,0.8483991622924805,0.8262548446655273,0.022144343703985214,0.125,0.25
2,756,0.0001,1.0280898809432983,1.0185351371765137,0.009554725140333176,0.0,0.125
2,757,0.0001,0.7573931217193604,0.736297607421875,0.021095536649227142,0.25,0.25
2,758,0.0001,1.0531446933746338,1.0264414548873901,0.026703249663114548,0.0,0.0
2,759,0.0001,0.9717066287994385,0.9238854050636292,0.047821201384067535,0.125,0.125
2,760,0.0001,1.137636661529541,1.1047630310058594,0.032873593270778656,0.125,0.125
2,761,0.0001,1.3352973461151123,1.2529816627502441,0.08231568336486816,0.125,0.125
2,762,0.0001,0.9337897896766663,0.9192671775817871,0.014522599056363106,0.0,0.0
2,763,0.0001,0.9938450455665588,0.9610546827316284,0.03279035538434982,0.0,0.0
2,764,0.0001,1.1036937236785889,1.081831932067871,0.02186177670955658,0.0,0.125
2,765,0.0001,1.0971959829330444,1.0619001388549805,0.03529587388038635,0.0,0.125
2,766,0.0001,0.8211402893066406,0.7686989307403564,0.05244135856628418,0.125,0.375
2,767,0.0001,1.295490026473999,1.2175602912902832,0.07792967557907104,0.0,0.125
2,768,0.0001,1.1707863807678223,1.1321595907211304,0.0386267825961113,0.0,0.125
2,769,0.0001,0.8809500336647034,0.7844266891479492,0.09652335941791534,0.125,0.125
2,770,0.0001,0.9202735424041748,0.8583303689956665,0.06194319948554039,0.0,0.125
2,771,0.0001,1.3147876262664795,1.2676050662994385,0.04718256741762161,0.125,0.125
2,772,0.0001,0.6856199502944946,0.6449325084686279,0.0406874418258667,0.25,0.25
2,773,0.0001,1.0917689800262451,1.004677176475525,0.08709178119897842,0.0,0.25
2,774,0.0001,1.4141802787780762,1.3910902738571167,0.02308998629450798,0.0,0.0
2,775,0.0001,1.2550058364868164,1.2337207794189453,0.021285053342580795,0.125,0.125
2,776,0.0001,1.2433645725250244,1.1845289468765259,0.05883558839559555,0.125,0.25
2,777,0.0001,0.948269784450531,0.9096264839172363,0.03864327818155289,0.125,0.25
2,778,0.0001,0.6092085838317871,0.5862092971801758,0.022999288514256477,0.0,0.25
2,779,0.0001,0.8174030780792236,0.757405698299408,0.05999738350510597,0.25,0.375
2,780,0.0001,0.8300707340240479,0.8008139133453369,0.02925681695342064,0.0,0.125
2,781,0.0001,0.932914674282074,0.8971038460731506,0.03581082448363304,0.25,0.25
2,782,0.0001,0.9800451397895813,0.9403437972068787,0.039701323956251144,0.0,0.0
2,783,0.0001,0.9280516505241394,0.9175014495849609,0.010550224222242832,0.0,0.375
2,784,0.0001,1.4887704849243164,1.3871314525604248,0.1016390472650528,0.0,0.125
2,785,0.0001,0.7552556395530701,0.7052178978919983,0.05003773421049118,0.0,0.25
2,786,0.0001,1.3999912738800049,1.3433586359024048,0.05663268268108368,0.0,0.125
2,787,0.0001,1.0011882781982422,0.9687364101409912,0.03245189040899277,0.25,0.25
2,788,0.0001,1.0189847946166992,0.9751143455505371,0.0438704788684845,0.0,0.0
2,789,0.0001,0.9703978896141052,0.9130915999412537,0.057306282222270966,0.0,0.25
2,790,0.0001,0.6991487145423889,0.6751956939697266,0.02395303174853325,0.125,0.5
2,791,0.0001,0.4670569598674774,0.4035719633102417,0.06348499655723572,0.25,0.375
2,792,0.0001,1.2676782608032227,1.2413434982299805,0.0263347364962101,0.125,0.125
2,793,0.0001,0.7992830872535706,0.7677466869354248,0.03153640776872635,0.125,0.125
2,794,0.0001,0.6123476028442383,0.5732378959655762,0.03910969942808151,0.0,0.25
2,795,0.0001,1.3948103189468384,1.3720524311065674,0.0227578766644001,0.0,0.0
2,796,0.0001,1.0555298328399658,0.9972701668739319,0.058259643614292145,0.125,0.375
2,797,0.0001,1.1541050672531128,1.0995457172393799,0.05455932021141052,0.0,0.0
2,798,0.0001,0.9220297336578369,0.8543267250061035,0.067703016102314,0.125,0.125
2,799,0.0001,1.338689923286438,1.2772159576416016,0.061474017798900604,0.0,0.0
2,800,0.0001,1.4297397136688232,1.3730782270431519,0.05666150897741318,0.0,0.125
2,801,0.0001,0.9944326281547546,0.9387475252151489,0.05568508058786392,0.125,0.125
2,802,0.0001,0.9592901468276978,0.9365593194961548,0.022730842232704163,0.125,0.25
2,803,0.0001,1.168714165687561,1.1369683742523193,0.031745847314596176,0.0,0.125
2,804,0.0001,1.0362634658813477,0.9624601602554321,0.0738033652305603,0.0,0.125
2,805,0.0001,1.0651851892471313,1.0443227291107178,0.020862456411123276,0.0,0.0
2,806,0.0001,1.0222870111465454,1.006873369216919,0.015413652174174786,0.0,0.125
2,807,0.0001,1.3462331295013428,1.2885499000549316,0.05768325924873352,0.0,0.125
2,808,0.0001,1.1647316217422485,1.0983707904815674,0.06636079400777817,0.0,0.0
2,809,0.0001,1.325909972190857,1.290952205657959,0.034957751631736755,0.25,0.25
2,810,0.0001,1.2583333253860474,1.237737774848938,0.020595509558916092,0.0,0.125
2,811,0.0001,0.9129601716995239,0.877032458782196,0.03592768311500549,0.0,0.125
2,812,0.0001,1.0057461261749268,0.9789687991142273,0.026777343824505806,0.125,0.125
2,813,0.0001,0.9953022003173828,0.941983699798584,0.053318485617637634,0.0,0.0
2,814,0.0001,0.8923793435096741,0.8531209230422974,0.03925842419266701,0.0,0.0
2,815,0.0001,0.8768169283866882,0.8474089503288269,0.02940797433257103,0.0,0.375
2,816,0.0001,0.8357847332954407,0.7460979223251343,0.0896868109703064,0.125,0.125
2,817,0.0001,1.1879363059997559,1.1667237281799316,0.021212538704276085,0.125,0.125
2,818,0.0001,0.9893674254417419,0.9458203315734863,0.043547067791223526,0.0,0.0
2,819,0.0001,0.5593658685684204,0.5480622053146362,0.01130367536097765,0.125,0.25
2,820,0.0001,0.9265576601028442,0.9018166065216064,0.024741023778915405,0.0,0.0
2,821,0.0001,1.314743161201477,1.254591703414917,0.060151468962430954,0.125,0.125
2,822,0.0001,0.9700531959533691,0.9198373556137085,0.05021583288908005,0.125,0.125
2,823,0.0001,0.931242048740387,0.8508480787277222,0.08039399236440659,0.125,0.375
2,824,0.0001,1.0751581192016602,1.0424323081970215,0.032725781202316284,0.0,0.125
2,825,0.0001,1.138310194015503,1.092111349105835,0.04619881883263588,0.0,0.0
2,826,0.0001,0.6526557207107544,0.624748945236206,0.027906790375709534,0.375,0.375
2,827,0.0001,1.3815293312072754,1.3522382974624634,0.029291048645973206,0.125,0.125
2,828,0.0001,1.2672921419143677,1.2482242584228516,0.019067898392677307,0.125,0.25
2,829,0.0001,1.1162703037261963,1.0687589645385742,0.047511279582977295,0.25,0.25
2,830,0.0001,1.1967586278915405,1.1608068943023682,0.035951726138591766,0.125,0.125
2,831,0.0001,0.8774774074554443,0.8190510272979736,0.058426376432180405,0.125,0.375
2,832,0.0001,1.0320998430252075,1.0062131881713867,0.025886643677949905,0.125,0.125
2,833,0.0001,1.2260087728500366,1.2012841701507568,0.024724561721086502,0.0,0.0
2,834,0.0001,1.015346646308899,0.9122014045715332,0.10314521193504333,0.0,0.125
2,835,0.0001,1.1517077684402466,1.0926530361175537,0.05905476212501526,0.125,0.125
2,836,0.0001,1.1015090942382812,1.0757886171340942,0.025720486417412758,0.0,0.125
2,837,0.0001,1.0023605823516846,0.9863324761390686,0.01602807641029358,0.125,0.125
2,838,0.0001,1.2781703472137451,1.2324573993682861,0.04571294039487839,0.0,0.25
2,839,0.0001,0.3854820132255554,0.36251991987228394,0.022962093353271484,0.125,0.625
2,840,0.0001,1.0224182605743408,0.9902154207229614,0.03220280259847641,0.25,0.25
2,841,0.0001,0.5926504731178284,0.5512658953666687,0.041384562849998474,0.125,0.25
2,842,0.0001,0.6970036625862122,0.6373990774154663,0.059604573994874954,0.0,0.0
2,843,0.0001,0.8218799233436584,0.7714323997497559,0.050447527319192886,0.0,0.375
2,844,0.0001,1.1694246530532837,1.1075282096862793,0.061896469444036484,0.125,0.125
2,845,0.0001,1.253542423248291,1.2152912616729736,0.038251105695962906,0.0,0.125
2,846,0.0001,0.9048123955726624,0.8865837454795837,0.01822863146662712,0.125,0.125
2,847,0.0001,1.1209722757339478,1.112480878829956,0.008491349406540394,0.0,0.0
2,848,0.0001,1.167143702507019,1.0929155349731445,0.07422813773155212,0.0,0.25
2,849,0.0001,1.3838510513305664,1.3191227912902832,0.06472823768854141,0.0,0.125
2,850,0.0001,0.7174785137176514,0.6676084399223328,0.04987005144357681,0.125,0.375
2,851,0.0001,1.0121670961380005,0.9500834941864014,0.06208363175392151,0.125,0.25
2,852,0.0001,1.0838648080825806,1.0656638145446777,0.018200937658548355,0.25,0.25
2,853,0.0001,0.5561212301254272,0.5190122723579407,0.037108972668647766,0.25,0.5
2,854,0.0001,1.1559832096099854,1.0964727401733398,0.05951043218374252,0.0,0.125
2,855,0.0001,1.1614421606063843,1.136852502822876,0.02458965592086315,0.125,0.125
2,856,0.0001,0.6503030061721802,0.6227527260780334,0.027550268918275833,0.25,0.375
2,857,0.0001,0.6952596306800842,0.6244277358055115,0.07083189487457275,0.0,0.0
2,858,0.0001,1.0296013355255127,0.9832873344421387,0.04631396010518074,0.0,0.125
2,859,0.0001,0.8653759956359863,0.8471584320068359,0.01821756549179554,0.0,0.0
2,860,0.0001,1.0405851602554321,0.9982550740242004,0.0423300564289093,0.0,0.125
2,861,0.0001,1.1711666584014893,1.1184964179992676,0.0526701882481575,0.125,0.125
2,862,0.0001,1.1094443798065186,1.0592727661132812,0.05017167329788208,0.0,0.125
2,863,0.0001,0.6418917179107666,0.5933593511581421,0.048532336950302124,0.25,0.25
2,864,0.0001,0.8177400827407837,0.7797425985336304,0.03799747675657272,0.0,0.0
2,865,0.0001,0.6729564666748047,0.6400073170661926,0.03294917196035385,0.0,0.25
2,866,0.0001,1.2570676803588867,1.2287070751190186,0.028360657393932343,0.0,0.125
2,867,0.0001,1.3332871198654175,1.2947568893432617,0.03853023052215576,0.125,0.125
2,868,0.0001,1.1316012144088745,1.0502700805664062,0.08133115619421005,0.0,0.0
2,869,0.0001,1.0756003856658936,1.041782021522522,0.033818330615758896,0.125,0.25
2,870,0.0001,1.2485010623931885,1.228773593902588,0.019727423787117004,0.0,0.0
2,871,0.0001,0.8957651853561401,0.862839937210083,0.03292524069547653,0.125,0.125
2,872,0.0001,1.2327196598052979,1.218299388885498,0.014420286752283573,0.0,0.125
2,873,0.0001,0.9214540123939514,0.868829607963562,0.052624382078647614,0.125,0.25
2,874,0.0001,0.7303282022476196,0.7133477926254272,0.016980431973934174,0.0,0.5
2,875,0.0001,0.8599743843078613,0.820671558380127,0.03930280730128288,0.125,0.375
2,876,0.0001,0.8762871026992798,0.8407624363899231,0.03552468493580818,0.125,0.125
2,877,0.0001,0.7225338220596313,0.6985738277435303,0.023959988728165627,0.125,0.25
2,878,0.0001,1.0102708339691162,0.9479366540908813,0.06233423575758934,0.0,0.0
2,879,0.0001,0.8021690249443054,0.751387357711792,0.05078166723251343,0.125,0.375
2,880,0.0001,1.3259706497192383,1.2474830150604248,0.07848764955997467,0.125,0.25
2,881,0.0001,0.8231726884841919,0.789850115776062,0.03332260251045227,0.375,0.5
2,882,0.0001,0.7585487961769104,0.7240530252456665,0.03449578583240509,0.125,0.375
2,883,0.0001,1.05968177318573,1.0524085760116577,0.007273209746927023,0.0,0.125
2,884,0.0001,0.9439943432807922,0.8858062028884888,0.05818812921643257,0.125,0.375
2,885,0.0001,1.1495181322097778,1.0989091396331787,0.050608959048986435,0.125,0.25
2,886,0.0001,1.2246512174606323,1.191469430923462,0.033181823790073395,0.125,0.125
2,887,0.0001,1.0613646507263184,0.9796375632286072,0.08172710239887238,0.125,0.25
2,888,0.0001,0.5907397270202637,0.5556724071502686,0.03506731986999512,0.375,0.375
2,889,0.0001,1.1653263568878174,1.1386313438415527,0.02669505402445793,0.0,0.125
2,890,0.0001,1.5706537961959839,1.4911468029022217,0.07950697839260101,0.0,0.0
2,891,0.0001,1.4632428884506226,1.4334601163864136,0.029782777652144432,0.0,0.0
2,892,0.0001,0.9990246295928955,0.9777094721794128,0.02131512761116028,0.125,0.125
2,893,0.0001,0.5475779175758362,0.5192369818687439,0.02834092453122139,0.375,0.5
2,894,0.0001,1.584002137184143,1.5666699409484863,0.017332252115011215,0.0,0.125
2,895,0.0001,1.2951737642288208,1.259390115737915,0.035783685743808746,0.125,0.125
2,896,0.0001,0.8309774994850159,0.8114947080612183,0.019482795149087906,0.125,0.25
2,897,0.0001,1.2869189977645874,1.2495744228363037,0.037344589829444885,0.0,0.125
2,898,0.0001,1.4036457538604736,1.3581812381744385,0.04546446353197098,0.0,0.25
2,899,0.0001,0.7167666554450989,0.6803630590438843,0.0364035964012146,0.125,0.25
2,900,0.0001,0.9393324255943298,0.8971862196922302,0.04214618727564812,0.25,0.25
2,901,0.0001,0.8506555557250977,0.7923824787139893,0.058273058384656906,0.125,0.25
2,902,0.0001,1.1499385833740234,1.0806550979614258,0.06928344070911407,0.0,0.125
2,903,0.0001,1.379688024520874,1.3352158069610596,0.044472239911556244,0.0,0.125
2,904,0.0001,1.1287132501602173,1.0882718563079834,0.04044141620397568,0.0,0.125
2,905,0.0001,1.0736258029937744,1.0283806324005127,0.045245133340358734,0.125,0.125
2,906,0.0001,0.8036960363388062,0.7240842580795288,0.07961176335811615,0.25,0.375
2,907,0.0001,0.9043790698051453,0.8787838220596313,0.025595271959900856,0.25,0.25
2,908,0.0001,1.3477606773376465,1.307142972946167,0.04061770811676979,0.0,0.125
2,909,0.0001,1.095088005065918,1.0382390022277832,0.05684906244277954,0.0,0.0
2,910,0.0001,1.0516282320022583,1.0373462438583374,0.014281954616308212,0.125,0.25
2,911,0.0001,0.7906650304794312,0.7223533987998962,0.06831161677837372,0.25,0.25
2,912,0.0001,0.7886837720870972,0.758122444152832,0.030561329796910286,0.0,0.0
2,913,0.0001,0.6880235075950623,0.6565521955490112,0.03147131949663162,0.0,0.125
2,914,0.0001,0.935396671295166,0.8894292116165161,0.04596748948097229,0.25,0.25
2,915,0.0001,1.2035573720932007,1.1594336032867432,0.04412379860877991,0.0,0.125
2,916,0.0001,1.0398247241973877,1.0011602640151978,0.038664400577545166,0.125,0.125
2,917,0.0001,1.0547640323638916,1.0195181369781494,0.03524591773748398,0.25,0.25
2,918,0.0001,0.708621621131897,0.6661674976348877,0.04245414957404137,0.25,0.25
2,919,0.0001,1.1250038146972656,1.1010468006134033,0.02395704574882984,0.125,0.125
2,920,0.0001,0.9541088938713074,0.9153110980987549,0.03879781439900398,0.125,0.375
2,921,0.0001,1.0302577018737793,1.0177639722824097,0.012493688613176346,0.25,0.25
2,922,0.0001,1.115990161895752,1.1027193069458008,0.013270901516079903,0.0,0.125
2,923,0.0001,0.9938139915466309,0.9566326141357422,0.03718138486146927,0.0,0.125
2,924,0.0001,0.9816604256629944,0.9354556798934937,0.04620472341775894,0.125,0.25
2,925,0.0001,1.0676509141921997,1.0540398359298706,0.013611136004328728,0.0,0.0
2,926,0.0001,0.724942684173584,0.7051761150360107,0.019766587764024734,0.0,0.25
2,927,0.0001,0.9722246527671814,0.9310363531112671,0.0411883145570755,0.0,0.125
2,928,0.0001,0.8674359917640686,0.8280701637268066,0.03936584293842316,0.125,0.125
2,929,0.0001,0.8995791077613831,0.8866463303565979,0.012932771816849709,0.125,0.25
2,930,0.0001,0.9753236174583435,0.9346334934234619,0.04069012776017189,0.0,0.25
2,931,0.0001,1.0078704357147217,0.9826981425285339,0.025172289460897446,0.125,0.25
2,932,0.0001,0.9826754331588745,0.973284125328064,0.009391317144036293,0.0,0.125
2,933,0.0001,1.0683653354644775,1.0086405277252197,0.05972478911280632,0.0,0.125
2,934,0.0001,1.5191547870635986,1.4784445762634277,0.04071015492081642,0.0,0.0
2,935,0.0001,1.6400033235549927,1.574427604675293,0.0655757486820221,0.0,0.0
2,936,0.0001,1.3734021186828613,1.3205909729003906,0.05281110107898712,0.0,0.0
2,937,0.0001,1.0787792205810547,1.0553216934204102,0.023457519710063934,0.125,0.125
2,938,0.0001,1.0922678709030151,1.0574955940246582,0.03477223217487335,0.125,0.125
2,939,0.0001,1.3008763790130615,1.2806365489959717,0.020239846780896187,0.0,0.0
2,940,0.0001,0.7358933091163635,0.7102845907211304,0.025608692318201065,0.375,0.375
2,941,0.0001,0.5185146927833557,0.4946227967739105,0.023891903460025787,0.125,0.25
2,942,0.0001,1.2308235168457031,1.11429762840271,0.11652591824531555,0.25,0.375
2,943,0.0001,1.0307626724243164,0.9332830905914307,0.09747952222824097,0.125,0.25
2,944,0.0001,0.894919753074646,0.853583812713623,0.04133596271276474,0.125,0.25
2,945,0.0001,1.1590354442596436,1.078040599822998,0.08099488168954849,0.125,0.375
2,946,0.0001,1.5748053789138794,1.5582422018051147,0.016563192009925842,0.0,0.0
2,947,0.0001,1.0036426782608032,0.9388791918754578,0.06476345658302307,0.0,0.0
2,948,0.0001,0.8090265393257141,0.7813795804977417,0.027646951377391815,0.125,0.125
2,949,0.0001,1.187793254852295,1.146086573600769,0.04170672222971916,0.0,0.125
2,950,0.0001,0.7089006900787354,0.6572774648666382,0.051623232662677765,0.125,0.125
2,951,0.0001,0.9366120100021362,0.9104336500167847,0.02617834135890007,0.125,0.25
2,952,0.0001,1.046106219291687,0.9995278716087341,0.0465783029794693,0.0,0.125
2,953,0.0001,0.7902463674545288,0.7427451610565186,0.04750119149684906,0.125,0.25
2,954,0.0001,0.9679151177406311,0.9429092407226562,0.025005865842103958,0.0,0.0
2,955,0.0001,1.1382999420166016,1.1046288013458252,0.03367117792367935,0.0,0.0
2,956,0.0001,1.001117467880249,0.9147692918777466,0.08634817600250244,0.0,0.0
2,957,0.0001,1.2078490257263184,1.1205981969833374,0.08725088834762573,0.0,0.125
2,958,0.0001,0.8927891254425049,0.8602705597877502,0.03251853585243225,0.0,0.0
2,959,0.0001,1.2385680675506592,1.1659884452819824,0.07257968187332153,0.0,0.125
2,960,0.0001,1.4373193979263306,1.417490839958191,0.01982857473194599,0.0,0.0
2,961,0.0001,0.8036929368972778,0.773330807685852,0.030362136662006378,0.125,0.125
2,962,0.0001,1.0686123371124268,1.0141136646270752,0.05449866130948067,0.125,0.125
2,963,0.0001,0.9442368149757385,0.9341650009155273,0.01007184199988842,0.125,0.25
2,964,0.0001,1.471308946609497,1.4668899774551392,0.004418934229761362,0.125,0.125
2,965,0.0001,1.107035517692566,1.061652421951294,0.045383062213659286,0.125,0.125
2,966,0.0001,0.8514756560325623,0.826421320438385,0.025054313242435455,0.125,0.25
2,967,0.0001,0.928068220615387,0.9007929563522339,0.027275236323475838,0.125,0.25
2,968,0.0001,1.3162250518798828,1.285557746887207,0.030667267739772797,0.0,0.25
2,969,0.0001,0.7738985419273376,0.7329285144805908,0.040970053523778915,0.0,0.25
2,970,0.0001,0.9390067458152771,0.9067291021347046,0.032277662307024,0.0,0.0
2,971,0.0001,0.770460307598114,0.7480971813201904,0.022363148629665375,0.125,0.25
2,972,0.0001,0.6580299735069275,0.6256667375564575,0.032363250851631165,0.0,0.375
2,973,0.0001,1.0620393753051758,1.0278648138046265,0.03417452424764633,0.125,0.25
2,974,0.0001,0.5024328827857971,0.46335747838020325,0.03907538205385208,0.25,0.375
2,975,0.0001,1.1900608539581299,1.1512240171432495,0.038836851716041565,0.125,0.125
2,976,0.0001,1.2847310304641724,1.2307729721069336,0.05395802855491638,0.0,0.0
2,977,0.0001,0.8884029388427734,0.8539111614227295,0.03449179604649544,0.125,0.125
2,978,0.0001,1.4999688863754272,1.436913251876831,0.06305558234453201,0.0,0.0
2,979,0.0001,0.9355742931365967,0.912722110748291,0.02285218983888626,0.125,0.25
2,980,0.0001,0.6197646856307983,0.5871616005897522,0.03260307013988495,0.125,0.125
2,981,0.0001,1.040110468864441,1.0202150344848633,0.01989545300602913,0.25,0.25
2,982,0.0001,1.0966273546218872,1.0714706182479858,0.025156695395708084,0.25,0.25
2,983,0.0001,1.0868141651153564,1.0515650510787964,0.035249173641204834,0.125,0.25
2,984,0.0001,1.0450706481933594,1.0184224843978882,0.026648180559277534,0.125,0.125
2,985,0.0001,1.4482989311218262,1.3911185264587402,0.05718034878373146,0.0,0.0
2,986,0.0001,0.8483223915100098,0.7894629836082458,0.058859389275312424,0.25,0.25
2,987,0.0001,1.3438752889633179,1.3209474086761475,0.022927848622202873,0.0,0.0
2,988,0.0001,0.9509646892547607,0.9291012287139893,0.021863438189029694,0.0,0.375
2,989,0.0001,0.6755750775337219,0.6586882472038269,0.016886819154024124,0.0,0.25
2,990,0.0001,1.2077999114990234,1.1683608293533325,0.039439063519239426,0.0,0.125
2,991,0.0001,1.210188627243042,1.1028879880905151,0.10730067640542984,0.0,0.125
2,992,0.0001,1.201720952987671,1.1640913486480713,0.03762955218553543,0.0,0.0
2,993,0.0001,0.9418765306472778,0.8713489174842834,0.07052762061357498,0.125,0.375
2,994,0.0001,1.206681489944458,1.172407865524292,0.03427360951900482,0.125,0.125
2,995,0.0001,0.9559394121170044,0.9242687225341797,0.031670719385147095,0.0,0.0
2,996,0.0001,1.3269892930984497,1.2917582988739014,0.03523095324635506,0.0,0.125
2,997,0.0001,1.3806389570236206,1.347779393196106,0.032859619706869125,0.0,0.0
2,998,0.0001,0.8951233625411987,0.844414472579956,0.05070891231298447,0.25,0.25
2,999,0.0001,0.8336438536643982,0.7891300916671753,0.04451378434896469,0.125,0.375
2,1000,0.0001,1.1917786598205566,1.1222974061965942,0.06948122382164001,0.125,0.125
2,1001,0.0001,0.6180769801139832,0.5839980840682983,0.03407890349626541,0.25,0.25
2,1002,0.0001,1.3119361400604248,1.2696244716644287,0.04231160879135132,0.0,0.0
2,1003,0.0001,0.9206017255783081,0.8856162428855896,0.0349855050444603,0.0,0.125
2,1004,0.0001,0.8618532419204712,0.8177744150161743,0.044078849256038666,0.125,0.125
2,1005,0.0001,0.8625971674919128,0.8015977144241333,0.060999467968940735,0.125,0.125
2,1006,0.0001,0.7310110926628113,0.7055329084396362,0.02547818049788475,0.0,0.0
2,1007,0.0001,1.1347057819366455,1.0953037738800049,0.03940195590257645,0.125,0.25
2,1008,0.0001,0.6679980158805847,0.6480028033256531,0.019995197653770447,0.25,0.5
2,1009,0.0001,1.0590052604675293,1.0101698637008667,0.04883535951375961,0.0,0.125
2,1010,0.0001,0.6007885932922363,0.5719276070594788,0.028860999271273613,0.125,0.25
2,1011,0.0001,1.1416257619857788,1.1070467233657837,0.034579019993543625,0.125,0.125
2,1012,0.0001,0.9053505659103394,0.8709813356399536,0.03436920419335365,0.125,0.25
2,1013,0.0001,1.1501164436340332,1.131506085395813,0.018610302358865738,0.125,0.125
2,1014,0.0001,0.7400696873664856,0.6831145286560059,0.05695515498518944,0.0,0.375
2,1015,0.0001,1.0542099475860596,1.026738166809082,0.027471747249364853,0.25,0.25
2,1016,0.0001,1.2834763526916504,1.235215425491333,0.04826092720031738,0.125,0.25
2,1017,0.0001,1.0270040035247803,0.9605543613433838,0.0664495900273323,0.125,0.125
2,1018,0.0001,0.8303999900817871,0.7839334011077881,0.04646660387516022,0.0,0.0
2,1019,0.0001,1.545166254043579,1.4816821813583374,0.06348405033349991,0.0,0.0
2,1020,0.0001,0.9421526789665222,0.9083467125892639,0.0338059663772583,0.125,0.125
2,1021,0.0001,1.09463632106781,1.0600481033325195,0.03458816558122635,0.0,0.125
2,1022,0.0001,0.7108505964279175,0.6636281609535217,0.047222428023815155,0.0,0.125
2,1023,0.0001,0.6557785868644714,0.6164538860321045,0.039324697107076645,0.125,0.125
2,1024,0.0001,0.8797823190689087,0.8569674491882324,0.022814849391579628,0.125,0.125
2,1025,0.0001,1.2983967065811157,1.228846549987793,0.06955011188983917,0.125,0.125
2,1026,0.0001,0.9982783794403076,0.9670803546905518,0.03119802102446556,0.125,0.25
2,1027,0.0001,1.2572487592697144,1.2305395603179932,0.026709236204624176,0.0,0.0
2,1028,0.0001,1.302548885345459,1.2684780359268188,0.034070879220962524,0.125,0.125
2,1029,0.0001,1.2368664741516113,1.2077937126159668,0.0290727186948061,0.0,0.125
2,1030,0.0001,1.253305435180664,1.2156425714492798,0.0376628041267395,0.0,0.0
2,1031,0.0001,0.9459289312362671,0.870276689529419,0.07565224915742874,0.0,0.125
2,1032,0.0001,1.0028867721557617,0.9670770168304443,0.0358097106218338,0.0,0.25
2,1033,0.0001,1.0451686382293701,1.0130255222320557,0.03214310109615326,0.0,0.0
2,1034,0.0001,1.3265093564987183,1.3035449981689453,0.02296435832977295,0.125,0.125
2,1035,0.0001,1.5318598747253418,1.503455400466919,0.02840447798371315,0.0,0.0
2,1036,0.0001,0.9691911339759827,0.9386625289916992,0.030528590083122253,0.0,0.0
2,1037,0.0001,1.1139893531799316,1.0870040655136108,0.02698523923754692,0.125,0.125
2,1038,0.0001,0.9734503626823425,0.916978657245636,0.05647171288728714,0.125,0.375
2,1039,0.0001,1.2344132661819458,1.2002605199813843,0.03415272384881973,0.25,0.25
2,1040,0.0001,0.8144506216049194,0.7847241163253784,0.02972649596631527,0.125,0.25
2,1041,0.0001,1.0098117589950562,0.9951156377792358,0.014696095138788223,0.0,0.0
2,1042,0.0001,1.2668052911758423,1.2346657514572144,0.03213959559798241,0.0,0.0
2,1043,0.0001,1.0227075815200806,0.9870907068252563,0.035616908222436905,0.0,0.0
2,1044,0.0001,0.9437663555145264,0.8966794610023499,0.04708687216043472,0.0,0.0
2,1045,0.0001,0.5075443387031555,0.46508336067199707,0.04246096312999725,0.125,0.25
2,1046,0.0001,0.9784282445907593,0.960491418838501,0.017936840653419495,0.125,0.125
2,1047,0.0001,1.149081826210022,1.1156818866729736,0.033399928361177444,0.125,0.125
2,1048,0.0001,0.8774001002311707,0.8402336835861206,0.03716644272208214,0.0,0.125
2,1049,0.0001,1.030613660812378,0.9880247116088867,0.04258894920349121,0.0,0.0
2,1050,0.0001,0.8677920699119568,0.7682968378067017,0.09949523955583572,0.125,0.25
2,1051,0.0001,1.182525873184204,1.1245871782302856,0.05793871730566025,0.0,0.0
2,1052,0.0001,1.0698546171188354,1.0321943759918213,0.03766018524765968,0.125,0.25
2,1053,0.0001,1.2659094333648682,1.2451374530792236,0.020772013813257217,0.0,0.0
2,1054,0.0001,1.4049814939498901,1.3570985794067383,0.04788297042250633,0.0,0.125
2,1055,0.0001,1.207765817642212,1.1727648973464966,0.03500090166926384,0.0,0.0
2,1056,0.0001,1.1572420597076416,1.1312260627746582,0.026016023010015488,0.0,0.0
2,1057,0.0001,1.013616919517517,1.0042577981948853,0.009359128773212433,0.0,0.125
2,1058,0.0001,1.2346171140670776,1.1988458633422852,0.03577122092247009,0.125,0.125
2,1059,0.0001,1.3087931871414185,1.279175043106079,0.02961815893650055,0.0,0.0
2,1060,0.0001,0.8426181674003601,0.8304216861724854,0.012196497991681099,0.125,0.25
2,1061,0.0001,0.7240080237388611,0.6820279955863953,0.04198000580072403,0.0,0.25
2,1062,0.0001,1.4695322513580322,1.4526450634002686,0.016887137666344643,0.0,0.0
2,1063,0.0001,0.502013623714447,0.47840726375579834,0.02360638603568077,0.125,0.625
2,1064,0.0001,1.2787985801696777,1.24489426612854,0.03390427678823471,0.0,0.0
2,1065,0.0001,0.6372414827346802,0.5696574449539185,0.06758400797843933,0.125,0.25
2,1066,0.0001,0.9306382536888123,0.8996704816818237,0.03096776269376278,0.0,0.125
2,1067,0.0001,1.0925049781799316,1.0764946937561035,0.016010330989956856,0.125,0.125
2,1068,0.0001,0.5738439559936523,0.5533815026283264,0.020462429150938988,0.375,0.375
2,1069,0.0001,0.918839156627655,0.8849274516105652,0.03391169011592865,0.0,0.125
2,1070,0.0001,0.9767429232597351,0.9466694593429565,0.03007347881793976,0.125,0.25
2,1071,0.0001,0.7233110070228577,0.6718565225601196,0.05145447701215744,0.125,0.25
2,1072,0.0001,0.8156039118766785,0.7807583212852478,0.03484558314085007,0.125,0.25
2,1073,0.0001,0.9860266447067261,0.8909698724746704,0.09505674242973328,0.125,0.25
2,1074,0.0001,0.935718297958374,0.9059956669807434,0.029722649604082108,0.125,0.125
2,1075,0.0001,1.0705904960632324,1.033889651298523,0.03670085221529007,0.0,0.375
2,1076,0.0001,1.2411028146743774,1.1997379064559937,0.04136490821838379,0.125,0.125
2,1077,0.0001,1.5641143321990967,1.5336127281188965,0.03050162084400654,0.0,0.125
2,1078,0.0001,1.0981290340423584,1.0436596870422363,0.054469309747219086,0.0,0.125
2,1079,0.0001,1.0965194702148438,1.0636597871780396,0.03285973146557808,0.0,0.125
2,1080,0.0001,1.2925502061843872,1.2587237358093262,0.03382645174860954,0.0,0.0
2,1081,0.0001,0.7810910940170288,0.7449121475219727,0.036178942769765854,0.125,0.125
2,1082,0.0001,0.9398530721664429,0.887717068195343,0.052136026322841644,0.125,0.25
2,1083,0.0001,1.381581425666809,1.360661268234253,0.020920129492878914,0.125,0.125
2,1084,0.0001,1.1396459341049194,1.0884027481079102,0.05124323070049286,0.125,0.125
2,1085,0.0001,1.0794456005096436,1.012959599494934,0.06648597121238708,0.0,0.0
2,1086,0.0001,1.1483136415481567,1.110485553741455,0.03782806545495987,0.0,0.125
2,1087,0.0001,1.3929705619812012,1.3551385402679443,0.03783203288912773,0.0,0.125
2,1088,0.0001,0.9619045853614807,0.9262266159057617,0.035677969455718994,0.125,0.25
2,1089,0.0001,0.7497336864471436,0.7171167731285095,0.03261692449450493,0.25,0.25
2,1090,0.0001,0.897696316242218,0.8531688451766968,0.04452747106552124,0.0,0.125
2,1091,0.0001,0.9189028739929199,0.8728781342506409,0.046024762094020844,0.0,0.125
2,1092,0.0001,0.8550082445144653,0.806145429611206,0.04886278510093689,0.125,0.125
2,1093,0.0001,0.8276744484901428,0.7738075852394104,0.05386684089899063,0.25,0.375
2,1094,0.0001,1.1824678182601929,1.1216697692871094,0.06079805642366409,0.0,0.125
2,1095,0.0001,1.3949187994003296,1.3855478763580322,0.009370947256684303,0.0,0.0
2,1096,0.0001,1.3528163433074951,1.3220304250717163,0.030785897746682167,0.125,0.125
2,1097,0.0001,0.5946512818336487,0.5803776979446411,0.014273576438426971,0.125,0.25
2,1098,0.0001,0.8616126179695129,0.8123214244842529,0.049291208386421204,0.125,0.125
2,1099,0.0001,0.8208457827568054,0.7591573596000671,0.06168840825557709,0.0,0.25
2,1100,0.0001,1.2683539390563965,1.1685636043548584,0.09979031980037689,0.0,0.125
2,1101,0.0001,1.4404186010360718,1.3947010040283203,0.04571765288710594,0.0,0.0
2,1102,0.0001,1.0530551671981812,1.0113779306411743,0.041677288711071014,0.125,0.125
2,1103,0.0001,0.885800302028656,0.8404651880264282,0.04533509165048599,0.0,0.125
2,1104,0.0001,0.734205961227417,0.7240065336227417,0.010199454613029957,0.125,0.375
2,1105,0.0001,1.0880274772644043,1.0418472290039062,0.04618026688694954,0.0,0.0
2,1106,0.0001,0.7084857225418091,0.6789240837097168,0.029561638832092285,0.25,0.25
2,1107,0.0001,1.0825304985046387,1.0472755432128906,0.03525497019290924,0.125,0.125
2,1108,0.0001,0.8143349885940552,0.7621359825134277,0.052199020981788635,0.0,0.0
2,1109,0.0001,1.2497844696044922,1.1674365997314453,0.08234785497188568,0.125,0.25
2,1110,0.0001,1.3110724687576294,1.303786039352417,0.007286485750228167,0.0,0.0
2,1111,0.0001,0.9090476036071777,0.8471528887748718,0.061894722282886505,0.125,0.375
2,1112,0.0001,1.2388935089111328,1.1921697854995728,0.04672371596097946,0.0,0.125
2,1113,0.0001,1.1238099336624146,1.117250919342041,0.0065590450540184975,0.0,0.0
3,1114,0.0001,1.2715227603912354,1.2416458129882812,0.029877007007598877,0.0,0.0
3,1115,0.0001,1.3059022426605225,1.2765623331069946,0.029339902102947235,0.0,0.0
3,1116,0.0001,0.9431982040405273,0.8980227708816528,0.04517541825771332,0.125,0.25
3,1117,0.0001,0.5610811114311218,0.49797382950782776,0.06310728192329407,0.375,0.5
3,1118,0.0001,0.3876367509365082,0.3588496744632721,0.02878708951175213,0.0,0.625
3,1119,0.0001,1.3044695854187012,1.258898138999939,0.045571405440568924,0.0,0.0
3,1120,0.0001,1.0350571870803833,0.9859085083007812,0.04914864897727966,0.0,0.0
3,1121,0.0001,1.4333813190460205,1.4112119674682617,0.022169357165694237,0.125,0.125
3,1122,0.0001,0.8585702776908875,0.8403347730636597,0.018235519528388977,0.25,0.25
3,1123,0.0001,1.2480045557022095,1.199750304222107,0.04825429618358612,0.0,0.0
3,1124,0.0001,1.3713912963867188,1.3011677265167236,0.07022354751825333,0.125,0.125
3,1125,0.0001,0.8270955681800842,0.7630512714385986,0.06404430419206619,0.125,0.25
3,1126,0.0001,0.8173167705535889,0.7821838855743408,0.03513285517692566,0.25,0.375
3,1127,0.0001,1.1677989959716797,1.120701551437378,0.047097448259592056,0.125,0.125
3,1128,0.0001,1.0328662395477295,1.0127652883529663,0.020100951194763184,0.25,0.25
3,1129,0.0001,0.7682149410247803,0.720842182636261,0.0473727323114872,0.0,0.0
3,1130,0.0001,0.6691020727157593,0.6436997056007385,0.02540234476327896,0.0,0.25
3,1131,0.0001,1.4040921926498413,1.3549134731292725,0.049178771674633026,0.0,0.0
3,1132,0.0001,0.6729641556739807,0.603434681892395,0.06952948868274689,0.125,0.25
3,1133,0.0001,0.910254955291748,0.8877449035644531,0.022510021924972534,0.125,0.125
3,1134,0.0001,1.0674017667770386,1.0362358093261719,0.031165992841124535,0.125,0.125
3,1135,0.0001,0.944122314453125,0.9127833843231201,0.031338900327682495,0.375,0.375
3,1136,0.0001,1.2580753564834595,1.22596275806427,0.03211261332035065,0.0,0.125
3,1137,0.0001,1.5370961427688599,1.4502959251403809,0.08680020272731781,0.0,0.0
3,1138,0.0001,0.6952593922615051,0.6647888422012329,0.030470577999949455,0.0,0.125
3,1139,0.0001,0.9195094108581543,0.8416562080383301,0.07785318046808243,0.375,0.375
3,1140,0.0001,0.8633374571800232,0.816559910774231,0.04677756875753403,0.25,0.25
3,1141,0.0001,0.8536953926086426,0.808760404586792,0.044935014098882675,0.0,0.125
3,1142,0.0001,0.9852771162986755,0.935996949672699,0.04928017407655716,0.125,0.125
3,1143,0.0001,1.003493309020996,0.9468191266059875,0.05667420104146004,0.0,0.25
3,1144,0.0001,1.2521220445632935,1.2056922912597656,0.046429701149463654,0.125,0.125
3,1145,0.0001,0.895684540271759,0.832770049571991,0.06291447579860687,0.125,0.25
3,1146,0.0001,0.521538257598877,0.4577587842941284,0.06377944350242615,0.375,0.375
3,1147,0.0001,1.5379447937011719,1.506773591041565,0.031171154230833054,0.0,0.0
3,1148,0.0001,0.875626802444458,0.8266689777374268,0.048957813531160355,0.125,0.375
3,1149,0.0001,1.3684724569320679,1.3217984437942505,0.04667406156659126,0.125,0.125
3,1150,0.0001,1.1762670278549194,1.1266579627990723,0.04960906133055687,0.0,0.125
3,1151,0.0001,1.132420301437378,1.0494242906570435,0.08299605548381805,0.125,0.125
3,1152,0.0001,0.8463039398193359,0.8098049163818359,0.036499008536338806,0.0,0.25
3,1153,0.0001,0.9777271151542664,0.9334331154823303,0.044294003397226334,0.0,0.0
3,1154,0.0001,1.1305512189865112,1.1015534400939941,0.028997821733355522,0.125,0.125
3,1155,0.0001,1.152045726776123,1.1185797452926636,0.03346604108810425,0.0,0.0
3,1156,0.0001,1.1683181524276733,1.1149510145187378,0.05336708948016167,0.125,0.125
3,1157,0.0001,1.521072506904602,1.4625144004821777,0.0585581511259079,0.0,0.0
3,1158,0.0001,1.0853753089904785,1.016640067100525,0.06873518228530884,0.0,0.125
3,1159,0.0001,0.6171922087669373,0.5963858962059021,0.020806286484003067,0.125,0.25
3,1160,0.0001,1.1111963987350464,1.0948939323425293,0.01630249060690403,0.125,0.25
3,1161,0.0001,1.1896270513534546,1.175053596496582,0.014573507942259312,0.125,0.125
3,1162,0.0001,0.8611955642700195,0.7859619855880737,0.075233593583107,0.125,0.375
3,1163,0.0001,0.8062270283699036,0.797417938709259,0.008809070102870464,0.125,0.375
3,1164,0.0001,0.9912304878234863,0.9568496942520142,0.03438076749444008,0.0,0.125
3,1165,0.0001,1.3705228567123413,1.3190263509750366,0.0514964759349823,0.0,0.0
3,1166,0.0001,0.9578208923339844,0.9024837613105774,0.055337101221084595,0.125,0.25
3,1167,0.0001,1.3449174165725708,1.2585999965667725,0.08631746470928192,0.125,0.125
3,1168,0.0001,0.9631376266479492,0.9149624109268188,0.048175230622291565,0.0,0.375
3,1169,0.0001,0.7929753065109253,0.7682920694351196,0.024683240801095963,0.0,0.0
3,1170,0.0001,1.1426721811294556,1.0951824188232422,0.04748981446027756,0.0,0.125
3,1171,0.0001,0.9019319415092468,0.8836603164672852,0.018271613866090775,0.125,0.375
3,1172,0.0001,1.2525241374969482,1.239989161491394,0.012535030022263527,0.0,0.0
3,1173,0.0001,1.199669361114502,1.174006462097168,0.025662923231720924,0.125,0.25
3,1174,0.0001,0.6888431906700134,0.6417348980903625,0.047108277678489685,0.125,0.25
3,1175,0.0001,1.0878087282180786,1.05997896194458,0.027829719707369804,0.0,0.25
3,1176,0.0001,1.0770374536514282,1.0443018674850464,0.03273555636405945,0.0,0.25
3,1177,0.0001,0.9737935066223145,0.9136461019515991,0.06014738604426384,0.125,0.125
3,1178,0.0001,0.8042463660240173,0.7928390502929688,0.011407311074435711,0.0,0.25
3,1179,0.0001,0.9643754959106445,0.92635577917099,0.038019705563783646,0.25,0.25
3,1180,0.0001,0.7376207709312439,0.6777621507644653,0.05985863134264946,0.125,0.25
3,1181,0.0001,1.5083340406417847,1.5029513835906982,0.005382714793086052,0.0,0.0
3,1182,0.0001,1.2598315477371216,1.1927149295806885,0.06711660325527191,0.0,0.0
3,1183,0.0001,1.122092604637146,1.068939208984375,0.05315341800451279,0.0,0.125
3,1184,0.0001,1.0252021551132202,0.956075131893158,0.06912701576948166,0.0,0.25
3,1185,0.0001,1.1330633163452148,1.0526823997497559,0.08038091659545898,0.0,0.0
3,1186,0.0001,0.8362135887145996,0.7716419696807861,0.06457163393497467,0.125,0.25
3,1187,0.0001,0.9814003109931946,0.936337411403656,0.04506289213895798,0.125,0.125
3,1188,0.0001,1.3713841438293457,1.2846918106079102,0.08669233322143555,0.0,0.0
3,1189,0.0001,1.0061601400375366,0.9560394287109375,0.05012072995305061,0.125,0.375
3,1190,0.0001,0.7802524566650391,0.7113593816757202,0.06889304518699646,0.0,0.0
3,1191,0.0001,1.021028995513916,0.9677082300186157,0.053320806473493576,0.125,0.125
3,1192,0.0001,1.096627116203308,1.0497889518737793,0.04683817923069,0.125,0.125
3,1193,0.0001,1.2488930225372314,1.2235974073410034,0.025295648723840714,0.125,0.125
3,1194,0.0001,1.0082440376281738,0.9559690356254578,0.05227503180503845,0.0,0.375
3,1195,0.0001,1.1610071659088135,1.1326963901519775,0.02831079065799713,0.0,0.0
3,1196,0.0001,1.0192195177078247,0.9955129623413086,0.0237065851688385,0.0,0.125
3,1197,0.0001,0.6746516823768616,0.6406186819076538,0.034032974392175674,0.25,0.25
3,1198,0.0001,1.0939942598342896,1.071663737297058,0.022330477833747864,0.125,0.125
3,1199,0.0001,1.0553559064865112,0.9850255250930786,0.07033035904169083,0.125,0.125
3,1200,0.0001,0.8421143293380737,0.8147615194320679,0.027352813631296158,0.25,0.375
3,1201,0.0001,1.1007568836212158,1.0277948379516602,0.07296209782361984,0.25,0.25
3,1202,0.0001,1.2699881792068481,1.243168592453003,0.026819590479135513,0.125,0.125
3,1203,0.0001,0.8989592790603638,0.8832223415374756,0.01573694497346878,0.25,0.25
3,1204,0.0001,1.262202262878418,1.2271994352340698,0.03500286862254143,0.0,0.125
3,1205,0.0001,0.31400156021118164,0.2977234721183777,0.016278084367513657,0.25,0.625
3,1206,0.0001,1.0026198625564575,0.9453116655349731,0.057308174669742584,0.0,0.125
3,1207,0.0001,0.600543737411499,0.5606224536895752,0.039921294897794724,0.25,0.25
3,1208,0.0001,1.1149640083312988,1.0621309280395508,0.052833110094070435,0.125,0.25
3,1209,0.0001,1.0071043968200684,0.9903823137283325,0.01672208681702614,0.0,0.125
3,1210,0.0001,1.1076213121414185,1.0731470584869385,0.03447430580854416,0.25,0.25
3,1211,0.0001,0.8365420699119568,0.8092743158340454,0.02726777270436287,0.0,0.25
3,1212,0.0001,0.7407975196838379,0.714764416217804,0.026033110916614532,0.25,0.375
3,1213,0.0001,1.3186328411102295,1.2676669359207153,0.050965942442417145,0.0,0.0
3,1214,0.0001,0.75472092628479,0.715777575969696,0.0389433428645134,0.125,0.25
3,1215,0.0001,1.3363497257232666,1.3003287315368652,0.03602103888988495,0.125,0.25
3,1216,0.0001,0.8917557001113892,0.8493541479110718,0.042401522397994995,0.0,0.0
3,1217,0.0001,1.1331955194473267,1.1078994274139404,0.025296103209257126,0.0,0.125
3,1218,0.0001,0.8712103366851807,0.8424540758132935,0.02875623106956482,0.125,0.125
3,1219,0.0001,0.9790615439414978,0.9343012571334839,0.04476030170917511,0.125,0.125
3,1220,0.0001,1.253172516822815,1.2034962177276611,0.049676328897476196,0.0,0.0
3,1221,0.0001,1.1499383449554443,1.1074082851409912,0.04253009706735611,0.0,0.125
3,1222,0.0001,1.3447788953781128,1.3127269744873047,0.032051943242549896,0.0,0.125
3,1223,0.0001,1.2230560779571533,1.1143884658813477,0.10866767168045044,0.125,0.25
3,1224,0.0001,1.0259867906570435,0.9633480310440063,0.06263880431652069,0.125,0.125
3,1225,0.0001,0.792148768901825,0.7682874798774719,0.023861296474933624,0.125,0.125
3,1226,0.0001,0.8180674314498901,0.8076522946357727,0.010415117256343365,0.0,0.25
3,1227,0.0001,1.0274343490600586,0.9859360456466675,0.041498322039842606,0.0,0.0
3,1228,0.0001,1.1889599561691284,1.1418670415878296,0.047092925757169724,0.125,0.125
3,1229,0.0001,0.6862764954566956,0.6670160293579102,0.01926044560968876,0.125,0.25
3,1230,0.0001,1.0726250410079956,1.0248887538909912,0.04773629456758499,0.0,0.0
3,1231,0.0001,0.5466170907020569,0.5003877282142639,0.046229369938373566,0.0,0.25
3,1232,0.0001,1.0710114240646362,1.0173605680465698,0.05365089699625969,0.125,0.125
3,1233,0.0001,1.061447024345398,1.0149682760238647,0.04647878557443619,0.0,0.0
3,1234,0.0001,1.1269818544387817,1.0949870347976685,0.03199484944343567,0.125,0.25
3,1235,0.0001,0.9469231963157654,0.9291414618492126,0.01778172142803669,0.25,0.25
3,1236,0.0001,1.0895755290985107,1.0708268880844116,0.018748681992292404,0.0,0.125
3,1237,0.0001,0.9778975248336792,0.9391262531280518,0.03877124935388565,0.0,0.0
3,1238,0.0001,1.0283880233764648,0.9943177700042725,0.03407019376754761,0.0,0.125
3,1239,0.0001,0.7866193652153015,0.7020401954650879,0.08457918465137482,0.25,0.375
3,1240,0.0001,1.3001136779785156,1.1710374355316162,0.1290763020515442,0.0,0.0
3,1241,0.0001,0.8269581198692322,0.7721874713897705,0.05477065220475197,0.0,0.125
3,1242,0.0001,0.9178141951560974,0.8924036026000977,0.025410586968064308,0.125,0.25
3,1243,0.0001,0.9502448439598083,0.9120789170265198,0.03816594183444977,0.0,0.125
3,1244,0.0001,0.7321546673774719,0.7048158049583435,0.027338875457644463,0.25,0.25
3,1245,0.0001,1.2453820705413818,1.1569359302520752,0.08844610303640366,0.0,0.25
3,1246,0.0001,0.8897933959960938,0.8443570733070374,0.04543629288673401,0.25,0.375
3,1247,0.0001,0.8976242542266846,0.789267361164093,0.10835687816143036,0.125,0.25
3,1248,0.0001,1.0355576276779175,0.9945318102836609,0.0410257987678051,0.0,0.0
3,1249,0.0001,1.0446410179138184,1.0283899307250977,0.016251053661108017,0.0,0.0
3,1250,0.0001,0.9573555588722229,0.8875207901000977,0.06983474642038345,0.125,0.125
3,1251,0.0001,1.1236693859100342,1.1016677618026733,0.022001633420586586,0.125,0.125
3,1252,0.0001,1.4447580575942993,1.3932461738586426,0.05151187628507614,0.0,0.0
3,1253,0.0001,0.8788986802101135,0.8350297212600708,0.04386895149946213,0.125,0.125
3,1254,0.0001,0.9119969606399536,0.8774380683898926,0.03455887734889984,0.0,0.0
3,1255,0.0001,0.9420613646507263,0.9222396612167358,0.019821684807538986,0.125,0.125
3,1256,0.0001,1.0053963661193848,0.9673943519592285,0.038001954555511475,0.125,0.25
3,1257,0.0001,0.7381512522697449,0.6781800389289856,0.05997118726372719,0.0,0.375
3,1258,0.0001,0.8552325367927551,0.8505593538284302,0.004673160146921873,0.125,0.125
3,1259,0.0001,1.0987634658813477,1.0445055961608887,0.05425788089632988,0.125,0.25
3,1260,0.0001,1.2696890830993652,1.2228413820266724,0.046847738325595856,0.125,0.125
3,1261,0.0001,1.5153541564941406,1.484749674797058,0.030604466795921326,0.0,0.0
3,1262,0.0001,1.023898959159851,0.9854592084884644,0.038439780473709106,0.125,0.125
3,1263,0.0001,1.1025515794754028,1.065065622329712,0.03748591989278793,0.125,0.125
3,1264,0.0001,1.0066354274749756,0.9772700667381287,0.029365409165620804,0.125,0.25
3,1265,0.0001,1.0660514831542969,1.0338507890701294,0.03220069780945778,0.0,0.125
3,1266,0.0001,0.8573635816574097,0.8383855819702148,0.01897798664867878,0.125,0.375
3,1267,0.0001,1.0225955247879028,0.9960134029388428,0.02658217027783394,0.125,0.125
3,1268,0.0001,0.8217955827713013,0.796628475189209,0.02516709268093109,0.125,0.25
3,1269,0.0001,0.721248984336853,0.698308527469635,0.02294047549366951,0.25,0.25
3,1270,0.0001,0.8090014457702637,0.7649031281471252,0.044098302721977234,0.125,0.25
3,1271,0.0001,1.1178795099258423,1.078993320465088,0.038886185735464096,0.125,0.125
3,1272,0.0001,1.0047742128372192,0.9641807079315186,0.04059351235628128,0.125,0.125
3,1273,0.0001,0.850796103477478,0.8259653449058533,0.024830779060721397,0.125,0.125
3,1274,0.0001,1.2143092155456543,1.167724847793579,0.04658433049917221,0.125,0.25
3,1275,0.0001,1.0557548999786377,1.0245424509048462,0.03121247887611389,0.0,0.0
3,1276,0.0001,1.3645169734954834,1.3301177024841309,0.03439924120903015,0.125,0.125
3,1277,0.0001,1.0130382776260376,0.9695881009101868,0.04345020651817322,0.0,0.0
3,1278,0.0001,1.220594048500061,1.2070163488388062,0.013577740639448166,0.0,0.0
3,1279,0.0001,0.5337311029434204,0.5061955451965332,0.027535561472177505,0.0,0.125
3,1280,0.0001,1.3611624240875244,1.3364002704620361,0.02476213499903679,0.125,0.25
3,1281,0.0001,1.1773977279663086,1.1390700340270996,0.03832769766449928,0.125,0.375
3,1282,0.0001,0.9027196168899536,0.8796176910400391,0.023101909086108208,0.25,0.5
3,1283,0.0001,0.6948345899581909,0.649409294128418,0.04542529582977295,0.0,0.125
3,1284,0.0001,0.44586896896362305,0.4307965338230133,0.01507243886590004,0.5,0.625
3,1285,0.0001,0.882503092288971,0.8536618947982788,0.028841212391853333,0.0,0.125
3,1286,0.0001,0.92963045835495,0.8942592144012451,0.035371243953704834,0.125,0.125
3,1287,0.0001,0.9403900504112244,0.8853096961975098,0.05508037656545639,0.125,0.25
3,1288,0.0001,1.3879872560501099,1.3432427644729614,0.044744499027729034,0.0,0.0
3,1289,0.0001,1.0089482069015503,0.9782938957214355,0.03065427765250206,0.25,0.25
3,1290,0.0001,1.140278935432434,1.1115639209747314,0.028714967891573906,0.125,0.25
3,1291,0.0001,1.3205058574676514,1.277526617050171,0.04297927767038345,0.0,0.0
3,1292,0.0001,0.724744975566864,0.6870453357696533,0.037699636071920395,0.125,0.375
3,1293,0.0001,0.9459219574928284,0.8882009983062744,0.05772094428539276,0.0,0.25
3,1294,0.0001,1.0296553373336792,1.0213534832000732,0.008301906287670135,0.125,0.25
3,1295,0.0001,1.317223310470581,1.2617607116699219,0.055462658405303955,0.125,0.125
3,1296,0.0001,1.1378659009933472,1.100570559501648,0.0372953787446022,0.0,0.0
3,1297,0.0001,0.8670173287391663,0.8423426747322083,0.02467464655637741,0.25,0.375
3,1298,0.0001,0.9529777765274048,0.8903045058250427,0.06267328560352325,0.25,0.25
3,1299,0.0001,0.9313856363296509,0.8935973644256592,0.037788257002830505,0.0,0.125
3,1300,0.0001,0.8248984217643738,0.8043007254600525,0.020597700029611588,0.125,0.125
3,1301,0.0001,1.0376255512237549,0.9697328805923462,0.06789262592792511,0.125,0.125
3,1302,0.0001,1.0804816484451294,1.0579115152359009,0.022570140659809113,0.25,0.25
3,1303,0.0001,0.8237615823745728,0.7624499797821045,0.061311595141887665,0.0,0.125
3,1304,0.0001,1.3280792236328125,1.2854890823364258,0.04259008541703224,0.0,0.0
3,1305,0.0001,0.8103589415550232,0.7744326591491699,0.035926274955272675,0.125,0.25
3,1306,0.0001,1.0788283348083496,1.020603895187378,0.0582243986427784,0.0,0.125
3,1307,0.0001,0.9607844948768616,0.9207426309585571,0.04004186764359474,0.125,0.375
3,1308,0.0001,0.7287124991416931,0.6904832124710083,0.03822929039597511,0.0,0.125
3,1309,0.0001,0.7237680554389954,0.7058686017990112,0.01789943128824234,0.0,0.125
3,1310,0.0001,1.0991184711456299,1.0333828926086426,0.06573563814163208,0.25,0.25
3,1311,0.0001,0.6277461647987366,0.6063698530197144,0.021376295015215874,0.125,0.375
3,1312,0.0001,0.8054377436637878,0.7687733173370361,0.0366644412279129,0.125,0.375
3,1313,0.0001,1.471459984779358,1.4480135440826416,0.02344644069671631,0.0,0.125
3,1314,0.0001,1.2191765308380127,1.1884056329727173,0.03077095001935959,0.0,0.0
3,1315,0.0001,0.696402370929718,0.6647880673408508,0.03161429241299629,0.125,0.25
3,1316,0.0001,1.3382298946380615,1.2976713180541992,0.04055854305624962,0.0,0.125
3,1317,0.0001,1.0676414966583252,1.026776671409607,0.04086485132575035,0.125,0.125
3,1318,0.0001,0.8708972334861755,0.8489432334899902,0.021954016759991646,0.0,0.25
3,1319,0.0001,1.2015763521194458,1.1721885204315186,0.029387883841991425,0.0,0.0
3,1320,0.0001,0.8770387172698975,0.8092708587646484,0.06776788830757141,0.125,0.125
3,1321,0.0001,0.685785174369812,0.6658028364181519,0.01998235285282135,0.125,0.375
3,1322,0.0001,1.280543327331543,1.2570781707763672,0.023465203121304512,0.125,0.125
3,1323,0.0001,1.2473232746124268,1.2234934568405151,0.023829862475395203,0.125,0.125
3,1324,0.0001,1.4185125827789307,1.3603484630584717,0.05816415697336197,0.0,0.0
3,1325,0.0001,1.0022188425064087,0.9786370992660522,0.023581715300679207,0.0,0.0
3,1326,0.0001,1.0755878686904907,1.044908046722412,0.03067982941865921,0.0,0.125
3,1327,0.0001,0.7032313942909241,0.6686022281646729,0.03462915122509003,0.375,0.375
3,1328,0.0001,0.9736934304237366,0.9166340827941895,0.05705936998128891,0.125,0.125
3,1329,0.0001,0.8666200041770935,0.8328296542167664,0.03379032760858536,0.25,0.375
3,1330,0.0001,0.6164751052856445,0.5880818963050842,0.028393182903528214,0.125,0.25
3,1331,0.0001,1.2532602548599243,1.2029321193695068,0.05032812058925629,0.0,0.125
3,1332,0.0001,0.9344754815101624,0.8936166167259216,0.04085887223482132,0.125,0.375
3,1333,0.0001,0.6470360159873962,0.6017128229141235,0.04532318189740181,0.25,0.25
3,1334,0.0001,1.0718694925308228,1.0218148231506348,0.05005461722612381,0.0,0.0
3,1335,0.0001,0.7588919997215271,0.7094972133636475,0.04939478635787964,0.125,0.25
3,1336,0.0001,1.2466681003570557,1.2043498754501343,0.04231826961040497,0.0,0.125
3,1337,0.0001,0.9668362140655518,0.9369416236877441,0.029894592240452766,0.25,0.25
3,1338,0.0001,0.9794384241104126,0.9496638774871826,0.029774559661746025,0.0,0.125
3,1339,0.0001,0.7080236673355103,0.6719874739646912,0.03603618964552879,0.125,0.125
3,1340,0.0001,0.9822782874107361,0.9462518692016602,0.03602639585733414,0.125,0.25
3,1341,0.0001,0.9183912873268127,0.8698309063911438,0.048560403287410736,0.0,0.25
3,1342,0.0001,0.8434038162231445,0.7573140859603882,0.08608975261449814,0.0,0.25
3,1343,0.0001,0.9786096215248108,0.9056707620620728,0.07293885946273804,0.0,0.375
3,1344,0.0001,1.124027132987976,1.0856424570083618,0.03838470205664635,0.0,0.0
3,1345,0.0001,1.2042810916900635,1.173106074333191,0.031175021082162857,0.0,0.125
3,1346,0.0001,1.114914894104004,1.0791051387786865,0.03580978512763977,0.125,0.125
3,1347,0.0001,1.3100963830947876,1.2621796131134033,0.047916822135448456,0.125,0.125
3,1348,0.0001,0.4963308572769165,0.4428444504737854,0.05348639190196991,0.125,0.5
3,1349,0.0001,0.5065093636512756,0.4709942936897278,0.03551506996154785,0.125,0.5
3,1350,0.0001,0.6753102540969849,0.6396703720092773,0.035639889538288116,0.25,0.5
3,1351,0.0001,0.6658368110656738,0.6167507171630859,0.0490860715508461,0.125,0.125
3,1352,0.0001,0.8212635517120361,0.7955842018127441,0.025679323822259903,0.25,0.25
3,1353,0.0001,0.5790212750434875,0.5218616127967834,0.057159651070833206,0.125,0.25
3,1354,0.0001,1.6904140710830688,1.6417853832244873,0.048628710210323334,0.0,0.0
3,1355,0.0001,1.1674158573150635,1.1478943824768066,0.01952141895890236,0.125,0.125
3,1356,0.0001,0.8463331460952759,0.8197824954986572,0.02655068039894104,0.0,0.0
3,1357,0.0001,1.2962597608566284,1.2574470043182373,0.03881274536252022,0.0,0.0
3,1358,0.0001,0.4637588858604431,0.4372516870498657,0.026507198810577393,0.125,0.25
3,1359,0.0001,1.1678651571273804,1.123678207397461,0.044186972081661224,0.0,0.0
3,1360,0.0001,1.1218326091766357,1.095264196395874,0.02656836062669754,0.0,0.25
3,1361,0.0001,1.0430575609207153,1.0213181972503662,0.021739400923252106,0.125,0.125
3,1362,0.0001,0.9505172371864319,0.9116779565811157,0.038839299231767654,0.0,0.0
3,1363,0.0001,1.4568426609039307,1.4208754301071167,0.03596723824739456,0.0,0.0
3,1364,0.0001,1.2372287511825562,1.2067431211471558,0.030485667288303375,0.125,0.125
3,1365,0.0001,0.8604275584220886,0.8251416683197021,0.035285916179418564,0.0,0.125
3,1366,0.0001,1.1225199699401855,1.0941474437713623,0.02837248705327511,0.0,0.25
3,1367,0.0001,0.7701447010040283,0.7400835752487183,0.030061103403568268,0.125,0.25
3,1368,0.0001,0.991188108921051,0.9574528932571411,0.03373521566390991,0.125,0.125
3,1369,0.0001,0.7952232956886292,0.7542120218276978,0.04101129248738289,0.125,0.375
3,1370,0.0001,1.281067132949829,1.2314386367797852,0.04962853342294693,0.0,0.0
3,1371,0.0001,1.0691896677017212,1.0434503555297852,0.025739291682839394,0.0,0.125
3,1372,0.0001,0.8226359486579895,0.7938598394393921,0.028776127845048904,0.0,0.0
3,1373,0.0001,0.9098113179206848,0.8787587881088257,0.031052526086568832,0.25,0.25
3,1374,0.0001,1.217673420906067,1.1659305095672607,0.05174287408590317,0.125,0.125
3,1375,0.0001,1.4353761672973633,1.4185600280761719,0.0168161503970623,0.0,0.0
3,1376,0.0001,1.354872226715088,1.3320952653884888,0.02277698740363121,0.0,0.0
3,1377,0.0001,1.1359788179397583,1.1152304410934448,0.020748320966959,0.0,0.125
3,1378,0.0001,1.2274115085601807,1.2069523334503174,0.020459115505218506,0.0,0.25
3,1379,0.0001,0.5723194479942322,0.5501114130020142,0.02220800705254078,0.125,0.5
3,1380,0.0001,1.3677663803100586,1.3207160234451294,0.047050416469573975,0.0,0.0
3,1381,0.0001,0.5768914818763733,0.5461946725845337,0.030696837231516838,0.375,0.375
3,1382,0.0001,0.9110730290412903,0.89594566822052,0.015127371996641159,0.25,0.25
3,1383,0.0001,1.5950522422790527,1.565077543258667,0.029974645003676414,0.0,0.0
3,1384,0.0001,1.1999818086624146,1.183775782585144,0.016206055879592896,0.0,0.125
3,1385,0.0001,1.2220253944396973,1.2018942832946777,0.020131152123212814,0.0,0.0
3,1386,0.0001,0.7687832713127136,0.7621313333511353,0.006651916541159153,0.125,0.125
3,1387,0.0001,1.0985976457595825,1.07481050491333,0.023787084966897964,0.0,0.125
3,1388,0.0001,0.9556231498718262,0.9085360765457153,0.047087088227272034,0.125,0.125
3,1389,0.0001,1.021102786064148,0.9951919317245483,0.025910861790180206,0.125,0.25
3,1390,0.0001,0.9713685512542725,0.9010592699050903,0.07030927389860153,0.25,0.25
3,1391,0.0001,1.020939826965332,0.9872771501541138,0.033662714064121246,0.25,0.375
3,1392,0.0001,0.8286168575286865,0.7479646801948547,0.08065219968557358,0.125,0.5
3,1393,0.0001,1.1098891496658325,1.0758081674575806,0.03408094495534897,0.0,0.125
3,1394,0.0001,0.9696655869483948,0.9430155754089355,0.02665003389120102,0.25,0.25
3,1395,0.0001,1.1446259021759033,1.1168951988220215,0.02773071452975273,0.0,0.125
3,1396,0.0001,0.8211522102355957,0.7997010350227356,0.021451197564601898,0.125,0.125
3,1397,0.0001,0.8813443779945374,0.8330659866333008,0.048278406262397766,0.125,0.125
3,1398,0.0001,0.8318230509757996,0.7997061014175415,0.03211693465709686,0.125,0.25
3,1399,0.0001,0.8317006230354309,0.8007636070251465,0.03093700110912323,0.0,0.25
3,1400,0.0001,0.6828027963638306,0.6620384454727173,0.020764335989952087,0.125,0.375
3,1401,0.0001,0.8183124661445618,0.7946207523345947,0.023691698908805847,0.0,0.0
3,1402,0.0001,0.7996329069137573,0.756400465965271,0.043232448399066925,0.125,0.375
3,1403,0.0001,0.7532699108123779,0.6982332468032837,0.05503665283322334,0.25,0.375
3,1404,0.0001,1.3064345121383667,1.2564131021499634,0.05002138763666153,0.0,0.0
3,1405,0.0001,1.2203117609024048,1.1742734909057617,0.04603823274374008,0.125,0.125
3,1406,0.0001,1.2638616561889648,1.2278715372085571,0.03599013388156891,0.125,0.25
3,1407,0.0001,1.0406477451324463,0.9993181228637695,0.04132957011461258,0.0,0.0
3,1408,0.0001,1.0223318338394165,1.011274814605713,0.011057047173380852,0.125,0.375
3,1409,0.0001,0.9886220097541809,0.978512704372406,0.010109316557645798,0.25,0.25
3,1410,0.0001,0.8760131597518921,0.8635165095329285,0.01249665953218937,0.25,0.375
3,1411,0.0001,1.2761281728744507,1.2474085092544556,0.028719667345285416,0.125,0.125
3,1412,0.0001,1.491053581237793,1.4763078689575195,0.014745710417628288,0.0,0.0
3,1413,0.0001,1.2664552927017212,1.2362160682678223,0.03023926354944706,0.0,0.0
3,1414,0.0001,1.2912033796310425,1.2577204704284668,0.03348288685083389,0.0,0.0
3,1415,0.0001,1.3597931861877441,1.3195631504058838,0.04022999852895737,0.0,0.0
3,1416,0.0001,0.9524971842765808,0.9133435487747192,0.03915361315011978,0.125,0.25
3,1417,0.0001,1.163451910018921,1.1221294403076172,0.04132242873311043,0.0,0.25
3,1418,0.0001,1.0741944313049316,1.058706283569336,0.015488145872950554,0.125,0.125
3,1419,0.0001,0.9131487607955933,0.9015021920204163,0.011646563187241554,0.0,0.25
3,1420,0.0001,1.5840721130371094,1.5255064964294434,0.0585656464099884,0.0,0.0
3,1421,0.0001,1.4119465351104736,1.381252408027649,0.030694082379341125,0.0,0.0
3,1422,0.0001,1.1236931085586548,1.0829461812973022,0.04074687138199806,0.125,0.125
3,1423,0.0001,0.8411494493484497,0.7968019247055054,0.044347524642944336,0.125,0.125
3,1424,0.0001,0.7844327688217163,0.7574401497840881,0.02699264883995056,0.125,0.125
3,1425,0.0001,1.1880981922149658,1.1260371208190918,0.0620611235499382,0.25,0.25
3,1426,0.0001,1.502529263496399,1.4645452499389648,0.03798400238156319,0.125,0.125
3,1427,0.0001,0.7591142654418945,0.7371683120727539,0.021945960819721222,0.25,0.375
3,1428,0.0001,1.3382729291915894,1.3198447227478027,0.01842823252081871,0.0,0.0
3,1429,0.0001,1.311978816986084,1.2883530855178833,0.02362578921020031,0.0,0.0
3,1430,0.0001,1.0646965503692627,0.9870815277099609,0.07761499285697937,0.25,0.25
3,1431,0.0001,1.0525697469711304,1.015822172164917,0.0367475226521492,0.25,0.25
3,1432,0.0001,1.2201132774353027,1.180907964706421,0.039205268025398254,0.0,0.0
3,1433,0.0001,1.0219902992248535,1.005041241645813,0.016949009150266647,0.125,0.125
3,1434,0.0001,1.0989587306976318,1.0636885166168213,0.03527019917964935,0.0,0.25
3,1435,0.0001,1.038743495941162,1.0153216123580933,0.02342182584106922,0.25,0.25
3,1436,0.0001,0.6467779874801636,0.6138306260108948,0.0329473540186882,0.25,0.375
3,1437,0.0001,1.0177359580993652,0.9815661907196045,0.03616974130272865,0.125,0.125
3,1438,0.0001,0.6621174216270447,0.6369006633758545,0.025216754525899887,0.25,0.25
3,1439,0.0001,1.0056040287017822,0.9822577238082886,0.0233463104814291,0.125,0.125
3,1440,0.0001,0.9019020199775696,0.8607287406921387,0.04117326810956001,0.5,0.5
3,1441,0.0001,1.0115221738815308,0.9417003393173218,0.06982184946537018,0.125,0.25
3,1442,0.0001,1.334986686706543,1.2496979236602783,0.08528871834278107,0.0,0.0
3,1443,0.0001,0.7271962761878967,0.7038413882255554,0.023354871198534966,0.25,0.25
3,1444,0.0001,1.2732388973236084,1.242814540863037,0.03042439930140972,0.0,0.125
3,1445,0.0001,1.0856094360351562,1.0687236785888672,0.016885779798030853,0.125,0.125
3,1446,0.0001,0.7143731117248535,0.6797143220901489,0.034658774733543396,0.375,0.375
3,1447,0.0001,1.0448815822601318,1.0150246620178223,0.029856860637664795,0.0,0.0
3,1448,0.0001,1.295793890953064,1.2813332080841064,0.014460666105151176,0.0,0.0
3,1449,0.0001,0.9368751049041748,0.9209166169166565,0.015958499163389206,0.0,0.125
3,1450,0.0001,1.4035885334014893,1.36831796169281,0.035270605236291885,0.0,0.0
3,1451,0.0001,1.0773532390594482,1.0480777025222778,0.029275521636009216,0.125,0.375
3,1452,0.0001,0.9090800881385803,0.87424635887146,0.034833721816539764,0.125,0.25
3,1453,0.0001,0.8626502752304077,0.8211033344268799,0.041546911001205444,0.25,0.25
3,1454,0.0001,1.413392186164856,1.37546968460083,0.03792251646518707,0.0,0.125
3,1455,0.0001,1.0904231071472168,1.0750371217727661,0.015386012382805347,0.125,0.125
3,1456,0.0001,0.9449530243873596,0.9061672687530518,0.038785774260759354,0.0,0.25
3,1457,0.0001,0.9964683055877686,0.9364729523658752,0.05999533087015152,0.125,0.125
3,1458,0.0001,0.8835535645484924,0.8609867095947266,0.022566867992281914,0.25,0.25
3,1459,0.0001,0.8437050580978394,0.7620489597320557,0.08165610581636429,0.0,0.0
3,1460,0.0001,0.6989945769309998,0.6513323783874512,0.04766217991709709,0.25,0.375
3,1461,0.0001,0.9587694406509399,0.8974406719207764,0.061328738927841187,0.0,0.125
3,1462,0.0001,0.8955087065696716,0.8198361396789551,0.07567255944013596,0.0,0.25
3,1463,0.0001,0.697692334651947,0.6694022417068481,0.02829011343419552,0.0,0.125
3,1464,0.0001,0.9615218043327332,0.9129247665405273,0.04859704151749611,0.125,0.25
3,1465,0.0001,0.8429348468780518,0.801946222782135,0.04098864272236824,0.25,0.25
3,1466,0.0001,1.0088711977005005,0.9821145534515381,0.026756618171930313,0.125,0.25
3,1467,0.0001,1.047151803970337,1.0215836763381958,0.025568140670657158,0.125,0.125
3,1468,0.0001,0.45490336418151855,0.31160616874694824,0.1432972103357315,0.375,0.5
3,1469,0.0001,1.0414050817489624,1.005894422531128,0.03551066666841507,0.375,0.375
3,1470,0.0001,1.2420918941497803,1.1645750999450684,0.0775168314576149,0.125,0.125
3,1471,0.0001,0.9029313325881958,0.8633213043212891,0.03961002826690674,0.125,0.25
3,1472,0.0001,1.3131389617919922,1.284203052520752,0.028935931622982025,0.0,0.0
3,1473,0.0001,1.013744831085205,0.9605780243873596,0.053166814148426056,0.0,0.0
3,1474,0.0001,0.43358874320983887,0.3810773491859436,0.05251139774918556,0.25,0.25
3,1475,0.0001,1.223982334136963,1.1893938779830933,0.03458850085735321,0.125,0.125
3,1476,0.0001,0.5318644046783447,0.5207309722900391,0.011133421212434769,0.25,0.375
3,1477,0.0001,0.5711734294891357,0.5509469509124756,0.02022649347782135,0.125,0.25
3,1478,0.0001,1.321362018585205,1.3003593683242798,0.021002626046538353,0.125,0.125
3,1479,0.0001,1.3758867979049683,1.3400399684906006,0.035846829414367676,0.125,0.25
3,1480,0.0001,1.0733546018600464,1.0513039827346802,0.022050615400075912,0.125,0.125
3,1481,0.0001,0.9352381229400635,0.9025082588195801,0.03272988274693489,0.125,0.25
3,1482,0.0001,0.6202244758605957,0.5868200659751892,0.033404380083084106,0.0,0.375
3,1483,0.0001,1.1183326244354248,1.0861337184906006,0.03219890221953392,0.0,0.125
3,1484,0.0001,0.8494647741317749,0.8093448877334595,0.04011988639831543,0.125,0.125
3,1485,0.0001,1.1450819969177246,1.0938340425491333,0.051247935742139816,0.0,0.375
3,1486,0.0001,1.1067107915878296,1.0879218578338623,0.018788974732160568,0.125,0.25
3,1487,0.0001,0.955122709274292,0.9357836246490479,0.019339095801115036,0.0,0.125
3,1488,0.0001,0.9312783479690552,0.8701069355010986,0.061171408742666245,0.25,0.25
3,1489,0.0001,0.6353365778923035,0.5942689180374146,0.041067685931921005,0.0,0.375
3,1490,0.0001,1.114733099937439,1.0808589458465576,0.033874209970235825,0.0,0.0
3,1491,0.0001,0.8929323554039001,0.8607038855552673,0.03222846984863281,0.0,0.125
3,1492,0.0001,0.677506148815155,0.636838972568512,0.040667153894901276,0.125,0.25
3,1493,0.0001,0.8697430491447449,0.8366955518722534,0.03304751217365265,0.125,0.25
3,1494,0.0001,0.5270296335220337,0.5058673024177551,0.021162329241633415,0.25,0.25
3,1495,0.0001,1.0377908945083618,1.0033334493637085,0.03445739299058914,0.125,0.125
3,1496,0.0001,0.9906203746795654,0.9681222438812256,0.022498153150081635,0.0,0.125
3,1497,0.0001,1.3603405952453613,1.3378007411956787,0.022539839148521423,0.0,0.0
3,1498,0.0001,0.19380132853984833,0.16751208901405334,0.026289237663149834,0.25,0.5
3,1499,0.0001,1.1017935276031494,1.0786923170089722,0.02310127019882202,0.0,0.375
3,1500,0.0001,0.8601478934288025,0.8478481769561768,0.012299736961722374,0.0,0.25
3,1501,0.0001,0.6040660738945007,0.5888005495071411,0.015265543013811111,0.25,0.5
3,1502,0.0001,0.9872406721115112,0.9223359227180481,0.06490474194288254,0.25,0.25
3,1503,0.0001,0.7899743318557739,0.7474907040596008,0.04248365759849548,0.0,0.25
3,1504,0.0001,0.4742327928543091,0.43840059638023376,0.035832181572914124,0.125,0.25
3,1505,0.0001,1.2635400295257568,1.2125117778778076,0.051028311252593994,0.0,0.125
3,1506,0.0001,1.2861542701721191,1.241640567779541,0.04451367259025574,0.0,0.0
3,1507,0.0001,0.8219122290611267,0.7861621379852295,0.035750117152929306,0.125,0.125
3,1508,0.0001,1.37044095993042,1.3216677904129028,0.04877316206693649,0.0,0.0
3,1509,0.0001,1.036422610282898,0.9395346641540527,0.0968879908323288,0.125,0.25
3,1510,0.0001,0.8065244555473328,0.7376664876937866,0.06885796785354614,0.125,0.25
3,1511,0.0001,1.0247992277145386,0.9992204308509827,0.025578783825039864,0.25,0.25
3,1512,0.0001,1.1718358993530273,1.1311429738998413,0.04069296270608902,0.0,0.125
3,1513,0.0001,0.6567676067352295,0.6204695701599121,0.036298058927059174,0.375,0.5
3,1514,0.0001,0.6165533065795898,0.6083118915557861,0.008241398259997368,0.25,0.25
3,1515,0.0001,1.110735535621643,1.0425984859466553,0.06813706457614899,0.0,0.0
3,1516,0.0001,0.9329289197921753,0.8980705738067627,0.034858349710702896,0.0,0.125
3,1517,0.0001,1.0545451641082764,1.0183472633361816,0.036197856068611145,0.125,0.25
3,1518,0.0001,1.1310126781463623,1.091915249824524,0.03909745439887047,0.0,0.0
3,1519,0.0001,1.004422664642334,0.9620159864425659,0.04240663722157478,0.125,0.25
3,1520,0.0001,0.8818643689155579,0.8529641628265381,0.028900211676955223,0.125,0.125
3,1521,0.0001,0.6664690375328064,0.6315914392471313,0.03487759828567505,0.0,0.125
3,1522,0.0001,0.8723517656326294,0.7996125221252441,0.07273922115564346,0.0,0.125
3,1523,0.0001,0.8794315457344055,0.843010663986206,0.036420904099941254,0.25,0.25
3,1524,0.0001,0.8018974661827087,0.754605770111084,0.04729171097278595,0.0,0.0
3,1525,0.0001,0.8232727646827698,0.8053279519081116,0.017944809049367905,0.25,0.25
3,1526,0.0001,1.4880993366241455,1.4460844993591309,0.042014822363853455,0.0,0.0
3,1527,0.0001,1.0875881910324097,1.0571305751800537,0.03045760653913021,0.125,0.125
3,1528,0.0001,1.390189290046692,1.3752574920654297,0.014931745827198029,0.0,0.0
3,1529,0.0001,1.2578500509262085,1.2253273725509644,0.03252263739705086,0.25,0.25
3,1530,0.0001,0.7002161145210266,0.6741361618041992,0.026079950854182243,0.25,0.625
3,1531,0.0001,1.0547617673873901,1.007025957107544,0.04773584380745888,0.125,0.25
3,1532,0.0001,0.7945829033851624,0.7753536701202393,0.01922922395169735,0.0,0.125
3,1533,0.0001,0.8616790175437927,0.7750588655471802,0.08662013709545135,0.125,0.25
3,1534,0.0001,0.6859413981437683,0.6091954708099365,0.07674594223499298,0.0,0.375
3,1535,0.0001,1.3369016647338867,1.3282158374786377,0.008685779757797718,0.0,0.125
3,1536,0.0001,1.560473084449768,1.4506990909576416,0.10977396368980408,0.125,0.125
3,1537,0.0001,0.7294321060180664,0.7175240516662598,0.011908026412129402,0.125,0.25
3,1538,0.0001,1.2630915641784668,1.224841594696045,0.03824998438358307,0.0,0.0
3,1539,0.0001,0.7833519577980042,0.7685917615890503,0.014760192483663559,0.125,0.25
3,1540,0.0001,1.0995413064956665,1.077460527420044,0.022080756723880768,0.0,0.0
3,1541,0.0001,1.1408007144927979,1.1257591247558594,0.015041605569422245,0.25,0.25
3,1542,0.0001,0.9691160917282104,0.9315686225891113,0.03754747286438942,0.25,0.25
3,1543,0.0001,0.9458692073822021,0.9222122430801392,0.023656994104385376,0.375,0.375
3,1544,0.0001,1.2318148612976074,1.1896052360534668,0.042209647595882416,0.125,0.125
3,1545,0.0001,0.9503268599510193,0.9136898517608643,0.03663700073957443,0.0,0.125
3,1546,0.0001,1.1047221422195435,1.078082799911499,0.026639319956302643,0.25,0.25
3,1547,0.0001,1.393254041671753,1.3265085220336914,0.06674547493457794,0.0,0.125
3,1548,0.0001,0.7628046870231628,0.7489414215087891,0.01386323943734169,0.125,0.375
3,1549,0.0001,0.9929808974266052,0.9482197165489197,0.04476119205355644,0.125,0.125
3,1550,0.0001,0.8268607258796692,0.7821738719940186,0.044686876237392426,0.125,0.125
3,1551,0.0001,1.1345272064208984,1.05576491355896,0.07876227796077728,0.125,0.25
3,1552,0.0001,1.221222996711731,1.1977895498275757,0.023433417081832886,0.125,0.125
3,1553,0.0001,0.8103052973747253,0.7707289457321167,0.03957635164260864,0.0,0.0
3,1554,0.0001,1.7310588359832764,1.7033812999725342,0.027677476406097412,0.0,0.0
3,1555,0.0001,0.5454331040382385,0.5106828212738037,0.03475029021501541,0.125,0.5
3,1556,0.0001,1.1470707654953003,1.1216740608215332,0.025396648794412613,0.0,0.0
3,1557,0.0001,1.2700926065444946,1.227062702178955,0.04302994906902313,0.0,0.0
